category,url,error
Món canh,https://www.dienmayxanh.com/vao-bep/2-cach-nau-canh-rau-ngot-chay-dau-hu-thom-ngon-thanh-mat-don-11520,Invalid slug
Món canh,https://www.dienmayxanh.com/vao-bep/3-cach-nau-canh-dua-leo-xuong-heo-nhoi-thit-va-tom-thanh-mat-05075,Invalid slug
Món canh,https://www.dienmayxanh.com/vao-bep/cac-mon-canh-mua-dong-mien-bac-de-nau-giu-am-co-the-23616,Invalid slug
Món canh,https://www.dienmayxanh.com/vao-bep/2-cach-nau-ke-ga-ngoc-ke-ngon-thom-beo-voi-noi-lau-hap-da-22987,Invalid slug
Món canh,https://www.dienmayxanh.com/vao-bep/2-cach-lam-canh-bo-vien-nau-nam-va-nau-rau-cu-thanh-mat-cho-05008,Invalid slug
Món canh,https://www.dienmayxanh.com/vao-bep/2-cach-nau-canh-chua-dau-ca-hoi-voi-tom-va-mang-chua-thom-05830,Invalid slug
Món canh,https://www.dienmayxanh.com/vao-bep/2-cach-nau-sup-bong-cai-xanh-voi-rau-cu-va-kem-sua-thom-ngon-04904,Invalid slug
Món canh,https://www.dienmayxanh.com/vao-bep/2-cach-lam-canh-ngheu-nau-khe-va-nau-rong-bien-thom-ngon-04918,Invalid slug
Món canh,https://www.dienmayxanh.com/vao-bep/2-cach-nau-canh-ca-chua-trung-dam-da-don-gian-de-lam-thom-05752,Invalid slug
Món canh,https://www.dienmayxanh.com/vao-bep/ngay-le-tet,Missing data
Món canh,https://www.dienmayxanh.com/vao-bep/2-cach-lam-sup-ca-chua-nuong-cuc-ngon-bo-duong-de-lam-05043,Invalid slug
Món canh,https://www.dienmayxanh.com/vao-bep/3-cach-nau-canh-hen-nau-chua-bau-va-rau-muong-thom-ngon-thanh-05409,Invalid slug
Món canh,https://www.dienmayxanh.com/vao-bep/nuoc-ep,Missing data
Món canh,https://www.dienmayxanh.com/vao-bep/2-cach-nau-canh-muop-nau-tom-kho-va-tom-tuoi-thom-ngon-don-05919,Invalid slug
Món canh,https://www.dienmayxanh.com/vao-bep/2-cach-nau-canh-bong-he-dau-hu-non-va-thit-bam-thom-ngon-hap-05480,Invalid slug
Món canh,https://www.dienmayxanh.com/vao-bep/mon-xao,Missing data
Món canh,https://www.dienmayxanh.com/vao-bep/2-cach-nau-canh-chua-luon-la-giang-va-bap-chuoi-dam-chat-nam-04851,Invalid slug
Món canh,https://www.dienmayxanh.com/vao-bep/2-cach-nau-canh-rau-ngot-muop-va-nam-thom-ngon-thanh-nhiet-10248,Invalid slug
Món canh,https://www.dienmayxanh.com/vao-bep/3-cach-nau-canh-khoai-tay-don-gian-thom-ngon-ai-an-cung-thich-07903,Invalid slug
Món canh,https://www.dienmayxanh.com/vao-bep/2-cach-nau-thit-trau-ham-sa-va-ham-khoai-tay-thom-ngon-don-09686,Invalid slug
Món canh,https://www.dienmayxanh.com/vao-bep/2-cach-nau-canh-chua-thit-bam-sau-va-doc-mung-thanh-nhiet-05978,Invalid slug
Món canh,https://www.dienmayxanh.com/vao-bep/2-cach-nau-canh-khoai-mon-ham-xuong-va-tom-kho-ngot-bui-deo-03867,Invalid slug
Món canh,https://www.dienmayxanh.com/vao-bep/cach-nau-canh-duoi-heo-ham-khoai-mon-ngon-mieng-bui-beo-bo-10781,Invalid slug
Món canh,https://www.dienmayxanh.com/vao-bep/2-cach-nau-canh-bong-bi-ca-thac-lac-va-tom-thom-ngon-ngot-nhe-05031,Invalid slug
Món canh,https://www.dienmayxanh.com/vao-bep/2-cach-nau-canh-rau-den-thit-bam-va-tom-kho-ngot-mat-thom-04846,Invalid slug
Món canh,https://www.dienmayxanh.com/vao-bep/2-cach-nau-canh-chua-tep-thom-ngon-thanh-mat-don-gian-de-lam-08675,Invalid slug
Món canh,https://www.dienmayxanh.com/vao-bep/2-cach-nau-sup-gumbo-hai-san-va-thit-ga-dac-trung-cua-am-thuc-06653,Invalid slug
Món canh,https://www.dienmayxanh.com/vao-bep/tong-hop-7-cach-nau-canh-trai-thanh-mat-hap-dan-de-lam-cho-13067,Invalid slug
Món canh,https://www.dienmayxanh.com/vao-bep/ngheu-nau-canh-gi-ngon-tong-hop-12-cach-nau-canh-ngheu-hap-09689,Missing data
Món canh,https://www.dienmayxanh.com/vao-bep/2-cach-nau-canh-sau-thit-bam-va-suon-thanh-mat-thom-ngon-don-05479,Invalid slug
Món canh,https://www.dienmayxanh.com/vao-bep/2-cach-nau-canh-bi-dao-nau-xuong-va-nau-tom-thanh-mat-cho-bua-04674,Invalid slug
Món canh,https://www.dienmayxanh.com/vao-bep/cach-lam-duoi-bo-ham-bia-mon-ngon-kho-cuong-dip-cuoi-tuan-09479,Invalid slug
Món canh,https://www.dienmayxanh.com/vao-bep/2-cach-nau-canh-chuoi-xanh-la-lot-thom-ngon-beo-bui-de-lam-07855,Invalid slug
Món canh,https://www.dienmayxanh.com/vao-bep/tong-hop-9-cach-nau-canh-he-thanh-nhiet-don-gian-cho-ngay-12227,Invalid slug
Món canh,https://www.dienmayxanh.com/vao-bep/tong-hop-cac-loai-rau-nem-canh-chua-thong-dung-de-di-cho-23506,Invalid slug
Món canh,https://www.dienmayxanh.com/vao-bep/2-cach-nau-canh-trai-nau-bau-ngon-mieng-don-gian-cho-bua-com-11964,Invalid slug
Món canh,https://www.dienmayxanh.com/vao-bep/2-cach-lam-ca-mu-nau-canh-chua-thom-ngon-dam-da-cho-bua-com-05666,Invalid slug
Món canh,https://www.dienmayxanh.com/vao-bep/2-cach-nau-canh-su-hao-xuong-va-canh-su-hao-ca-chep-thom-ngon-15391,Invalid slug
Món canh,https://www.dienmayxanh.com/vao-bep/3-cach-lam-rau-cang-cua-nau-canh-ngon-va-thanh-mat-bang-noi-22781,Invalid slug
Món canh,https://www.dienmayxanh.com/vao-bep/2-cach-lam-ca-chach-nau-canh-chua-ngon-mieng-thanh-nhiet-don-08159,Invalid slug
Món canh,https://www.dienmayxanh.com/vao-bep/2-cach-lam-gan-bo-ham-hat-sen-va-dau-do-thom-ngon--02618,Invalid slug
Món canh,https://www.dienmayxanh.com/vao-bep/2-cach-nau-canh-rau-muong-nau-tom-thom-ngon-thanh-mat-tai-nha-05126,Invalid slug
Món canh,https://www.dienmayxanh.com/vao-bep/2-cach-nau-canh-kim-chi-ca-hoi-va-ca-ngu-thom-ngon-moi-la-don-08496,Invalid slug
Món canh,https://www.dienmayxanh.com/vao-bep/tong-hop-21-cach-nau-canh-thit-bam-don-gian-thanh-ngot-tai-11597,Invalid slug
Món canh,https://www.dienmayxanh.com/vao-bep/3-cach-nau-vit-tiem-vua-ngon-vua-bo-ai-an-cung-khen--01464,Invalid slug
Món canh,https://www.dienmayxanh.com/vao-bep/2-cach-lam-canh-dua-chua-tom-va-ca-thom-ngon-de-lam-tai-nha-04591,Invalid slug
Món canh,https://www.dienmayxanh.com/vao-bep/mon-tu-bo,Missing data
Món canh,https://www.dienmayxanh.com/vao-bep/tong-hop-15-cach-nau-canh-ga-bo-duong-thom-ngon-don-gian-cho-07583,Invalid slug
Món canh,https://www.dienmayxanh.com/vao-bep/3-cach-nau-canh-chua-muc-dam-da-don-gian-thom-ngon-cho-bua-05710,Invalid slug
Món canh,https://www.dienmayxanh.com/vao-bep/2-cach-nau-canh-ca-thac-lac-ca-chua-thom-ngon-don-gian-doi-vi-08551,Invalid slug
Món canh,https://www.dienmayxanh.com/vao-bep/2-cach-lam-canh-khoai-mo-nau-tom-va-nau-thit-bam-thom-ngon-04686,Invalid slug
Món canh,https://www.dienmayxanh.com/vao-bep/3-cach-nau-canh-cai-cuc-tan-o-voi-tom-su-thit-bam-cha-ca-thac-04735,Invalid slug
Món canh,https://www.dienmayxanh.com/vao-bep/3-cach-nau-canh-hoa-atiso-cuc-ngon-mat-ruot-dep-da-01647,Invalid slug
Món canh,https://www.dienmayxanh.com/vao-bep/tong-hop-14-cach-nau-canh-mang-ngon-dan-da-vo-cung-de-lam-10928,Invalid slug
Món canh,https://www.dienmayxanh.com/vao-bep/2-cach-nau-canh-muop-nau-thit-bam-va-thit-bo-thom-ngon-de-lam-05918,Invalid slug
Món canh,https://www.dienmayxanh.com/vao-bep/tong-hop-8-cach-nau-canh-vit-thanh-ngot-hap-dan-don-gian-ai-15954,Invalid slug
Món canh,https://www.dienmayxanh.com/vao-bep/2-cach-nau-canh-rieu-cua-ngon-hap-dan-la-mieng-cho-ca-nha-09165,Invalid slug
Món canh,https://www.dienmayxanh.com/vao-bep/2-cach-nau-canh-ngheu-rau-muong-va-nau-muop-thanh-mat-don-09869,Invalid slug
Món canh,https://www.dienmayxanh.com/vao-bep/2-cach-nau-sup-ca-chua-tom-lanh-va-sup-ca-chua-lanh-tay-ban-04324,Invalid slug
Món canh,https://www.dienmayxanh.com/vao-bep/tong-hop-12-mon-canh-ca-nau-mang-chua-thom-ngon-dan-da-cuc-10850,Invalid slug
Món canh,https://www.dienmayxanh.com/vao-bep/2-cach-nau-canh-moc-ngu-sac-va-canh-moc-hat-sen-thom-ngon-bo-04373,Invalid slug
Món canh,https://www.dienmayxanh.com/vao-bep/2-cach-nau-canh-cu-tu-ngot-bui-cho-bua-com-gia-dinh-07354,Invalid slug
Món canh,https://www.dienmayxanh.com/vao-bep/2-cach-lam-ca-dia-nau-canh-chua-thanh-nhiet-hap-dan-de-lam-12945,Invalid slug
Món canh,https://www.dienmayxanh.com/vao-bep/tong-hop-5-cach-nau-canh-ca-ro-dong-ngot-thanh-hap-dan-don-13776,Invalid slug
Món canh,https://www.dienmayxanh.com/vao-bep/2-cach-nau-canh-bap-ham-xuong-va-nau-nam-ngon-ngot-bo-duong-04930,Invalid slug
Món canh,https://www.dienmayxanh.com/vao-bep/mon-canh,Missing data
Món canh,https://www.dienmayxanh.com/vao-bep/2-cach-nau-canh-dau-do-voi-suon-va-ca-chep-hap-dan-giup-thanh-08536,Invalid slug
Món canh,https://www.dienmayxanh.com/vao-bep/3-cach-lam-sup-dau-ha-lan-thom-ngon-sanh-min-de-thuc-hien-04865,Invalid slug
Món canh,https://www.dienmayxanh.com/vao-bep/4-cach-che-bien-cu-dau-ngon-ngot-hap-dan-cho-gia-dinh-ban-01683,Invalid slug
Món canh,https://www.dienmayxanh.com/vao-bep/2-cach-nau-canh-bap-cai-tom-tuoi-va-trung-don-gian-cap-toc-09359,Invalid slug
Món canh,https://www.dienmayxanh.com/vao-bep/canh-chua-an-voi-mon-man-gi-goi-y-cac-mon-man-kho-chien-xao-23527,Invalid slug
Món canh,https://www.dienmayxanh.com/vao-bep/2-cach-nau-canh-chua-bap-cai-mem-ngon-chua-ngot-dam-da-thanh-08761,Invalid slug
Món canh,https://www.dienmayxanh.com/vao-bep/3-cach-nau-canh-chua-ca-bop-khong-tanh-chua-thanh-ha-nhiet-04892,Invalid slug
Món canh,https://www.dienmayxanh.com/vao-bep/2-cach-nau-canh-bi-dao-nau-tom-va-nau-moc-thanh-mat-cho-bua-10369,Invalid slug
Món canh,https://www.dienmayxanh.com/vao-bep/2-mon-an-danh-tan-mo-bung-tu-bi-dao-00338,Missing data
Món canh,https://www.dienmayxanh.com/vao-bep/tong-hop-17-cach-nau-canh-dau-hu-non-mem-min-thom-ngon-thanh-16147,Invalid slug
Món canh,https://www.dienmayxanh.com/vao-bep/tong-hop-8-mon-ca-nau-me-dam-da-thom-ngon-de-lam-11222,Invalid slug
Món canh,https://www.dienmayxanh.com/vao-bep/2-cach-lam-duoi-heo-ham-du-du-va-ham-bia-thom-ngon-02352,Invalid slug
Món canh,https://www.dienmayxanh.com/vao-bep/2-cach-nau-canh-chua-ca-linh-va-ca-chot-chuan-vi-mien-tay-hap-04862,Invalid slug
Món canh,https://www.dienmayxanh.com/vao-bep/2-cach-lam-ca-bong-nau-canh-chua-khong-tanh-bang-noi-thuy-22350,Invalid slug
Món canh,https://www.dienmayxanh.com/vao-bep/an-vat,Missing data
Món canh,https://www.dienmayxanh.com/vao-bep/2-cach-nau-ga-ham-sam-la-ngai-cuu-bo-duong-thom-ngon-cho-gia-05182,Invalid slug
Món canh,https://www.dienmayxanh.com/vao-bep/mon-che,Missing data
Món canh,https://www.dienmayxanh.com/vao-bep/2-cach-lam-mon-canh-bong-bi-lon-cuc-ngon-bo-duong--01465,Invalid slug
Món canh,https://www.dienmayxanh.com/vao-bep/2-cach-nau-canh-dua-chua-suon-heo-va-thit-heo-thom-ngon-don-04583,Invalid slug
Món canh,https://www.dienmayxanh.com/vao-bep/3-cach-nau-sup-toc-tien-thom-ngon-bo-duong-de-lam-tai-nha-09356,Invalid slug
Món canh,https://www.dienmayxanh.com/vao-bep/tong-hop-7-cach-nau-canh-ca-hoi-thom-ngon-hap-dan-don-gian-ai-14572,Invalid slug
Món canh,https://www.dienmayxanh.com/vao-bep/2-cach-nau-canh-chua-dau-ca-bop-chuoi-xanh-va-cai-chua-la-10912,Invalid slug
Món canh,https://www.dienmayxanh.com/vao-bep/5-mon-an-loi-sua-sau-sinh-bo-duong-tot-cho-tre-khoe-cho-me-00925,Missing data
Món canh,https://www.dienmayxanh.com/vao-bep/2-cach-lam-sup-mang-tay-cua-va-tom-thom-ngon-bo-duong-cho-gia-05063,Invalid slug
Món canh,https://www.dienmayxanh.com/vao-bep/2-cach-nau-canh-thit-bam-vien-rau-ru-va-canh-cai-thao-day-du-02292,Invalid slug
Món canh,https://www.dienmayxanh.com/vao-bep/7-cach-nau-canh-rong-bien-ngon-khong-tanh-thanh-mat-chuan-vi-05732,Invalid slug
Món canh,https://www.dienmayxanh.com/vao-bep/3-cach-nau-canh-khoai-mon-chay-thanh-dam-thom-ngon-hap-dan-05733,Invalid slug
Món canh,https://www.dienmayxanh.com/vao-bep/2-cach-nau-canh-chua-tom-thanh-mat-don-gian-de-lam-01532,Invalid slug
Món canh,https://www.dienmayxanh.com/vao-bep/3-cach-nau-canh-chua-ca-ho-tuoi-va-kho-voi-nhung-nguyen-lieu-22183,Invalid slug
Món canh,https://www.dienmayxanh.com/vao-bep/4-cach-nau-canh-rau-ma-ngon-mieng-thanh-mat-giai-nhiet-ngay-05903,Invalid slug
Món canh,https://www.dienmayxanh.com/vao-bep/2-cach-nau-canh-mang-vit-thom-ngon-dua-com-tai-nha-05376,Invalid slug
Món canh,https://www.dienmayxanh.com/vao-bep/2-cach-nau-canh-chua-khe-don-gian-ngon-mieng-dua-com--01536,Invalid slug
Món canh,https://www.dienmayxanh.com/vao-bep/3-cach-nau-canh-nam-dam-da-thanh-mat-don-gian-de-lam-01596,Invalid slug
Món canh,https://www.dienmayxanh.com/vao-bep/2-cach-nau-canh-chua-ca-uc-ngon-mieng-thanh-nhiet-de-lam-cho-10508,Invalid slug
Món canh,https://www.dienmayxanh.com/vao-bep/2-cach-nau-canh-mong-toi-nau-tom-kho-va-tom-tuoi-ngot-mat-06196,Invalid slug
Món canh,https://www.dienmayxanh.com/vao-bep/2-cach-nau-canh-ngheu-miso-va-kim-chi-moi-la-hap-dan-cho-bua-06637,Invalid slug
Món canh,https://www.dienmayxanh.com/vao-bep/2-cach-nau-sup-yen-cuc-bo-duong-don-gian-tai-nha-05884,Invalid slug
Món canh,https://www.dienmayxanh.com/vao-bep/3-cach-lam-mon-an-tu-rau-cang-cua-thom-ngon-doc-dao-01777,Invalid slug
Món canh,https://www.dienmayxanh.com/vao-bep/2-cach-nau-canh-ngheu-thi-la-thanh-mat-ngon-mieng-de-lam-cho-11395,Invalid slug
Món canh,https://www.dienmayxanh.com/vao-bep/2-cach-nau-canh-khoai-mo-nau-ca-ro-va-ca-loc-thom-ngon-hap-09332,Invalid slug
Món canh,https://www.dienmayxanh.com/vao-bep/2-cach-lam-chan-gio-mong-heo-ham-dinh-duong-don-gian-04454,Invalid slug
Món canh,https://www.dienmayxanh.com/vao-bep/meo-vao-bep,Missing data
Món canh,https://www.dienmayxanh.com/vao-bep/tong-hop-11-cach-lam-sup-rau-cu-ngon-mieng-cung-cap-dinh-13369,Invalid slug
Món canh,https://www.dienmayxanh.com/vao-bep/2-cach-nau-canh-chua-ca-chep-nau-doc-mung-va-nau-khe-thom-05725,Invalid slug
Món canh,https://www.dienmayxanh.com/vao-bep/2-cach-nau-sup-hai-sam-thom-ngon-bo-duong-hap-dan-don-gian-08647,Invalid slug
Món canh,https://www.dienmayxanh.com/vao-bep/tong-hop-7-cach-nau-canh-cai-cuc-canh-tan-o-thanh-mat-don-15953,Invalid slug
Món canh,https://www.dienmayxanh.com/vao-bep/tong-hop-7-cach-lam-mon-thit-ham-mang-ngot-thom-don-gian-bo-16605,Invalid slug
Món canh,https://www.dienmayxanh.com/vao-bep/2-cach-nau-canh-mang-voi-duoi-heo-va-xuong-ngon-ngot-hap-dan-10699,Invalid slug
Món canh,https://www.dienmayxanh.com/vao-bep/2-cach-nau-canh-dua-chua-thit-bo-va-gan-bo-thanh-mat-de-lam-04575,Invalid slug
Món canh,https://www.dienmayxanh.com/vao-bep/2-cach-nau-canh-bap-chuoi-nau-tom-va-suon-thom-ngon-hap-dan-08817,Invalid slug
Món canh,https://www.dienmayxanh.com/vao-bep/3-cach-nau-canh-dau-phu-thanh-mat-hap-dan-cho-ca-nha-01550,Invalid slug
Món canh,https://www.dienmayxanh.com/vao-bep/3-cach-che-bien-rau-chum-ngay-thom-ngon-bo-duong-01786,Invalid slug
Món canh,https://www.dienmayxanh.com/vao-bep/2-cach-nau-sup-yen-mach-tom-va-uc-ga-thom-ngon-healthy-de-nau-08134,Invalid slug
Món canh,https://www.dienmayxanh.com/vao-bep/2-cach-nau-canh-chua-ca-tre-rau-nhut-va-rau-muong-thanh-nhiet-05881,Invalid slug
Món canh,https://www.dienmayxanh.com/vao-bep/3-cach-nau-canh-chua-bon-bon-thanh-nhiet-ngon-mieng-de-lam-08919,Invalid slug
Món canh,https://www.dienmayxanh.com/vao-bep/mon-hap,Missing data
Món canh,https://www.dienmayxanh.com/vao-bep/cu-den-nau-mon-gi-ngon-tong-hop-cac-cach-nau-cu-den-sieu-ngon-10108,Missing data
Món canh,https://www.dienmayxanh.com/vao-bep/2-cach-nau-canh-muop-chay-voi-nam-va-bo-ngot-thanh-dam-de-lam-05980,Invalid slug
Món canh,https://www.dienmayxanh.com/vao-bep/2-cach-nau-canh-chan-gio-ham-dau-xanh-va-bi-dao-thom-ngon-don-09331,Invalid slug
Món canh,https://www.dienmayxanh.com/vao-bep/2-cach-nau-canh-cu-sen-nam-va-dau-do-thanh-dam-hap-dan-thom-08127,Invalid slug
Món canh,https://www.dienmayxanh.com/vao-bep/4-mon-canh-ngon-thanh-mat-an-vao-la-da-diet-nho-tuoi-tho-00745,Missing data
Món canh,https://www.dienmayxanh.com/vao-bep/2-cach-nau-sup-to-yen-ghe-va-bao-ngu-bo-duong-thom-ngon-hap-08185,Invalid slug
Món canh,https://www.dienmayxanh.com/vao-bep/2-cach-nau-sup-toi-kieu-y-va-kieu-tay-ban-nha-nong-hoi-hap-05256,Invalid slug
Món canh,https://www.dienmayxanh.com/vao-bep/2-cach-lam-sup-kem-nam-beo-ngay-thom-ngon-don-gian-04984,Invalid slug
Món canh,https://www.dienmayxanh.com/vao-bep/kham-pha-nguyen-lieu-nau-canh-chua-ca-ngon-dung-dieu-ca-khong-23553,Missing data
Món canh,https://www.dienmayxanh.com/vao-bep/mon-chao,Missing data
Món canh,https://www.dienmayxanh.com/vao-bep/tong-hop-11-cach-nau-canh-chay-thanh-dam-don-gian-cho-bua-com-07254,Invalid slug
Món canh,https://www.dienmayxanh.com/vao-bep/2-cach-lam-kho-ca-duoi-nau-canh-chua-thanh-nhiet-de-lam-dam-11898,Invalid slug
Món canh,https://www.dienmayxanh.com/vao-bep/2-cach-nau-canh-ga-hat-sen-va-ga-ham-hat-sen-thom-ngon-bo-04486,Invalid slug
Món canh,https://www.dienmayxanh.com/vao-bep/2-cach-nau-canh-mong-toi-voi-thit-thom-ngon-thanh-mat-de-lam-06262,Invalid slug
Món canh,https://www.dienmayxanh.com/vao-bep/2-cach-nau-canh-ca-mang-chua-thom-ngon-don-gian-bat-com-05023,Invalid slug
Món canh,https://www.dienmayxanh.com/vao-bep/2-cach-nau-canh-kim-chi-trung-beo-thom-don-gian-doi-vi-cho-08488,Invalid slug
Món canh,https://www.dienmayxanh.com/vao-bep/2-cach-nau-canh-bi-do-ham-xuong-va-nau-dau-phong-thom-ngon-de-04883,Invalid slug
Món canh,https://www.dienmayxanh.com/vao-bep/2-cach-nau-sup-gac-hai-san-va-rau-nam-don-gian-nong-hoi-cuc-07403,Invalid slug
Món canh,https://www.dienmayxanh.com/vao-bep/mon-goi-tron,Missing data
Món canh,https://www.dienmayxanh.com/vao-bep/tong-hop-9-cach-nau-canh-bi-dao-thanh-mat-ngon-ngot-cho-bua-12081,Invalid slug
Món canh,https://www.dienmayxanh.com/vao-bep/4-cach-nau-sup-chay-thom-ngon-bo-duong-don-gian-tai-nha-03064,Invalid slug
Món canh,https://www.dienmayxanh.com/vao-bep/2-cach-nau-canh-sau-rieng-doc-la-ma-beo-bui-ngon-mieng-bang-22801,Invalid slug
Món canh,https://www.dienmayxanh.com/vao-bep/4-cach-nau-canh-cai-bo-xoi-thit-heo-bo-tom-ngheu-dau-hu-thom-04671,Invalid slug
Món canh,https://www.dienmayxanh.com/vao-bep/tong-hop-11-cach-nau-sup-cho-be-an-dam-thom-ngon-dinh-duong-10624,Invalid slug
Món canh,https://www.dienmayxanh.com/vao-bep/2-cach-lam-ca-chim-nau-canh-chua-thanh-nhiet-hap-dan-ngon-de-07948,Invalid slug
Món canh,https://www.dienmayxanh.com/vao-bep/2-cach-lam-vit-ham-tao-do-va-ham-bi-do-thom-ngon-bo-duong-cho-09316,Invalid slug
Món canh,https://www.dienmayxanh.com/vao-bep/2-cach-nau-canh-ca-dang-ca-kho-va-ca-dang-suon-heo-thom-ngon-05816,Invalid slug
Món canh,https://www.dienmayxanh.com/vao-bep/2-cach-nau-canh-chua-khe-voi-thit-dam-da-ngon-com--01537,Invalid slug
Món canh,https://www.dienmayxanh.com/vao-bep/2-cach-nau-canh-chua-ca-keo-va-ca-lang-don-gian-dam-vi-mien-04679,Invalid slug
Món canh,https://www.dienmayxanh.com/vao-bep/2-cach-nau-canh-bi-do-voi-tom-va-thit-bam-thom-ngon-02271,Invalid slug
Món canh,https://www.dienmayxanh.com/vao-bep/2-cach-nau-canh-cua-rau-day-va-canh-cua-hoa-thien-ly-thom-00679,Invalid slug
Món canh,https://www.dienmayxanh.com/vao-bep/mon-nuong,Missing data
Món canh,https://www.dienmayxanh.com/vao-bep/tong-hop-10-cach-nau-sup-bi-do-ngon-hap-dan-cho-le-halloween-14317,Invalid slug
Món canh,https://www.dienmayxanh.com/vao-bep/tong-hop-25-cach-nau-sup-ngon-don-gian-huong-dan-tung-buoc-10914,Invalid slug
Món canh,https://www.dienmayxanh.com/vao-bep/2-cach-nau-canh-chua-ca-ro-dong-va-ca-tre-dam-da-thanh-mat-04906,Invalid slug
Món canh,https://www.dienmayxanh.com/vao-bep/3-cach-nau-canh-du-du-mem-ngon-ngot-bui-cuc-hap-dan-04844,Invalid slug
Món canh,https://www.dienmayxanh.com/vao-bep/2-cach-lam-nom-thap-cam-va-canh-kho-qua-chay-ngay-tet-00472,Invalid slug
Món canh,https://www.dienmayxanh.com/vao-bep/2-cach-nau-canh-ca-ro-rau-cai-va-rau-ngot-don-gian-thanh-mat-04625,Invalid slug
Món canh,https://www.dienmayxanh.com/vao-bep/2-cach-nau-canh-ca-khoai-thom-ngon-don-gian-dinh-duong-cho-ca-05627,Invalid slug
Món canh,https://www.dienmayxanh.com/vao-bep/2-cach-nau-canh-ga-nam-huong-va-kim-chi-dam-da-thom-ngon-an-05827,Invalid slug
Món canh,https://www.dienmayxanh.com/vao-bep/tong-hop-4-cach-nau-canh-mong-toi-ngon-mieng-thom-ngon-de-lam-06246,Invalid slug
Món canh,https://www.dienmayxanh.com/vao-bep/mon-kho-mam,Missing data
Món canh,https://www.dienmayxanh.com/vao-bep/mon-chien,Missing data
Món canh,https://www.dienmayxanh.com/vao-bep/mach-ban-3-cach-thai-bau-nau-canh-ngon-va-meo-giu-bau-xanh-23550,Missing data
Món canh,https://www.dienmayxanh.com/vao-bep/3-cach-nau-canh-chua-ca-hu-ngon-don-gian-dam-da-chuan-vi-mien-05735,Invalid slug
Món canh,https://www.dienmayxanh.com/vao-bep/2-cach-nau-canh-rong-bien-voi-trung-ga-va-thit-ga-thom-ngon-05677,Invalid slug
Món canh,https://www.dienmayxanh.com/vao-bep/tong-hop-15-cach-nau-sup-chay-ngon-ngot-lanh-cuc-ki-don-gian-10600,Invalid slug
Món canh,https://www.dienmayxanh.com/vao-bep/2-cach-nau-canh-mit-non-voi-nghe-va-tom-la-lot-thom-ngon-bo-04501,Invalid slug
Món canh,https://www.dienmayxanh.com/vao-bep/3-cach-nau-sup-chay-thom-ngon-bo-duong-don-gian-tai-nha-00048,Invalid slug
Món canh,https://www.dienmayxanh.com/vao-bep/2-cach-nau-canh-ga-nau-chua-va-la-e-don-gian-thom-ngon-ngat-04436,Invalid slug
Món canh,https://www.dienmayxanh.com/vao-bep/2-cach-nau-canh-ngao-ngheu-voi-rau-cai-voi-dua--02374,Invalid slug
Món canh,https://www.dienmayxanh.com/vao-bep/2-cach-nau-canh-rong-bien-voi-ngao-va-vem-tuoi-ngon-thanh-mat-05547,Invalid slug
Món canh,https://www.dienmayxanh.com/vao-bep/2-cach-nau-canh-cu-khoai-mi-cu-san-bui-ngot-thanh-mat-thom-09676,Invalid slug
Món canh,https://www.dienmayxanh.com/vao-bep/2-cach-lam-canh-cu-sen-ham-duoi-heo-va-gio-heo-nong-hoi-hap-08012,Invalid slug
Món canh,https://www.dienmayxanh.com/vao-bep/2-cach-nau-canh-suon-bo-han-quoc-va-suon-heo-kim-chi-thom-05104,Invalid slug
Món canh,https://www.dienmayxanh.com/vao-bep/3-cach-nau-sup-bao-ngu-thom-ngon-bo-duong-cho-gia-dinh-04985,Invalid slug
Món canh,https://www.dienmayxanh.com/vao-bep/mon-kem,Missing data
Món canh,https://www.dienmayxanh.com/vao-bep/2-cach-nau-canh-du-du-chay-voi-nam-rom-va-la-lot-thom-ngon-03217,Invalid slug
Món canh,https://www.dienmayxanh.com/vao-bep/2-cach-nau-canh-rong-bien-thit-bam-va-suon-heo-mem-ngon-hap-05525,Invalid slug
Món canh,https://www.dienmayxanh.com/vao-bep/2-cach-nau-canh-nam-huong-nong-hoi-thom-ngon-hap-dan-chieu-06075,Invalid slug
Món canh,https://www.dienmayxanh.com/vao-bep/2-cach-nau-sup-thit-bo-han-va-trung-thom-ngon-kho-cuong-04176,Invalid slug
Món canh,https://www.dienmayxanh.com/vao-bep/3-cach-nau-canh-bi-ngoi-xanh-thom-ngon-bo-duong-04435,Invalid slug
Món canh,https://www.dienmayxanh.com/vao-bep/tra-sua,Missing data
Món canh,https://www.dienmayxanh.com/vao-bep/tong-hop-9-cach-nau-canh-trung-ngon-nhanh-don-gian-de-lam-cho-14465,Invalid slug
Món canh,https://www.dienmayxanh.com/vao-bep/cach-lam-duoi-bo-ham-khoai-tay-mon-ngon-kho-cuong-sieu-dinh-09606,Invalid slug
Món canh,https://www.dienmayxanh.com/vao-bep/2-cach-lam-mon-duoi-bo-ham-thuoc-bac-va-ham-khoai-tay-01832,Invalid slug
Món canh,https://www.dienmayxanh.com/vao-bep/2-cach-lam-bong-bi-nhoi-thit-chien-gion-va-nhoi-thit-hap-thom-10416,Invalid slug
Món canh,https://www.dienmayxanh.com/vao-bep/3-cach-che-bien-rau-bau-dat-thom-ngon-la-mieng-bo-duong-don-09395,Invalid slug
Món canh,https://www.dienmayxanh.com/vao-bep/3-cach-nau-canh-dau-tuong-han-quoc-tu-co-ban-den-chuan-04374,Invalid slug
Món canh,https://www.dienmayxanh.com/vao-bep/2-cach-lam-bap-cai-cuon-thit-thom-beo-cuc-ngon-de-lam-01571,Invalid slug
Món canh,https://www.dienmayxanh.com/vao-bep/mon-trang-mieng,Missing data
Món canh,https://www.dienmayxanh.com/vao-bep/2-cach-nau-canh-hoa-thien-ly-nau-thit-bam-ngon-hap-dan-thanh-12885,Invalid slug
Món canh,https://www.dienmayxanh.com/vao-bep/2-cach-lam-ca-chem-nau-canh-chua-thom-ngon-dam-da-cho-bua-com-06762,Invalid slug
Món canh,https://www.dienmayxanh.com/vao-bep/2-cach-nau-canh-chua-ca-chot-bong-so-dua-va-la-non-ngon-dam-05807,Invalid slug
Món canh,https://www.dienmayxanh.com/vao-bep/4-cach-nau-canh-chua-rau-muong-chua-thanh-la-mieng-doi-vi-cho-14954,Invalid slug
Món canh,https://www.dienmayxanh.com/vao-bep/2-cach-nau-canh-rong-bien-cu-cai-hat-sen-chay-01985,Invalid slug
Món canh,https://www.dienmayxanh.com/vao-bep/3-cach-nau-canh-xuong-bo-ngot-thom-hap-dan-don-gian-bo-duong-15630,Invalid slug
Món canh,https://www.dienmayxanh.com/vao-bep/5-cach-nau-nuoc-dung-thong-dung-trong-veo-an-toan-don-gian-05428,Invalid slug
Món canh,https://www.dienmayxanh.com/vao-bep/2-cach-nau-canh-ngo-khoai-nau-suon-thom-ngon-hap-dan-de-lam-14144,Invalid slug
Món canh,https://www.dienmayxanh.com/vao-bep/tong-hop-5-cach-nau-canh-ca-nau-dua-chua-moi-la-thom-ngon-hap-14531,Invalid slug
Món canh,https://www.dienmayxanh.com/vao-bep/2-cach-nau-canh-ca-chep-rau-can-va-nau-ngot-thom-ngon-giai-04974,Invalid slug
Món canh,https://www.dienmayxanh.com/vao-bep/2-cach-nau-canh-tom-can-nuoc-va-cu-cai-thanh-mat-dam-vi-de-06535,Invalid slug
Món canh,https://www.dienmayxanh.com/vao-bep/5-mon-canh-giai-ruou-nhanh-va-tot-nhat-de-nau-trong-dip-tet-01631,Missing data
Món canh,https://www.dienmayxanh.com/vao-bep/ca-loc-nau-canh-gi-ngon-tong-hop-8-cach-nau-canh-ca-loc-ngon-13386,Missing data
Món canh,https://www.dienmayxanh.com/vao-bep/2-cach-nau-sup-bi-do-chay-thanh-dam-thom-ngon-hap-dan-cho-gia-10580,Invalid slug
Món canh,https://www.dienmayxanh.com/vao-bep/2-cach-nau-canh-chuoi-xanh-voi-suon-va-ca-loc-thom-ngon-thanh-05563,Invalid slug
Món canh,https://www.dienmayxanh.com/vao-bep/cong-thuc-lam-3-mon-sieu-bo-nao-cho-si-tu-hoc-dau-nho-day-00913,Missing data
Món canh,https://www.dienmayxanh.com/vao-bep/tong-hop-25-cach-lam-chan-gio-ham-thom-ngon-don-gian-de-lam-09619,Invalid slug
Món canh,https://www.dienmayxanh.com/vao-bep/2-cach-nau-sup-so-diep-thom-ngon-hap-dan-don-gian-va-bo-duong-04971,Invalid slug
Món canh,https://www.dienmayxanh.com/vao-bep/tong-hop-15-cach-nau-canh-ca-rot-ngon-de-lam-cho-bua-com-gia-10899,Invalid slug
Món canh,https://www.dienmayxanh.com/vao-bep/3-cach-nau-canh-rau-ngot-voi-tom-muop-va-nam-thom-ngon-thanh-05709,Invalid slug
Món canh,https://www.dienmayxanh.com/vao-bep/2-cach-nau-sup-bo-vien-va-sup-gan-bo-thom-ngon-dai-gion-kho-08015,Invalid slug
Món canh,https://www.dienmayxanh.com/vao-bep/2-cach-nau-canh-khoai-so-rau-rut-rau-nhut-voi-suon-va-cua-hap-08865,Invalid slug
Món canh,https://www.dienmayxanh.com/vao-bep/2-cach-nau-canh-rong-bien-voi-tom-tuoi-va-tom-kho-ngon-hap-05526,Invalid slug
Món canh,https://www.dienmayxanh.com/vao-bep/mon-cuon-tron,Missing data
Món canh,https://www.dienmayxanh.com/vao-bep/2-cach-nau-canh-xa-lach-xoong-thit-bam-va-thit-vien-ngon-ngot-09594,Invalid slug
Món canh,https://www.dienmayxanh.com/vao-bep/tong-hop-12-cach-nau-sup-ga-ngon-bo-duong-cuc-ki-don-gian-11171,Invalid slug
Món canh,https://www.dienmayxanh.com/vao-bep/mon-chay,Missing data
Món canh,https://www.dienmayxanh.com/vao-bep/2-cach-lam-canh-nha-dam-nau-suon-va-nau-tom-moi-la-hap-dan-04929,Invalid slug
Món canh,https://www.dienmayxanh.com/vao-bep/3-cach-lam-mon-canh-ngao-ngheu-nau-chua-ngon-mieng-dua-com-01495,Invalid slug
Món canh,https://www.dienmayxanh.com/vao-bep/2-cach-nau-canh-oc-la-tia-to-va-nau-cay-dam-vi-moi-la-cho-bua-05078,Invalid slug
Món canh,https://www.dienmayxanh.com/vao-bep/tong-hop-25-cach-nau-canh-suon-thom-ngot-tu-nhien-hap-dan-de-11097,Invalid slug
Món canh,https://www.dienmayxanh.com/vao-bep/cha-ca-nau-canh-gi-ngon-tong-hop-11-cach-nau-canh-cha-ca-ngon-13749,Missing data
Món canh,https://www.dienmayxanh.com/vao-bep/2-cach-lam-ca-ngan-nau-ngot-va-nau-canh-chua-thanh-mat-ngon-09476,Invalid slug
Món canh,https://www.dienmayxanh.com/vao-bep/3-cach-nau-canh-he-dau-phu-thit-bam-va-hen-thom-ngon-don-gian-05648,Invalid slug
Món canh,https://www.dienmayxanh.com/vao-bep/tong-hop-7-cach-nau-canh-voi-tom-kho-sieu-don-gian-ma-ban-10298,Invalid slug
Món canh,https://www.dienmayxanh.com/vao-bep/2-cach-nau-sup-bap-cai-ti-hon-mem-ngon-hap-dan-don-gian-cho-05482,Invalid slug
Món canh,https://www.dienmayxanh.com/vao-bep/2-cach-lam-canh-muc-nhoi-thit-va-nau-chua-cay-sieu-ngon-hap-05027,Invalid slug
Món canh,https://www.dienmayxanh.com/vao-bep/tong-hop-10-mon-ham-bang-noi-ap-suat-thom-ngon-bo-duong-nhanh-14691,Invalid slug
Món canh,https://www.dienmayxanh.com/vao-bep/2-cach-nau-canh-nam-rom-thom-ngot-cuc-ngon-giai-ngan-thit-ca-01621,Invalid slug
Món canh,https://www.dienmayxanh.com/vao-bep/2-cach-nau-sup-tom-voi-rau-cu-thom-ngon-don-gian-04448,Invalid slug
Món canh,https://www.dienmayxanh.com/vao-bep/2-cach-nau-canh-gan-bo-mem-thom-nong-hoi-hap-dan-kho-co-the-06893,Invalid slug
Món canh,https://www.dienmayxanh.com/vao-bep/6-cach-nau-sup-miso-don-gian-cho-bua-com-thanh-dam-chuan-vi-22198,Invalid slug
Món canh,https://www.dienmayxanh.com/vao-bep/2-cach-nau-canh-cai-be-xanh-ca-thac-lac-va-thit-vien-hap-dan-04611,Invalid slug
Món canh,https://www.dienmayxanh.com/vao-bep/2-cach-nau-canh-ca-chua-thit-bo-va-dau-phu-thom-ngon-hap-dan-04279,Invalid slug
Món canh,https://www.dienmayxanh.com/vao-bep/2-cach-nau-canh-rau-lang-thanh-mat-dan-da-doi-vi-cho-bua-com-10706,Invalid slug
Món canh,https://www.dienmayxanh.com/vao-bep/2-cach-nau-canh-khoai-mo-tom-kho-va-suon-heo-ngon-mieng-don-09307,Invalid slug
Món canh,https://www.dienmayxanh.com/vao-bep/3-cach-nau-canh-su-su-voi-suon-non-tom-tuoi-va-moc-thom-ngon-08736,Invalid slug
Món canh,https://www.dienmayxanh.com/vao-bep/5-cach-lam-nuoc-dung-dashi-co-ban-dung-trong-mon-nhat-don-06664,Invalid slug
Món canh,https://www.dienmayxanh.com/vao-bep/cach-lam-sup-rau-bang-noi-com-dien-00296,Missing data
Món canh,https://www.dienmayxanh.com/vao-bep/3-cach-nau-canh-nam-bao-ngu-nau-sa-muop-huong-va-chum-ngay-06072,Invalid slug
Món canh,https://www.dienmayxanh.com/vao-bep/2-cach-nau-canh-nam-kim-cham-thit-bo-va-ngheu-moi-la-ai-cung-06117,Invalid slug
Món canh,https://www.dienmayxanh.com/vao-bep/3-cach-nau-canh-rau-lang-ngon-mieng-de-lam-thanh-mat-cho-bua-09295,Invalid slug
Món canh,https://www.dienmayxanh.com/vao-bep/2-cach-nau-canh-huyet-heo-voi-he-va-nau-cay-ngon-bo-duong-hap-05689,Invalid slug
Món canh,https://www.dienmayxanh.com/vao-bep/2-cach-lam-ga-nau-dau-trang-mem-ngon-dam-da-hap-dan-tai-nha-12624,Invalid slug
Món canh,https://www.dienmayxanh.com/vao-bep/thuc-uong,Missing data
Món canh,https://www.dienmayxanh.com/vao-bep/2-cach-nau-canh-khoai-so-thit-ga-va-xuong-heo-don-gian-thom-05412,Invalid slug
Món canh,https://www.dienmayxanh.com/vao-bep/2-cach-nau-canh-miso-don-gian-chuan-vi-nhat-ban--01599,Invalid slug
Món canh,https://www.dienmayxanh.com/vao-bep/2-cach-nau-canh-chua-ca-nganh-ngon-mieng-thanh-mat-de-lam-tai-11484,Invalid slug
Món canh,https://www.dienmayxanh.com/vao-bep/4-cach-nau-canh-cai-ngot-thanh-mat-ngon-mieng-de-lam-cho-09230,Invalid slug
Món canh,https://www.dienmayxanh.com/vao-bep/3-cach-nau-canh-bap-cai-don-gian-thom-ngon-ai-cung-lam-duoc-04670,Invalid slug
Món canh,https://www.dienmayxanh.com/vao-bep/2-cach-nau-canh-chan-ga-la-giang-va-nam-huong-nong-hoi-dua-05260,Invalid slug
Món canh,https://www.dienmayxanh.com/vao-bep/2-cach-nau-canh-mang-chua-thanh-mat-thom-ngon-hap-dan-don-10583,Invalid slug
Món canh,https://www.dienmayxanh.com/vao-bep/2-cach-nau-trung-vit-lon-um-bau-thom-ngon-don-gian-tai-nha-07142,Invalid slug
Món canh,https://www.dienmayxanh.com/vao-bep/2-cach-lam-ga-ham-bi-do-va-ga-ac-hap-bi-do-thom-ngon-bo-duong-04419,Invalid slug
Món canh,https://www.dienmayxanh.com/vao-bep/2-cach-lam-canh-ca-diec-nau-ngai-cuu-va-nau-rau-ram-thom-ngon-08420,Invalid slug
Món canh,https://www.dienmayxanh.com/vao-bep/2-cach-nau-canh-chua-ca-lang-rau-nhut-va-bong-dien-dien-ngon-05804,Invalid slug
Món canh,https://www.dienmayxanh.com/vao-bep/2-cach-nau-canh-trai-nau-mong-toi-thanh-mat-ngon-don-gian-de-12174,Invalid slug
Món canh,https://www.dienmayxanh.com/vao-bep/tong-hop-7-cach-nau-canh-muop-ngon-ngot-thanh-nhiet-cho-gia-12191,Invalid slug
Món canh,https://www.dienmayxanh.com/vao-bep/3-cach-lam-chan-gio-ham-dau-den-dau-do-va-dau-ngu-bo-duong-05739,Invalid slug
Món canh,https://www.dienmayxanh.com/vao-bep/3-cach-nau-sup-hai-san-rong-bien-chua-cay-va-nam-tuyet-ngon-09839,Invalid slug
Món canh,https://www.dienmayxanh.com/vao-bep/2-cach-lam-ca-cam-nau-canh-chua-thanh-nhiet-de-lam-cho-bua-07639,Invalid slug
Món canh,https://www.dienmayxanh.com/vao-bep/3-cach-nau-canh-ca-tim-thom-ngon-de-lam-cho-bua-com-gia-dinh-05389,Invalid slug
Món canh,https://www.dienmayxanh.com/vao-bep/mon-tu-ga,Missing data
Món canh,https://www.dienmayxanh.com/vao-bep/2-cach-nau-canh-rong-bien-hai-san-thanh-mat-la-mieng-day-dinh-10122,Invalid slug
Món canh,https://www.dienmayxanh.com/vao-bep/2-cach-nau-canh-cu-den-xuong-heo-va-thit-bam-ngon-tuyet-voi-04896,Invalid slug
Món canh,https://www.dienmayxanh.com/vao-bep/2-cach-nau-canh-khoai-mo-chay-don-gian-cho-bua-com-gia-dinh-05537,Invalid slug
Món canh,https://www.dienmayxanh.com/vao-bep/2-cach-nau-canh-ga-bi-dao-va-canh-ga-nau-toi-thom-ngon-04885,Invalid slug
Món canh,https://www.dienmayxanh.com/vao-bep/2-cach-lam-hau-nau-canh-chua-va-nau-cai-be-xanh-02054,Invalid slug
Món canh,https://www.dienmayxanh.com/vao-bep/3-mon-an-giai-nhiet-de-an-trong-mua-nong-00592,Missing data
Món canh,https://www.dienmayxanh.com/vao-bep/4-cach-nau-canh-bi-dao-chay-thanh-dam-thom-ngon-don-gian-cho-10067,Invalid slug
Món canh,https://www.dienmayxanh.com/vao-bep/3-cach-nau-canh-bap-cai-ca-chua-thom-ngon-don-gian-ai-cung-09358,Invalid slug
Món canh,https://www.dienmayxanh.com/vao-bep/2-cach-nau-canh-kim-chi-hai-san-cay-nong-thom-ngon-don-gian-08584,Invalid slug
Món canh,https://www.dienmayxanh.com/vao-bep/mon-banh,Missing data
Món canh,https://www.dienmayxanh.com/vao-bep/2-cach-nau-suon-heo-va-suon-bo-ham-du-du-ngon-ngot-hap-dan-09402,Invalid slug
Món canh,https://www.dienmayxanh.com/vao-bep/3-cach-nau-canh-chua-ca-me-dam-da-thom-ngon-de-lam-tai-nha-05778,Invalid slug
Món canh,https://www.dienmayxanh.com/vao-bep/tong-hop-20-cach-nau-canh-chua-ca-thom-ngon-ngot-mat-don-gian-06197,Invalid slug
Món canh,https://www.dienmayxanh.com/vao-bep/2-cach-nau-canh-chua-kho-ca-dua-thom-ngon-thanh-nhiet-de-lam-12628,Invalid slug
Món canh,https://www.dienmayxanh.com/vao-bep/2-cach-nau-sup-ga-mang-tay-va-sup-ga-bi-do-ngon-ngot-bo-duong-08196,Invalid slug
Món canh,https://www.dienmayxanh.com/vao-bep/3-cach-nau-canh-nam-chay-thom-ngot-bo-duong-ai-cung-me-01605,Invalid slug
Món canh,https://www.dienmayxanh.com/vao-bep/2-cach-nau-canh-hoa-thien-ly-thom-ngon-don-gian-tai-nha-05086,Invalid slug
Món canh,https://www.dienmayxanh.com/vao-bep/3-cach-nau-suon-bo-ham-mem-ngon-don-gian-de-lam-tai-nha-06543,Invalid slug
Món canh,https://www.dienmayxanh.com/vao-bep/3-cach-nau-sup-cai-bo-xoi-cho-be-an-dam-thom-ngon-day-chat-05147,Invalid slug
Món canh,https://www.dienmayxanh.com/vao-bep/2-cach-nau-ga-ham-du-du-dan-da-thom-ngon-doi-vi-cho-bua-com-09345,Invalid slug
Món canh,https://www.dienmayxanh.com/vao-bep/2-cach-nau-canh-khoai-mon-nau-tom-thom-ngon-hap-dan-de-lam-13192,Invalid slug
Món canh,https://www.dienmayxanh.com/vao-bep/2-cach-nau-canh-chua-dau-ca-hoi-dau-ca-thu-thom-ngon-don-gian-04652,Invalid slug
Món canh,https://www.dienmayxanh.com/vao-bep/3-cach-nau-sup-hau-thom-ngon-bo-duong-don-gian-02593,Invalid slug
Món canh,https://www.dienmayxanh.com/vao-bep/mon-kho,Missing data
Món canh,https://www.dienmayxanh.com/vao-bep/mon-lau,Missing data
Món canh,https://www.dienmayxanh.com/vao-bep/3-cach-nau-canh-dau-bap-nau-chua-nau-ngot-don-gian-thom-ngon-04669,Invalid slug
Món canh,https://www.dienmayxanh.com/vao-bep/2-cach-nau-canh-mang-chua-nau-ech-va-nau-vit-thom-ngon-don-09583,Invalid slug
Món canh,https://www.dienmayxanh.com/vao-bep/mon-nuoc,Missing data
Món canh,https://www.dienmayxanh.com/vao-bep/2-cach-nau-canh-bi-do-thit-bam-va-rong-bien-thanh-mat-thom-10422,Invalid slug
Món canh,https://www.dienmayxanh.com/vao-bep/rau-tap-tang-la-rau-gi-tong-hop-2-cach-nau-canh-rau-tap-tang-22071,Missing data
Món canh,https://www.dienmayxanh.com/vao-bep/tong-hop-14-mon-ham-tiem-thuoc-bac-boi-bo-suc-khoe-tang-suc-10940,Invalid slug
Món canh,https://www.dienmayxanh.com/vao-bep/2-cach-nau-canh-cai-chua-chay-dau-phong-va-mi-can-moi-la-don-05429,Invalid slug
Món canh,https://www.dienmayxanh.com/vao-bep/2-cach-nau-canh-xa-lach-xoong-nhat-voi-thit-bam-va-tom-tuoi-09624,Invalid slug
Món canh,https://www.dienmayxanh.com/vao-bep/tong-hop-15-cach-nau-canh-chua-ca-bien-thom-ngon-hap-dan-de-14453,Invalid slug
Món canh,https://www.dienmayxanh.com/vao-bep/3-cach-nau-canh-bau-tom-tuoi-ca-loc-va-suon-heo-mem-ngon-05849,Invalid slug
Món canh,https://www.dienmayxanh.com/vao-bep/tong-hop-13-cach-nau-canh-thit-bo-ngon-don-gian-bo-duong-de-06067,Invalid slug
Món canh,https://www.dienmayxanh.com/vao-bep/2-cach-nau-canh-kho-qua-thit-bam-thanh-mat-cho-ngay-nang-nong-10746,Invalid slug
Món canh,https://www.dienmayxanh.com/vao-bep/sinh-to,Missing data
Món canh,https://www.dienmayxanh.com/vao-bep/2-cach-nau-canh-chum-ngay-nau-tom-ngon-mat-thanh-vi-cho-bua-13515,Invalid slug
Món canh,https://www.dienmayxanh.com/vao-bep/3-cach-nau-canh-cua-rau-nhut-nam-rom-va-nau-me-doi-vi-cho-bua-06134,Invalid slug
Món canh,https://www.dienmayxanh.com/vao-bep/tong-hop-17-cach-lam-canh-ca-nau-ngot-chua-thanh-ngot-diu-cho-12193,Invalid slug
Món canh,https://www.dienmayxanh.com/vao-bep/2-cach-nau-canh-chua-ca-tram-ngon-thanh-mat-giai-nhiet-ngay-05762,Invalid slug
Món canh,https://www.dienmayxanh.com/vao-bep/2-cach-nau-canh-chua-muc-va-canh-chua-ech-thom-ngon-don-gian-04860,Invalid slug
Món canh,https://www.dienmayxanh.com/vao-bep/3-cach-nau-canh-chua-ca-duoi-bap-chuoi-com-me-va-la-me-non-05970,Invalid slug
Món canh,https://www.dienmayxanh.com/vao-bep/tong-hop-cac-mon-canh-mua-dong-mien-bac-nau-bang-noi-com-dien-22336,Invalid slug
Món canh,https://www.dienmayxanh.com/vao-bep/3-cach-nau-canh-hai-sam-mem-ngon-bo-duong-cuc-hap-dan-08620,Invalid slug
Món bánh,https://www.dienmayxanh.com/vao-bep/tong-hop-6-cach-lam-banh-voi-hat-chia-dinh-duong-de-lam-hap-17360,Invalid slug
Món bánh,https://www.dienmayxanh.com/vao-bep/3-cach-lam-banh-voi-may-nuong-banh-sandwich-vua-thom-ngon-lai-15280,Invalid slug
Món bánh,https://www.dienmayxanh.com/vao-bep/8-luu-y-giup-ban-bat-bai-khi-lam-banh-bang-lo-nuon-15351,Missing data
Món bánh,https://www.dienmayxanh.com/vao-bep/that-bai-thuong-thay-khi-lam-banh-va-cach-khac-phuc-03233,Missing data
Món bánh,https://www.dienmayxanh.com/vao-bep/tong-hop-20-cach-lam-banh-bang-yen-mach-tot-cho-suc-khoe-don-16310,Invalid slug
Món bánh,https://www.dienmayxanh.com/vao-bep/chuoi-chin-lam-mon-gi-ngon-8-mon-ngon-tu-chuoi-chin-de-lam-09178,Invalid slug
Món bánh,https://www.dienmayxanh.com/vao-bep/2-cach-lam-banh-muffin-bong-cai-va-ca-rot-la-mieng-hap-dan-04141,Invalid slug
Món bánh,https://www.dienmayxanh.com/vao-bep/tong-hop-10-cach-lam-banh-muffin-bang-lo-nuong-don-gian-ai-17363,Invalid slug
Món bánh,https://www.dienmayxanh.com/vao-bep/banh-trung-thu-deo-lanh-la-gi-khac-voi-banh-trung-thu-deo-04326,Missing data
Món bánh,https://www.dienmayxanh.com/vao-bep/2-cach-lam-banh-muffin-bo-chanh-va-muffin-bo-chuoi-mem-ngon-12402,Invalid slug
Món bánh,https://www.dienmayxanh.com/vao-bep/2-cach-lam-banh-u-ba-trang-nguoi-hoa-thom-ngon-moi-la-cho-tet-09875,Invalid slug
Món bánh,https://www.dienmayxanh.com/vao-bep/2-cach-lam-banh-khoai-tay-nhan-thit-va-nhan-pho-mai-beo-ngay-15233,Invalid slug
Món bánh,https://www.dienmayxanh.com/vao-bep/tong-hop-25-cach-lam-banh-bot-mi-bang-noi-chien-khong-dau-don-17353,Invalid slug
Món bánh,https://www.dienmayxanh.com/vao-bep/2-cach-lam-banh-nep-chien-thom-ngon-don-gian-de-la-02216,Invalid slug
Món bánh,https://www.dienmayxanh.com/vao-bep/tong-hop-15-cach-lam-banh-tu-oreo-doc-dao-moi-la-hap-dan-me-10566,Invalid slug
Món bánh,https://www.dienmayxanh.com/vao-bep/2-cach-lam-banh-chuoi-chien-gion-rum-cuc-de-ai-an-cung-me-05541,Invalid slug
Món bánh,https://www.dienmayxanh.com/vao-bep/2-cach-lam-banh-mousse-cam-va-sua-chua-muot-min-don-gian-08149,Invalid slug
Món bánh,https://www.dienmayxanh.com/vao-bep/phan-biet-cac-loai-banh-su-kem-tren-the-gioi-cho-cac-tin-do-09625,Missing data
Món bánh,https://www.dienmayxanh.com/vao-bep/2-cach-lam-banh-xeo-nhat-ban-banh-xeo-han-quoc-01927,Invalid slug
Món bánh,https://www.dienmayxanh.com/vao-bep/tong-hop-cach-lam-banh-nam-thom-ngon-hap-dan-chuan-vi-tai-16976,Invalid slug
Món bánh,https://www.dienmayxanh.com/vao-bep/tong-hop-20-cach-hap-banh-bao-bang-noi-hap-thom-ngon-ai-cung-16664,Invalid slug
Món bánh,https://www.dienmayxanh.com/vao-bep/3-cach-bien-tau-don-gian-mon-banh-chocopie-tro-nen-hap-dan-03158,Invalid slug
Món bánh,https://www.dienmayxanh.com/vao-bep/tong-hop-13-cach-lam-banh-crepe-ngan-lop-hap-dan-de-lam-khong-06682,Invalid slug
Món bánh,https://www.dienmayxanh.com/vao-bep/tong-hop-11-cach-lam-banh-trung-bang-noi-chien-khong-dau-thom-17201,Invalid slug
Món bánh,https://www.dienmayxanh.com/vao-bep/tong-hop-11-cach-lam-banh-bang-com-nguoi-de-lam-sieu-ngon-ai-16162,Invalid slug
Món bánh,https://www.dienmayxanh.com/vao-bep/2-cach-lam-banh-quy-chocolate-chip-phien-ban-mem-va-gion-don-22833,Invalid slug
Món bánh,https://www.dienmayxanh.com/vao-bep/2-cach-lam-banh-qui-hat-chia-dua-ca-phe-va-trung-muoi-thom-10870,Invalid slug
Món bánh,https://www.dienmayxanh.com/vao-bep/3-cach-lam-banh-dau-xanh-bang-noi-com-dien-dung-vi-chuan-01210,Invalid slug
Món bánh,https://www.dienmayxanh.com/vao-bep/tong-hop-10-cach-lam-banh-it-thom-ngon-moi-la-don-gian-doc-07425,Invalid slug
Món bánh,https://www.dienmayxanh.com/vao-bep/2-cach-lam-banh-mi-nhan-ca-ri-chien-xu-nhat-ban-thom-ngon-moi-05538,Invalid slug
Món bánh,https://www.dienmayxanh.com/vao-bep/tong-hop-30-cach-lam-banh-nhan-thit-dam-vi-de-lam-hap-dan-an-16781,Invalid slug
Món bánh,https://www.dienmayxanh.com/vao-bep/tong-hop-11-cach-lam-banh-chuoi-bang-lo-nuong-thom-ngon-hap-16379,Invalid slug
Món bánh,https://www.dienmayxanh.com/vao-bep/2-cach-lam-banh-mochi-nuong-nhat-ban-bang-noi-chien-va-chao-22691,Invalid slug
Món bánh,https://www.dienmayxanh.com/vao-bep/2-cach-lam-hotdog-ca-kieu-viet-nam-va-kieu-my-don-gian-tai-11677,Invalid slug
Món bánh,https://www.dienmayxanh.com/vao-bep/3-cach-lam-pizza-chiec-thuyen-trung-chien-va-trai-cay-cuc-04304,Invalid slug
Món bánh,https://www.dienmayxanh.com/vao-bep/2-cach-lam-banh-mousse-viet-quat-muot-min-ngon-tuyet-05212,Invalid slug
Món bánh,https://www.dienmayxanh.com/vao-bep/tong-hop-8-cach-lam-banh-bong-lan-man-bang-lo-nuong-hap-dan-17528,Invalid slug
Món bánh,https://www.dienmayxanh.com/vao-bep/2-cach-lam-pizza-hai-san-pho-mai-bang-lo-nuong-va-noi-chien-04193,Invalid slug
Món bánh,https://www.dienmayxanh.com/vao-bep/3-cach-lam-banh-quy-quy-bo-thom-ngon-gion-tan-ngay-tai-nha-14683,Invalid slug
Món bánh,https://www.dienmayxanh.com/vao-bep/tong-hop-5-cach-lam-banh-bong-lan-bang-chao-chong-dinh-sieu-15712,Invalid slug
Món bánh,https://www.dienmayxanh.com/vao-bep/3-cach-lam-banh-it-nhan-dau-xanh-va-nhan-dua-mien-tay-cuc-hap-04646,Invalid slug
Món bánh,https://www.dienmayxanh.com/vao-bep/2-cach-lam-panna-cotta-viet-quat-chua-ngot-nung-ninh-thom-11827,Invalid slug
Món bánh,https://www.dienmayxanh.com/vao-bep/4-cach-lam-banh-mi-sandwich-chuoi-ngot-ngao-cho-bua-sang-16454,Invalid slug
Món bánh,https://www.dienmayxanh.com/vao-bep/2-cach-lam-banh-cam-banh-cong-trang-va-phu-duong-ngot-ngao-08534,Invalid slug
Món bánh,https://www.dienmayxanh.com/vao-bep/tong-hop-40-cach-lam-cac-mon-banh-bang-noi-chien-khong-dau-de-07143,Invalid slug
Món bánh,https://www.dienmayxanh.com/vao-bep/phan-biet-9-loai-pho-mai-pho-bien-cach-su-dung-va-bao-quan-02379,Missing data
Món bánh,https://www.dienmayxanh.com/vao-bep/tong-hop-9-cac-lam-banh-cookies-noel-bang-lo-nuong-va-may-22331,Invalid slug
Món bánh,https://www.dienmayxanh.com/vao-bep/2-cach-lam-banh-nhan-banh-dau-xanh-gion-tan-thom-lung-01575,Invalid slug
Món bánh,https://www.dienmayxanh.com/vao-bep/6-meo-giup-ban-nuong-banh-thanh-cong-03391,Missing data
Món bánh,https://www.dienmayxanh.com/vao-bep/2-cach-lam-galette-thom-ngon-chuan-vi-phap-14779,Invalid slug
Món bánh,https://www.dienmayxanh.com/vao-bep/tong-hop-40-cach-lam-cac-mon-banh-bang-noi-chien-khong-dau-de-07187,Invalid slug
Món bánh,https://www.dienmayxanh.com/vao-bep/2-cach-lam-banh-khoai-so-chien-xu-gion-ngon-don-gian-00064,Invalid slug
Món bánh,https://www.dienmayxanh.com/vao-bep/2-cach-lam-banh-bo-xop-nuoc-cot-dua-thom-beo-bong-dep-don-10941,Invalid slug
Món bánh,https://www.dienmayxanh.com/vao-bep/tong-hop-4-cach-nuong-banh-mi-bang-lo-vi-song-don-gian-de-lam-17010,Invalid slug
Món bánh,https://www.dienmayxanh.com/vao-bep/5-tac-dung-cua-hat-dieu-va-cac-mon-an-tu-hat-dieu-04701,Invalid slug
Món bánh,https://www.dienmayxanh.com/vao-bep/tong-hop-cach-lam-cac-loai-banh-an-sang-nhanh-gon-va-cach-lam-22186,Invalid slug
Món bánh,https://www.dienmayxanh.com/vao-bep/2-cach-lam-banh-flan-chay-khong-trung-thom-beo-don-gian-tai-08272,Invalid slug
Món bánh,https://www.dienmayxanh.com/vao-bep/8-dung-cu-lam-banh-can-thiet-nhat-cho-nguoi-moi-bat-dau-03564,Missing data
Món bánh,https://www.dienmayxanh.com/vao-bep/cach-nhoi-bot-nhao-bot-bang-tay-va-bang-may-cach-nhan-biet-15727,Missing data
Món bánh,https://www.dienmayxanh.com/vao-bep/3-cach-lam-banh-da-lon-ca-phe-ngu-sac-va-khoai-mon-thom-ngon-01935,Invalid slug
Món bánh,https://www.dienmayxanh.com/vao-bep/2-cach-lam-banh-flan-va-banh-chuoi-oreo-thom-ngon-bang-lo-00701,Invalid slug
Món bánh,https://www.dienmayxanh.com/vao-bep/fondant-la-gi-2-cach-lam-fondant-ngon-mem-min-do-02000,Missing data
Món bánh,https://www.dienmayxanh.com/vao-bep/tong-hop-10-cach-lam-banh-voi-gelatin-thom-ngon-don-gian-hap-17343,Invalid slug
Món bánh,https://www.dienmayxanh.com/vao-bep/cach-lam-banh-bong-lan-k-can-lo-nuong-don-gian-ma-van-00931,Missing data
Món bánh,https://www.dienmayxanh.com/vao-bep/tong-hop-26-cach-lam-banh-chien-bang-chao-chong-dinh-don-gian-17011,Invalid slug
Món bánh,https://www.dienmayxanh.com/vao-bep/2-cach-lam-banh-sago-khoai-lang-bui-beo-deo-min-cuc-hap-dan-05712,Invalid slug
Món bánh,https://www.dienmayxanh.com/vao-bep/vi-sao-trung-lai-quan-trong-trong-lam-banh-va-cach-02642,Missing data
Món bánh,https://www.dienmayxanh.com/vao-bep/2-cach-lam-sanwich-ga-chicken-sandwich-cho-bua-sang-gon-nhe-05582,Invalid slug
Món bánh,https://www.dienmayxanh.com/vao-bep/ravioli-la-gi-nguon-goc-va-ravioli-trong-van-hoa-cac-nuoc-03094,Missing data
Món bánh,https://www.dienmayxanh.com/vao-bep/banh-tieu-la-gi-lam-tu-bot-gi-banh-tieu-bao-nhieu-calo-an-kem-09410,Missing data
Món bánh,https://www.dienmayxanh.com/vao-bep/cach-tron-long-trang-trung-danh-bong-voi-cac-nguyen-lieu-khac-00511,Missing data
Món bánh,https://www.dienmayxanh.com/vao-bep/tong-hop-10-cong-thuc-lam-banh-macaron-xinh-xan-ngot-ngao-tai-11103,Invalid slug
Món bánh,https://www.dienmayxanh.com/vao-bep/5-cach-lam-banh-macaron-bang-bot-mi-khong-can-bot-hanh-nhan-13935,Invalid slug
Món bánh,https://www.dienmayxanh.com/vao-bep/tong-hop-8-cach-lam-banh-quy-bang-chao-khong-can-lo-nuong-don-15997,Invalid slug
Món bánh,https://www.dienmayxanh.com/vao-bep/2-cach-lam-cheesecake-ca-phe-don-gian-beo-thom-muot-min-08323,Invalid slug
Món bánh,https://www.dienmayxanh.com/vao-bep/9-cach-lam-banh-sinh-nhat-don-gian-ma-van-dep-bang-may-danh-22804,Invalid slug
Món bánh,https://www.dienmayxanh.com/vao-bep/tong-hop-6-cach-lam-banh-quy-bang-chao-chong-dinh-sieu-don-15514,Invalid slug
Món bánh,https://www.dienmayxanh.com/vao-bep/tong-hop-12-cach-lam-banh-mi-man-hap-dan-don-gian-thom-ngon-16625,Invalid slug
Món bánh,https://www.dienmayxanh.com/vao-bep/3-cach-lam-banh-dua-raffaello-thom-ngon-beo-ngay-don-gian-tai-10931,Invalid slug
Món bánh,https://www.dienmayxanh.com/vao-bep/2-cach-lam-banh-custard-mem-xop-thom-ngon-an-la-me-12473,Invalid slug
Món bánh,https://www.dienmayxanh.com/vao-bep/nhung-loi-thuong-gap-khi-lam-banh-va-cach-khac-phuc-00317,Missing data
Món bánh,https://www.dienmayxanh.com/vao-bep/tong-hop-29-cach-lam-banh-bang-xung-hap-thom-ngon-don-gian-15510,Invalid slug
Món bánh,https://www.dienmayxanh.com/vao-bep/tong-hop-12-cach-lam-banh-tu-khoai-lang-va-bot-mi-ngon-da-23570,Invalid slug
Món bánh,https://www.dienmayxanh.com/vao-bep/tong-hop-10-loai-banh-quy-dep-mat-cho-ngay-le-giang-sinh-05734,Invalid slug
Món bánh,https://www.dienmayxanh.com/vao-bep/3-cach-lam-sandwich-trung-egg-sandwich-sieu-hap-dan-thom-ngon-05722,Invalid slug
Món bánh,https://www.dienmayxanh.com/vao-bep/3-cach-lam-banh-trung-thu-lava-tan-chay-cuc-doc-dao-ngon-me-22105,Invalid slug
Món bánh,https://www.dienmayxanh.com/vao-bep/tong-hop-cac-loai-banh-lam-tu-bot-gao-nep-thom-ngon-de-lam-07125,Invalid slug
Món bánh,https://www.dienmayxanh.com/vao-bep/2-cach-lam-oreo-truffle-va-matcha-truffle-beo-ngay-tai-nha-04163,Invalid slug
Món bánh,https://www.dienmayxanh.com/vao-bep/2-cach-lam-banh-cu-cai-hap-chien-thom-ngon-don-gi-02004,Invalid slug
Món bánh,https://www.dienmayxanh.com/vao-bep/tong-hop-7-cach-lam-banh-tu-dau-den-thom-ngon-don-gian-de-09919,Invalid slug
Món bánh,https://www.dienmayxanh.com/vao-bep/tong-hop-7-cach-lam-banh-quy-yen-mach-thom-ngon-hap-dan-ho-16522,Invalid slug
Món bánh,https://www.dienmayxanh.com/vao-bep/tong-hop-9-cach-lam-banh-bo-sua-thom-beo-hap-dan-de-lam-17512,Invalid slug
Món bánh,https://www.dienmayxanh.com/vao-bep/tong-hop-16-cach-lam-banh-bong-lan-cuon-mem-xop-thom-ngon-11434,Invalid slug
Món bánh,https://www.dienmayxanh.com/vao-bep/tong-hop-7-cach-lam-banh-con-so-madeleine-thon-ngon-dung-10224,Invalid slug
Món bánh,https://www.dienmayxanh.com/vao-bep/2-cach-lam-banh-tart-dau-bang-lo-nuong-thom-ngon-don-gian-tai-15382,Invalid slug
Món bánh,https://www.dienmayxanh.com/vao-bep/banh-da-ha-giang-la-banh-gi-goi-y-cac-cach-che-bien-mon-an-22061,Missing data
Món bánh,https://www.dienmayxanh.com/vao-bep/2-cach-lam-banh-danish-banh-ngot-ngan-lop-dan-mach-15792,Invalid slug
Món bánh,https://www.dienmayxanh.com/vao-bep/tong-hop-cach-lam-banh-sua-nuong-thom-beo-hap-dan-thom-17841,Invalid slug
Món bánh,https://www.dienmayxanh.com/vao-bep/cach-danh-bong-long-trang-trung-00510,Missing data
Món bánh,https://www.dienmayxanh.com/vao-bep/tong-hop-20-cach-lam-banh-bao-nhan-ngot-thom-ngon-don-gian-10927,Invalid slug
Món bánh,https://www.dienmayxanh.com/vao-bep/cach-nau-nuoc-duong-banh-trung-thu-nuong-va-deo-chuan-mau-dep-12691,Missing data
Món bánh,https://www.dienmayxanh.com/vao-bep/tong-hop-4-cach-lam-banh-pho-mai-bang-noi-com-dien-thom-beo-17084,Invalid slug
Món bánh,https://www.dienmayxanh.com/vao-bep/2-cach-lam-flan-bac-ha-va-dau-tay-thom-ngon-la-mieng-05107,Invalid slug
Món bánh,https://www.dienmayxanh.com/vao-bep/tong-hop-19-cach-lam-banh-khoai-tay-don-gian-thom-ngon-10683,Invalid slug
Món bánh,https://www.dienmayxanh.com/vao-bep/tong-hop-11-cach-lam-banh-mi-kem-don-gian-beo-ngay-thom-ngon-16617,Invalid slug
Món bánh,https://www.dienmayxanh.com/vao-bep/2-cach-lam-banh-su-kem-tra-xanh-banh-su-kem-matcha-thom-beo-12062,Invalid slug
Món bánh,https://www.dienmayxanh.com/vao-bep/2-cach-lam-sot-trung-muoi-dung-cho-cac-mon-hai-san-va-banh-09450,Invalid slug
Món bánh,https://www.dienmayxanh.com/vao-bep/tong-hop-6-cach-lam-banh-bang-khoai-mo-deo-thom-moi-la-don-16287,Invalid slug
Món bánh,https://www.dienmayxanh.com/vao-bep/diem-danh-top-21-loai-banh-tay-thom-ngon-nuc-tieng-nhat-dinh-10951,Missing data
Món bánh,https://www.dienmayxanh.com/vao-bep/3-cach-lam-banh-tu-thanh-long-ruot-do-ngon-ngot-mat-lim-01803,Invalid slug
Món bánh,https://www.dienmayxanh.com/vao-bep/tong-hop-17-cach-lam-banh-bang-noi-com-dien-don-gian-ai-cung-12600,Invalid slug
Món bánh,https://www.dienmayxanh.com/vao-bep/cach-phan-biet-banh-muffin-va-banh-cupcake-02623,Missing data
Món bánh,https://www.dienmayxanh.com/vao-bep/tong-hop-17-cach-lam-cac-loai-banh-ngot-de-lam-bang-lo-nuong-16475,Invalid slug
Món bánh,https://www.dienmayxanh.com/vao-bep/2-cach-lam-cheesecake-oreo-don-gian-de-lam-khong-can-lo-nuong-06738,Invalid slug
Món bánh,https://www.dienmayxanh.com/vao-bep/nguyen-lieu-trong-cong-thuc-lam-banh-00309,Missing data
Món bánh,https://www.dienmayxanh.com/vao-bep/2-cach-lam-madeleine-dau-tay-va-madeleine-bap-sieu-xinh-hap-09620,Invalid slug
Món bánh,https://www.dienmayxanh.com/vao-bep/tong-hop-cach-lam-cac-loai-banh-chay-thom-ngon-don-gian-an-la-14869,Invalid slug
Món bánh,https://www.dienmayxanh.com/vao-bep/tong-hop-21-cach-lam-banh-bong-lan-hap-don-gian-hap-dan-ai-15919,Invalid slug
Món bánh,https://www.dienmayxanh.com/vao-bep/2-cach-lam-banh-mi-xiu-mai-thap-cam-ngon-ngat-ngay-10734,Invalid slug
Món bánh,https://www.dienmayxanh.com/vao-bep/tong-hop-6-cach-lam-banh-chuoi-bang-noi-chien-khong-dau-don-16314,Invalid slug
Món bánh,https://www.dienmayxanh.com/vao-bep/5-cach-lam-pudding-hat-chia-nhanh-chong-bo-duong-tot-cho-suc-05841,Invalid slug
Món bánh,https://www.dienmayxanh.com/vao-bep/tong-hop-22-cach-lam-banh-nuong-bang-lo-nuong-don-gian-de-lam-16484,Invalid slug
Món bánh,https://www.dienmayxanh.com/vao-bep/2-cach-lam-banh-lava-matcha-tan-chay-thom-ngon-an-la-me-11851,Invalid slug
Món bánh,https://www.dienmayxanh.com/vao-bep/10-meo-nuong-banh-ai-cung-nen-biet-03408,Missing data
Món bánh,https://www.dienmayxanh.com/vao-bep/2-cach-lam-monte-cristo-sandwich-moi-la-thom-ngon-cho-bua-07999,Invalid slug
Món bánh,https://www.dienmayxanh.com/vao-bep/tong-hop-15-cach-lam-banh-la-chuoi-bang-noi-hap-don-gian-hap-17330,Invalid slug
Món bánh,https://www.dienmayxanh.com/vao-bep/2-cach-lam-banh-bong-lan-bang-may-xay-sinh-to-bong-mem-thom-15279,Invalid slug
Món bánh,https://www.dienmayxanh.com/vao-bep/tong-hop-19-cach-lam-cac-loai-banh-truyen-thong-mien-bac-don-16525,Invalid slug
Món bánh,https://www.dienmayxanh.com/vao-bep/2-cach-lam-banh-flan-sua-tuoi-rau-cau-thom-ngon-don-gian-00938,Invalid slug
Món bánh,https://www.dienmayxanh.com/vao-bep/tong-hop-10-cach-lam-banh-bot-mi-bang-noi-com-dien-don-gian-17333,Invalid slug
Món bánh,https://www.dienmayxanh.com/vao-bep/2-cach-lam-pudding-milo-thom-beo-nung-ninh-sieu-don-gian-05173,Invalid slug
Món bánh,https://www.dienmayxanh.com/vao-bep/2-cach-lam-banh-khoai-mo-ngon-don-gian-la-mieng-01750,Invalid slug
Món bánh,https://www.dienmayxanh.com/vao-bep/2-cach-lam-banh-quy-keo-bap-va-bong-ma-cho-ngay-halloween-04881,Invalid slug
Món bánh,https://www.dienmayxanh.com/vao-bep/2-cach-lam-banh-cu-meo-bay-va-banh-doi-bay-don-gian-cho-le-04598,Invalid slug
Món bánh,https://www.dienmayxanh.com/vao-bep/tong-hop-15-cach-lam-banh-su-kem-beo-thom-hap-dan-don-gian-09860,Invalid slug
Món bánh,https://www.dienmayxanh.com/vao-bep/2-cach-lam-banh-quy-ngu-coc-gion-thom-nham-nhi-suot-tet-06789,Invalid slug
Món bánh,https://www.dienmayxanh.com/vao-bep/bua-sang-kieu-anh-gom-nhung-mon-gi-co-de-lam-khong-22075,Invalid slug
Món bánh,https://www.dienmayxanh.com/vao-bep/cach-lam-3-mon-banh-mi-kep-thom-ngon-la-mieng-nhu-ngoai-hang-01770,Missing data
Món bánh,https://www.dienmayxanh.com/vao-bep/4-cach-lam-banh-dua-thom-gion-ngon-va-don-gian-01755,Invalid slug
Món bánh,https://www.dienmayxanh.com/vao-bep/cach-lam-cupcake-ngon-tuyet-bang-noi-com-dien-00298,Missing data
Món bánh,https://www.dienmayxanh.com/vao-bep/2-cach-lam-banh-bong-lan-cuon-nho-kho-am-mem-chua-ngot-thom-14536,Invalid slug
Món bánh,https://www.dienmayxanh.com/vao-bep/tong-hop-20-cach-lam-banh-voi-dua-nao-thom-beo-de-lam-hap-dan-17325,Invalid slug
Món bánh,https://www.dienmayxanh.com/vao-bep/tong-hop-9-cach-lam-qua-valentine-socola-don-gian-dep-mat-07534,Invalid slug
Món bánh,https://www.dienmayxanh.com/vao-bep/tong-hop-15-cach-lam-banh-pizza-tai-nha-don-gian-thom-ngon-11094,Invalid slug
Món bánh,https://www.dienmayxanh.com/vao-bep/2-cach-lam-banh-gao-xao-cay-voi-thit-bo-va-thit-ga-dam-da-don-05077,Invalid slug
Món bánh,https://www.dienmayxanh.com/vao-bep/2-cach-lam-banh-khoai-mo-chien-pho-mai-vo-gion-rum-nhan-thom-14481,Invalid slug
Món bánh,https://www.dienmayxanh.com/vao-bep/10-cach-lam-socola-tinh-yeu-bang-lo-nuong-tang-nguoi-ay-ngay-22522,Invalid slug
Món bánh,https://www.dienmayxanh.com/vao-bep/thu-ngay-15-mon-banh-dau-do-thom-ngon-la-vi-vao-le-that-tich-11319,Missing data
Món bánh,https://www.dienmayxanh.com/vao-bep/2-cach-lam-banh-chuoi-nuong-bang-lo-vi-song-am-mem-thom-ngon-14943,Invalid slug
Món bánh,https://www.dienmayxanh.com/vao-bep/tong-hop-16-cach-lam-banh-khoai-mon-deo-thom-ngot-bui-don-15043,Invalid slug
Món bánh,https://www.dienmayxanh.com/vao-bep/2-cach-lam-banh-hat-sen-chien-gion-va-banh-hat-sen-hue-nuong-05321,Invalid slug
Món bánh,https://www.dienmayxanh.com/vao-bep/2-cach-lam-pudding-sua-tuoi-va-pudding-sua-keo-xop-02441,Invalid slug
Món bánh,https://www.dienmayxanh.com/vao-bep/tan-huong-mua-he-tuyet-dinh-voi-nhung-mon-an-ngon-co-1-0-2-00311,Invalid slug
Món bánh,https://www.dienmayxanh.com/vao-bep/tong-hop-6-cach-lam-banh-bang-bot-bap-moi-la-don-gian-hap-dan-16306,Invalid slug
Món bánh,https://www.dienmayxanh.com/vao-bep/2-cach-lam-banh-chanh-chua-ngot-thom-mat-hap-dan-sieu-don-15793,Invalid slug
Món bánh,https://www.dienmayxanh.com/vao-bep/tong-hop-9-cach-lam-banh-bang-keo-marshmallow-deo-thom-hap-16172,Invalid slug
Món bánh,https://www.dienmayxanh.com/vao-bep/tong-hop-25-cach-lam-banh-voi-sau-rieng-thom-ngot-beo-ngay-16890,Invalid slug
Món bánh,https://www.dienmayxanh.com/vao-bep/cach-lam-banh-pudding-caramen-chuoi-bang-noi-com-dien-00241,Missing data
Món bánh,https://www.dienmayxanh.com/vao-bep/tong-hop-10-cach-lam-banh-voi-bo-hap-dan-de-lam-de-an-ai-cung-17350,Invalid slug
Món bánh,https://www.dienmayxanh.com/vao-bep/tong-hop-9-loai-banh-quy-tet-de-lam-bang-noi-chien-khong-dau-22491,Invalid slug
Món bánh,https://www.dienmayxanh.com/vao-bep/tong-hop-7-cach-lam-banh-beo-thom-ngon-don-gian-ai-cung-thich-17115,Invalid slug
Món bánh,https://www.dienmayxanh.com/vao-bep/2-cach-lam-banh-cay-thong-noel-don-gian-thom-ngon-cho-tiec-15761,Invalid slug
Món bánh,https://www.dienmayxanh.com/vao-bep/2-cach-lam-banh-la-dua-hap-nuoc-cot-dua-va-banh-du-02400,Invalid slug
Món bánh,https://www.dienmayxanh.com/vao-bep/7-cach-lam-banh-troi-nuoc-mem-deo-thom-ngon-mien-ban-23615,Invalid slug
Món bánh,https://www.dienmayxanh.com/vao-bep/tong-hop-6-cach-lam-banh-bong-lan-bang-lo-vi-song-am-mem-15803,Invalid slug
Món bánh,https://www.dienmayxanh.com/vao-bep/2-cach-lam-banh-in-don-gian-tai-nha-ngon-nhu-ngoai-hang-01214,Invalid slug
Món bánh,https://www.dienmayxanh.com/vao-bep/2-cach-lam-banh-mi-bang-noi-chien-khong-dau-thom-ngon-don-13351,Invalid slug
Món bánh,https://www.dienmayxanh.com/vao-bep/2-cach-lam-fondant-trang-tri-banh-don-gian-thom-ngon-dep-mat-03124,Invalid slug
Món bánh,https://www.dienmayxanh.com/vao-bep/cach-lam-banh-bang-lo-vi-song-00501,Missing data
Món bánh,https://www.dienmayxanh.com/vao-bep/2-cach-lam-chuoi-say-deo-va-dua-say-kho-bang-noi-chien-khong-05470,Invalid slug
Món bánh,https://www.dienmayxanh.com/vao-bep/tong-hop-cach-lam-banh-nho-kho-bang-lo-nuong-don-gian-hap-17508,Invalid slug
Món bánh,https://www.dienmayxanh.com/vao-bep/2-cach-lam-banh-chuoi-khoai-chien-moi-la-don-gian-thom-ngon-05605,Invalid slug
Món bánh,https://www.dienmayxanh.com/vao-bep/la-cam-la-la-gi-phan-loai-va-cac-mon-banh-ngon-voi-la-cam-06610,Invalid slug
Món bánh,https://www.dienmayxanh.com/vao-bep/2-cach-lam-banh-ran-tra-xanh-nhan-kem-va-socola-la-mieng-hap-05580,Invalid slug
Món bánh,https://www.dienmayxanh.com/vao-bep/cach-chon-mua-lo-nuong-de-lam-banh-15347,Missing data
Món bánh,https://www.dienmayxanh.com/vao-bep/2-cach-lam-kem-chay-creme-brulee-socola-thom-ngon-moi-la-don-08535,Invalid slug
Món bánh,https://www.dienmayxanh.com/vao-bep/2-cach-lam-banh-trung-chien-hanh-cuon-pho-mai-va-cuon-bap-cai-08154,Invalid slug
Món bánh,https://www.dienmayxanh.com/vao-bep/2-cach-lam-bim-bim-cho-be-tu-ca-rot-an-la-ghien-14963,Invalid slug
Món bánh,https://www.dienmayxanh.com/vao-bep/tong-hop-17-cach-lam-banh-tu-sua-chua-thom-ngon-diu-ngot-ai-16307,Invalid slug
Món bánh,https://www.dienmayxanh.com/vao-bep/cach-lam-vo-banh-trung-thu-mem-ngon-khong-so-bi-cung-nut-vo-01068,Missing data
Món bánh,https://www.dienmayxanh.com/vao-bep/bi-quyet-nuong-banh-ngon-bang-lo-nuong-sanaky-03489,Missing data
Món bánh,https://www.dienmayxanh.com/vao-bep/2-cach-lam-panna-cotta-thach-dao-moi-la-hap-dan-thom-ngon-05384,Invalid slug
Món bánh,https://www.dienmayxanh.com/vao-bep/cach-lam-banh-keto-chuoi-yen-mach-thom-ngon-bo-duo-02722,Missing data
Món bánh,https://www.dienmayxanh.com/vao-bep/tong-hop-15-cach-lam-banh-bong-lan-bang-noi-com-dien-mem-xop-15327,Invalid slug
Món bánh,https://www.dienmayxanh.com/vao-bep/tong-hop-8-cach-lam-banh-bong-lan-bang-noi-chien-khong-dau-15166,Invalid slug
Món bánh,https://www.dienmayxanh.com/vao-bep/top-20-mon-banh-mi-viet-nam-ban-da-thu-het-chua-phan-2-04060,Missing data
Món bánh,https://www.dienmayxanh.com/vao-bep/12-cach-lam-banh-don-gian-ca-nha-cung-quay-quan-thuc-hien-10822,Invalid slug
Món bánh,https://www.dienmayxanh.com/vao-bep/tong-hop-10-cach-lam-banh-cheesecake-oreo-dep-mat-la-vi-cuc-10564,Invalid slug
Món bánh,https://www.dienmayxanh.com/vao-bep/tong-hop-7-cach-lam-banh-bang-bot-pha-san-thom-ngon-don-gian-16567,Invalid slug
Món bánh,https://www.dienmayxanh.com/vao-bep/2-cach-lam-pizza-don-gian-tai-nha-voi-khoai-lang-cuc-thom-05121,Invalid slug
Món bánh,https://www.dienmayxanh.com/vao-bep/2-cach-lam-banh-sua-ba-vi-va-keo-sua-dac-thom-ngon-don-gian-04978,Invalid slug
Món bánh,https://www.dienmayxanh.com/vao-bep/tong-hop-21-cach-lam-banh-kem-thom-ngon-dep-mat-sang-trong-16533,Invalid slug
Món bánh,https://www.dienmayxanh.com/vao-bep/tong-hop-7-cach-lam-banh-yen-mach-bang-noi-chien-khong-dau-16031,Invalid slug
Món bánh,https://www.dienmayxanh.com/vao-bep/2-cach-lam-pudding-bi-do-cho-be-an-dam-mem-min-bo-duong-de-15835,Invalid slug
Món bánh,https://www.dienmayxanh.com/vao-bep/2-cach-lam-banh-yen-mach-khong-can-dung-lo-nuong-01608,Invalid slug
Món bánh,https://www.dienmayxanh.com/vao-bep/tong-hop-12-cach-lam-banh-flan-bang-lo-nuong-mem-muot-thom-15313,Invalid slug
Món bánh,https://www.dienmayxanh.com/vao-bep/2-cach-lam-banh-bot-mi-chien-hap-thom-ngon-don-gian-02013,Invalid slug
Món bánh,https://www.dienmayxanh.com/vao-bep/3-cach-lam-banh-mi-ngot-nhan-dau-xanh-mem-thom-don-gian-cho-14296,Invalid slug
Món bánh,https://www.dienmayxanh.com/vao-bep/2-cach-lam-banh-nep-nhan-thit-va-nhan-so-diep-thom-ngon-hap-09406,Invalid slug
Món bánh,https://www.dienmayxanh.com/vao-bep/tong-hop-7-cach-tao-hinh-banh-quy-bat-mat-de-lam-tu-cac-vat-08356,Invalid slug
Món bánh,https://www.dienmayxanh.com/vao-bep/2-cach-lam-banh-tet-chay-va-banh-u-chay-don-gian-hap-dan-04649,Invalid slug
Món bánh,https://www.dienmayxanh.com/vao-bep/tong-hop-10-cach-lam-banh-nep-thom-bui-deo-ngot-ngon-nhu-12344,Invalid slug
Món bánh,https://www.dienmayxanh.com/vao-bep/tong-hop-4-cach-lam-banh-mi-bo-toi-thom-beo-hap-dan-ngon-ngat-16588,Invalid slug
Món bánh,https://www.dienmayxanh.com/vao-bep/3-cach-lam-banh-chuoi-nuong-voi-sua-tuoi-va-nuoc-cot-dua-01533,Invalid slug
Món bánh,https://www.dienmayxanh.com/vao-bep/4-cach-lam-swiss-meringue-trang-tri-cho-mua-giang-sinh-them-16038,Invalid slug
Món bánh,https://www.dienmayxanh.com/vao-bep/tong-hop-12-cach-lam-banh-pancake-bang-chao-cuc-nhanh-chong-06720,Invalid slug
Món bánh,https://www.dienmayxanh.com/vao-bep/2-cach-lam-banh-meringue-sua-chua-va-ca-phe-thom-n-02024,Invalid slug
Món bánh,https://www.dienmayxanh.com/vao-bep/2-cach-lam-banh-flan-huong-cam-va-dua-thom-ngon-02312,Invalid slug
Món bánh,https://www.dienmayxanh.com/vao-bep/ruou-amaretto-la-gi-2-cong-thuc-banh-va-cocktail-voi-amaretto-03110,Missing data
Món bánh,https://www.dienmayxanh.com/vao-bep/tong-hop-15-cach-lam-banh-cupcake-mem-xop-thom-ngon-cho-dip-16516,Invalid slug
Món bánh,https://www.dienmayxanh.com/vao-bep/3-cach-lam-xoi-vi-deo-thom-01667,Invalid slug
Món bánh,https://www.dienmayxanh.com/vao-bep/tong-hop-10-cach-lam-banh-bong-lan-bang-noi-com-dien-don-gian-11436,Invalid slug
Món bánh,https://www.dienmayxanh.com/vao-bep/huong-dan-cach-goi-banh-tet-chuoi-banh-tet-chay-mem-thom-de-01604,Missing data
Món bánh,https://www.dienmayxanh.com/vao-bep/tong-hop-cac-loai-banh-ngot-phap-thom-ngon-lam-bang-lo-nuong-22545,Invalid slug
Món bánh,https://www.dienmayxanh.com/vao-bep/2-cach-lam-banh-quy-socola-khong-can-bot-mi-thom-ngon-cuc-don-11974,Invalid slug
Món bánh,https://www.dienmayxanh.com/vao-bep/2-cach-lam-banh-mi-nhan-socola-bang-chao-cuc-don-gian-ai-cung-09854,Invalid slug
Món bánh,https://www.dienmayxanh.com/vao-bep/2-cach-lam-banh-bo-sau-rieng-thom-beo-hap-dan-don-gian-tai-10258,Invalid slug
Món bánh,https://www.dienmayxanh.com/vao-bep/tong-hop-25-cach-lam-banh-la-dua-thom-diu-de-lam-hap-dan-ai-16618,Invalid slug
Món bánh,https://www.dienmayxanh.com/vao-bep/tong-hop-19-cach-lam-banh-crepe-bang-chao-chong-dinh-17368,Invalid slug
Món bánh,https://www.dienmayxanh.com/vao-bep/2-cach-lam-banh-it-nep-than-nhan-dua-thom-beo-moi-la-ngon-kho-10262,Invalid slug
Món bánh,https://www.dienmayxanh.com/vao-bep/tong-hop-15-cach-lam-banh-bang-khoai-lang-tim-deo-bui-hap-dan-16646,Invalid slug
Món bánh,https://www.dienmayxanh.com/vao-bep/phan-biet-cac-loai-men-no-bot-no-muoi-no-trong-lam-banh-01730,Missing data
Món bánh,https://www.dienmayxanh.com/vao-bep/2-cach-lam-meat-pie-banh-pie-nhan-thit-hap-dan-thom-ngon-cho-15661,Invalid slug
Món bánh,https://www.dienmayxanh.com/vao-bep/tong-hop-18-cach-lam-banh-bang-baking-soda-no-mem-bong-xop-16265,Invalid slug
Món bánh,https://www.dienmayxanh.com/vao-bep/2-cach-lam-sandwich-ca-ngu-tuna-sandwich-don-gian-dinh-thom-05721,Invalid slug
Món bánh,https://www.dienmayxanh.com/vao-bep/tong-hop-10-cach-lam-cac-loai-banh-tet-ngon-deo-thom-cho-ban-07000,Invalid slug
Món bánh,https://www.dienmayxanh.com/vao-bep/2-cach-lam-banh-mousse-tra-xanh-nhat-ban-mousse-matcha-beo-07290,Invalid slug
Món bánh,https://www.dienmayxanh.com/vao-bep/nhung-loi-thuong-gap-khi-lam-banh-trung-thu--01079,Missing data
Món bánh,https://www.dienmayxanh.com/vao-bep/tong-hop-8-cach-lam-banh-gac-thom-ngon-hap-dan-don-gian-tai-15056,Invalid slug
Món bánh,https://www.dienmayxanh.com/vao-bep/tong-hop-6-cach-lam-pizza-bang-chao-chong-dinh-thom-ngon-don-15709,Invalid slug
Món bánh,https://www.dienmayxanh.com/vao-bep/2-cach-lam-banh-gao-nep-socola-mem-min-deo-dai-thom-ngon-kho-06702,Invalid slug
Món bánh,https://www.dienmayxanh.com/vao-bep/7-cach-lam-banh-mi-cham-nhanh-gon-cho-buoi-sang-bang-chao-22715,Invalid slug
Món bánh,https://www.dienmayxanh.com/vao-bep/2-cach-lam-banh-so-madeleine-tra-xanh-thom-ngon-hap-dan-don-09654,Invalid slug
Món bánh,https://www.dienmayxanh.com/vao-bep/tong-hop-8-cach-lam-banh-chuoi-nuong-bang-lo-nuong-thom-ngon-16732,Invalid slug
Món bánh,https://www.dienmayxanh.com/vao-bep/2-cach-lam-che-lam-deo-ngot-chuan-vi-truyen-thong--01588,Invalid slug
Món bánh,https://www.dienmayxanh.com/vao-bep/3-cach-lam-banh-khoai-mon-chien-xu-gion-beo-thom-ngon-kho-08163,Invalid slug
Món bánh,https://www.dienmayxanh.com/vao-bep/tong-hop-10-cach-lam-banh-ca-phe-thom-lung-hap-dan-don-gian-16616,Invalid slug
Món bánh,https://www.dienmayxanh.com/vao-bep/lam-banh-tao-bang-noi-chien-khong-dau-noi-com-dien-hay-lo-vi-17027,Missing data
Món bánh,https://www.dienmayxanh.com/vao-bep/tong-hop-6-cach-lam-banh-bang-lo-nuong-thuy-tinh-bong-xop-mem-14856,Invalid slug
Món bánh,https://www.dienmayxanh.com/vao-bep/2-cach-lam-banh-pizza-dau-lau-va-pizza-ma-quai-hap-dan-cho-04549,Invalid slug
Món bánh,https://www.dienmayxanh.com/vao-bep/2-cach-lam-banh-mi-va-banh-cookie-hinh-dua-hau-dep-mat-01797,Invalid slug
Món bánh,https://www.dienmayxanh.com/vao-bep/cach-lam-5-mon-banh-ngon-ma-khong-can-lo-nuong--00947,Missing data
Món bánh,https://www.dienmayxanh.com/vao-bep/2-cach-lam-banh-quy-bang-noi-com-dien-don-gian-dam-bao-thanh-15278,Invalid slug
Món bánh,https://www.dienmayxanh.com/vao-bep/4-cach-lam-banh-chuoi-nuong-thom-ngon-01507,Invalid slug
Món bánh,https://www.dienmayxanh.com/vao-bep/2-cach-lam-banh-bot-mi-chien-nhan-thit-heo-va-thit-ga-gion-13637,Invalid slug
Món bánh,https://www.dienmayxanh.com/vao-bep/3-cach-lam-banh-mi-thit-bo-thom-ngon-don-gian-ai-cung-lam-09724,Invalid slug
Món bánh,https://www.dienmayxanh.com/vao-bep/2-cach-lam-bo-hat-dieu-va-bo-lac-cacao-thom-ngon-bo-duong-05278,Invalid slug
Món bánh,https://www.dienmayxanh.com/vao-bep/tong-hop-4-cach-lam-banh-quy-danh-cho-nguoi-an-kieng-khong-su-08337,Invalid slug
Món bánh,https://www.dienmayxanh.com/vao-bep/2-cach-lam-cheesecake-bo-dau-phong-moi-la-thom-beo-don-gian-05699,Invalid slug
Món bánh,https://www.dienmayxanh.com/vao-bep/nuong-banh-nen-mua-lo-gi-lo-nuong-lo-vi-song-hay-noi-chien-15100,Missing data
Món bánh,https://www.dienmayxanh.com/vao-bep/2-cach-lam-banh-brownie-con-ma-va-brownie-bi-do-de-thuong-04593,Invalid slug
Món bánh,https://www.dienmayxanh.com/vao-bep/tong-hop-10-cach-lam-banh-bang-milo-thom-ngon-hap-dan-don-16326,Invalid slug
Món bánh,https://www.dienmayxanh.com/vao-bep/2-cach-lam-banh-hong-binh-dinh-theo-kieu-truyen-thong-va-kieu-22232,Invalid slug
Món bánh,https://www.dienmayxanh.com/vao-bep/tong-hop-30-cach-lam-banh-voi-nuoc-cot-dua-beo-ngay-thom-ngon-16863,Invalid slug
Món bánh,https://www.dienmayxanh.com/vao-bep/tong-hop-22-cach-nuong-pizza-bang-lo-nuong-don-gian-ngon-15556,Invalid slug
Món bánh,https://www.dienmayxanh.com/vao-bep/2-cach-lam-banh-com-keo-marshmallow-va-bo-dau-phong-don-gian-04144,Invalid slug
Món bánh,https://www.dienmayxanh.com/vao-bep/tong-hop-4-cach-lam-banh-tart-bang-noi-chien-khong-dau-thom-16579,Invalid slug
Món bánh,https://www.dienmayxanh.com/vao-bep/2-cach-lam-banh-flan-socola-flan-pho-mai-socola-mem-thom-ngon-09962,Invalid slug
Món bánh,https://www.dienmayxanh.com/vao-bep/tong-hop-20-cach-lam-cac-loai-banh-truyen-thong-mien-nam-don-16586,Invalid slug
Món bánh,https://www.dienmayxanh.com/vao-bep/3-cach-lam-banh-flan-tra-xanh-khong-can-lo-nuong-mem-muot-14059,Invalid slug
Món bánh,https://www.dienmayxanh.com/vao-bep/tong-hop-10-mon-banh-giam-can-lam-bang-noi-chien-khong-dau-22334,Invalid slug
Món bánh,https://www.dienmayxanh.com/vao-bep/bot-mi-lam-banh-gi-tong-hop-35-cach-lam-cac-loai-banh-lam-tu-13717,Missing data
Món bánh,https://www.dienmayxanh.com/vao-bep/tong-hop-10-cach-lam-banh-quy-bang-noi-chien-khong-dau-thom-12722,Invalid slug
Món bánh,https://www.dienmayxanh.com/vao-bep/tong-hop-5-cong-thuc-banh-kem-noel-bang-lo-nuong-don-chua-22330,Invalid slug
Món bánh,https://www.dienmayxanh.com/vao-bep/3-cach-lam-banh-cheesecake-bo-thom-ngon-hap-dan-cuc-don-gian-15200,Invalid slug
Món bánh,https://www.dienmayxanh.com/vao-bep/tong-hop-11-cach-lam-banh-bang-sua-tuoi-mem-thom-beo-ngay-don-16288,Invalid slug
Món bánh,https://www.dienmayxanh.com/vao-bep/2-cach-lam-brownie-bo-dau-phong-moi-la-beo-bui-don-gian-05886,Invalid slug
Món bánh,https://www.dienmayxanh.com/vao-bep/tong-hop-25-cach-lam-banh-socola-nuong-bang-lo-nuong-don-gian-17385,Invalid slug
Món bánh,https://www.dienmayxanh.com/vao-bep/macaron-la-gi-nguon-goc-cua-banh-va-noi-mua-macaron-ngon-09801,Missing data
Món bánh,https://www.dienmayxanh.com/vao-bep/2-cach-lam-pancake-yen-mach-chuoi-va-tao-thom-ngon-bo-duong-14061,Invalid slug
Món bánh,https://www.dienmayxanh.com/vao-bep/tong-hop-15-cach-lam-banh-flan-ngon-tai-nha-don-gian-bat-bai-06225,Invalid slug
Món bánh,https://www.dienmayxanh.com/vao-bep/2-cach-lam-banh-mi-trai-bo-banh-mi-kep-qua-bo-ngon-don-gian-05877,Invalid slug
Món bánh,https://www.dienmayxanh.com/vao-bep/tong-hop-5-cach-lam-banh-yen-mach-bang-chao-sieu-don-gian-de-16297,Invalid slug
Món bánh,https://www.dienmayxanh.com/vao-bep/tong-hop-15-cach-lam-banh-tao-don-gian-thom-ngon-hap-dan-tai-14714,Invalid slug
Món bánh,https://www.dienmayxanh.com/vao-bep/top-20-mon-banh-mi-viet-nam-ban-da-thu-het-chua-phan-1-04059,Missing data
Món bánh,https://www.dienmayxanh.com/vao-bep/2-cach-lam-pudding-tra-xanh-socola-moi-la-thom-ngon-thanh-mat-05660,Invalid slug
Món bánh,https://www.dienmayxanh.com/vao-bep/tong-hop-28-cach-lam-banh-hap-don-gian-de-lam-cho-gia-dinh-16143,Invalid slug
Món bánh,https://www.dienmayxanh.com/vao-bep/tan-dung-long-trang-trung-lam-ngay-cac-loai-banh-thom-ngon-00224,Missing data
Món bánh,https://www.dienmayxanh.com/vao-bep/2-cach-lam-banh-brownie-cookie-socola-va-matcha-thom-ngon-05459,Invalid slug
Món bánh,https://www.dienmayxanh.com/vao-bep/2-cach-lam-banh-la-gai-mem-min-ngon-nhu-ngoai-hang-01885,Invalid slug
Món bánh,https://www.dienmayxanh.com/vao-bep/vi-sao-nuong-banh-khong-no-nguyen-nhan-va-cach-khac-phuc-15355,Missing data
Món bánh,https://www.dienmayxanh.com/vao-bep/2-cach-lam-banh-scone-man-pho-mai-hanh-va-thit-nguoi-thom-08991,Invalid slug
Món bánh,https://www.dienmayxanh.com/vao-bep/tong-hop-11-cach-lam-banh-chung-ngon-deo-chuan-vi-cho-ngay-07006,Invalid slug
Món bánh,https://www.dienmayxanh.com/vao-bep/tong-hop-30-cach-lam-banh-bong-lan-bang-lo-nuong-don-gian-ai-17335,Invalid slug
Món bánh,https://www.dienmayxanh.com/vao-bep/tong-hop-cach-lam-cac-loai-banh-hue-ngon-hap-dan-don-gian-tai-14868,Invalid slug
Món bánh,https://www.dienmayxanh.com/vao-bep/tong-hop-mon-banh-an-dam-cho-be-thom-ngon-bo-duong-10283,Invalid slug
Món bánh,https://www.dienmayxanh.com/vao-bep/nhung-nguyen-lieu-co-the-thay-the-va-khong-duoc-th-02351,Missing data
Món bánh,https://www.dienmayxanh.com/vao-bep/2-cach-lam-banh-tiramisu-keto-an-kieng-cuc-don-gian-13659,Invalid slug
Món bánh,https://www.dienmayxanh.com/vao-bep/tong-hop-14-cach-lam-banh-su-kem-bang-lo-nuong-don-gian-thom-15989,Invalid slug
Món bánh,https://www.dienmayxanh.com/vao-bep/2-cach-lam-pizza-hawaii-thom-ngon-hap-dan-don-gian-tai-nha-04146,Invalid slug
Món bánh,https://www.dienmayxanh.com/vao-bep/2-cach-lam-banh-protein-bar-nhieu-dinh-duong-cho-nguoi-tap-12741,Invalid slug
Món bánh,https://www.dienmayxanh.com/vao-bep/tong-hop-6-cach-lam-banh-an-kieng-bang-bot-mi-nguyen-cam-thom-16580,Invalid slug
Món bánh,https://www.dienmayxanh.com/vao-bep/2-cach-lam-banh-flan-caramen-la-dua-va-caramen-bac-ha-thom-05037,Invalid slug
Món bánh,https://www.dienmayxanh.com/vao-bep/tong-hop-16-cach-lam-do-an-vat-bang-bot-nang-de-lam-thom-ngon-16570,Invalid slug
Món bánh,https://www.dienmayxanh.com/vao-bep/2-cach-lam-banh-christmas-fruit-cake-banh-hoa-qua-giang-sinh-15637,Invalid slug
Món bánh,https://www.dienmayxanh.com/vao-bep/2-cach-lam-strawberry-meringue-cake-ngot-ngao-thom-beo-cho-16020,Invalid slug
Món bánh,https://www.dienmayxanh.com/vao-bep/tong-hop-13-cach-lam-banh-keto-ho-tro-giam-can-don-gian-tai-15110,Invalid slug
Món bánh,https://www.dienmayxanh.com/vao-bep/tong-hop-20-cach-lam-banh-cheesecake-khong-can-lo-nuong-don-06766,Invalid slug
Món bánh,https://www.dienmayxanh.com/vao-bep/tong-hop-9-cach-lam-banh-donut-chien-bang-chao-chong-dinh-don-17645,Invalid slug
Món bánh,https://www.dienmayxanh.com/vao-bep/tong-hop-11-cach-lam-tiramisu-don-gian-nhat-ban-co-the-thu-10233,Invalid slug
Món bánh,https://www.dienmayxanh.com/vao-bep/2-cach-lam-banh-nuong-trong-coc-mug-cake-thom-ngon-don-gian-03048,Invalid slug
Món bánh,https://www.dienmayxanh.com/vao-bep/tong-hop-17-cach-lam-cac-loai-banh-mochi-nhat-ban-deo-ngot-11453,Invalid slug
Món bánh,https://www.dienmayxanh.com/vao-bep/2-cach-lam-banh-bi-do-vua-don-gian-vua-thom-ngon-la-mieng-01738,Invalid slug
Món bánh,https://www.dienmayxanh.com/vao-bep/2-cach-lam-banh-low-carb-don-gian-va-cuc-ngon-bang-chao-01628,Invalid slug
Món chè,https://www.dienmayxanh.com/vao-bep/tong-hop-12-cach-nau-cac-mon-che-troi-nuoc-thom-ngon-hap-dan-10019,Invalid slug
Món chè,https://www.dienmayxanh.com/vao-bep/2-cach-nau-che-chuoi-sap-deo-ngot-thom-beo-an-la-me-ngay-15636,Invalid slug
Món chè,https://www.dienmayxanh.com/vao-bep/2-cach-nau-che-hat-sen-com-deo-va-bi-do-com-deo-bui-beo-hap-04205,Invalid slug
Món chè,https://www.dienmayxanh.com/vao-bep/2-cach-nau-che-hat-sen-bang-noi-com-dien-thom-lung-ngot-mat-15738,Invalid slug
Món chè,https://www.dienmayxanh.com/vao-bep/2-cach-lam-che-du-du-bot-bang-cot-dua-va-che-du-du-le-sua-04422,Invalid slug
Món chè,https://www.dienmayxanh.com/vao-bep/tong-hop-6-mon-che-sake-thom-ngon-bo-duong-thanh-mat-de-lam-08092,Invalid slug
Món chè,https://www.dienmayxanh.com/vao-bep/3-cach-nau-che-khoai-so-deo-ngon-bui-ngay-de-lam-tai-nha-09017,Invalid slug
Món chè,https://www.dienmayxanh.com/vao-bep/3-cach-lam-che-trai-cay-thanh-mat-bo-duong-00049,Invalid slug
Món chè,https://www.dienmayxanh.com/vao-bep/tong-hop-7-cach-nau-che-bang-noi-com-dien-beo-bui-thom-ngon-15037,Invalid slug
Món chè,https://www.dienmayxanh.com/vao-bep/2-cach-nau-che-bach-qua-hat-sen-thanh-mat-giai-nhiet-tot-cho-14143,Invalid slug
Món chè,https://www.dienmayxanh.com/vao-bep/2-cach-lam-che-troi-nuoc-khoai-mo-va-khoai-mi-moi-la-thom-10017,Invalid slug
Món chè,https://www.dienmayxanh.com/vao-bep/3-cach-lam-che-thach-rau-cau-gion-ngot-thanh-mat-giai-nhiet-09585,Invalid slug
Món chè,https://www.dienmayxanh.com/vao-bep/3-cach-nau-che-mit-dat-voi-hat-e-dau-xanh-thom-dua-tuoi-mat-12830,Invalid slug
Món chè,https://www.dienmayxanh.com/vao-bep/2-cach-nau-che-nep-cam-sua-chua-deo-ngot-thanh-mat-cho-ngay-09297,Invalid slug
Món chè,https://www.dienmayxanh.com/vao-bep/2-cach-nau-che-bi-do-dau-phong-va-bi-do-campuchia-beo-ngot-05711,Invalid slug
Món chè,https://www.dienmayxanh.com/vao-bep/2-cach-nau-che-me-den-dua-va-che-me-den-gao-nep-bo-01757,Invalid slug
Món chè,https://www.dienmayxanh.com/vao-bep/2-cach-lam-che-bap-sau-rieng-va-che-bap-la-dua-thom-beo-nuc-04386,Invalid slug
Món chè,https://www.dienmayxanh.com/vao-bep/2-cach-nau-che-dau-ngu-thom-ngon-thanh-mat-giai-nhiet-cho-gia-05195,Invalid slug
Món chè,https://www.dienmayxanh.com/vao-bep/tong-hop-7-cach-nau-che-hoa-dau-biec-thom-ngon-dep-mat-an-la-14003,Invalid slug
Món chè,https://www.dienmayxanh.com/vao-bep/2-cach-nau-che-hat-de-bui-ngot-thom-ngon-an-thu-la-me-15131,Invalid slug
Món chè,https://www.dienmayxanh.com/vao-bep/tong-hop-8-cach-nau-che-hat-sen-ngon-ngot-bui-thanh-mat-11381,Invalid slug
Món chè,https://www.dienmayxanh.com/vao-bep/2-cach-nau-che-nhan-tuoi-ngon-bo-duong-giai-nhiet-co-the-15427,Invalid slug
Món chè,https://www.dienmayxanh.com/vao-bep/2-cach-nau-che-dua-nuoc-dau-xanh-va-tac-muoi-thanh-mat-co-the-09317,Invalid slug
Món chè,https://www.dienmayxanh.com/vao-bep/2-cach-nau-che-khoai-lang-tim-ngon-mat-cuc-don-gian-tai-nha-15127,Invalid slug
Món chè,https://www.dienmayxanh.com/vao-bep/2-cach-nau-che-nep-than-deo-ngot-thom-beo-cho-ca-nha-cung-14962,Invalid slug
Món chè,https://www.dienmayxanh.com/vao-bep/cach-che-bien-rong-sun-bien-thanh-cac-mon-an-hap-dan-bang-noi-22723,Invalid slug
Món chè,https://www.dienmayxanh.com/vao-bep/tong-hop-11-cach-lam-che-cu-nang-ngon-mieng-de-lam-thanh-13709,Invalid slug
Món chè,https://www.dienmayxanh.com/vao-bep/2-cach-nau-che-dau-xanh-nam-tuyet-ngot-thanh-mat-lanh-giai-14622,Invalid slug
Món chè,https://www.dienmayxanh.com/vao-bep/2-cach-lam-che-hat-sen-cu-nang-hat-e-va-nhan-nhuc-thom-ngon-12824,Invalid slug
Món chè,https://www.dienmayxanh.com/vao-bep/2-cach-nau-che-dau-trang-va-che-dau-van-don-gian-va-thom-ngon-04837,Invalid slug
Món chè,https://www.dienmayxanh.com/vao-bep/2-cach-nau-che-bi-do-dau-den-va-khoai-lang-thom-ngon-bo-duong-03195,Invalid slug
Món chè,https://www.dienmayxanh.com/vao-bep/2-cach-nau-che-dau-den-kieu-thai-bui-beo-thom-ngon-02801,Invalid slug
Món chè,https://www.dienmayxanh.com/vao-bep/2-cach-nau-che-nep-dau-den-deo-ngot-bui-ngay-de-lam-tai-nha-09118,Invalid slug
Món chè,https://www.dienmayxanh.com/vao-bep/tong-hop-10-cach-lam-che-khuc-bach-deo-ngon-thanh-mat-de-lam-13900,Invalid slug
Món chè,https://www.dienmayxanh.com/vao-bep/3-cach-che-bien-mon-ngon-voi-hat-dac-dai-gion-hap-dan-03134,Invalid slug
Món chè,https://www.dienmayxanh.com/vao-bep/2-cach-nau-che-dau-den-bot-khoai-thom-ngon-thanh-mat-giai-14542,Invalid slug
Món chè,https://www.dienmayxanh.com/vao-bep/2-cach-nau-che-nhan-nhuc-va-che-hat-sen-nhan-nhuc-thanh-mat-09333,Invalid slug
Món chè,https://www.dienmayxanh.com/vao-bep/2-cach-nau-che-hat-sen-nha-dam-nhan-nhuc-va-dau-xanh-thanh-09203,Invalid slug
Món chè,https://www.dienmayxanh.com/vao-bep/2-cach-lam-che-thot-not-sau-rieng-beo-ngay-thom-ngon-an-thu-14357,Invalid slug
Món chè,https://www.dienmayxanh.com/vao-bep/2-cach-lam-che-bo-don-gian-va-che-bo-hat-sen-thom-ngon-kho-02953,Invalid slug
Món chè,https://www.dienmayxanh.com/vao-bep/bat-mi-cong-thuc-3-che-hat-sen-ngon-mien-che-00357,Missing data
Món chè,https://www.dienmayxanh.com/vao-bep/cong-thuc-4-mon-che-ngon-tu-cac-loai-dau-00755,Missing data
Món chè,https://www.dienmayxanh.com/vao-bep/2-cach-nau-che-cu-mai-khoai-mai-deo-mem-ngot-thom-don-gian-de-13932,Invalid slug
Món chè,https://www.dienmayxanh.com/vao-bep/cach-nau-3-mon-che-hot-ga-trung-ga-ngon-beo-thom-nuc-de-lam-03713,Missing data
Món chè,https://www.dienmayxanh.com/vao-bep/2-cach-nau-che-chuoi-thai-lan-hap-dan-thom-beo-don-gian-tai-08943,Invalid slug
Món chè,https://www.dienmayxanh.com/vao-bep/2-cach-lam-che-dau-den-suong-sao-sieu-don-gian-tai-nha-10571,Invalid slug
Món chè,https://www.dienmayxanh.com/vao-bep/3-cach-nau-che-khoai-lang-thanh-mat-cuc-don-gian-chi-voi-30-09254,Invalid slug
Món chè,https://www.dienmayxanh.com/vao-bep/tong-hop-7-cach-nau-che-bang-noi-ap-suat-mem-bui-nhanh-chong-15107,Invalid slug
Món chè,https://www.dienmayxanh.com/vao-bep/2-cach-nau-che-dau-nanh-thom-ngon-doc-dao-thanh-mat-giai-12161,Invalid slug
Món chè,https://www.dienmayxanh.com/vao-bep/2-cach-nau-che-bap-bang-noi-com-dien-mem-ngot-deo-ngon-khong-15742,Invalid slug
Món chè,https://www.dienmayxanh.com/vao-bep/2-cach-lam-dua-dam-che-dua-dam-sieu-ngon-don-gian-ngay-tai-01748,Invalid slug
Món chè,https://www.dienmayxanh.com/vao-bep/4-cach-nau-che-mu-trom-voi-bach-qua-dau-xanh-hat-sen-va-hat-e-08579,Invalid slug
Món chè,https://www.dienmayxanh.com/vao-bep/tong-hop-6-mon-ngon-cho-nhung-ngay-he-nang-nong-danh-tan-04330,Invalid slug
Món chè,https://www.dienmayxanh.com/vao-bep/2-cach-nau-che-khoai-mo-khoai-tim-deo-thom-ngon-hap-dan-an-la-10407,Invalid slug
Món chè,https://www.dienmayxanh.com/vao-bep/cach-lam-4-loai-che-thanh-nhiet-tuoi-mat-giu-dang-dep-da-sau-07635,Missing data
Món chè,https://www.dienmayxanh.com/vao-bep/2-cach-nau-che-khoai-mi-thom-ngon-la-mieng-don-gian-cho-gia-04666,Invalid slug
Món chè,https://www.dienmayxanh.com/vao-bep/tong-hop-8-cach-nau-che-dau-do-ngot-ngon-thanh-mat-va-giai-12047,Invalid slug
Món chè,https://www.dienmayxanh.com/vao-bep/2-cach-lam-che-sau-rieng-da-nang-va-che-sau-rieng-04610,Invalid slug
Món chè,https://www.dienmayxanh.com/vao-bep/2-cach-nau-che-khoai-lang-dau-xanh-thom-ngon-nhanh-chong-de-08843,Invalid slug
Món chè,https://www.dienmayxanh.com/vao-bep/tong-hop-10-cach-nau-che-dau-do-cho-ngay-that-tich-nhanh-co-11410,Invalid slug
Món chè,https://www.dienmayxanh.com/vao-bep/2-cach-nau-che-dau-do-hat-sen-va-dau-do-bi-do-bui-beo-thom-05302,Invalid slug
Món chè,https://www.dienmayxanh.com/vao-bep/2-cach-nau-che-dau-den-bang-noi-com-dien-thom-ngon-kho-cuong-01191,Invalid slug
Món chè,https://www.dienmayxanh.com/vao-bep/10-cach-nau-che-nha-dam-don-gian-tai-nha-giu-tron-duong-chat-23603,Invalid slug
Món chè,https://www.dienmayxanh.com/vao-bep/2-cach-nau-che-hot-ga-che-heo-quay-la-mieng-thom-ngon-01928,Invalid slug
Món chè,https://www.dienmayxanh.com/vao-bep/cach-nau-nhung-mon-che-cung-dinh-hue-bang-quanh-nau-bot-tien-22726,Invalid slug
Món chè,https://www.dienmayxanh.com/vao-bep/tong-hop-7-cach-nau-che-chuoi-ngot-thom-beo-ngay-don-gian-14843,Invalid slug
Món chè,https://www.dienmayxanh.com/vao-bep/tong-hop-8-cach-nau-che-bap-ngon-ngot-hap-dan-don-gian-13840,Invalid slug
Món chè,https://www.dienmayxanh.com/vao-bep/2-cach-nau-che-chuoi-khoai-mon-beo-bui-thom-ngon-cuc-de-lam-14568,Invalid slug
Món chè,https://www.dienmayxanh.com/vao-bep/3-cach-lam-che-trai-cay-thap-cam-thanh-mat-bo-duong-tu-nguyen-04639,Invalid slug
Món chè,https://www.dienmayxanh.com/vao-bep/2-cach-lam-che-khuc-bach-ke-ca-khi-khong-co-gelatin-cuc-ngon-01518,Invalid slug
Món chè,https://www.dienmayxanh.com/vao-bep/2-cach-nau-che-com-khoai-lang-va-com-khoai-mon-deo-bui-nong-04217,Invalid slug
Món chè,https://www.dienmayxanh.com/vao-bep/2-cach-lam-che-hoa-cuc-dep-mat-deo-mem-ngot-ngao-cuc-hap-dan-14518,Invalid slug
Món chè,https://www.dienmayxanh.com/vao-bep/2-cach-lam-che-caramen-hoa-qua-thanh-mat-03689,Invalid slug
Món nước,https://www.dienmayxanh.com/vao-bep/2-cach-nau-mi-udon-ca-ri-thom-ngon-ngot-beo-cuc-hap-dan-04296,Invalid slug
Món nước,https://www.dienmayxanh.com/vao-bep/3-cach-lam-mon-vit-nau-mang-thom-ngon-dung-dieu-don-gian-01346,Invalid slug
Món nước,https://www.dienmayxanh.com/vao-bep/2-cach-nau-hu-tieu-vit-mem-ngon-hap-dan-khong-hoi-de-lam-tai-11452,Invalid slug
Món nước,https://www.dienmayxanh.com/vao-bep/2-cach-lam-canh-bun-chay-thanh-dam-thom-ngon-hap-dan-de-lam-07913,Invalid slug
Món nước,https://www.dienmayxanh.com/vao-bep/2-cach-nau-mi-hoanh-thanh-sieu-ngon-dam-da-cho-bua-sang-01939,Invalid slug
Món nước,https://www.dienmayxanh.com/vao-bep/tong-hop-7-cach-nau-banh-canh-chay-thanh-dam-thom-ngon-don-15991,Invalid slug
Món nước,https://www.dienmayxanh.com/vao-bep/3-cach-nau-mi-udon-hai-san-thanh-ngot-hap-dan-chuan-vi-nhat-04179,Invalid slug
Món nước,https://www.dienmayxanh.com/vao-bep/2-cach-nau-mon-ca-ri-ga-an-do-sot-xoai-va-sot-bo-hap-dan-moi-06701,Invalid slug
Món nước,https://www.dienmayxanh.com/vao-bep/tong-hop-3-cach-nau-mi-han-quoc-theo-cong-thuc-cua-cac-than-06534,Invalid slug
Món nước,https://www.dienmayxanh.com/vao-bep/2-cach-nau-bun-hen-bun-tom-thom-ngon-chuan-vi-a-01895,Invalid slug
Món nước,https://www.dienmayxanh.com/vao-bep/3-cach-nau-nui-voi-suon-heo-don-gian-thom-ngon-cho-bua-sang-04962,Invalid slug
Món nước,https://www.dienmayxanh.com/vao-bep/2-cach-nau-bun-cha-ca-chay-la-mieng-thom-ngon-don-gian-de-lam-15879,Invalid slug
Món nước,https://www.dienmayxanh.com/vao-bep/2-cach-nau-hu-tieu-duoi-heo-ngon-mieng-mem-ngot-hap-dan-cho-11472,Invalid slug
Món nước,https://www.dienmayxanh.com/vao-bep/2-cach-nau-bun-ken-chay-thom-ngon-sieu-don-gian-02832,Invalid slug
Món nước,https://www.dienmayxanh.com/vao-bep/3-cach-lam-chan-gio-ham-kieu-duc-y-han-thom-ngon-la-mieng-04370,Invalid slug
Món nước,https://www.dienmayxanh.com/vao-bep/2-cach-lam-duoi-bo-ham-sa-thom-ngon-cuc-hap-dan-11151,Invalid slug
Món nước,https://www.dienmayxanh.com/vao-bep/2-cach-lam-bun-suon-cai-chua-va-rieu-cua-hap-dan-doi-vi-cho-06186,Invalid slug
Món nước,https://www.dienmayxanh.com/vao-bep/2-cach-nau-ga-ham-sa-du-du-va-cu-cai-ngot-thom-bo-duong-de-09502,Invalid slug
Món nước,https://www.dienmayxanh.com/vao-bep/tong-hop-12-cach-nau-mon-nui-nuoc-ngon-don-gian-cho-bua-sang-11024,Invalid slug
Món nước,https://www.dienmayxanh.com/vao-bep/tong-hop-9-cach-nau-ca-ri-ga-thom-ngon-la-mieng-an-la-ghien-16601,Invalid slug
Món nước,https://www.dienmayxanh.com/vao-bep/2-cach-nau-nui-cha-cua-va-nui-xuc-xich-don-gian-thom-ngon-01845,Invalid slug
Món nước,https://www.dienmayxanh.com/vao-bep/tong-hop-20-mon-nuoc-an-sang-ngon-don-gian-de-lam-nhat-tai-10611,Invalid slug
Món nước,https://www.dienmayxanh.com/vao-bep/2-cach-lam-mi-lanh-han-quoc-naengmyeon-don-gian-hap-dan-02250,Invalid slug
Món nước,https://www.dienmayxanh.com/vao-bep/2-cach-nau-mi-ga-tan-va-mi-ga-tiem-thom-ngon-bo-duong-de-lam-05013,Invalid slug
Món nước,https://www.dienmayxanh.com/vao-bep/2-cach-lam-mi-miso-ramen-va-ramen-kim-chi-cay-thom-ngon-chuan-04562,Invalid slug
Món nước,https://www.dienmayxanh.com/vao-bep/cach-ham-xuong-bo-nhanh-mem-khong-bi-hoi-cuc-don-gian-tai-nha-17116,Missing data
Món nước,https://www.dienmayxanh.com/vao-bep/tong-hop-18-cach-nau-cac-mon-banh-canh-ngon-nhat-de-lam-hap-07789,Invalid slug
Món nước,https://www.dienmayxanh.com/vao-bep/2-cach-nau-bun-ga-nam-thom-ngon-hap-dan-de-lam-cho-bua-sang-11777,Invalid slug
Món nước,https://www.dienmayxanh.com/vao-bep/2-cach-nau-mi-udon-ga-va-kim-chi-dam-da-thom-phuc-cuc-ngon-04198,Invalid slug
Món nước,https://www.dienmayxanh.com/vao-bep/2-cach-nau-bun-ga-sa-te-va-bun-mang-ga-don-gian-thom-ngon-01854,Invalid slug
Món nước,https://www.dienmayxanh.com/vao-bep/tong-hop-20-cach-nau-bun-nuoc-ngon-dam-da-don-gian-de-lam-10964,Invalid slug
Món nước,https://www.dienmayxanh.com/vao-bep/2-cach-nau-pho-bang-noi-ap-suat-dien-da-nang-cap-toc-dung-09006,Invalid slug
Món nước,https://www.dienmayxanh.com/vao-bep/2-cach-nau-banh-canh-cua-nuoc-cot-dua-thom-beo-chuan-vi-mien-09822,Invalid slug
Món nước,https://www.dienmayxanh.com/vao-bep/2-cach-nau-nui-gio-heo-va-nui-xuong-heo-dam-da-cuc-ngon-de-04871,Invalid slug
Món nước,https://www.dienmayxanh.com/vao-bep/9-cach-nau-pho-tu-pho-goi-thom-ngon-hap-dan-chuan-vi-02263,Invalid slug
Món nước,https://www.dienmayxanh.com/vao-bep/tong-hop-8-cach-nau-bun-oc-ngon-hap-dan-chuan-vi-de-lam-tai-14159,Invalid slug
Món nước,https://www.dienmayxanh.com/vao-bep/2-cach-lam-suon-heo-nau-dau-trang-thom-ngon-bo-duong-cho-ca-09791,Invalid slug
Món nước,https://www.dienmayxanh.com/vao-bep/2-cach-lam-mi-cay-chay-moi-la-thom-ngon-hap-dan-don-gian-cho-07002,Invalid slug
Món nước,https://www.dienmayxanh.com/vao-bep/2-cach-lam-mi-ga-quay-da-gion-hap-dan-chuan-vi-don-gian-tai-05071,Invalid slug
Món nước,https://www.dienmayxanh.com/vao-bep/tong-hop-22-cach-nau-ca-ri-don-gian-nhat-tai-nha-cho-chi-em-08645,Invalid slug
Món nước,https://www.dienmayxanh.com/vao-bep/tong-hop-9-cach-lam-bun-mang-thanh-ngot-thom-ngon-don-gian-15128,Invalid slug
Món nước,https://www.dienmayxanh.com/vao-bep/2-cach-lam-bun-suon-nau-sau-chua-ngot-la-mieng-cuc-kich-thich-10192,Invalid slug
Món nước,https://www.dienmayxanh.com/vao-bep/tong-hop-cac-loai-rau-an-bun-rieu-khong-the-thieu-giup-tang-23514,Invalid slug
Món nước,https://www.dienmayxanh.com/vao-bep/2-cach-lam-banh-canh-bot-mi-mem-ngon-dam-da-nuoc-dung-trong-12650,Invalid slug
Món nước,https://www.dienmayxanh.com/vao-bep/2-cach-nau-bun-ca-ro-dong-bun-ca-thu-thom-ngon-don-gian-01804,Invalid slug
Món nước,https://www.dienmayxanh.com/vao-bep/2-cach-nau-mi-gao-ngon-don-gian-de-lam-hap-dan-du-chat-cho-14432,Invalid slug
Món nước,https://www.dienmayxanh.com/vao-bep/2-cach-nau-banh-canh-cha-ca-nha-trang-quy-nhon-ngon-dung-vi-01323,Invalid slug
Món nước,https://www.dienmayxanh.com/vao-bep/2-cach-nau-bun-ga-moc-va-bun-ga-xao-sa-thom-ngon-hap-dan-de-07892,Invalid slug
Món nước,https://www.dienmayxanh.com/vao-bep/5-cach-lam-mi-tuoi-tai-nha-don-gian-an-toan-cho-suc-khoe-04636,Invalid slug
Món nước,https://www.dienmayxanh.com/vao-bep/2-cach-lam-ga-nau-xi-muoi-va-nau-so-ri-chua-ngot-la-mieng-an-09181,Invalid slug
Món nước,https://www.dienmayxanh.com/vao-bep/2-cach-lam-bun-cha-la-lot-thom-ngon-dam-da-de-lam-an-la-ghien-13381,Invalid slug
Món nước,https://www.dienmayxanh.com/vao-bep/2-cach-lam-luoi-heo-va-bao-tu-nau-lagu-thom-beo-de-lam-tai-05464,Invalid slug
Món nước,https://www.dienmayxanh.com/vao-bep/3-cach-nau-mi-ga-thom-ngon-don-gian-de-lam-cho-bua-sang-du-05042,Invalid slug
Món nước,https://www.dienmayxanh.com/vao-bep/2-cach-nau-bun-nuoc-leo-chay-chuan-vi-thom-ngon-hap-dan-07068,Invalid slug
Món nước,https://www.dienmayxanh.com/vao-bep/tong-hop-12-cach-nau-banh-canh-ca-nong-hoi-thom-ngon-don-gian-15998,Invalid slug
Món nước,https://www.dienmayxanh.com/vao-bep/2-cach-nau-mien-cay-trung-quoc-sieu-hot-cuc-ngon-an-la-ghien-04333,Invalid slug
Món nước,https://www.dienmayxanh.com/vao-bep/2-cach-nau-mien-ga-don-gian-ngot-thom-dam-da-huo-01870,Invalid slug
Món nước,https://www.dienmayxanh.com/vao-bep/2-cach-lam-bun-ca-hoi-thom-ngon-dam-da-de-lam-tai-nha-08605,Invalid slug
Món nước,https://www.dienmayxanh.com/vao-bep/2-cach-nau-bun-ca-loc-mien-tay-thom-ngon-dam-da-don-gian-tai-08300,Invalid slug
Món nước,https://www.dienmayxanh.com/vao-bep/2-cach-nau-nui-ga-rau-cu-va-nam-thom-ngon-day-dinh-duong-cho-04925,Invalid slug
Món nước,https://www.dienmayxanh.com/vao-bep/5-cach-lam-bun-nuoc-leo-chay-thom-ngon-don-gian-doi-vi-cho-07046,Invalid slug
Món nước,https://www.dienmayxanh.com/vao-bep/11-cach-nau-hu-tieu-tu-hu-tieu-goi-don-gian-thom-ngon-dam-da-02257,Invalid slug
Món nước,https://www.dienmayxanh.com/vao-bep/2-cach-nau-bun-gao-lut-uc-ga-va-ca-ngon-mieng-de-lam-hap-dan-10033,Invalid slug
Món nước,https://www.dienmayxanh.com/vao-bep/2-cach-nau-hu-tieu-xuong-heo-ngon-mieng-de-lam-nuoc-dung-ngot-11360,Invalid slug
Món nước,https://www.dienmayxanh.com/vao-bep/2-cach-lam-nuoc-sot-xoi-man-cuc-ngon-don-gian-an-la-me-08914,Invalid slug
Món nước,https://www.dienmayxanh.com/vao-bep/2-cach-lam-ca-ri-chuoi-xanh-va-mit-non-la-mieng-hap-dan-thom-05557,Invalid slug
Món nước,https://www.dienmayxanh.com/vao-bep/2-cach-lam-bun-mang-suon-va-bun-mang-bo-moi-la-thom-ngon-cho-06122,Invalid slug
Món nước,https://www.dienmayxanh.com/vao-bep/tong-hop-10-cach-nau-mi-quang-ngon-sieu-don-gian-tai-nha-ai-07350,Invalid slug
Món nước,https://www.dienmayxanh.com/vao-bep/3-cach-lam-mien-luon-ngon-dam-vi-va-don-gian-ngon-mieng-01705,Invalid slug
Món nước,https://www.dienmayxanh.com/vao-bep/3-cach-nau-pho-gao-lut-giam-can-ngon-mieng-de-lam-hap-dan-tai-10112,Invalid slug
Món kem,https://www.dienmayxanh.com/vao-bep/2-cach-lam-kem-dua-hau-sua-va-chanh-dua-hau-ngot-mat-sang-04894,Invalid slug
Món kem,https://www.dienmayxanh.com/vao-bep/2-cach-lam-kem-tran-chau-duong-den-deo-ngot-thom-ngon-an-cuc-12819,Invalid slug
Món kem,https://www.dienmayxanh.com/vao-bep/2-cach-lam-kem-chanh-day-sua-chua-va-chanh-day-khoai-mon-mat-04069,Invalid slug
Món kem,https://www.dienmayxanh.com/vao-bep/2-cach-lam-kem-socola-hanh-nhan-thom-beo-mat-lanh-ca-nha-ai-14945,Invalid slug
Món kem,https://www.dienmayxanh.com/vao-bep/2-cach-lam-kem-ca-phe-cot-dua-va-kem-ca-phe-dua-nao-00030,Invalid slug
Món kem,https://www.dienmayxanh.com/vao-bep/2-cach-lam-kem-vanilla-va-kem-matcha-beo-thom-don-gian-04214,Invalid slug
Món kem,https://www.dienmayxanh.com/vao-bep/5-cach-lam-sorbet-trai-cay-don-gian-nhat-tai-nha-ai-cung-lam-05046,Invalid slug
Món kem,https://www.dienmayxanh.com/vao-bep/4-cach-bien-xoai-thanh-mon-kem-sinh-to-ngon-don-gian-tai-nha-00951,Invalid slug
Món kem,https://www.dienmayxanh.com/vao-bep/2-cach-lam-kem-dau-tam-chua-ngot-la-mieng-don-gian-tai-nha-11560,Invalid slug
Món kem,https://www.dienmayxanh.com/vao-bep/tong-hop-20-cach-lam-kem-tu-trai-cay-tuoi-ngon-mat-lanh-giai-09921,Invalid slug
Món kem,https://www.dienmayxanh.com/vao-bep/3-cach-lam-kem-thanh-long-ngot-mat-giai-nhiet-mua-he-00104,Invalid slug
Món kem,https://www.dienmayxanh.com/vao-bep/2-cach-lam-kem-da-mat-lanh-giai-nhiet-ngay-nang-nong-cuc-da-14737,Invalid slug
Món kem,https://www.dienmayxanh.com/vao-bep/2-cach-lam-kem-chocolate-chip-bac-ha-va-buoi-bac-ha-don-gian-04074,Invalid slug
Món kem,https://www.dienmayxanh.com/vao-bep/2-cach-lam-kem-cam-don-gian-tai-nha-khong-can-may-mat-lanh-09894,Invalid slug
Món kem,https://www.dienmayxanh.com/vao-bep/2-cach-lam-kem-yen-mach-deo-mem-mat-lanh-tot-cho-suc-khoe-12256,Invalid slug
Món kem,https://www.dienmayxanh.com/vao-bep/2-cach-lam-kem-bo-tui-deo-mem-beo-ngay-thom-ngon-cuc-don-gian-14427,Invalid slug
Món kem,https://www.dienmayxanh.com/vao-bep/2-cach-lam-kem-dua-sua-chua-ngon-don-gian-nhanh-chong-08744,Invalid slug
Món kem,https://www.dienmayxanh.com/vao-bep/tong-hop-30-cach-lam-kem-bang-may-danh-trung-bong-xop-thom-16378,Invalid slug
Món kem,https://www.dienmayxanh.com/vao-bep/3-cach-lam-kem-xoai-tuoi-mat-chua-ngot-sieu-don-gian-tai-nha-15589,Invalid slug
Món kem,https://www.dienmayxanh.com/vao-bep/2-cach-lam-kem-tao-mat-lanh-giai-nhiet-cho-ngay-nong-15148,Invalid slug
Món kem,https://www.dienmayxanh.com/vao-bep/2-cach-lam-kem-sua-tuoi-va-sua-dau-nanh-mat-lanh-thom-ngon-12833,Invalid slug
Món kem,https://www.dienmayxanh.com/vao-bep/2-cach-lam-hat-dieu-sua-dua-va-me-den-beo-thom-day-dinh-duong-04653,Invalid slug
Món kem,https://www.dienmayxanh.com/vao-bep/3-cach-lam-kem-chuoi-mat-lanh-thom-ngon-nhat-cong-thuc-cuc-de-04607,Invalid slug
Món kem,https://www.dienmayxanh.com/vao-bep/2-cach-lam-kem-bap-sua-nguyen-hat-va-kem-bap-viet-quat-04446,Invalid slug
Món kem,https://www.dienmayxanh.com/vao-bep/2-cach-lam-kem-tra-sua-thai-thom-ngon-la-mieng-giai-nhiet-12509,Invalid slug
Món kem,https://www.dienmayxanh.com/vao-bep/2-cach-lam-kem-y-gelato-thom-beo-deo-min-tan-ngay-trong-mieng-12204,Invalid slug
Món kem,https://www.dienmayxanh.com/vao-bep/5-cach-lam-kem-bang-may-xay-sinh-to-cuc-ngon-giai-khat-mua-he-00312,Invalid slug
Món kem,https://www.dienmayxanh.com/vao-bep/3-cach-lam-kem-trai-cay-thom-ngon-don-gian-giai-nhiet-mua-he-01792,Invalid slug
Món kem,https://www.dienmayxanh.com/vao-bep/3-cach-lam-kem-xoai-que-thom-ngon-mat-lanh-giai-nhiet-ngay-he-12832,Invalid slug
Món kem,https://www.dienmayxanh.com/vao-bep/tong-hop-3-mon-kem-ngon-tuyet-lam-bang-may-xay-sinh-to-00733,Invalid slug
Món kem,https://www.dienmayxanh.com/vao-bep/3-cach-lam-kem-dua-luoi-ngon-ngot-thanh-mat-xua-d-02846,Invalid slug
Món kem,https://www.dienmayxanh.com/vao-bep/2-cach-lam-kem-ca-cao-thom-mat-ngot-beo-lam-mon-trang-mieng-15123,Invalid slug
Món kem,https://www.dienmayxanh.com/vao-bep/2-cach-lam-kem-vai-sua-dua-va-kem-vai-mut-mam-xoi-mat-lanh-04385,Invalid slug
Món kem,https://www.dienmayxanh.com/vao-bep/3-cach-lam-kem-bac-ha-tai-nha-thom-ngon-mat-lanh-giai-khat-14654,Invalid slug
Món kem,https://www.dienmayxanh.com/vao-bep/2-cach-lam-kem-tu-bot-gao-nep-deo-ngon-cuc-don-gian-tai-nha-13696,Invalid slug
Món kem,https://www.dienmayxanh.com/vao-bep/2-cach-lam-kem-tiramisu-don-gian-mat-lanh-sieu-ngon-mieng-06079,Invalid slug
Món kem,https://www.dienmayxanh.com/vao-bep/2-cach-lam-kem-khoai-lang-la-mieng-don-gian-tai-nha-00919,Invalid slug
Món kem,https://www.dienmayxanh.com/vao-bep/4-cach-lam-kem-que-dau-tay-chua-ngot-thom-ngon-don-gian-tai-12877,Invalid slug
Món kem,https://www.dienmayxanh.com/vao-bep/3-cach-lam-kem-mam-xoi-chua-ngot-mat-lanh-cho-ca-nha-04241,Invalid slug
Món kem,https://www.dienmayxanh.com/vao-bep/4-cach-lam-kem-bo-dau-phong-thom-beo-mat-lanh-cuc-hap-dan-05661,Invalid slug
Món kem,https://www.dienmayxanh.com/vao-bep/2-cach-lam-kem-mang-cau-gai-va-mang-cau-ta-mat-lanh-cuc-ngon-13241,Invalid slug
Món kem,https://www.dienmayxanh.com/vao-bep/2-cach-lam-kem-cookie-oreo-va-caramel-mat-lanh-gion-gion-an-08754,Invalid slug
Món kem,https://www.dienmayxanh.com/vao-bep/8-cach-lam-kem-ma-quai-dang-yeu-cho-ngay-halloween-phan-1-04665,Invalid slug
Món kem,https://www.dienmayxanh.com/vao-bep/2-cach-lam-kem-kiwi-mat-lanh-cuc-don-gian-chi-trong-3-buoc-03691,Invalid slug
Món kem,https://www.dienmayxanh.com/vao-bep/2-cach-lam-kem-dao-cot-dua-va-kem-dao-chanh-mat-ong-mat-lanh-04405,Invalid slug
Món kem,https://www.dienmayxanh.com/vao-bep/2-cach-lam-kem-chuoi-socola-vi-ngot-dang-hoa-quyen-ngon-tuyet-14706,Invalid slug
Món kem,https://www.dienmayxanh.com/vao-bep/3-cach-lam-kem-matcha-thom-beo-mat-lanh-don-gian-khong-can-04687,Invalid slug
Món kem,https://www.dienmayxanh.com/vao-bep/phan-biet-5-loai-kem-ice-cream-gelato-sorbet-neapolitan-va-05152,Missing data
Món kem,https://www.dienmayxanh.com/vao-bep/2-cach-lam-kem-que-chanh-dua-va-chanh-cherry-cuc-mat-lanh-cho-00231,Invalid slug
Món kem,https://www.dienmayxanh.com/vao-bep/3-cach-lam-kem-viet-quat-mat-lanh-sieu-don-gian-tai-nha-04157,Invalid slug
Món kem,https://www.dienmayxanh.com/vao-bep/2-cach-lam-kem-chuoi-bich-deo-mem-thom-ngon-don-gian-tai-nha-13951,Invalid slug
Món kem,https://www.dienmayxanh.com/vao-bep/2-cach-lam-kem-nghe-cot-dua-va-kem-nghe-chuoi-thom-moi-la-don-04426,Invalid slug
Món kem,https://www.dienmayxanh.com/vao-bep/cach-lam-kem-bang-may-ep-cham-cuc-don-gian-nhung-ngon-khong-19043,Missing data
Món kem,https://www.dienmayxanh.com/vao-bep/2-cach-lam-kem-sau-rieng-khong-can-kem-tuoi-thom-ngon-don-14378,Invalid slug
Món kem,https://www.dienmayxanh.com/vao-bep/2-cach-lam-kem-nutella-don-gian-tai-nha-chi-voi-3-nguyen-lieu-11181,Invalid slug
Món kem,https://www.dienmayxanh.com/vao-bep/2-cach-lam-kem-chanh-bac-the-mat-cuc-dinh-giai-nhiet-ngay-he-08776,Invalid slug
Món kem,https://www.dienmayxanh.com/vao-bep/2-cach-lam-kem-milo-va-kem-kitkat-chocolate-mat-lanh-chi-04778,Invalid slug
Món kem,https://www.dienmayxanh.com/vao-bep/2-cach-lam-kem-chuoi-trai-cay-va-la-dua-moi-la-thom-ngon-hap-09713,Invalid slug
Món kem,https://www.dienmayxanh.com/vao-bep/2-cach-lam-kem-ca-phe-sua-thom-ngon-deo-min-an-la-ghien-12361,Invalid slug
Món kem,https://www.dienmayxanh.com/vao-bep/2-cach-lam-kem-cu-den-mat-lanh-bo-sung-dinh-duong-cho-ca-nha-04273,Invalid slug
Món kem,https://www.dienmayxanh.com/vao-bep/2-cach-lam-kem-hat-hanh-nhan-va-hat-macca-mat-lanh-day-dinh-04099,Invalid slug
Món kem,https://www.dienmayxanh.com/vao-bep/2-cach-lam-kem-dua-luoi-han-quoc-melona-ice-cream-deo-mem-14383,Invalid slug
Món nướng,https://www.dienmayxanh.com/vao-bep/2-cach-lam-khoai-tay-nhoi-thit-bo-va-ga-nuong-thom-lung-beo-05413,Invalid slug
Món nướng,https://www.dienmayxanh.com/vao-bep/cac-loai-gia-vi-uop-ga-nuong-muoi-ot-la-chanh-vang-ruom-bang-23383,Missing data
Món nướng,https://www.dienmayxanh.com/vao-bep/2-cach-lam-banh-gao-xien-que-nuong-pho-mai-va-nuong-cay-beo-04200,Invalid slug
Món nướng,https://www.dienmayxanh.com/vao-bep/2-cach-lam-vit-nuong-muoi-ot-cay-ngon-dam-da-thom-lung-an-la-13293,Invalid slug
Món nướng,https://www.dienmayxanh.com/vao-bep/2-cach-lam-thit-xien-nuong-cuc-ngon-voi-01592,Invalid slug
Món nướng,https://www.dienmayxanh.com/vao-bep/2-cach-lam-dui-de-nuong-gion-rum-thom-ngon-cuc-hap-dan-04718,Invalid slug
Món nướng,https://www.dienmayxanh.com/vao-bep/2-cach-lam-ga-tre-nuong-muoi-ot-va-ga-tre-nuong-mat-ong-bang-22392,Invalid slug
Món nướng,https://www.dienmayxanh.com/vao-bep/3-cach-lam-cua-nuong-thom-ngon-hap-dan-de-lam-cho-buoi-tu-hop-08901,Invalid slug
Món nướng,https://www.dienmayxanh.com/vao-bep/2-cach-lam-ca-me-nuong-muoi-ot-va-rieng-sa-dai-ngon-dam-da-05802,Invalid slug
Món nướng,https://www.dienmayxanh.com/vao-bep/2-cach-lam-ca-nuc-nuong-giay-bac-va-nuong-muoi-ot-thom-lung-04100,Invalid slug
Món nướng,https://www.dienmayxanh.com/vao-bep/tong-hop-4-cach-lam-muc-nuong-bang-noi-chien-khong-dau-16967,Invalid slug
Món nướng,https://www.dienmayxanh.com/vao-bep/tong-hop-5-cach-nuong-hai-san-bang-noi-chien-khong-dau-don-17374,Invalid slug
Món nướng,https://www.dienmayxanh.com/vao-bep/2-cach-lam-chim-cum-num-nuong-va-xao-bau-bang-chao-va-bep-22698,Invalid slug
Món nướng,https://www.dienmayxanh.com/vao-bep/3-cach-lam-bo-nuong-sa-te-mem-ngon-cay-thom-hap-dan-tai-nha-11292,Invalid slug
Món nướng,https://www.dienmayxanh.com/vao-bep/2-cach-lam-thit-heo-nuong-giay-bac-thom-lung-ngon-mieng-hap-13032,Invalid slug
Món nướng,https://www.dienmayxanh.com/vao-bep/2-cach-lam-khoai-tay-nuong-trung-va-nuong-sot-vang-beo-ngon-04447,Invalid slug
Món nướng,https://www.dienmayxanh.com/vao-bep/2-cach-lam-so-long-nuong-pho-mai-va-sa-te-beo-ngon-hap-dan-03745,Invalid slug
Món nướng,https://www.dienmayxanh.com/vao-bep/2-cach-lam-ba-chi-cuon-sa-va-cuon-com-ngu-vi-gion-tan-moi-la-10601,Invalid slug
Món nướng,https://www.dienmayxanh.com/vao-bep/2-cach-lam-ca-bop-nuong-muoi-ot-va-nuong-sot-mayo-thom-ngon-04108,Invalid slug
Món nướng,https://www.dienmayxanh.com/vao-bep/2-cach-lam-ca-tim-nuong-thom-beo-an-hoai-khong-ngan-01566,Invalid slug
Món nướng,https://www.dienmayxanh.com/vao-bep/2-cach-lam-mi-can-nuong-chao-va-nuong-rau-cu-moi-la-thom-ngon-10579,Invalid slug
Món nướng,https://www.dienmayxanh.com/vao-bep/2-cach-lam-bo-ne-hoa-thien-ly-va-me-la-mieng-vi-ngon-kho-09661,Invalid slug
Món nướng,https://www.dienmayxanh.com/vao-bep/3-cach-uop-chuot-nuong-muoi-ot-nuong-sa-te-va-nuong-chao-bang-22351,Invalid slug
Món nướng,https://www.dienmayxanh.com/vao-bep/tong-hop-10-cach-nuong-ca-bang-noi-chien-khong-dau-thom-ngon-17454,Invalid slug
Món nướng,https://www.dienmayxanh.com/vao-bep/2-cach-lam-ca-cuon-la-lot-va-ech-cuon-la-lot-moi-la-thom-ngon-08644,Invalid slug
Món nướng,https://www.dienmayxanh.com/vao-bep/2-cach-lam-long-bo-nuong-hap-dan-thom-ngon-kho-cuong-don-gian-13465,Invalid slug
Món nướng,https://www.dienmayxanh.com/vao-bep/3-cach-lam-ca-chach-trach-nuong-thom-ngon-hap-dan-don-gian-04998,Invalid slug
Món nướng,https://www.dienmayxanh.com/vao-bep/2-cach-lam-bo-cuon-rau-cu-thap-cam-va-luc-cam-ngon-nhu-ngoai-04709,Invalid slug
Món nướng,https://www.dienmayxanh.com/vao-bep/2-cach-lam-mon-ca-duoi-nuong-nghe-va-nuong-muoi-ot-01835,Invalid slug
Món nướng,https://www.dienmayxanh.com/vao-bep/3-cach-lam-ca-chua-nuong-thom-beo-cuc-ngon-hap-dan-05007,Invalid slug
Món nướng,https://www.dienmayxanh.com/vao-bep/2-cach-lam-vem-nuong-mo-hanh-va-nuong-pho-mai-thom-lung-hap-02905,Invalid slug
Món nướng,https://www.dienmayxanh.com/vao-bep/3-cach-lam-ngao-ngheu-nuong-dai-khach-cuc-ngon-de-lam-01494,Invalid slug
Món nướng,https://www.dienmayxanh.com/vao-bep/2-cach-lam-duoi-heo-nuong-chao-va-nuong-sa-te-gion-ngon-hap-04791,Invalid slug
Món nướng,https://www.dienmayxanh.com/vao-bep/2-cach-lam-oc-buou-nuong-tieu-xanh-nuong-mo-hanh-thom-ngon-01965,Invalid slug
Món nướng,https://www.dienmayxanh.com/vao-bep/2-cach-lam-cha-oc-nuong-giay-bac-va-la-chuoi-ngon-mieng-hap-10758,Invalid slug
Món nướng,https://www.dienmayxanh.com/vao-bep/tong-hop-7-loai-rau-an-kem-thit-nuong-han-quoc-dung-chuan-22058,Invalid slug
Món nướng,https://www.dienmayxanh.com/vao-bep/2-cach-lam-canh-ga-nuong-mat-ong-bang-lo-nuong-va-noi-chien-04357,Invalid slug
Món nướng,https://www.dienmayxanh.com/vao-bep/3-cach-nuong-tom-bang-noi-chien-khong-dau-don-gian-thom-ngon-05284,Invalid slug
Món nướng,https://www.dienmayxanh.com/vao-bep/2-cach-lam-kho-ca-hoi-moi-la-thom-beo-don-gian-tai-nha-ai-10575,Invalid slug
Món nướng,https://www.dienmayxanh.com/vao-bep/tong-hop-10-cach-lam-thit-bo-nuong-than-bang-vi-nuong-thom-16707,Invalid slug
Món nướng,https://www.dienmayxanh.com/vao-bep/3-cach-lam-ca-ro-phi-nuong-giay-bac-rieng-va-muoi-ot-mem-ngon-05345,Invalid slug
Món nướng,https://www.dienmayxanh.com/vao-bep/3-cach-lam-ran-moi-nuong-thom-ngon-dan-da-la-mieng-dac-san-22251,Invalid slug
Món nướng,https://www.dienmayxanh.com/vao-bep/3-cach-nuong-ga-bang-lo-vi-song-gion-rum-kho-cuong-01101,Invalid slug
Món nướng,https://www.dienmayxanh.com/vao-bep/2-cach-lam-thit-heo-nuong-gia-cay-dan-da-la-vi-chieu-dai-gia-09054,Invalid slug
Món nướng,https://www.dienmayxanh.com/vao-bep/2-cach-lam-ca-ho-nuong-sa-ot-va-nuong-la-chuoi-thom-phuc-mem-09659,Invalid slug
Món nướng,https://www.dienmayxanh.com/vao-bep/2-cach-lam-vit-nuong-gia-cay-va-tieu-xanh-thom-lung-am-bung-08542,Invalid slug
Món nướng,https://www.dienmayxanh.com/vao-bep/2-cach-lam-ca-loc-nuong-muoi-ot-va-nuong-rieng-sa-don-gian-02382,Invalid slug
Món nướng,https://www.dienmayxanh.com/vao-bep/chia-se-meo-chien-lap-xuong-bang-noi-chien-khong-dau-vua-don-22297,Missing data
Món nướng,https://www.dienmayxanh.com/vao-bep/2-cach-lam-ca-chem-nuong-muoi-ot-va-nuong-mo-hanh-thom-ngon-06861,Invalid slug
Món nướng,https://www.dienmayxanh.com/vao-bep/2-cach-lam-mon-thit-ngan-nuong-rieng-me-va-nuong-ngu-vi-thom-05458,Invalid slug
Món nướng,https://www.dienmayxanh.com/vao-bep/2-cach-lam-ga-nuong-sa-te-bang-noi-chien-khong-dau-va-lo-05309,Invalid slug
Món nướng,https://www.dienmayxanh.com/vao-bep/3-cach-lam-thit-bo-nuong-cuc-mem-thom-ngot-an-la-ghien-01458,Invalid slug
Món nướng,https://www.dienmayxanh.com/vao-bep/3-cach-lam-nem-nuong-mien-tay-thom-ngon-don-gian-ai-cung-me-13513,Invalid slug
Món nướng,https://www.dienmayxanh.com/vao-bep/2-cach-lam-ca-mu-nuong-bo-chanh-va-nuong-giay-bac-mem-ngon-05556,Invalid slug
Món nướng,https://www.dienmayxanh.com/vao-bep/2-cach-uop-chan-ga-nuong-muoi-ot-don-gian-dam-da-sieu-ngon-13695,Invalid slug
Món nướng,https://www.dienmayxanh.com/vao-bep/tu-van-mua-noi-chien-khong-dau-nuong-ga-nguyen-con-sieu-ngon-18716,Missing data
Món nướng,https://www.dienmayxanh.com/vao-bep/cach-lam-bo-nuong-kien-vang-mon-ngon-tay-nguyen-nuong-duoc-23015,Invalid slug
Món nướng,https://www.dienmayxanh.com/vao-bep/2-cach-lam-ga-xien-que-nuong-dau-hao-va-nuong-bia-thom-lung-03895,Invalid slug
Món nướng,https://www.dienmayxanh.com/vao-bep/2-cach-lam-thit-xien-nuong-rau-cu-va-nuong-ca-ri-t-02640,Invalid slug
Món nướng,https://www.dienmayxanh.com/vao-bep/tong-hop-6-cach-lam-cha-nuong-bang-noi-chien-khong-dau-dam-vi-17427,Invalid slug
Món nướng,https://www.dienmayxanh.com/vao-bep/2-cach-lam-ca-hoi-nuong-pho-mai-thom-beo-hap-dan-ngon-mieng-13798,Invalid slug
Món nướng,https://www.dienmayxanh.com/vao-bep/3-cach-lam-mon-nuong-tren-da-mem-ngon-dam-da-cuc-hap-dan-04229,Invalid slug
Món nướng,https://www.dienmayxanh.com/vao-bep/cach-uop-de-nuong-sa-te-ngu-vi-thom-lung-ngon-mem-mien-che-23502,Missing data
Món nướng,https://www.dienmayxanh.com/vao-bep/2-cach-lam-ca-nheo-nuong-rieng-me-va-nuong-muoi-ot-mem-ngon-06793,Invalid slug
Món nướng,https://www.dienmayxanh.com/vao-bep/3-cach-lam-khoai-tay-nghien-nuong-thom-beo-hap-dan-don-gian-05361,Invalid slug
Món nướng,https://www.dienmayxanh.com/vao-bep/2-cach-lam-trung-nuong-chen-moi-la-don-gian-va-an-khong-ngan-01735,Invalid slug
Món nướng,https://www.dienmayxanh.com/vao-bep/3-cach-lam-xien-rau-cu-nuong-thom-ngon-hap-dan-cho-tiec-dem-15285,Invalid slug
Món nướng,https://www.dienmayxanh.com/vao-bep/2-cach-lam-so-sua-nuong-mo-hanh-va-nuong-moi-thom-lung-beo-10547,Invalid slug
Món nướng,https://www.dienmayxanh.com/vao-bep/2-cach-lam-bao-tu-nuong-sa-te-va-nuong-ngu-vi-thom-lung-dai-02915,Invalid slug
Món nướng,https://www.dienmayxanh.com/vao-bep/2-cach-lam-bo-bien-nuong-bang-noi-chien-khong-dau-22209,Invalid slug
Món nướng,https://www.dienmayxanh.com/vao-bep/3-cach-lam-ca-chep-nuong-giay-bac-rieng-me-va-muoi-ot-ngon-05276,Invalid slug
Món nướng,https://www.dienmayxanh.com/vao-bep/2-cach-lam-xuc-xich-nuong-bang-lo-nuong-va-noi-chi-02679,Invalid slug
Món nướng,https://www.dienmayxanh.com/vao-bep/2-cach-lam-ca-hoi-nuong-muoi-ot-dam-da-thom-ngon-don-gian-tai-06681,Invalid slug
Món nướng,https://www.dienmayxanh.com/vao-bep/2-cach-lam-ga-dot-o-thum-campuchia-hap-dan-thom-ngon-don-gian-09473,Invalid slug
Món nướng,https://www.dienmayxanh.com/vao-bep/2-cach-lam-sun-heo-nuong-cay-va-nuong-moi-don-gian-thom-ngon-09491,Invalid slug
Món nướng,https://www.dienmayxanh.com/vao-bep/2-cach-lam-hau-nuong-pho-mai-bang-noi-chien-khong-dau-thom-15261,Invalid slug
Món nướng,https://www.dienmayxanh.com/vao-bep/3-cach-lam-muc-trung-nuong-thom-lung-dai-ngot-hap-dan-dam-da-08786,Invalid slug
Món nướng,https://www.dienmayxanh.com/vao-bep/2-cach-lam-ca-hoi-nuong-bo-toi-thom-lung-mem-ngon-dam-da-13939,Invalid slug
Món nướng,https://www.dienmayxanh.com/vao-bep/2-cach-lam-tom-nuong-sa-te-va-nuong-sot-pho-mai-thom-ngon-02381,Invalid slug
Món nướng,https://www.dienmayxanh.com/vao-bep/3-cach-lam-ca-tre-nuong-thom-lung-cuc-ngon-hap-dan-don-gian-05053,Invalid slug
Món nướng,https://www.dienmayxanh.com/vao-bep/2-cach-lam-vit-nuong-bang-lo-vi-song-thom-ngon-dam-vi-don-14861,Invalid slug
Món nướng,https://www.dienmayxanh.com/vao-bep/2-cach-uop-ga-nuong-than-hoa-va-than-cui-thom-ngon-hap-dan-05319,Invalid slug
Món nướng,https://www.dienmayxanh.com/vao-bep/3-cach-nuong-khoai-tay-bang-noi-chien-khong-dau-don-gian-thom-05420,Invalid slug
Món nướng,https://www.dienmayxanh.com/vao-bep/2-cach-lam-ca-bo-giap-nuong-sa-te-va-nuong-moi-dan-da-cuc-09228,Invalid slug
Món nướng,https://www.dienmayxanh.com/vao-bep/2-cach-uop-thit-heo-rung-nuong-sa-te-va-nuong-muoi-ot-mem-07134,Invalid slug
Món nướng,https://www.dienmayxanh.com/vao-bep/thoi-gian-va-nhiet-do-nuong-ga-chuan-ngon-o-noi-chien-khong-20020,Missing data
Món nướng,https://www.dienmayxanh.com/vao-bep/3-cach-lam-ech-nuong-la-lot-thom-ngon-hap-dan-dam-da-de-lam-11237,Invalid slug
Món nướng,https://www.dienmayxanh.com/vao-bep/3-cach-lam-bap-nuong-mo-hanh-thom-phuc-beo-ngon-hap-dan-04362,Invalid slug
Món nướng,https://www.dienmayxanh.com/vao-bep/2-cach-lam-vu-heo-va-vu-de-nuong-chao-gion-ngon-hap-dan-04332,Invalid slug
Món nướng,https://www.dienmayxanh.com/vao-bep/tong-hop-11-cach-nuong-thit-heo-bang-noi-chien-khong-dau-don-16167,Invalid slug
Món nướng,https://www.dienmayxanh.com/vao-bep/tong-hop-4-cach-lam-vit-nuong-bang-noi-chien-khong-dau-thom-16749,Invalid slug
Món nướng,https://www.dienmayxanh.com/vao-bep/2-cach-lam-dui-ga-nuong-bo-toi-va-nuong-ngu-vi-bang-lo-nuong-00220,Invalid slug
Món nướng,https://www.dienmayxanh.com/vao-bep/2-cach-lam-ca-ngat-nuong-muoi-ot-va-nuong-mo-hanh-thom-ngon-07594,Invalid slug
Món nướng,https://www.dienmayxanh.com/vao-bep/2-cach-lam-ca-hoi-nuong-giay-bac-mem-ngon-hap-dan-de-lam-tai-13617,Invalid slug
Món nướng,https://www.dienmayxanh.com/vao-bep/cac-mon-tom-trong-dam-cuoi-vua-ngon-vua-dang-cap-nau-bang-noi-22803,Invalid slug
Món nướng,https://www.dienmayxanh.com/vao-bep/2-cach-lam-ca-tim-nuong-voi-pho-mai-cuc-thom-beo-va-don-gian-05273,Invalid slug
Món nướng,https://www.dienmayxanh.com/vao-bep/2-cach-lam-thit-chan-gio-nuong-bang-noi-chien-khong-dau-cuc-15687,Invalid slug
Món nướng,https://www.dienmayxanh.com/vao-bep/2-cach-uop-va-cach-lam-suon-nuong-tang-thom-ngon-hap-dan-nhu-08292,Invalid slug
Món nướng,https://www.dienmayxanh.com/vao-bep/2-cach-lam-ga-ac-nuong-la-chanh-thom-lung-cay-cay-ngon-dam-da-11882,Invalid slug
Món nướng,https://www.dienmayxanh.com/vao-bep/2-cach-lam-bo-nuong-giay-bac-don-gian-hap-dan-thom-ngon-kho-13214,Invalid slug
Món nướng,https://www.dienmayxanh.com/vao-bep/2-cach-lam-ca-bac-ma-nuong-toi-ot-va-nuong-muoi-ot-thom-ngon-04690,Invalid slug
Món nướng,https://www.dienmayxanh.com/vao-bep/2-cach-lam-muc-mot-nang-nuong-muoi-ot-va-sa-te-thom-lung-cay-09115,Invalid slug
Món nướng,https://www.dienmayxanh.com/vao-bep/2-cach-lam-phi-le-ca-basa-nuong-thom-lung-mem-ngon-hap-dan-07678,Invalid slug
Món nướng,https://www.dienmayxanh.com/vao-bep/3-cach-lam-da-heo-nuong-thom-lung-dam-da-cuc-ngon-tai-nha-04967,Invalid slug
Món nướng,https://www.dienmayxanh.com/vao-bep/2-cach-lam-dau-ca-hoi-nuong-thom-ngon-hap-dan-de-lam-tai-nha-14090,Invalid slug
Món nướng,https://www.dienmayxanh.com/vao-bep/3-cach-lam-thit-nuong-bang-noi-chien-khong-dau-mem-ngon-thom-05022,Invalid slug
Món nướng,https://www.dienmayxanh.com/vao-bep/3-cach-lam-long-nuong-dai-dai-thom-lung-cuc-ngon-don-gian-04895,Invalid slug
Món nướng,https://www.dienmayxanh.com/vao-bep/2-cach-lam-khoai-tay-cuon-thit-bo-bam-va-xuc-xich-thom-ngon-05120,Invalid slug
Món nướng,https://www.dienmayxanh.com/vao-bep/2-cach-lam-bach-tuoc-nuong-muoi-ot-va-nuong-sot-cay-sieu-04210,Invalid slug
Món nướng,https://www.dienmayxanh.com/vao-bep/2-cach-lam-ca-chinh-nuong-nghe-va-nuong-rieng-me-ngon-dam-da-06678,Invalid slug
Món nướng,https://www.dienmayxanh.com/vao-bep/4-cach-lam-snack-rau-cu-gion-rum-nham-nhi-cuc-ngon-mieng-04847,Invalid slug
Món nướng,https://www.dienmayxanh.com/vao-bep/2-cach-lam-ech-nuong-tri-ton-va-ech-nuong-campuchia-thom-ngon-15399,Invalid slug
Món nướng,https://www.dienmayxanh.com/vao-bep/2-cach-lam-ca-co-nuong-thom-lung-ngon-mieng-dam-da-huong-vi-08419,Invalid slug
Món nướng,https://www.dienmayxanh.com/vao-bep/3-cach-lam-ot-chuong-nuong-thom-ngon-don-gian-la-mieng-05108,Invalid slug
Món nướng,https://www.dienmayxanh.com/vao-bep/2-cach-lam-ca-loc-nuong-bang-noi-chien-khong-dau-thom-ngon-22304,Invalid slug
Món nướng,https://www.dienmayxanh.com/vao-bep/2-cach-lam-mang-tay-nuong-toi-va-nuong-pho-mai-thom-lung-mem-04542,Invalid slug
Món nướng,https://www.dienmayxanh.com/vao-bep/2-cach-lam-so-mai-nuong-mo-hanh-va-pho-mai-beo-ngon-thom-lung-07766,Invalid slug
Món nướng,https://www.dienmayxanh.com/vao-bep/3-cach-lam-ca-lang-nuong-muoi-ot-sa-nghe-va-rieng-me-thom-05294,Invalid slug
Món nướng,https://www.dienmayxanh.com/vao-bep/2-cach-lam-hau-nuong-trung-cut-beo-ngon-hap-dan-de-lam-an-la-14054,Invalid slug
Món nướng,https://www.dienmayxanh.com/vao-bep/3-cach-lam-ech-nuong-muoi-ot-sa-te-va-ong-tre-thom-lung-dam-05485,Invalid slug
Món nướng,https://www.dienmayxanh.com/vao-bep/2-cach-lam-ca-nganh-nuong-rieng-sa-va-ot-xanh-thom-lung-ngon-09836,Invalid slug
Món nướng,https://www.dienmayxanh.com/vao-bep/3-cach-lam-bao-tu-ca-basa-nhoi-thit-thom-ngon-dam-da-don-gian-07599,Invalid slug
Món nướng,https://www.dienmayxanh.com/vao-bep/2-cach-lam-oc-mong-tay-nuong-mo-hanh-va-nuong-sa-te-thom-beo-02989,Invalid slug
Món nướng,https://www.dienmayxanh.com/vao-bep/3-cach-nuong-khoai-lang-bang-noi-chien-khong-dau-thom-ngon-05399,Invalid slug
Món nướng,https://www.dienmayxanh.com/vao-bep/2-cach-lam-ma-heo-nuong-bang-noi-chien-khong-dau-sieu-nhanh-22373,Invalid slug
Món nướng,https://www.dienmayxanh.com/vao-bep/2-cach-lam-bi-ngoi-nuong-pho-mai-nhan-nam-va-nhan-thit-don-05295,Invalid slug
Món nướng,https://www.dienmayxanh.com/vao-bep/3-cach-lam-ca-ngu-dai-duong-nuong-thom-lung-mem-ngon-dam-da-08352,Invalid slug
Món nướng,https://www.dienmayxanh.com/vao-bep/2-cach-lam-mon-bo-cuon-nam-mem-thom-kho-cuong-ai-cung-me-01538,Invalid slug
Món nướng,https://www.dienmayxanh.com/vao-bep/5-cach-lam-ca-nuong-bang-noi-chien-khong-dau-mem-ngon-thom-05265,Invalid slug
Món nướng,https://www.dienmayxanh.com/vao-bep/3-cach-lam-canh-ga-nuong-chao-sa-te-va-bo-toi-mem-ngon-dam-04371,Invalid slug
Món nướng,https://www.dienmayxanh.com/vao-bep/2-cach-lam-suon-cuu-nuong-thao-moc-va-mat-ong-thom-ngon-moi-05246,Invalid slug
Món nướng,https://www.dienmayxanh.com/vao-bep/3-cach-lam-so-huyet-nuong-mo-hanh-nuong-moi-va-giay-bac-thom-07630,Invalid slug
Món nướng,https://www.dienmayxanh.com/vao-bep/2-cach-uop-thit-nuong-han-quoc-chuan-vi-don-gian-thom-ngon-04961,Invalid slug
Món nướng,https://www.dienmayxanh.com/vao-bep/2-cach-lam-ca-thu-nuong-rau-cu-va-nuong-ot-xanh-thom-lung-cuc-04428,Invalid slug
Món nướng,https://www.dienmayxanh.com/vao-bep/2-cach-lam-suon-cot-let-nuong-bang-noi-chien-khong-dau-ngon-11619,Invalid slug
Món nướng,https://www.dienmayxanh.com/vao-bep/2-cach-lam-ca-tuyet-nuong-sot-miso-va-nuong-muoi-mem-ngon-dam-05453,Invalid slug
Món nướng,https://www.dienmayxanh.com/vao-bep/2-cach-lam-ca-hoi-nuong-giay-bac-bang-noi-chien-khong-dau-13599,Invalid slug
Món nướng,https://www.dienmayxanh.com/vao-bep/2-cach-lam-vem-xanh-nuong-bo-toi-va-vem-xanh-nuong-ngo-tay-03191,Invalid slug
Món nướng,https://www.dienmayxanh.com/vao-bep/cach-lam-ca-lo-o-nuong-sa-ot-mon-ngon-mien-trung-huong-vi-dam-10503,Invalid slug
Món nướng,https://www.dienmayxanh.com/vao-bep/2-cach-lam-dua-nuong-va-dua-chien-thom-lung-03252,Invalid slug
Món nướng,https://www.dienmayxanh.com/vao-bep/2-cach-lam-bo-nuong-pho-mai-va-tia-to-thom-ngon-hap-dan-don-09668,Invalid slug
Món nướng,https://www.dienmayxanh.com/vao-bep/2-cach-lam-nam-lon-nuong-noi-chien-khong-dau-dam-vi-de-lam-23181,Invalid slug
Món nướng,https://www.dienmayxanh.com/vao-bep/2-cach-lam-ca-chuon-nuong-nghe-va-nuong-toi-ot-thom-lung-hap-00211,Invalid slug
Món nướng,https://www.dienmayxanh.com/vao-bep/2-cach-lam-so-long-nuong-mo-hanh-va-sot-xoai-thom-ngon-02103,Invalid slug
Món nướng,https://www.dienmayxanh.com/vao-bep/3-cach-lam-so-huyet-xao-me-so-huyet-rang-muoi-so-huyet-nuong-03014,Invalid slug
Món nướng,https://www.dienmayxanh.com/vao-bep/2-cach-uop-chim-cut-nuong-mat-ong-thom-lung-ngon-mieng-dam-da-11271,Invalid slug
Món nướng,https://www.dienmayxanh.com/vao-bep/3-cach-lam-thit-nuong-chao-mem-ngon-dam-da-don-gian-tai-nha-05083,Invalid slug
Món nướng,https://www.dienmayxanh.com/vao-bep/2-cach-lam-mon-muc-nuong-voi-sa-te-muoi-ot-ngon-ba-chay-01514,Invalid slug
Món nướng,https://www.dienmayxanh.com/vao-bep/2-cach-lam-thit-nuong-mac-khen-moi-la-thom-lung-don-gian-tai-09305,Invalid slug
Món nướng,https://www.dienmayxanh.com/vao-bep/3-cach-lam-xiu-mai-chay-thom-beo-cho-nhung-dip-le-ram-01557,Invalid slug
Món nướng,https://www.dienmayxanh.com/vao-bep/3-cach-lam-ca-tam-nuong-ngon-mieng-de-lam-dam-da-06715,Invalid slug
Món nướng,https://www.dienmayxanh.com/vao-bep/2-cach-uop-nam-de-nuong-dam-da-ngon-mieng-de-nuong-bang-bep-22958,Invalid slug
Món nướng,https://www.dienmayxanh.com/vao-bep/2-cach-lam-ca-nuong-pa-pinh-top-moi-la-thom-ngon-dam-vi-tay-08606,Invalid slug
Món nướng,https://www.dienmayxanh.com/vao-bep/2-cach-lam-ca-o-nuong-muoi-ot-va-giay-bac-thom-ngon-dam-da-10497,Invalid slug
Món nướng,https://www.dienmayxanh.com/vao-bep/tong-hop-30-cach-lam-ca-nuong-than-bang-vi-nuong-don-gian-de-16803,Invalid slug
Món nướng,https://www.dienmayxanh.com/vao-bep/3-cach-lam-cha-cua-don-gian-ngon-mieng-ngay-tai-nha-01756,Invalid slug
Món nướng,https://www.dienmayxanh.com/vao-bep/2-cach-lam-ca-song-nuong-giay-bac-va-nuong-mo-hanh-thom-ngon-06167,Invalid slug
Món nướng,https://www.dienmayxanh.com/vao-bep/3-cach-lam-dau-bap-nuong-thom-lung-ngon-mieng-don-gian-de-lam-09082,Invalid slug
Món nướng,https://www.dienmayxanh.com/vao-bep/2-cach-lam-suon-nuong-mat-ong-va-nuong-muoi-ot-thom-ngon-02288,Invalid slug
Món nướng,https://www.dienmayxanh.com/vao-bep/2-cach-lam-bo-cau-nuong-muoi-ot-va-nuong-moi-thom-lung-dam-da-09139,Invalid slug
Món nướng,https://www.dienmayxanh.com/vao-bep/2-cach-lam-cha-ca-nuong-nghe-va-la-lot-thom-ngon-dam-da-huong-10736,Invalid slug
Món nướng,https://www.dienmayxanh.com/vao-bep/2-cach-lam-de-nuong-sa-te-va-ngu-vi-thom-lung-cay-cay-cuc-10616,Invalid slug
Món nướng,https://www.dienmayxanh.com/vao-bep/2-cach-lam-ga-nuong-nguyen-con-hap-dan-thom-ngon-va-don-gian-05387,Invalid slug
Món cháo,https://www.dienmayxanh.com/vao-bep/2-cach-nau-chao-bao-ngu-mem-ngon-dam-da-bo-duong-04869,Invalid slug
Món cháo,https://www.dienmayxanh.com/vao-bep/3-cach-nau-chao-ca-loc-bi-do-cho-be-an-dam-de-lam-ma-lai-day-08426,Invalid slug
Món cháo,https://www.dienmayxanh.com/vao-bep/3-cach-nau-chao-ca-hoi-cho-be-an-dam-don-gian-va-bo-duong-05060,Invalid slug
Món cháo,https://www.dienmayxanh.com/vao-bep/4-cach-nau-chao-banh-mi-cho-be-an-dam-thom-ngon-bo-duong-de-12567,Invalid slug
Món cháo,https://www.dienmayxanh.com/vao-bep/chao-ca-hoi-nau-voi-rau-gi-16-cong-thuc-mon-chao-ngon-bo-cho-23598,Missing data
Món cháo,https://www.dienmayxanh.com/vao-bep/tong-hop-9-cach-lam-chao-ca-hoi-cho-be-an-dam-thom-ngon-hap-10541,Invalid slug
Món cháo,https://www.dienmayxanh.com/vao-bep/3-cach-nau-chao-ca-loc-thom-ngon-va-bo-duong-cho-gia-dinh-01164,Invalid slug
Món cháo,https://www.dienmayxanh.com/vao-bep/2-cach-nau-chao-ca-chem-cho-be-an-dam-thom-ngon-don-gian-cho-12229,Invalid slug
Món cháo,https://www.dienmayxanh.com/vao-bep/2-cach-nau-chao-ga-nam-moi-don-gian-thom-lung-ngon-kho-cuong-11384,Invalid slug
Món cháo,https://www.dienmayxanh.com/vao-bep/2-cach-nau-chao-rau-ma-giai-nhiet-hap-dan-don-gian-cho-be-an-14255,Invalid slug
Món cháo,https://www.dienmayxanh.com/vao-bep/tong-hop-11-cach-nau-chao-thit-bo-cho-be-an-ngon-bo-duong-de-14532,Invalid slug
Món cháo,https://www.dienmayxanh.com/vao-bep/top-10-noi-com-dien-nau-chao-gia-tot-nhat-tai-dien-may-xanh-22062,Missing data
Món cháo,https://www.dienmayxanh.com/vao-bep/4-cach-nau-chao-trang-cho-be-an-dam-don-gian-de-dang-cho-cac-12409,Invalid slug
Món cháo,https://www.dienmayxanh.com/vao-bep/tong-hop-7-cach-nau-chao-dau-cho-be-an-dam-mem-thom-dinh-15963,Invalid slug
Món cháo,https://www.dienmayxanh.com/vao-bep/cach-nau-sup-ca-rot-tot-cho-be-khoe-cho-me-an-le-vi-ngon-03223,Missing data
Món cháo,https://www.dienmayxanh.com/vao-bep/2-cach-nau-chao-dau-do-cho-be-an-dam-thom-ngon-hap-dan-de-lam-12995,Invalid slug
Món cháo,https://www.dienmayxanh.com/vao-bep/2-cach-nau-chao-tom-nam-rom-ngon-ngot-hap-dan-doi-vi-cho-gia-10177,Invalid slug
Món cháo,https://www.dienmayxanh.com/vao-bep/11-cach-che-bien-mon-voi-may-xay-da-nang-kangaroo-kg175hb1-15156,Invalid slug
Món cháo,https://www.dienmayxanh.com/vao-bep/2-cach-nau-chao-cua-ca-rot-cho-be-an-dam-hap-dan-thom-ngon-12273,Invalid slug
Món cháo,https://www.dienmayxanh.com/vao-bep/2-cach-nau-chao-hau-dau-xanh-va-thit-bam-ngon-don-gian-giau-05218,Invalid slug
Món cháo,https://www.dienmayxanh.com/vao-bep/tong-hop-5-cach-nau-chao-cua-ngot-thom-bo-duong-ngon-ngat-16577,Invalid slug
Món cháo,https://www.dienmayxanh.com/vao-bep/2-cach-nau-chao-luon-chao-luon-cho-be-va-chao-luon-nghe-an-01155,Invalid slug
Món cháo,https://www.dienmayxanh.com/vao-bep/2-cach-nau-chao-tim-heo-va-tim-cat-heo-cuc-bo-duong-01205,Invalid slug
Món cháo,https://www.dienmayxanh.com/vao-bep/2-cach-nau-chao-dau-hu-ca-chua-beo-thom-don-gian-cho-be-yeu-12261,Invalid slug
Món cháo,https://www.dienmayxanh.com/vao-bep/6-cach-nau-chao-cho-be-an-dam-tu-6-den-12-thang-tuoi-ngon-05364,Invalid slug
Món cháo,https://www.dienmayxanh.com/vao-bep/2-cach-nau-chao-bao-ngu-cho-be-an-dam-bo-duong-thom-ngon-don-15794,Invalid slug
Món cháo,https://www.dienmayxanh.com/vao-bep/2-cach-nau-chao-khoai-lang-thit-ga-thit-bo-thom-ngon-beo-ngay-00124,Invalid slug
Món cháo,https://www.dienmayxanh.com/vao-bep/3-cach-nau-chao-dau-xanh-cho-be-an-dam-ngon-mieng-don-gian-13080,Invalid slug
Món cháo,https://www.dienmayxanh.com/vao-bep/2-cach-nau-chao-thit-bo-thom-ngon-va-bo-duong-de-lam-tai-nha-01172,Invalid slug
Món cháo,https://www.dienmayxanh.com/vao-bep/2-cach-nau-chao-ca-loc-ca-rot-cho-be-an-dam-day-dinh-duong-09260,Invalid slug
Món cháo,https://www.dienmayxanh.com/vao-bep/2-cach-nau-chao-ca-hoi-mang-tay-va-rau-ngot-thom-ngon-dinh-05005,Invalid slug
Món cháo,https://www.dienmayxanh.com/vao-bep/cach-nau-chao-long-thom-ngon-sanh-dam-vi-nhu-ngoai-hang-00118,Missing data
Món cháo,https://www.dienmayxanh.com/vao-bep/2-cach-nau-chao-ngheu-thom-ngon-bo-duong-cuc-de-lam-tai-nha-01206,Invalid slug
Món cháo,https://www.dienmayxanh.com/vao-bep/tong-hop-9-cach-nau-chao-ca-loc-cho-be-an-dam-ngon-bo-don-14452,Invalid slug
Món cháo,https://www.dienmayxanh.com/vao-bep/2-cach-nau-chao-thit-bo-pho-mai-giau-dinh-duong-giup-be-mau-15654,Invalid slug
Món cháo,https://www.dienmayxanh.com/vao-bep/2-cach-nau-chao-ech-cho-be-voi-rau-ngot-va-rau-mong-toi-thom-08459,Invalid slug
Món cháo,https://www.dienmayxanh.com/vao-bep/3-cach-nau-lau-chao-ga-don-gian-thom-ngon-hit-ha-ngay-mua-04515,Invalid slug
Món cháo,https://www.dienmayxanh.com/vao-bep/2-cach-nau-chao-tom-rau-ngot-va-rau-chum-ngay-cho-be-an-dam-08841,Invalid slug
Món cháo,https://www.dienmayxanh.com/vao-bep/2-cach-nau-chao-muc-cho-be-giau-dinh-duong-va-cuc-don-gian-08654,Invalid slug
Món cháo,https://www.dienmayxanh.com/vao-bep/3-cach-nau-chao-dau-xanh-chay-don-gian-cho-bua-sang-dinh-09125,Invalid slug
Món cháo,https://www.dienmayxanh.com/vao-bep/3-cach-nau-chao-dau-xanh-thom-ngon-don-gian-cho-ca-nha-01180,Invalid slug
Món cháo,https://www.dienmayxanh.com/vao-bep/tong-hop-13-cach-nau-chao-ca-cho-be-an-dam-thom-ngon-bo-duong-15732,Invalid slug
Món cháo,https://www.dienmayxanh.com/vao-bep/3-cach-nau-chao-dau-do-thom-ngon-nhu-ngoai-hang-don-gian-01161,Invalid slug
Món cháo,https://www.dienmayxanh.com/vao-bep/2-cach-nau-chao-suon-rau-cu-va-dau-xanh-mem-ngon-hap-dan-don-09995,Invalid slug
Món cháo,https://www.dienmayxanh.com/vao-bep/2-cach-nau-chao-yen-mach-bo-duong-ngon-ngat-ngay-03140,Invalid slug
Món cháo,https://www.dienmayxanh.com/vao-bep/tong-hop-9-cach-nau-chao-khoai-lang-cho-be-an-dam-don-gian-13206,Invalid slug
Món cháo,https://www.dienmayxanh.com/vao-bep/4-cach-nau-chao-tim-heo-cho-be-an-dam-de-lam-hap-dan-thom-15416,Invalid slug
Món cháo,https://www.dienmayxanh.com/vao-bep/2-cach-nau-chao-ga-bi-do-thom-ngon-dinh-duong-cho-be-04444,Invalid slug
Món cháo,https://www.dienmayxanh.com/vao-bep/2-cach-nau-chao-so-co-la-va-chao-ngo-ngot-dac-trung-03170,Invalid slug
Món cháo,https://www.dienmayxanh.com/vao-bep/2-cach-nau-chao-me-den-va-chao-dau-den-don-gian-thom-ngon-tot-04201,Invalid slug
Món cháo,https://www.dienmayxanh.com/vao-bep/2-cach-nau-chao-chan-gio-thom-ngon-bo-duong-cho-ca-nha-01162,Invalid slug
Món cháo,https://www.dienmayxanh.com/vao-bep/2-cach-nau-chao-ech-mien-tay-thom-ngon-dan-da-am-bung-ngay-08502,Invalid slug
Món cháo,https://www.dienmayxanh.com/vao-bep/3-cach-nau-chao-ca-keo-ap-nong-bo-duong-thom-ngon-don-gian-12899,Invalid slug
Món cháo,https://www.dienmayxanh.com/vao-bep/2-cach-nau-chao-ech-cho-be-voi-bi-xanh-va-bi-do-thom-ngon-08494,Invalid slug
Món cháo,https://www.dienmayxanh.com/vao-bep/3-cach-nau-chao-cua-bien-cho-be-mem-ngon-don-gian-bo-duong-05228,Invalid slug
Món cháo,https://www.dienmayxanh.com/vao-bep/2-cach-nau-chao-hoa-hong-giau-dinh-duong-cho-phai-dep-ngay-20-04379,Invalid slug
Món cháo,https://www.dienmayxanh.com/vao-bep/tong-hop-13-cach-nau-chao-bi-do-thom-ngon-sanh-min-hap-dan-13568,Invalid slug
Món cháo,https://www.dienmayxanh.com/vao-bep/cach-nau-chao-thit-bam-cho-nguoi-om-mau-khoe-00879,Missing data
Món cháo,https://www.dienmayxanh.com/vao-bep/2-cach-nau-chao-dau-xanh-hat-sen-bo-duong-thom-ngon-don-gian-09070,Invalid slug
Món cháo,https://www.dienmayxanh.com/vao-bep/huong-dan-cach-nau-chao-bang-binh-giu-nhiet-cuc-de-tien-loi-01433,Missing data
Món cháo,https://www.dienmayxanh.com/vao-bep/2-cach-nau-chao-gao-lut-thit-bo-va-ca-kho-giam-can-hieu-qua-09599,Invalid slug
Món cháo,https://www.dienmayxanh.com/vao-bep/2-cach-nau-chao-gan-ga-cho-be-an-dam-thom-ngon-bo-duong-09578,Invalid slug
Món cháo,https://www.dienmayxanh.com/vao-bep/tong-hop-18-cach-nau-chao-dau-xanh-thom-ngon-dinh-duong-cho-09053,Invalid slug
Món cháo,https://www.dienmayxanh.com/vao-bep/2-cach-nau-chao-thit-bam-khoai-tay-cho-be-yeu-an-dam-don-gian-12290,Invalid slug
Món cháo,https://www.dienmayxanh.com/vao-bep/2-cach-nau-chao-ca-hoi-bi-do-va-ca-rot-don-gian-bo-duong-thom-03163,Invalid slug
Món cháo,https://www.dienmayxanh.com/vao-bep/tong-hop-6-cach-nau-chao-pho-mai-cho-be-ngon-bo-duong-don-14207,Invalid slug
Món cháo,https://www.dienmayxanh.com/vao-bep/huong-dan-2-cach-nau-chao-ga-thom-ngon-dam-da-bo-duong-01152,Missing data
Món cháo,https://www.dienmayxanh.com/vao-bep/2-cach-nau-chao-trang-bang-noi-com-dien-va-bep-gas-ngon-don-09965,Invalid slug
Món cháo,https://www.dienmayxanh.com/vao-bep/2-cach-nau-chao-hen-xao-cay-va-dau-xanh-thom-ngon-bo-duong-05416,Invalid slug
Món cháo,https://www.dienmayxanh.com/vao-bep/2-cach-nau-chao-ga-hat-sen-cho-be-voi-rau-ngot-va-rau-mong-08708,Invalid slug
Món cháo,https://www.dienmayxanh.com/vao-bep/2-cach-nau-chao-tom-voi-khoai-tay-cho-be-an-dam-thom-ngon-09059,Invalid slug
Món cháo,https://www.dienmayxanh.com/vao-bep/2-cach-nau-chao-to-yen-ngon-mieng-bo-duong-de-lam-tot-cho-suc-09567,Invalid slug
Món cháo,https://www.dienmayxanh.com/vao-bep/2-cach-nau-chao-ca-bong-cho-be-an-dam-thom-ngon-bo-duong-de-07773,Invalid slug
Món cháo,https://www.dienmayxanh.com/vao-bep/2-cach-lam-lau-chao-chim-bo-cau-ngon-ngot-dam-da-khong-tanh-15567,Invalid slug
Món cháo,https://www.dienmayxanh.com/vao-bep/2-cach-nau-chao-ca-chep-nam-huong-va-nam-rom-ngon-ngot-bo-08506,Invalid slug
Món cháo,https://www.dienmayxanh.com/vao-bep/tong-hop-7-cach-nau-chao-yen-mach-cho-be-an-dam-ngon-mieng-bo-06577,Invalid slug
Món cháo,https://www.dienmayxanh.com/vao-bep/tong-hop-15-cach-nau-chao-ca-rot-cho-be-an-dam-ngon-dinh-10836,Invalid slug
Món cháo,https://www.dienmayxanh.com/vao-bep/2-cach-nau-chao-hai-sam-thom-ngon-bo-duong-don-gian-tai-nha-08602,Invalid slug
Món cháo,https://www.dienmayxanh.com/vao-bep/tong-hop-14-cach-nau-chao-ca-thom-ngon-bo-duong-cho-gia-dinh-11808,Invalid slug
Món cháo,https://www.dienmayxanh.com/vao-bep/2-cach-nau-chao-ca-tram-don-gian-dinh-duong-thom-ngon-tai-nha-12348,Invalid slug
Món cháo,https://www.dienmayxanh.com/vao-bep/2-cach-nau-chao-ca-thu-ca-chua-va-chao-ruoc-ca-thu-cho-be-an-13613,Invalid slug
Món cháo,https://www.dienmayxanh.com/vao-bep/2-cach-nau-chao-hau-cho-be-an-dam-day-dinh-duong-de-lam-tai-10200,Invalid slug
Món cháo,https://www.dienmayxanh.com/vao-bep/3-cach-nau-chao-ga-nam-thom-ngon-day-dinh-duong-de-lam-tai-08670,Invalid slug
Món cháo,https://www.dienmayxanh.com/vao-bep/2-cach-nau-chao-ca-ro-cho-be-an-dam-don-gian-bo-duong-de-lam-13319,Invalid slug
Món cháo,https://www.dienmayxanh.com/vao-bep/2-cach-nau-chao-rau-den-cho-be-an-dam-thom-ngon-de-lam-don-13184,Invalid slug
Món cháo,https://www.dienmayxanh.com/vao-bep/tong-hop-4-cach-nau-chao-yen-mach-tom-ngon-don-gian-bo-duong-06106,Invalid slug
Món cháo,https://www.dienmayxanh.com/vao-bep/2-cach-nau-chao-trung-vit-lon-dau-xanh-va-cai-xanh-thom-ngon-08658,Invalid slug
Món cháo,https://www.dienmayxanh.com/vao-bep/2-cach-nau-chao-ca-hoi-rau-mong-toi-cho-be-an-dam-beo-ngot-08433,Invalid slug
Món cháo,https://www.dienmayxanh.com/vao-bep/2-cach-nau-chao-tom-rau-mong-toi-cho-be-thom-ngon-day-du-dinh-09121,Invalid slug
Món cháo,https://www.dienmayxanh.com/vao-bep/cach-nau-chao-bang-noi-com-dien-nhanh-ma-khong-bi-trao-00509,Missing data
Món cháo,https://www.dienmayxanh.com/vao-bep/2-cach-nau-chao-ca-hoi-dau-ha-lan-va-dau-phong-cho-be-an-dam-08546,Invalid slug
Món cháo,https://www.dienmayxanh.com/vao-bep/tong-hop-5-cach-nau-chao-bang-noi-com-dien-thom-ngon-vo-cung-15116,Invalid slug
Món cháo,https://www.dienmayxanh.com/vao-bep/cach-nau-chao-bang-noi-com-dien-tu-00417,Missing data
Món cháo,https://www.dienmayxanh.com/vao-bep/2-cach-nau-chao-ca-loc-nau-bau-dan-da-ma-lai-cuc-ngon-mieng-08529,Invalid slug
Món cháo,https://www.dienmayxanh.com/vao-bep/2-cach-nau-chao-bang-noi-com-dien-cuckoo-mem-ngon-bo-duong-15539,Invalid slug
Món cháo,https://www.dienmayxanh.com/vao-bep/3-cach-nau-chao-chay-thom-ngon-thanh-dam-cho-gia-dinh-01657,Invalid slug
Món cháo,https://www.dienmayxanh.com/vao-bep/2-cach-nau-chao-tom-khoai-lang-va-khoai-mo-cho-be-an-dam-day-09060,Invalid slug
Món cháo,https://www.dienmayxanh.com/vao-bep/2-cach-nau-chao-thit-heo-rau-mong-toi-cho-be-an-dam-dinh-11463,Invalid slug
Món cháo,https://www.dienmayxanh.com/vao-bep/tong-hop-14-cach-xay-chao-bang-may-xay-sinh-to-cho-be-an-dam-16546,Invalid slug
Món cháo,https://www.dienmayxanh.com/vao-bep/tong-hop-13-mon-an-che-bien-tu-ca-hoi-thom-ngon-de-lam-dam-da-05777,Invalid slug
Món cháo,https://www.dienmayxanh.com/vao-bep/2-cach-nau-chao-tom-bi-do-va-thit-bam-don-gian-th-02341,Invalid slug
Món cháo,https://www.dienmayxanh.com/vao-bep/2-cach-nau-chao-ca-ro-phi-thom-ngon-hap-dan-don-gian-cho-gia-13402,Invalid slug
Món cháo,https://www.dienmayxanh.com/vao-bep/2-cach-nau-chao-ca-hoi-rau-den-va-cu-den-cho-be-an-dam-ngon-08435,Invalid slug
Món cháo,https://www.dienmayxanh.com/vao-bep/2-cach-nau-chao-tom-rau-cai-ngot-cho-be-an-dam-day-dinh-duong-08875,Invalid slug
Món cháo,https://www.dienmayxanh.com/vao-bep/2-cach-nau-chao-luon-cai-thia-va-cai-bo-xoi-bo-duong-cho-be-08682,Invalid slug
Món cháo,https://www.dienmayxanh.com/vao-bep/2-cach-nau-chao-thit-bo-rau-mong-toi-cho-bua-an-dam-cua-be-11432,Invalid slug
Món cháo,https://www.dienmayxanh.com/vao-bep/2-cach-nau-chao-dau-ha-lan-cho-be-thom-ngon-bo-duong-va-vo-13597,Invalid slug
Món cháo,https://www.dienmayxanh.com/vao-bep/2-cach-nau-chao-ech-dau-xanh-cho-be-thom-ngon-dinh-duong-don-08600,Invalid slug
Món cháo,https://www.dienmayxanh.com/vao-bep/2-cach-nau-chao-bang-noi-nau-cham-mem-thom-bo-duong-cho-be-an-14958,Invalid slug
Món cháo,https://www.dienmayxanh.com/vao-bep/2-cach-nau-chao-thit-bam-rau-cu-thom-ngon-bo-duong-don-gian-13667,Invalid slug
Món cháo,https://www.dienmayxanh.com/vao-bep/3-cach-nau-chao-ngo-bap-thom-ngon-bo-duong-cho-be-an-dam-09504,Invalid slug
Món cháo,https://www.dienmayxanh.com/vao-bep/2-cach-nau-chao-bi-ngoi-cho-be-an-dam-cuc-ngon-mieng-day-dinh-09461,Invalid slug
Món cháo,https://www.dienmayxanh.com/vao-bep/nau-chao-rau-mong-toi-voi-gi-cho-be-tong-hop-7-cach-nau-chao-14523,Missing data
Món cháo,https://www.dienmayxanh.com/vao-bep/cach-nau-chao-gao-do-an-cung-ca-bong-kho-mon-ngon-xu-hue-voi-22527,Invalid slug
Món cháo,https://www.dienmayxanh.com/vao-bep/2-cach-nau-chao-chan-gio-hat-sen-va-ca-rot-thom-ngon-bo-duong-09685,Invalid slug
Món cháo,https://www.dienmayxanh.com/vao-bep/2-cach-nau-chao-ga-tia-to-thom-ngon-hap-dan-don-gian-ai-cung-14960,Invalid slug
Món cháo,https://www.dienmayxanh.com/vao-bep/2-cach-nau-chao-muc-bo-duong-thom-ngon-am-bung-ngay-lanh-01208,Invalid slug
Món cháo,https://www.dienmayxanh.com/vao-bep/2-cach-nau-chao-vit-cho-be-thom-lung-bo-duong-don-gian-tai-08638,Invalid slug
Món cháo,https://www.dienmayxanh.com/vao-bep/3-cach-nau-chao-bang-may-lam-sua-hat-da-nang-nhanh-chong-tien-15307,Invalid slug
Món cháo,https://www.dienmayxanh.com/vao-bep/2-cach-nau-chao-rau-chum-ngay-cho-be-an-dam-don-gian-dinh-13248,Invalid slug
Món cháo,https://www.dienmayxanh.com/vao-bep/9-cach-nau-chao-luon-thom-ngon-bo-duong-don-gian-cho-ca-nha-09463,Invalid slug
Món cháo,https://www.dienmayxanh.com/vao-bep/2-cach-nau-chao-bang-noi-ap-suat-dien-da-nang-cho-bua-sang-08982,Invalid slug
Món cháo,https://www.dienmayxanh.com/vao-bep/2-cach-nau-chao-ca-chep-ca-rot-thom-ngon-dinh-duong-don-gian-08481,Invalid slug
Món cháo,https://www.dienmayxanh.com/vao-bep/2-cach-nau-chao-oc-buou-va-chao-oc-mong-tay-thom-ngon-cho-ca-14071,Invalid slug
Món cháo,https://www.dienmayxanh.com/vao-bep/4-cach-nau-chao-ga-cho-be-an-dam-thom-ngon-don-gian-dinh-15035,Invalid slug
Món cháo,https://www.dienmayxanh.com/vao-bep/2-cach-nau-chao-ca-bop-thom-ngon-khong-tanh-de-lam-tai-nha-09055,Invalid slug
Món cháo,https://www.dienmayxanh.com/vao-bep/2-cach-nau-chao-ca-tra-thom-ngon-khong-bi-tanh-bo-duong-don-12004,Invalid slug
Món xào,https://www.dienmayxanh.com/vao-bep/2-cach-lam-tep-xao-bong-dien-dien-va-he-don-gian-thom-ngon-08225,Invalid slug
Món xào,https://www.dienmayxanh.com/vao-bep/3-cach-lam-tep-oc-va-thit-bo-xuc-banh-da-dan-da-chieu-dai-gia-09566,Invalid slug
Món xào,https://www.dienmayxanh.com/vao-bep/3-cach-lam-doi-truong-xao-thap-cam-sa-ot-va-sa-te-thom-ngon-05128,Invalid slug
Món xào,https://www.dienmayxanh.com/vao-bep/2-cach-lam-thit-bo-xao-su-su-gion-ngon-don-gian-tai-nha-07602,Invalid slug
Món xào,https://www.dienmayxanh.com/vao-bep/3-cach-lam-be-be-xao-thom-ngon-ngot-thit-bang-chao-chong-dinh-22882,Invalid slug
Món xào,https://www.dienmayxanh.com/vao-bep/tong-hop-10-cach-lam-mi-xao-thom-ngon-hap-dan-de-lam-tai-nha-06002,Invalid slug
Món xào,https://www.dienmayxanh.com/vao-bep/2-cach-lam-com-nam-thit-heo-chien-gion-va-thit-heo-xao-thom-05398,Invalid slug
Món xào,https://www.dienmayxanh.com/vao-bep/2-cach-lam-ghe-rang-gay-nghien-nham-nhi-ngay-cuoi-tuan-01824,Invalid slug
Món xào,https://www.dienmayxanh.com/vao-bep/tong-hop-39-cach-lam-cac-mon-xao-bo-toi-thom-lung-don-gian-15412,Invalid slug
Món xào,https://www.dienmayxanh.com/vao-bep/tong-hop-7-cach-lam-mi-udon-xao-ngon-mieng-de-lam-doi-vi-bua-14521,Invalid slug
Món xào,https://www.dienmayxanh.com/vao-bep/2-cach-lam-cu-cai-muoi-xao-sa-ot-va-chua-ngot-la-mieng-don-05497,Invalid slug
Món xào,https://www.dienmayxanh.com/vao-bep/2-cach-lam-mi-y-sot-kem-nam-va-sot-kem-nam-thit-xong-khoi-beo-22737,Invalid slug
Món xào,https://www.dienmayxanh.com/vao-bep/2-cach-lam-rau-cai-cuc-tan-o-xao-toi-va-xao-ca-chua-thom-ngon-09581,Invalid slug
Món xào,https://www.dienmayxanh.com/vao-bep/2-cach-lam-mang-tuoi-xao-chay-thom-ngon-thanh-dam-hap-dan-05606,Invalid slug
Món xào,https://www.dienmayxanh.com/vao-bep/2-cach-lam-lon-man-xao-sa-ot-va-xao-la-mac-mat-don-gian-dam-10695,Invalid slug
Món xào,https://www.dienmayxanh.com/vao-bep/2-cach-lam-bap-xao-trung-muoi-pho-mai-beo-ngay-thom-ngon-08491,Invalid slug
Món xào,https://www.dienmayxanh.com/vao-bep/cach-lam-thit-bo-xao-bong-thien-ly-mon-ngon-dan-da-cuc-de-lam-09803,Invalid slug
Món xào,https://www.dienmayxanh.com/vao-bep/2-cach-lam-bao-tu-heo-xao-sa-te-dua-chua-don-gian-04247,Invalid slug
Món xào,https://www.dienmayxanh.com/vao-bep/3-cach-lam-cai-xoong-xao-tom-toi-va-thit-bo-thom-ngon-hap-dan-05223,Invalid slug
Món xào,https://www.dienmayxanh.com/vao-bep/2-cach-lam-mien-xao-tom-thom-ngon-hap-dan-doi-vi-cho-bua-com-08223,Invalid slug
Món xào,https://www.dienmayxanh.com/vao-bep/2-cach-lam-dau-hu-xao-chay-la-que-va-xao-lan-thom-ngon-dam-vi-07317,Invalid slug
Món xào,https://www.dienmayxanh.com/vao-bep/2-cach-lam-oc-nhay-xao-sa-ot-va-xao-bo-toi-thom-ngon-don-gian-07744,Invalid slug
Món xào,https://www.dienmayxanh.com/vao-bep/5-cach-xao-nhong-ngon-beo-hap-dan-de-lam-ngay-tai-nha-08659,Invalid slug
Món xào,https://www.dienmayxanh.com/vao-bep/3-cach-che-bien-rau-bo-khai-xao-bang-chao-sau-long-sieu-don-22207,Invalid slug
Món xào,https://www.dienmayxanh.com/vao-bep/3-cach-lam-cat-heo-xao-vua-don-gian-nhanh-gon-lai-hap-dan-04181,Invalid slug
Món xào,https://www.dienmayxanh.com/vao-bep/2-cach-lam-chan-ga-xao-cay-va-xao-sa-ot-thom-ngon-hap-dan-04907,Invalid slug
Món xào,https://www.dienmayxanh.com/vao-bep/tong-hop-4-cach-lam-ga-xao-sa-ot-thom-nong-dam-da-cuc-ngon-16569,Invalid slug
Món xào,https://www.dienmayxanh.com/vao-bep/2-cach-lam-ngo-sen-xao-thit-heo-va-xao-thit-ga-thom-ngon-don-07489,Invalid slug
Món xào,https://www.dienmayxanh.com/vao-bep/2-cach-lam-bao-ngu-sot-dau-hao-dam-da-cuc-ngon-bo-duong-05016,Invalid slug
Món xào,https://www.dienmayxanh.com/vao-bep/2-cach-lam-nui-xao-ga-hap-dan-ngon-mieng-de-lam-cho-bua-sang-13963,Invalid slug
Món xào,https://www.dienmayxanh.com/vao-bep/4-cach-lam-cai-bo-xoi-xao-thom-ngon-hap-dan-day-dinh-duong-05169,Invalid slug
Món xào,https://www.dienmayxanh.com/vao-bep/2-cach-lam-cua-sot-trung-muoi-va-sot-ot-beo-thom-dam-da-02338,Invalid slug
Món xào,https://www.dienmayxanh.com/vao-bep/2-cach-lam-dau-dua-xao-tom-kho-va-tom-tuoi-thom-ngon-kho-09482,Invalid slug
Món xào,https://www.dienmayxanh.com/vao-bep/2-cach-lam-rau-cai-lan-xao-toi-ngon-cho-nguoi-an-chay-va-an-22206,Invalid slug
Món xào,https://www.dienmayxanh.com/vao-bep/2-cach-lam-coi-so-diep-xao-nam-cai-va-xao-mang-tay-thom-ngon-05010,Invalid slug
Món xào,https://www.dienmayxanh.com/vao-bep/tong-hop-32-cach-lam-cac-mon-tom-xao-hap-dan-don-gian-ai-cung-13831,Invalid slug
Món xào,https://www.dienmayxanh.com/vao-bep/2-cach-lam-ruoi-xao-cu-nieng-va-ruoi-xao-mang-ngon-chuan-vi-05831,Invalid slug
Món xào,https://www.dienmayxanh.com/vao-bep/2-cach-lam-mon-mi-xao-gion-chay-thanh-dam-thom-ngon-don-gian-06906,Invalid slug
Món xào,https://www.dienmayxanh.com/vao-bep/2-cach-lam-muop-xao-gia-do-thom-ngon-don-gian-cho-bua-com-07113,Invalid slug
Món xào,https://www.dienmayxanh.com/vao-bep/2-cach-lam-doi-truong-xao-chua-ngot-va-bap-non-thom-ngon-ai-09185,Invalid slug
Món xào,https://www.dienmayxanh.com/vao-bep/2-cach-lam-cai-ngot-xao-tom-va-thit-heo-ngon-don-gian-dam-da-09361,Invalid slug
Món xào,https://www.dienmayxanh.com/vao-bep/3-cach-lam-ngon-su-su-rau-xu-xu-xao-thom-ngon-don-gian-la-08671,Invalid slug
Món xào,https://www.dienmayxanh.com/vao-bep/2-cach-lam-ga-xao-bap-cai-mem-ngot-dam-da-hap-dan-ngon-mieng-08667,Invalid slug
Món xào,https://www.dienmayxanh.com/vao-bep/thit-trau-xao-gi-ngon-tong-hop-14-cach-lam-thit-trau-xao-10102,Missing data
Món xào,https://www.dienmayxanh.com/vao-bep/2-cach-lam-mi-chu-xao-thom-ngon-don-gian-de-lam-tai-nha-08443,Invalid slug
Món xào,https://www.dienmayxanh.com/vao-bep/2-cach-lam-gan-lon-gan-heo-xao-vua-ngon-vua-bo-ai-cung-me-01544,Invalid slug
Món xào,https://www.dienmayxanh.com/vao-bep/2-cach-lam-tom-xao-nam-huong-va-nam-linh-chi-thom-ngon-don-07460,Invalid slug
Món xào,https://www.dienmayxanh.com/vao-bep/3-cach-lam-pasta-sot-pesto-moi-la-cuc-ngon-mieng-04785,Invalid slug
Món xào,https://www.dienmayxanh.com/vao-bep/3-cach-lam-nam-linh-chi-xao-chay-thom-ngon-thanh-dam-don-gian-08951,Invalid slug
Món xào,https://www.dienmayxanh.com/vao-bep/tong-hop-11-cach-lam-ot-chuong-xao-hap-dan-thom-ngon-don-gian-15319,Invalid slug
Món xào,https://www.dienmayxanh.com/vao-bep/tong-hop-26-cach-xao-chua-ngot-thom-ngon-don-gian-ai-cung-lam-15326,Invalid slug
Món xào,https://www.dienmayxanh.com/vao-bep/tong-hop-11-cach-lam-cac-mon-xao-nghe-vang-uom-thom-ngon-hap-16477,Invalid slug
Món xào,https://www.dienmayxanh.com/vao-bep/3-cach-lam-mien-xao-chay-don-gian-thom-ngon-cho-ca-gia-dinh-04898,Invalid slug
Món xào,https://www.dienmayxanh.com/vao-bep/4-cach-lam-so-lua-xao-thom-ngon-hap-dan-don-gian-tai-nha-07765,Invalid slug
Món xào,https://www.dienmayxanh.com/vao-bep/2-cach-ngao-ngheu-xao-la-que-va-rau-muong-thom-ngon-tai-nha-04901,Invalid slug
Món xào,https://www.dienmayxanh.com/vao-bep/tong-hop-16-cach-lam-cac-mon-xao-hanh-tay-thom-ngon-don-gian-16468,Invalid slug
Món xào,https://www.dienmayxanh.com/vao-bep/2-cach-lam-thit-ga-xao-nam-va-xao-patiala-thom-ngon-don-gian-04893,Invalid slug
Món xào,https://www.dienmayxanh.com/vao-bep/cach-lam-mien-cua-xao-chay-thom-ngon-04023,Missing data
Món xào,https://www.dienmayxanh.com/vao-bep/2-cach-lam-luoi-heo-xao-sa-ot-va-xao-khe-thom-ngon-dua-com-07606,Invalid slug
Món xào,https://www.dienmayxanh.com/vao-bep/2-cach-lam-ngheu-ngao-xao-sa-te-va-mo-hanh-thom-ngon-hap-dan-07353,Invalid slug
Món xào,https://www.dienmayxanh.com/vao-bep/2-cach-lam-ca-tim-xao-chao-va-ca-tim-xao-nuoc-tuong-thom-ngon-02255,Invalid slug
Món xào,https://www.dienmayxanh.com/vao-bep/2-cach-lam-muc-kho-xao-chua-ngot-va-xao-me-de-an-de-nghien-06668,Invalid slug
Món xào,https://www.dienmayxanh.com/vao-bep/2-cach-lam-bap-cai-xao-chua-ngot-va-xao-nam-ngon-mieng-dam-da-08760,Invalid slug
Món xào,https://www.dienmayxanh.com/vao-bep/2-cach-lam-rau-dang-xao-thit-bo-va-nam-rom-don-gian-tot-cho-06787,Invalid slug
Món xào,https://www.dienmayxanh.com/vao-bep/4-cach-lam-oc-lac-xao-cay-nong-hap-dan-thom-ngon-dam-vi-don-08960,Invalid slug
Món xào,https://www.dienmayxanh.com/vao-bep/2-cach-lam-thit-be-xao-sa-ot-va-xao-cai-ro-thom-ngon-chuan-vi-02535,Invalid slug
Món xào,https://www.dienmayxanh.com/vao-bep/2-cach-lam-vem-xao-sa-ot-va-xao-bo-toi-thom-lung-hap-dan-de-07769,Invalid slug
Món xào,https://www.dienmayxanh.com/vao-bep/3-cach-lam-dau-dua-xao-toi-xao-dua-va-xao-thit-cay-thom-ngon-04994,Invalid slug
Món xào,https://www.dienmayxanh.com/vao-bep/2-cach-lam-bon-bon-xao-thom-ngon-de-lam-dan-de-cho-bua-com-08922,Invalid slug
Món xào,https://www.dienmayxanh.com/vao-bep/tong-hop-7-cach-lam-uc-ga-xao-rau-cu-ngon-mieng-don-gian-cho-07072,Invalid slug
Món xào,https://www.dienmayxanh.com/vao-bep/2-cach-lam-nam-moi-xao-thit-bo-va-xao-thit-ga-mem-ngon-don-08830,Invalid slug
Món xào,https://www.dienmayxanh.com/vao-bep/2-cach-lam-bau-xao-ngheu-va-xao-gio-thu-day-vi-bat-com-cang-06257,Invalid slug
Món xào,https://www.dienmayxanh.com/vao-bep/2-cach-lam-me-ga-xao-gia-va-xao-nam-thom-ngon-don-gian-hap-09127,Invalid slug
Món xào,https://www.dienmayxanh.com/vao-bep/2-cach-lam-dau-que-xao-ca-chua-va-xao-ca-tim-la-mieng-hap-dan-08143,Invalid slug
Món xào,https://www.dienmayxanh.com/vao-bep/2-cach-lam-hu-tieu-xao-chay-thom-ngon-hap-dan-don-gian-doi-vi-13714,Invalid slug
Món xào,https://www.dienmayxanh.com/vao-bep/2-cach-lam-mi-can-xao-nghe-thom-ngon-don-gian-cho-mam-com-12497,Invalid slug
Món xào,https://www.dienmayxanh.com/vao-bep/2-cach-lam-nam-kim-cham-xao-toi-va-xao-muop-thom-ngon-hap-dan-08733,Invalid slug
Món xào,https://www.dienmayxanh.com/vao-bep/2-cach-lam-pho-xao-trung-va-tom-la-mieng-thom-lung-kho-cuong-08397,Invalid slug
Món xào,https://www.dienmayxanh.com/vao-bep/3-cach-xao-cu-sen-ngon-don-gian-nhanh-chong-cho-gia-dinh-01689,Invalid slug
Món xào,https://www.dienmayxanh.com/vao-bep/2-cach-lam-su-su-xao-thit-ngon-mieng-hap-dan-cho-bua-com-08918,Invalid slug
Món xào,https://www.dienmayxanh.com/vao-bep/3-cach-lam-hen-xao-rau-muong-bau-va-bap-cai-cuc-don-gian-lai-08188,Invalid slug
Món xào,https://www.dienmayxanh.com/vao-bep/2-cach-lam-nam-bao-ngu-xao-sa-ot-va-xao-thit-bo-thom-ngon-02536,Invalid slug
Món xào,https://www.dienmayxanh.com/vao-bep/3-cach-lam-ngao-ngheu-xao-thom-ngon-hap-dan-ai-cung-lam-duoc-01471,Invalid slug
Món xào,https://www.dienmayxanh.com/vao-bep/tong-hop-17-cach-lam-nam-bao-ngu-xao-hap-dan-thom-ngon-don-15318,Invalid slug
Món xào,https://www.dienmayxanh.com/vao-bep/2-cach-lam-mon-bap-cai-xao-ca-chua-va-bap-cai-xao-trung-thom-02891,Invalid slug
Món xào,https://www.dienmayxanh.com/vao-bep/3-cach-lam-ca-dia-xao-toi-xao-la-lot-va-xao-thit-nhanh-voi-22309,Invalid slug
Món xào,https://www.dienmayxanh.com/vao-bep/2-cach-lam-bi-nu-xao-toi-va-xao-thit-bo-moi-la-thom-ngon-cho-09681,Invalid slug
Món xào,https://www.dienmayxanh.com/vao-bep/gnocchi-la-gi-nguon-goc-va-cach-lam-gnocchi-don-gian-cuc-ngon-00091,Missing data
Món xào,https://www.dienmayxanh.com/vao-bep/2-cach-lam-mon-oc-mo-xao-toi-xao-me-ngon-nhu-ngoai-hang-01908,Invalid slug
Món xào,https://www.dienmayxanh.com/vao-bep/3-cach-lam-bun-thit-xao-sa-ot-hanh-tay-va-ngu-vi-huong-thom-01801,Invalid slug
Món xào,https://www.dienmayxanh.com/vao-bep/3-cach-lam-trung-cut-lon-chien-xu-sot-bo-rim-mam-va-xao-sa-te-01919,Invalid slug
Món xào,https://www.dienmayxanh.com/vao-bep/2-cach-lam-nam-lon-xao-dai-gion-thom-lung-dam-da-hap-dan-08258,Invalid slug
Món xào,https://www.dienmayxanh.com/vao-bep/3-cach-lam-bap-cai-ti-hon-bap-cai-mini-xao-don-gian-thom-ngon-05494,Invalid slug
Món xào,https://www.dienmayxanh.com/vao-bep/2-cach-lam-bap-non-xao-thit-bo-va-xao-dau-que-don-gian-thom-05028,Invalid slug
Món xào,https://www.dienmayxanh.com/vao-bep/2-cach-lam-pho-ap-chao-chay-thom-ngon-don-gian-cho-ca-nha-08552,Invalid slug
Món xào,https://www.dienmayxanh.com/vao-bep/3-cach-lam-mon-ca-tim-xao-de-lam-an-voi-com-ngon-tuyet-01543,Invalid slug
Món xào,https://www.dienmayxanh.com/vao-bep/tong-hop-10-cach-lam-ca-tim-xao-thom-ngon-de-lam-ai-cung-16887,Invalid slug
Món xào,https://www.dienmayxanh.com/vao-bep/2-cach-lam-doi-truong-xao-dua-cai-va-bap-cai-dai-gion-de-lam-09076,Invalid slug
Món xào,https://www.dienmayxanh.com/vao-bep/2-cach-lam-long-heo-xao-nam-va-xao-toi-ot-thom-ngon-bat-vi-06240,Invalid slug
Món xào,https://www.dienmayxanh.com/vao-bep/2-cach-lam-long-de-xao-dua-va-xao-rau-ram-thom-ngon-khong-hoi-10535,Invalid slug
Món xào,https://www.dienmayxanh.com/vao-bep/2-cach-lam-nam-bao-ngu-xao-toi-va-xao-trung-dai-ngon-hap-dan-10370,Invalid slug
Món xào,https://www.dienmayxanh.com/vao-bep/2-cach-lam-thit-lon-xao-khoai-tay-don-gian-de-lam-ngon-kho-14757,Invalid slug
Món xào,https://www.dienmayxanh.com/vao-bep/3-cach-lam-bun-gao-lut-xao-thom-ngon-don-gian-cho-bua-sang-du-10024,Invalid slug
Món xào,https://www.dienmayxanh.com/vao-bep/2-cach-lam-ga-xao-kieu-thai-thom-phuc-nong-hoi-an-la-ghien-05222,Invalid slug
Món xào,https://www.dienmayxanh.com/vao-bep/2-cach-lam-ech-nau-om-chuoi-ngon-dam-vi-mien-bac-ai-cung-khen-01466,Invalid slug
Món xào,https://www.dienmayxanh.com/vao-bep/2-cach-lam-tim-bo-xao-dua-va-xao-bong-cai-thanh-mat-cho-ngay-10888,Invalid slug
Món xào,https://www.dienmayxanh.com/vao-bep/3-cach-lam-uc-ga-xao-mang-tay-dau-que-va-dau-bap-ngon-hap-dan-07015,Invalid slug
Món xào,https://www.dienmayxanh.com/vao-bep/2-cach-lam-mang-kho-xao-chay-don-gian-hap-dan-ai-cung-me-14339,Invalid slug
Món xào,https://www.dienmayxanh.com/vao-bep/2-cach-lam-hau-xao-bong-cai-va-sa-ot-bo-duong-thom-ngon-ngat-04392,Invalid slug
Món xào,https://www.dienmayxanh.com/vao-bep/2-cach-lam-xo-mit-xao-dau-va-xo-mit-xao-thit-bo-thom-ngon-la-16186,Invalid slug
Món xào,https://www.dienmayxanh.com/vao-bep/2-cach-lam-rau-bau-xao-toi-va-xao-thit-bo-thom-ngon-dan-da-de-09320,Invalid slug
Món xào,https://www.dienmayxanh.com/vao-bep/2-cach-lam-muc-trung-xao-can-toi-va-xao-dua-thom-ngon-dam-da-08783,Invalid slug
Món xào,https://www.dienmayxanh.com/vao-bep/2-cach-lam-trung-xao-ca-chua-va-trung-xao-ngao-ng-02417,Invalid slug
Món xào,https://www.dienmayxanh.com/vao-bep/2-cach-lam-cai-thao-xao-nam-thanh-dam-thanh-nhiet-co-the-ngay-10352,Invalid slug
Món xào,https://www.dienmayxanh.com/vao-bep/2-cach-lam-thit-nai-xao-la-lot-va-xao-sa-ot-thom-ngon-moi-la-08498,Invalid slug
Món xào,https://www.dienmayxanh.com/vao-bep/2-cach-lam-oc-buou-xao-sa-ot-thom-ngon-nuc-mui-04143,Invalid slug
Món xào,https://www.dienmayxanh.com/vao-bep/3-cach-lam-uc-ga-xao-nam-thom-ngon-don-gian-cho-bua-com-07022,Invalid slug
Món xào,https://www.dienmayxanh.com/vao-bep/2-cach-lam-bap-cai-xao-thit-thom-ngon-hap-dan-don-gian-cho-08669,Invalid slug
Món xào,https://www.dienmayxanh.com/vao-bep/2-cach-lam-mang-xao-long-ga-va-long-vit-gion-ngon-hap-dan-05780,Invalid slug
Món xào,https://www.dienmayxanh.com/vao-bep/2-cach-lam-gio-thu-gio-xao-de-lam-gion-ngon-01453,Invalid slug
Món xào,https://www.dienmayxanh.com/vao-bep/3-cach-lam-ngong-toi-xao-thom-ngon-dam-da-cho-bua-com-gia-08787,Invalid slug
Món xào,https://www.dienmayxanh.com/vao-bep/2-cach-lam-mi-bao-ngu-rau-cu-va-sot-xo-thom-ngon-don-gian-tai-05100,Invalid slug
Món xào,https://www.dienmayxanh.com/vao-bep/2-cach-lam-rau-tien-vua-xao-thit-bo-va-xao-tom-ngon-hap-dan-07284,Invalid slug
Món xào,https://www.dienmayxanh.com/vao-bep/tong-hop-16-cach-lam-mien-xao-thom-ngon-hap-dan-cho-ngay-ngan-08132,Invalid slug
Món xào,https://www.dienmayxanh.com/vao-bep/3-cach-lam-dau-ha-lan-xao-thom-ngon-don-gian-nhanh-chong-va-04757,Invalid slug
Món xào,https://www.dienmayxanh.com/vao-bep/2-cach-lam-top-mo-rang-me-va-top-mo-xao-dua-chua--02397,Invalid slug
Món xào,https://www.dienmayxanh.com/vao-bep/2-cach-lam-vo-dua-hau-xao-don-gian-moi-la-thom-ngon-07688,Invalid slug
Món xào,https://www.dienmayxanh.com/vao-bep/2-cach-lam-hen-xao-mien-moi-la-don-gian-thom-ngon-kho-cuong-10388,Invalid slug
Món xào,https://www.dienmayxanh.com/vao-bep/2-cach-lam-vit-xao-hung-que-va-rau-ram-bo-duong-la-mieng-cho-08248,Invalid slug
Món xào,https://www.dienmayxanh.com/vao-bep/2-cach-lam-bi-ngoi-xao-toi-va-bi-ngoi-xao-thit-bo--02529,Invalid slug
Món xào,https://www.dienmayxanh.com/vao-bep/2-cach-lam-mi-y-spaghetti-ga-moi-la-hap-dan-don-gian-cho-ca-10021,Invalid slug
Món xào,https://www.dienmayxanh.com/vao-bep/2-cach-lam-my-y-ca-hoi-va-my-y-so-diep-thom-ngon-don-gian-04970,Invalid slug
Món xào,https://www.dienmayxanh.com/vao-bep/2-cach-lam-ca-rot-xao-thit-va-xao-trung-mem-ngon-dam-da-cho-09837,Invalid slug
Món xào,https://www.dienmayxanh.com/vao-bep/2-cach-lam-vit-chay-xao-lan-va-xao-gung-la-mieng-thom-ngon-10768,Invalid slug
Món xào,https://www.dienmayxanh.com/vao-bep/2-cach-lam-oc-giac-xao-rau-muong-va-oc-giac-xao-trung-muoi-00228,Invalid slug
Món xào,https://www.dienmayxanh.com/vao-bep/2-cach-lam-mi-tron-cay-sieu-nhanh-chong-hap-dan-kho-choi-tu-07651,Invalid slug
Món xào,https://www.dienmayxanh.com/vao-bep/2-cach-lam-oc-mong-tay-xao-rau-muong-thom-ngon-dam-da-hap-dan-07791,Invalid slug
Món xào,https://www.dienmayxanh.com/vao-bep/2-cach-lam-du-du-xao-thit-ga-va-xao-nam-don-gian-thom-ngon-04979,Invalid slug
Món xào,https://www.dienmayxanh.com/vao-bep/2-cach-lam-ca-duoi-xao-lan-va-xao-sa-ot-dam-da-thom-ngon-hap-08326,Invalid slug
Món xào,https://www.dienmayxanh.com/vao-bep/tong-hop-7-cach-lam-uc-ga-xao-thom-ngon-dam-da-doi-vi-cho-bua-08260,Invalid slug
Món xào,https://www.dienmayxanh.com/vao-bep/2-cach-lam-so-diep-xao-voi-nam-kim-cham-va-bong-cai-xanh-cuc-04682,Invalid slug
Món xào,https://www.dienmayxanh.com/vao-bep/tong-hop-7-cach-lam-mon-oc-mo-xao-vo-cung-hap-dan-10963,Invalid slug
Món xào,https://www.dienmayxanh.com/vao-bep/2-cach-lam-thit-bo-xao-mang-tuoi-va-mang-kho-thom-ngon-hap-04092,Invalid slug
Món xào,https://www.dienmayxanh.com/vao-bep/2-cach-lam-keo-neo-xao-toi-va-keo-neo-xao-tep-don-gian-dam-da-10656,Invalid slug
Món xào,https://www.dienmayxanh.com/vao-bep/2-cach-lam-thit-bo-xao-nam-dui-ga-ngot-ngon-hap-dan-don-gian-09319,Invalid slug
Món xào,https://www.dienmayxanh.com/vao-bep/2-cach-lam-mon-muc-xao-chua-ngot-don-gian-ngon-dung-chuan-01530,Invalid slug
Món xào,https://www.dienmayxanh.com/vao-bep/tong-hop-12-cach-lam-muop-xao-thanh-ngot-thom-ngon-don-gian-11620,Invalid slug
Món xào,https://www.dienmayxanh.com/vao-bep/2-cach-lam-khoai-tay-xao-cat-heo-va-xao-bo-nhanh-chong-va-03976,Invalid slug
Món xào,https://www.dienmayxanh.com/vao-bep/2-cach-lam-mon-hu-tieu-xao-don-gian-thom-ngon-cho-01834,Invalid slug
Món xào,https://www.dienmayxanh.com/vao-bep/tong-hop-15-cach-lam-hen-xao-thom-ngon-hap-dan-de-thuc-hien-09842,Invalid slug
Món xào,https://www.dienmayxanh.com/vao-bep/3-cach-lam-mang-truc-xao-ech-thit-ga-va-thit-vit-dan-da-thom-08526,Invalid slug
Món xào,https://www.dienmayxanh.com/vao-bep/3-cach-lam-tau-hu-ky-xao-dua-xao-nam-va-xao-ot-chuong-thom-10867,Invalid slug
Món xào,https://www.dienmayxanh.com/vao-bep/tong-hop-14-mon-ech-xao-thom-ngon-hap-dan-dam-da-huong-vi-09303,Invalid slug
Món xào,https://www.dienmayxanh.com/vao-bep/2-cach-lam-cu-nieng-xao-thit-bo-va-cu-nieng-xao-tr-02662,Invalid slug
Món xào,https://www.dienmayxanh.com/vao-bep/2-cach-lam-tim-bo-xao-can-tay-va-xao-nam-thom-ngon-don-gian-10891,Invalid slug
Món xào,https://www.dienmayxanh.com/vao-bep/2-cach-lam-ech-xao-la-lot-va-la-tia-to-thom-ngon-bo-duong-de-04353,Invalid slug
Món xào,https://www.dienmayxanh.com/vao-bep/2-cach-lam-khoai-tay-xao-long-ga-va-uc-ga-thom-ngon-dam-da-de-08325,Invalid slug
Món xào,https://www.dienmayxanh.com/vao-bep/3-cach-lam-mi-y-sot-kem-kem-bi-do-va-kem-nam-chay-moi-la-04150,Invalid slug
Món xào,https://www.dienmayxanh.com/vao-bep/2-cach-lam-mi-soba-xao-hap-dan-moi-la-cho-nhung-ngay-chan-com-08402,Invalid slug
Món xào,https://www.dienmayxanh.com/vao-bep/tong-hop-17-cach-xao-sa-te-thom-ngon-hap-dan-don-gian-de-gay-16512,Invalid slug
Món xào,https://www.dienmayxanh.com/vao-bep/cu-kieu-xao-voi-gi-ngon-tong-hop-6-cach-lam-cu-kieu-xao-moi-16282,Missing data
Món xào,https://www.dienmayxanh.com/vao-bep/2-cach-lam-dau-tuyet-xao-tom-va-xao-thit-ga-thom-ngon-hap-dan-05502,Invalid slug
Món xào,https://www.dienmayxanh.com/vao-bep/3-cach-lam-mon-gan-heo-xao-cuc-nhanh-chong-don-gian-dam-bao-04236,Invalid slug
Món xào,https://www.dienmayxanh.com/vao-bep/3-cach-lam-spaghetti-bi-ngoi-mi-y-bi-ngoi-thom-ngon-don-gian-04786,Invalid slug
Món xào,https://www.dienmayxanh.com/vao-bep/4-cach-lam-oc-mit-xao-dam-da-hap-dan-de-lam-ma-ngon-kho-cuong-08964,Invalid slug
Món xào,https://www.dienmayxanh.com/vao-bep/tong-hop-23-cach-lam-mon-long-ga-xao-thom-ngon-don-gian-cho-10143,Invalid slug
Món xào,https://www.dienmayxanh.com/vao-bep/cach-xao-rau-muong-giu-duoc-mau-xanh-00657,Missing data
Món xào,https://www.dienmayxanh.com/vao-bep/3-cach-lam-nam-kim-cham-xao-chay-voi-gia-do-va-bong-cai-thom-08773,Invalid slug
Món xào,https://www.dienmayxanh.com/vao-bep/3-cach-lam-long-ga-xao-hoa-thien-ly-mang-chua-va-bap-cai-don-10415,Invalid slug
Món xào,https://www.dienmayxanh.com/vao-bep/5-cach-lam-muop-xao-chay-thom-ngon-hap-dan-don-gian-tai-nha-14072,Invalid slug
Món xào,https://www.dienmayxanh.com/vao-bep/2-cach-lam-me-ga-xao-bo-toi-va-me-ga-xao-sa-te-don-gian-ai-03965,Invalid slug
Món xào,https://www.dienmayxanh.com/vao-bep/2-cach-lam-mi-tuong-den-dam-vi-truyen-thong-han-quoc-voi-chao-22416,Invalid slug
Món xào,https://www.dienmayxanh.com/vao-bep/2-cach-lam-so-long-xao-ca-ri-va-bong-he-thom-ngon-la-mieng-10737,Invalid slug
Món xào,https://www.dienmayxanh.com/vao-bep/2-cach-lam-ca-phao-xao-la-lot-ca-chua-thom-ngon-de-lam-tai-05349,Invalid slug
Món xào,https://www.dienmayxanh.com/vao-bep/2-cach-lam-tom-xao-bong-cai-va-cai-thia-thom-ngon-don-gian-07281,Invalid slug
Món xào,https://www.dienmayxanh.com/vao-bep/2-cach-lam-chem-chep-xao-rau-muong-va-xao-rau-can-dan-da-thom-09396,Invalid slug
Món xào,https://www.dienmayxanh.com/vao-bep/2-cach-lam-su-su-xao-long-ga-va-xao-tom-thom-ngon-doi-vi-bua-08750,Invalid slug
Món xào,https://www.dienmayxanh.com/vao-bep/2-cach-lam-nam-bao-ngu-xao-thit-heo-va-trung-thom-ngon-de-lam-08743,Invalid slug
Món xào,https://www.dienmayxanh.com/vao-bep/2-cach-lam-cai-thia-xao-nam-dong-co-oc-giac-va-thit-cua-moi-06285,Invalid slug
Món xào,https://www.dienmayxanh.com/vao-bep/2-cach-lam-kho-qua-xao-trung-kho-qua-xao-bo-khong-dang-de-lam-01527,Invalid slug
Món xào,https://www.dienmayxanh.com/vao-bep/tong-hop-11-cach-lam-dua-chua-cai-chua-xao-ngon-dam-vi-cho-11992,Invalid slug
Món xào,https://www.dienmayxanh.com/vao-bep/cach-lam-ran-xao-lan-nuoc-cot-dua-dam-da-huong-vi-bang-chao-23219,Missing data
Món xào,https://www.dienmayxanh.com/vao-bep/2-cach-lam-suon-xao-dua-thom-chua-ngot-thom-ngon-dam-da-07188,Invalid slug
Món xào,https://www.dienmayxanh.com/vao-bep/2-cach-lam-pho-xao-bo-ngon-mieng-de-lam-cuc-hap-dan-08539,Invalid slug
Món xào,https://www.dienmayxanh.com/vao-bep/3-cach-lam-bi-do-xao-toi-trung-tom-don-gian-thom-ngon-04425,Invalid slug
Món xào,https://www.dienmayxanh.com/vao-bep/tong-hop-5-cach-lam-muc-kho-xao-cho-bua-com-gia-dinh-them-hap-06866,Invalid slug
Món xào,https://www.dienmayxanh.com/vao-bep/3-cach-lam-dau-hu-non-sot-thit-bam-sa-te-ca-chua-va-dau-hao-07575,Invalid slug
Món xào,https://www.dienmayxanh.com/vao-bep/2-cach-lam-bap-xao-tom-kho-thom-ngon-dam-da-de-lam-tai-nha-09015,Invalid slug
Món xào,https://www.dienmayxanh.com/vao-bep/2-cach-lam-can-nuoc-xao-toi-va-xao-thit-bo-dan-gia-thom-ngon-07139,Invalid slug
Món xào,https://www.dienmayxanh.com/vao-bep/2-cach-lam-bun-xao-can-ngon-mieng-don-gian-de-lam-cho-bua-09330,Invalid slug
Món xào,https://www.dienmayxanh.com/vao-bep/2-cach-lam-me-ga-xao-hanh-tay-va-xao-muop-ngon-mieng-hap-dan-09155,Invalid slug
Món xào,https://www.dienmayxanh.com/vao-bep/2-cach-lam-chuoi-xanh-xao-la-lot-va-xao-toi-thom-ngon-la-07901,Invalid slug
Món xào,https://www.dienmayxanh.com/vao-bep/2-cach-lam-nam-mo-xao-thit-bo-va-xao-thit-heo-thom-ngon-cho-08839,Invalid slug
Món xào,https://www.dienmayxanh.com/vao-bep/2-cach-lam-hen-xao-sa-te-va-ca-ri-thom-ngon-hap-dan-don-gian-10240,Invalid slug
Món xào,https://www.dienmayxanh.com/vao-bep/2-cach-lam-muop-nhat-xao-thit-bo-va-xao-trung-don-gian-cho-04169,Invalid slug
Món xào,https://www.dienmayxanh.com/vao-bep/2-cach-lam-ca-tim-xao-chay-don-gian-thom-lung-cuc-dua-com-13853,Invalid slug
Món xào,https://www.dienmayxanh.com/vao-bep/2-cach-lam-rau-bo-cong-anh-xao-toi-va-thit-bo-moi-la-ngon-08920,Invalid slug
Món xào,https://www.dienmayxanh.com/vao-bep/2-cach-nau-oc-len-xao-don-gian-ngon-nhuc-nhoi-01701,Invalid slug
Món xào,https://www.dienmayxanh.com/vao-bep/2-cach-lam-bau-xao-trung-va-xao-tom-don-gian-ngon-mieng-02202,Invalid slug
Món xào,https://www.dienmayxanh.com/vao-bep/tong-hop-12-cach-lam-can-tay-xao-thom-ngon-gion-ngot-don-gian-16513,Invalid slug
Món xào,https://www.dienmayxanh.com/vao-bep/2-cach-lam-mi-xao-xuc-xich-don-gian-thom-ngon-cho-bua-sang-08308,Invalid slug
Món xào,https://www.dienmayxanh.com/vao-bep/2-cach-lam-luoi-heo-xao-chua-ngot-xao-rau-cu-02330,Invalid slug
Món xào,https://www.dienmayxanh.com/vao-bep/nui-xao-lo-vi-song-sieu-ngon-sieu-de-00440,Missing data
Món xào,https://www.dienmayxanh.com/vao-bep/cach-lam-ca-ngu-dai-duong-luc-lac-mon-ngon-kho-cuong-cho-bua-07525,Invalid slug
Món xào,https://www.dienmayxanh.com/vao-bep/tong-hop-11-cach-lam-mon-luon-xao-hap-dan-don-gian-ai-cung-me-14850,Invalid slug
Món xào,https://www.dienmayxanh.com/vao-bep/hau-xao-gi-ngon-tong-hop-10-cach-xao-hau-ngon-hap-dan-de-lam-13368,Missing data
Món xào,https://www.dienmayxanh.com/vao-bep/3-cach-lam-ot-chuong-xao-nhanh-gon-don-gian-va-du-chat-cho-ca-04166,Invalid slug
Món xào,https://www.dienmayxanh.com/vao-bep/2-cach-lam-nam-moi-xao-toi-va-xao-muoi-ot-thom-ngon-don-gian-08826,Invalid slug
Món xào,https://www.dienmayxanh.com/vao-bep/2-cach-lam-hoa-chuoi-xao-me-va-xao-oc-thom-ngon-don-gian-tai-08870,Invalid slug
Món xào,https://www.dienmayxanh.com/vao-bep/tong-hop-13-cach-lam-nam-xao-thit-thom-ngon-hap-dan-don-gian-13401,Invalid slug
Món xào,https://www.dienmayxanh.com/vao-bep/2-cach-lam-mong-toi-xao-toi-va-xao-nam-bao-ngu-nhanh-chong-06138,Invalid slug
Món xào,https://www.dienmayxanh.com/vao-bep/2-cach-lam-can-tay-xao-toi-va-xao-nam-don-gian-thom-phuc-tai-07267,Invalid slug
Món xào,https://www.dienmayxanh.com/vao-bep/2-cach-lam-ram-dong-rang-muoi-dan-da-dam-vi-gion-rum-an-cuc-09674,Invalid slug
Món xào,https://www.dienmayxanh.com/vao-bep/2-cach-lam-dau-que-dau-co-ve-xao-trung-don-gian-hap-dan-08077,Invalid slug
Món xào,https://www.dienmayxanh.com/vao-bep/2-cach-lam-thit-trau-xao-can-tay-va-kho-qua-moi-la-thom-ngon-09983,Invalid slug
Món xào,https://www.dienmayxanh.com/vao-bep/2-cach-lam-cat-heo-xao-vua-don-gian-nhanh-gon-lai-hap-dan-09621,Invalid slug
Món xào,https://www.dienmayxanh.com/vao-bep/2-cach-lam-cai-thia-xao-nam-rom-va-nam-bao-ngu-cho-ngay-chay-08884,Invalid slug
Món xào,https://www.dienmayxanh.com/vao-bep/2-cach-lam-dua-chua-xao-long-lon-long-bo-don-gian-ngon-mieng-00035,Invalid slug
Món xào,https://www.dienmayxanh.com/vao-bep/3-cach-lam-doc-mung-xao-thit-bo-long-ga-va-tom-tuoi-la-vi-hap-10279,Invalid slug
Món xào,https://www.dienmayxanh.com/vao-bep/3-cach-lam-ca-com-xao-khe-toi-ot-va-dua-thom-ngon-bat-com-don-09576,Invalid slug
Món xào,https://www.dienmayxanh.com/vao-bep/3-cach-lam-long-me-ga-xao-dua-me-ga-xao-bap-non-va-ot-tu-05441,Invalid slug
Món xào,https://www.dienmayxanh.com/vao-bep/2-cach-lam-dau-hu-non-xao-tom-va-xao-thit-cua-thom-ngon-de-05085,Invalid slug
Món xào,https://www.dienmayxanh.com/vao-bep/2-cach-lam-dau-que-xao-chay-hap-dan-cho-bua-an-chay-them-09603,Invalid slug
Món xào,https://www.dienmayxanh.com/vao-bep/2-cach-lam-thit-bo-xao-la-lot-va-ca-chua-don-gian-cuc-ngon-10627,Invalid slug
Món xào,https://www.dienmayxanh.com/vao-bep/3-cach-lam-la-du-du-xao-thom-ngon-la-mieng-de-lam-cho-bua-com-08713,Invalid slug
Món xào,https://www.dienmayxanh.com/vao-bep/2-cach-lam-ga-xao-cay-thom-ngon-hap-dan-moi-la-cho-bua-an-gia-05386,Invalid slug
Món xào,https://www.dienmayxanh.com/vao-bep/2-cach-lam-oc-buou-xao-ca-ri-va-xao-sa-ot-moi-la-hap-dan-don-04282,Invalid slug
Món xào,https://www.dienmayxanh.com/vao-bep/3-cach-lam-so-huyet-xao-bo-toi-rau-muong-va-sa-ot-thom-ngon-07741,Invalid slug
Món xào,https://www.dienmayxanh.com/vao-bep/2-cach-lam-mang-truc-xao-thit-bo-va-thit-be-dan-da-doi-vi-cho-08581,Invalid slug
Món xào,https://www.dienmayxanh.com/vao-bep/2-cach-lam-luoi-bo-xao-hanh-tay-dua-va-xao-khe-moi-la-ai-cung-10911,Invalid slug
Món xào,https://www.dienmayxanh.com/vao-bep/3-cach-lam-mon-xao-ngon-voi-ca-chua-cuc-don-gian-nhanh-chong-04266,Invalid slug
Món xào,https://www.dienmayxanh.com/vao-bep/3-cach-lam-dau-bap-xao-sa-ot-sa-te-dau-hao-thom-ngon-dam-da-08797,Invalid slug
Món xào,https://www.dienmayxanh.com/vao-bep/2-cach-lam-mon-long-heo-xao-dua-cai-va-xao-khe-don-gian-nhanh-04211,Invalid slug
Món xào,https://www.dienmayxanh.com/vao-bep/2-cach-lam-rau-cai-ngong-xao-toi-va-xao-nam-thom-ngon-de-lam-06849,Invalid slug
Món xào,https://www.dienmayxanh.com/vao-bep/2-cach-lam-mi-y-mat-ma-mau-va-mi-y-xac-uop-cho-ngay-halloween-04683,Invalid slug
Món xào,https://www.dienmayxanh.com/vao-bep/2-cach-lam-khoai-tay-xao-thit-bo-va-xao-thit-ga-thom-ngon-don-04720,Invalid slug
Món xào,https://www.dienmayxanh.com/vao-bep/2-cach-lam-long-ga-xao-nam-ngon-ngot-bo-duong-cho-gia-dinh-08105,Invalid slug
Món xào,https://www.dienmayxanh.com/vao-bep/2-cach-lam-com-y-risotto-hai-san-va-nam-huong-thom-ngon-hap-04863,Invalid slug
Món xào,https://www.dienmayxanh.com/vao-bep/2-cach-lam-bong-thien-ly-xao-tom-va-xao-trung-don-gian-va-vo-04014,Invalid slug
Món xào,https://www.dienmayxanh.com/vao-bep/2-cach-lam-sun-ga-xao-sa-te-va-sa-ot-gion-gion-cay-cay-cuc-da-09657,Invalid slug
Món xào,https://www.dienmayxanh.com/vao-bep/3-cach-lam-nam-rom-xao-chay-thom-ngon-dam-da-khong-kem-gi-mon-08698,Invalid slug
Món xào,https://www.dienmayxanh.com/vao-bep/2-cach-lam-mang-tay-xao-tom-va-xao-nam-thom-ngon-don-gian-tai-04999,Invalid slug
Món xào,https://www.dienmayxanh.com/vao-bep/3-cach-lam-nam-dong-co-xao-hat-sen-bong-cai-xanh-va-dua-thom-06267,Invalid slug
Món xào,https://www.dienmayxanh.com/vao-bep/2-cach-lam-mi-xao-tom-hap-dan-thom-ngon-dam-da-doi-vi-cho-bua-08265,Invalid slug
Món xào,https://www.dienmayxanh.com/vao-bep/2-cach-lam-hanh-tay-xao-ca-chua-va-xao-trung-don-gian-chi-voi-08128,Invalid slug
Món xào,https://www.dienmayxanh.com/vao-bep/bi-quyet-xao-mien-khong-bi-dinh-khong-bi-von-cuc--02152,Missing data
Món xào,https://www.dienmayxanh.com/vao-bep/3-cach-lam-nui-xao-chay-thanh-dam-hap-dan-cho-bua-chay-them-06628,Invalid slug
Món xào,https://www.dienmayxanh.com/vao-bep/2-cach-lam-suon-sot-ca-chua-va-sot-me-don-gian-ng-02531,Invalid slug
Món xào,https://www.dienmayxanh.com/vao-bep/2-cach-xao-dau-que-dau-co-ve-thom-ngon-hap-dan-voi-thit-bo-va-03873,Invalid slug
Món xào,https://www.dienmayxanh.com/vao-bep/3-cach-lam-hoa-du-du-duc-xao-thom-ngon-hap-dan-la-mieng-de-08785,Invalid slug
Món xào,https://www.dienmayxanh.com/vao-bep/2-cach-lam-mi-tuong-den-rau-cu-va-muc-cay-la-mieng-don-gian-05720,Invalid slug
Món xào,https://www.dienmayxanh.com/vao-bep/2-cach-lam-uc-ga-sot-pho-mai-va-mat-ong-thom-ngon-don-gian-04952,Invalid slug
Món xào,https://www.dienmayxanh.com/vao-bep/2-cach-lam-mi-xao-long-ga-thom-ngon-don-gian-de-lam-tai-nha-08599,Invalid slug
Món xào,https://www.dienmayxanh.com/vao-bep/3-cach-lam-ech-xao-la-cach-nuoc-cot-dua-sa-te-va-muop-ngon-de-05315,Invalid slug
Món xào,https://www.dienmayxanh.com/vao-bep/2-cach-lam-mong-toi-xao-thit-bam-va-xao-trung-non-thanh-mat-11144,Invalid slug
Món xào,https://www.dienmayxanh.com/vao-bep/2-cach-lam-mang-xao-toi-ot-va-ca-chua-dam-da-hao-com-cuc-don-06048,Invalid slug
Món xào,https://www.dienmayxanh.com/vao-bep/3-cach-lam-bao-tu-ca-basa-xao-hanh-tay-muop-va-mang-tuoi-thom-07641,Invalid slug
Món xào,https://www.dienmayxanh.com/vao-bep/2-cach-lam-rau-muong-xao-thit-bo-va-xao-chao-gion--02633,Invalid slug
Món xào,https://www.dienmayxanh.com/vao-bep/tong-hop-40-cach-lam-thit-lon-xao-don-gian-thom-ngon-hap-dan-11239,Invalid slug
Món xào,https://www.dienmayxanh.com/vao-bep/3-cach-lam-mi-y-sot-pesto-sot-bo-va-sot-cu-den-thom-ngon-don-04848,Invalid slug
Món xào,https://www.dienmayxanh.com/vao-bep/4-cach-lam-nam-rom-xao-rau-cu-don-gian-thom-ngon-cho-bua-an-08665,Invalid slug
Món xào,https://www.dienmayxanh.com/vao-bep/2-cach-lam-oc-ca-na-xao-me-va-xao-sa-te-thom-ngon-dam-da-de-07761,Invalid slug
Món xào,https://www.dienmayxanh.com/vao-bep/2-cach-lam-me-ga-xao-cay-va-me-ga-xao-ca-chua-thom-ngon-cho-03963,Invalid slug
Món xào,https://www.dienmayxanh.com/vao-bep/2-cach-lam-thit-nai-xao-hanh-tay-va-mang-tay-ngon-gion-dai-15888,Invalid slug
Món xào,https://www.dienmayxanh.com/vao-bep/2-cach-lam-thit-bo-xao-mang-tay-gion-ngon-dam-da-de-lam-tai-09710,Invalid slug
Món xào,https://www.dienmayxanh.com/vao-bep/tong-hop-9-cach-lam-dau-dua-xao-don-gian-thom-ngon-cho-bua-12889,Invalid slug
Món xào,https://www.dienmayxanh.com/vao-bep/2-cach-lam-bong-cai-xao-thit-ga-va-xao-dau-hu-thom-ngon-don-04902,Invalid slug
Món xào,https://www.dienmayxanh.com/vao-bep/2-cach-lam-su-su-xao-ca-rot-thom-ngon-hap-dan-de-lam-tai-nha-08952,Invalid slug
Món xào,https://www.dienmayxanh.com/vao-bep/3-cach-lam-dau-rong-xao-toi-nam-va-thit-bo-thom-ngon-don-gian-05061,Invalid slug
Món xào,https://www.dienmayxanh.com/vao-bep/2-cach-lam-thit-trau-xao-rau-ngo-va-khoai-tay-thanh-mat-doi-10003,Invalid slug
Món xào,https://www.dienmayxanh.com/vao-bep/2-cach-lam-nui-xao-trung-don-gian-cho-buoi-sang-day-nang-06247,Invalid slug
Món xào,https://www.dienmayxanh.com/vao-bep/2-cach-lam-hen-xao-nguyen-con-va-xao-nghe-hap-dan-thom-ngon-07699,Invalid slug
Món xào,https://www.dienmayxanh.com/vao-bep/tong-hop-25-cach-lam-mon-xao-thap-cam-thom-ngon-hap-dan-don-15378,Invalid slug
Món xào,https://www.dienmayxanh.com/vao-bep/3-cach-lam-thit-bo-xao-hanh-tay-la-lot-va-ca-chua-don-gian-04090,Invalid slug
Món xào,https://www.dienmayxanh.com/vao-bep/2-cach-lam-bo-xao-nam-va-bo-vien-xao-sa-ot-thom-ngon-bo-duong-03869,Invalid slug
Món xào,https://www.dienmayxanh.com/vao-bep/2-cach-lam-nam-mo-xao-muoi-tieu-va-xao-bo-chanh-don-gian-thom-03973,Invalid slug
Món xào,https://www.dienmayxanh.com/vao-bep/2-cach-lam-bach-tuoc-xao-can-tay-va-hanh-gung-gion-dai-hap-10412,Invalid slug
Món xào,https://www.dienmayxanh.com/vao-bep/2-cach-lam-luoi-heo-xao-rieng-sa-va-bong-hanh-thom-ngon-hap-07662,Invalid slug
Món xào,https://www.dienmayxanh.com/vao-bep/2-cach-lam-mi-xao-chay-va-pho-xao-chay-don-gian-thanh-dam-01884,Invalid slug
Món xào,https://www.dienmayxanh.com/vao-bep/3-cach-lam-com-gao-lut-don-gian-thom-beo-don-gian-04393,Invalid slug
Món xào,https://www.dienmayxanh.com/vao-bep/tong-hop-8-cach-lam-cai-thao-xao-gion-ngot-don-gian-cho-bua-17611,Invalid slug
Món xào,https://www.dienmayxanh.com/vao-bep/2-cach-lam-bach-tuoc-xao-dua-leo-va-dua-chua-hap-dan-thom-09933,Invalid slug
Món xào,https://www.dienmayxanh.com/vao-bep/2-cach-lam-oc-gao-xao-dua-thom-ngon-beo-bui-nham-nhi-tai-nha-12218,Invalid slug
Món xào,https://www.dienmayxanh.com/vao-bep/2-cach-lam-thit-bo-xao-nam-huong-va-nam-bao-ngu-ngon-dam-da-09347,Invalid slug
Món xào,https://www.dienmayxanh.com/vao-bep/2-cach-lam-bap-non-xao-toi-va-bap-non-xao-mi-can-chay-thom-15186,Invalid slug
Món xào,https://www.dienmayxanh.com/vao-bep/2-cach-lam-thit-bo-xao-sa-ot-cay-cay-mem-ngon-dam-da-huong-vi-09299,Invalid slug
Món xào,https://www.dienmayxanh.com/vao-bep/2-cach-lam-oc-ca-na-xao-bo-toi-va-xao-sa-ot-don-gian-02029,Invalid slug
Món xào,https://www.dienmayxanh.com/vao-bep/2-cach-lam-long-ga-xao-hoa-thien-ly-va-mang-chua-dan-da-thom-10741,Invalid slug
Món xào,https://www.dienmayxanh.com/vao-bep/2-cach-lam-pasta-dau-ha-lan-don-gian-nhanh-chong-va-bo-duong-04771,Invalid slug
Món xào,https://www.dienmayxanh.com/vao-bep/tong-hop-17-cach-lam-ca-chua-xao-thom-ngon-hap-dan-cho-gia-16504,Invalid slug
Món xào,https://www.dienmayxanh.com/vao-bep/2-cach-lam-hen-xao-la-cach-va-xao-hanh-don-gian-hap-dan-ngon-10366,Invalid slug
Món xào,https://www.dienmayxanh.com/vao-bep/2-cach-lam-bo-xao-lan-nuoc-cot-dua-va-kieu-hoa-thom-ngon-moi-06656,Invalid slug
Món xào,https://www.dienmayxanh.com/vao-bep/2-cach-lam-dau-bap-xao-thit-heo-mem-ngon-dam-da-de-lam-tai-08623,Invalid slug
Món xào,https://www.dienmayxanh.com/vao-bep/tong-hop-10-cach-lam-pho-xao-thom-ngon-don-gian-ai-cung-me-12890,Invalid slug
Món xào,https://www.dienmayxanh.com/vao-bep/meo-xao-rau-khong-can-dau-mo-00943,Missing data
Món xào,https://www.dienmayxanh.com/vao-bep/3-cach-lam-bao-tu-heo-xao-cuc-ki-ngon-da-nau-la-chong-me-01629,Invalid slug
Món xào,https://www.dienmayxanh.com/vao-bep/2-cach-lam-oc-huong-rang-muoi-va-chay-toi-don-gian-02010,Invalid slug
Món xào,https://www.dienmayxanh.com/vao-bep/2-cach-lam-oc-xao-me-va-oc-xao-bap-ngo-thom-ngon-cho-ngay-03833,Invalid slug
Món xào,https://www.dienmayxanh.com/vao-bep/2-cach-lam-dua-chua-xao-thit-bo-va-thit-ba-chi-thom-ngon-de-04367,Invalid slug
Món xào,https://www.dienmayxanh.com/vao-bep/2-cach-lam-long-ga-xao-dau-que-va-long-ga-xao-sa-ot-thom-ngon-04641,Invalid slug
Món xào,https://www.dienmayxanh.com/vao-bep/tong-hop-8-cach-lam-long-heo-xao-dai-gion-thom-ngon-dam-vi-10558,Invalid slug
Món xào,https://www.dienmayxanh.com/vao-bep/2-cach-lam-thit-bo-xao-bong-so-dua-va-cai-ngong-nhanh-chong-04237,Invalid slug
Món xào,https://www.dienmayxanh.com/vao-bep/2-cach-lam-tim-heo-xao-can-toi-va-xao-bong-he-don--02738,Invalid slug
Món xào,https://www.dienmayxanh.com/vao-bep/2-cach-lam-long-ga-xao-muop-va-xao-dua-thom-02430,Invalid slug
Món xào,https://www.dienmayxanh.com/vao-bep/2-cach-lam-dau-bap-xao-tom-va-dau-bap-xao-thit-bo-don-gian-03204,Invalid slug
Món xào,https://www.dienmayxanh.com/vao-bep/2-cach-lam-du-du-xao-chay-voi-nam-ngon-mieng-gion-ngon-don-08953,Invalid slug
Món xào,https://www.dienmayxanh.com/vao-bep/2-cach-lam-muop-dang-xao-toi-thom-ngon-khong-bi-dang-doi-vi-09188,Invalid slug
Món xào,https://www.dienmayxanh.com/vao-bep/2-cach-lam-mam-ruoc-xao-thit-cho-bua-com-01144,Invalid slug
Món xào,https://www.dienmayxanh.com/vao-bep/2-cach-lam-trai-xao-sa-ot-va-xao-rau-ram-thom-ngon-dan-da-don-08568,Invalid slug
Món xào,https://www.dienmayxanh.com/vao-bep/2-cach-lam-bun-gao-xao-thit-heo-va-xao-thit-bo-dan-da-thom-09543,Invalid slug
Món xào,https://www.dienmayxanh.com/vao-bep/2-cach-lam-thit-lon-xao-khe-moi-la-thom-ngon-hap-dan-an-la-me-14460,Invalid slug
Món xào,https://www.dienmayxanh.com/vao-bep/2-cach-lam-su-hao-xao-long-ga-va-tim-cat-thom-ngon-bo-duong-06583,Invalid slug
Món xào,https://www.dienmayxanh.com/vao-bep/2-cach-lam-thit-bam-xao-nam-huong-va-nam-meo-thanh-dam-cho-10392,Invalid slug
Món xào,https://www.dienmayxanh.com/vao-bep/2-cach-lam-mi-udon-xao-hai-san-va-thit-heo-thom-ngon-don-gian-04468,Invalid slug
Món xào,https://www.dienmayxanh.com/vao-bep/2-cach-lam-tim-heo-xao-gia-do-va-xao-gung-thom-ngon-hap-dan-10990,Invalid slug
Món xào,https://www.dienmayxanh.com/vao-bep/3-cach-lam-trung-ga-non-xao-muop-bo-toi-va-hanh-beo-ngay-an-09609,Invalid slug
Món xào,https://www.dienmayxanh.com/vao-bep/3-cach-lam-oc-mo-xao-rau-muong-sa-te-va-trung-muoi-beo-ngon-07631,Invalid slug
Món xào,https://www.dienmayxanh.com/vao-bep/2-cach-lam-tep-rang-man-va-tep-rang-la-chanh-hap-dan-05263,Invalid slug
Món xào,https://www.dienmayxanh.com/vao-bep/2-cach-lam-pho-ap-chao-gion-thom-dam-da-don-gian-cho-gia-dinh-08527,Invalid slug
Món xào,https://www.dienmayxanh.com/vao-bep/2-cach-lam-rau-cu-xao-thap-cam-ca-ri-va-bo-toi-don-gian-bat-04499,Invalid slug
Món xào,https://www.dienmayxanh.com/vao-bep/3-cach-lam-mi-xao-thap-cam-chay-ngon-mieng-hap-dan-cho-bua-08589,Invalid slug
Món xào,https://www.dienmayxanh.com/vao-bep/2-cach-lam-rau-bi-xao-toi-va-rau-bi-xao-tom-thom-ngon-hap-dan-04223,Invalid slug
Món xào,https://www.dienmayxanh.com/vao-bep/2-cach-lam-oc-mong-tay-xao-mi-thom-ngon-hap-dan-de-lam-07137,Invalid slug
Món xào,https://www.dienmayxanh.com/vao-bep/3-mon-an-voi-dau-phu-thom-ngon-hap-dan-cho-bua-com-gia-dinh-00344,Missing data
Món xào,https://www.dienmayxanh.com/vao-bep/2-cach-lam-hen-xao-gia-he-va-xao-muop-don-gian-thom-ngon-dua-07760,Invalid slug
Món xào,https://www.dienmayxanh.com/vao-bep/3-cach-lam-ga-xao-nam-hap-dan-thom-ngon-don-gian-cho-ca-gia-08062,Invalid slug
Món xào,https://www.dienmayxanh.com/vao-bep/2-cach-lam-mi-xao-rau-cai-thanh-dam-ngon-ngot-don-gian-doi-vi-08327,Invalid slug
Món xào,https://www.dienmayxanh.com/vao-bep/2-cach-lam-pho-xao-ga-thom-ngon-la-mieng-don-gian-de-lam-08428,Invalid slug
Món xào,https://www.dienmayxanh.com/vao-bep/2-cach-lam-nui-xao-bo-don-gian-de-lam-cho-bua-sang-dinh-duong-06233,Invalid slug
Món xào,https://www.dienmayxanh.com/vao-bep/2-cach-lam-cu-cai-xao-trung-va-toi-don-gian-thanh-dam-cho-bua-10930,Invalid slug
Món xào,https://www.dienmayxanh.com/vao-bep/2-cach-lam-tokbokki-khong-cay-thom-ngon-don-gian-doi-vi-cho-07084,Invalid slug
Món xào,https://www.dienmayxanh.com/vao-bep/mang-xao-gi-ngon-tong-hop-17-mon-mang-xao-ngon-hap-dan-15768,Missing data
Món xào,https://www.dienmayxanh.com/vao-bep/tong-hop-9-cach-lam-thit-xao-lan-dam-da-thom-ngon-hap-dan-11225,Invalid slug
Món xào,https://www.dienmayxanh.com/vao-bep/2-cach-lam-hai-sam-xao-nam-dong-co-va-xao-rau-cu-thom-ngon-bo-08603,Invalid slug
Món xào,https://www.dienmayxanh.com/vao-bep/2-cach-lam-du-du-xao-toi-thom-ngon-gion-gion-cuc-hap-dan-09048,Invalid slug
Món xào,https://www.dienmayxanh.com/vao-bep/cach-lam-bun-tau-xao-nam-moi-cuc-bat-vi-chuan-mon-ngon-nha-11848,Invalid slug
Món xào,https://www.dienmayxanh.com/vao-bep/cach-lam-thit-heo-xao-dua-mon-ngon-chuan-vi-com-gia-dinh-08928,Invalid slug
Món xào,https://www.dienmayxanh.com/vao-bep/3-cach-lam-sun-heo-xao-sa-te-nghe-va-thom-hap-dan-ai-cung-lam-09357,Invalid slug
Món xào,https://www.dienmayxanh.com/vao-bep/3-cach-lam-tim-ga-xao-ngon-mieng-dam-da-de-lam-cho-bua-com-09012,Invalid slug
Món xào,https://www.dienmayxanh.com/vao-bep/2-cach-lam-dau-dua-xao-thit-bo-va-heo-thom-ngon-don-gian-dua-09462,Invalid slug
Món xào,https://www.dienmayxanh.com/vao-bep/tong-hop-12-mon-rau-xao-toi-dan-da-thom-ngot-cuc-ki-hao-com-11080,Invalid slug
Món xào,https://www.dienmayxanh.com/vao-bep/2-cach-lam-mi-goi-xao-ca-hop-ngon-de-lam-mua-dich-doi-vi-tai-11833,Invalid slug
Món xào,https://www.dienmayxanh.com/vao-bep/rau-choai-la-rau-la-gi-co-phai-rau-don-khong-lam-mon-gi-ngon-22065,Missing data
Món xào,https://www.dienmayxanh.com/vao-bep/2-cach-lam-nam-bao-ngu-xao-thit-bo-va-xao-thit-heo-dam-da-hap-08657,Invalid slug
Món xào,https://www.dienmayxanh.com/vao-bep/2-cach-lam-bong-he-xao-thit-bo-va-xao-gan-heo-thom-ngon-de-05467,Invalid slug
Món xào,https://www.dienmayxanh.com/vao-bep/2-cach-lam-mi-can-xao-chua-ngot-va-xao-chao-chay-hap-dan-la-10646,Invalid slug
Món xào,https://www.dienmayxanh.com/vao-bep/2-cach-lam-long-heo-xao-dua-thom-va-long-heo-xao-gia-thom-10188,Invalid slug
Món xào,https://www.dienmayxanh.com/vao-bep/3-cach-lam-dau-dua-xao-chay-voi-ca-chua-va-nam-ngon-mieng-09480,Invalid slug
Món xào,https://www.dienmayxanh.com/vao-bep/2-cach-lam-mi-y-spaghetti-thit-vien-sot-ca-chua-va-sot-kem-09988,Invalid slug
Món xào,https://www.dienmayxanh.com/vao-bep/3-cach-lam-nam-rom-xao-lan-sa-te-bo-toi-chay-thom-ngon-hap-08707,Invalid slug
Món xào,https://www.dienmayxanh.com/vao-bep/3-cach-lam-mon-bi-dao-xao-thom-ngon-don-gian-cho-ca-nha-04781,Invalid slug
Món xào,https://www.dienmayxanh.com/vao-bep/3-cach-lam-ngo-bao-tu-xao-chay-don-gian-de-lam-thanh-dam-cho-13924,Invalid slug
Món xào,https://www.dienmayxanh.com/vao-bep/4-mon-an-sieu-ngon-ban-co-the-lam-voi-noi-com-dien-00596,Missing data
Món xào,https://www.dienmayxanh.com/vao-bep/3-cach-lam-dua-leo-xao-cuc-nhanh-chong-don-gian-va-thom-ngon-04782,Invalid slug
Món xào,https://www.dienmayxanh.com/vao-bep/2-cach-lam-cai-thia-xao-toi-gion-ngot-thom-nuc-mui-cho-bua-08891,Invalid slug
Món xào,https://www.dienmayxanh.com/vao-bep/2-cach-lam-ngo-sen-xao-tom-gion-ngon-hap-dan-don-gian-tai-nha-07491,Invalid slug
Món xào,https://www.dienmayxanh.com/vao-bep/3-cach-nau-ghe-xao-thom-ngon-cuc-hap-dan-don-gia-01836,Invalid slug
Món xào,https://www.dienmayxanh.com/vao-bep/3-cach-lam-sa-sung-xao-thom-ngon-hap-dan-la-mieng-cho-bua-com-09595,Invalid slug
Món xào,https://www.dienmayxanh.com/vao-bep/2-cach-lam-oc-buou-xao-thom-va-xao-mang-cuc-don-gian-va-thom-04717,Invalid slug
Món xào,https://www.dienmayxanh.com/vao-bep/2-cach-lam-mi-xao-muc-ngon-mieng-de-lam-don-gian-dam-da-huong-09343,Invalid slug
Món xào,https://www.dienmayxanh.com/vao-bep/2-cach-lam-mi-xao-ga-thom-ngon-don-gian-hap-dan-cho-bua-sang-08371,Invalid slug
Món xào,https://www.dienmayxanh.com/vao-bep/4-cach-lam-khoai-tay-xao-chay-ngon-mieng-don-gian-cho-bua-08317,Invalid slug
Món xào,https://www.dienmayxanh.com/vao-bep/2-cach-lam-long-ga-xao-muop-dang-va-chuoi-xanh-la-mieng-hao-08360,Invalid slug
Món xào,https://www.dienmayxanh.com/vao-bep/2-cach-lam-nui-xao-xuc-xich-ca-chua-va-rau-cai-don-gian-cho-06277,Invalid slug
Món xào,https://www.dienmayxanh.com/vao-bep/2-cach-lam-bo-xao-ot-chuong-gion-ngon-de-lam-bo-duong-dam-da-09308,Invalid slug
Món xào,https://www.dienmayxanh.com/vao-bep/3-cach-lam-khoai-tay-xao-toi-ngon-mieng-don-gian-de-lam-cho-08316,Invalid slug
Món xào,https://www.dienmayxanh.com/vao-bep/2-cach-lam-coi-so-diep-xao-sot-chanh-bo-toi-va-sot-05076,Invalid slug
Món xào,https://www.dienmayxanh.com/vao-bep/2-cach-lam-thit-lon-xao-ot-chuong-thanh-ngot-thom-ngon-don-15673,Invalid slug
Món xào,https://www.dienmayxanh.com/vao-bep/3-cach-lam-mon-cua-rang-me-ngot-tuyet-vi-chua-ngot-01443,Invalid slug
Món xào,https://www.dienmayxanh.com/vao-bep/2-cach-lam-mo-hanh-tuoi-xanh-thom-ngon-beo-ngay-ngot-vi-don-06904,Invalid slug
Món xào,https://www.dienmayxanh.com/vao-bep/3-cach-lam-dau-bap-xao-ca-chua-xao-chao-va-xao-trung-don-gian-04302,Invalid slug
Món xào,https://www.dienmayxanh.com/vao-bep/3-cach-lam-tom-xao-bo-toi-sot-mat-ong-cay-va-nuoc-tuong-hap-05819,Invalid slug
Món xào,https://www.dienmayxanh.com/vao-bep/2-cach-lam-hau-xao-nam-va-xao-gia-thom-ngon-bo-duong-don-gian-07649,Invalid slug
Món xào,https://www.dienmayxanh.com/vao-bep/3-cach-lam-mon-nam-dui-ga-xao-thom-ngot-giai-ngan-dau-mo-01603,Invalid slug
Món xào,https://www.dienmayxanh.com/vao-bep/2-cach-lam-luon-xao-lan-va-xao-sa-ot-bat-com-thom-ngon-hap-04836,Invalid slug
Món xào,https://www.dienmayxanh.com/vao-bep/2-cach-lam-tim-heo-xao-hanh-tay-va-xao-nam-ngon-ngot-don-gian-10908,Invalid slug
Món xào,https://www.dienmayxanh.com/vao-bep/2-cach-lam-bong-cai-xao-toi-va-bong-cai-xao-thit-bo-thom-ngon-03953,Invalid slug
Món xào,https://www.dienmayxanh.com/vao-bep/3-cach-lam-mon-muc-xao-voi-rau-cu-gion-ngot-ai-cung-lam-duoc-01512,Invalid slug
Món xào,https://www.dienmayxanh.com/vao-bep/2-cach-lam-vit-quay-xao-cai-chua-va-xao-nam-dong-co-thom-ngon-08432,Invalid slug
Món xào,https://www.dienmayxanh.com/vao-bep/3-cach-lam-mon-tim-heo-xao-dam-da-thom-ngon-cuc-don-gian-va-04278,Invalid slug
Món xào,https://www.dienmayxanh.com/vao-bep/tong-hop-14-cach-lam-mon-bach-tuoc-xao-thom-ngon-de-lam-cho-09912,Invalid slug
Món xào,https://www.dienmayxanh.com/vao-bep/2-cach-lam-bun-xao-rau-cai-toi-ngon-thanh-dam-don-gian-tai-09360,Invalid slug
Món xào,https://www.dienmayxanh.com/vao-bep/2-cach-lam-mon-bap-xao-thit-va-xao-pho-mai-hap-dan-ai-cung-me-05080,Invalid slug
Món xào,https://www.dienmayxanh.com/vao-bep/2-cach-lam-spaghetti-dau-ha-lan-don-gian-dam-da-cuc-thom-ngon-04773,Invalid slug
Món xào,https://www.dienmayxanh.com/vao-bep/2-cach-lam-canh-ga-xao-ot-xiem-va-xao-sa-ot-cuc-don-gian-04185,Invalid slug
Món xào,https://www.dienmayxanh.com/vao-bep/3-cach-lam-bap-cai-tim-xao-thit-thom-ngon-don-gian-de-lam-tai-05103,Invalid slug
Món xào,https://www.dienmayxanh.com/vao-bep/2-cach-lam-mi-y-sot-dau-toi-spaghetti-aglio-e-olio-don-gian-06542,Invalid slug
Món kho,https://www.dienmayxanh.com/vao-bep/2-cach-lam-ca-nuc-kho-sa-ot-thom-ngon-dam-da-cho-bua-com-gia-11572,Invalid slug
Món kho,https://www.dienmayxanh.com/vao-bep/2-cach-lam-mon-ca-huong-chien-sa-ot-va-kho-tieu-th-01837,Invalid slug
Món kho,https://www.dienmayxanh.com/vao-bep/2-cach-lam-dau-ca-hoi-kho-tieu-va-kho-tuong-ngon-dam-da-khong-05272,Invalid slug
Món kho,https://www.dienmayxanh.com/vao-bep/2-cach-lam-tau-hu-ky-rim-cay-thom-lung-hap-dan-cho-mam-com-12068,Invalid slug
Món kho,https://www.dienmayxanh.com/vao-bep/2-cach-lam-bap-non-kho-canh-ga-va-bap-non-kho-suon-thom-ngon-05020,Invalid slug
Món kho,https://www.dienmayxanh.com/vao-bep/2-cach-lam-ga-kho-nam-va-kho-thom-don-gian-dam-da-ai-cung-04262,Invalid slug
Món kho,https://www.dienmayxanh.com/vao-bep/2-cach-lam-thit-ba-chi-rim-nuoc-mam-va-nuoc-tuong-thom-ngon-05854,Invalid slug
Món kho,https://www.dienmayxanh.com/vao-bep/2-cach-lam-luon-ca-hoi-kho-tieu-va-kho-thom-beo-ngon-dam-da-09545,Invalid slug
Món kho,https://www.dienmayxanh.com/vao-bep/2-cach-lam-thit-heo-kho-gung-va-thit-heo-kho-sa-hap-dan-va-04173,Invalid slug
Món kho,https://www.dienmayxanh.com/vao-bep/3-cach-lam-me-ga-kho-tieu-kho-gung-va-kho-thom-ngon-dam-da-09067,Invalid slug
Món kho,https://www.dienmayxanh.com/vao-bep/2-cach-lam-thit-kho-nuoc-cot-dua-thom-ngon-la-mieng-dam-da-de-08026,Invalid slug
Món kho,https://www.dienmayxanh.com/vao-bep/3-cach-lam-hoa-chuoi-kho-tieu-ca-va-rieng-chay-moi-la-hap-dan-10570,Invalid slug
Món kho,https://www.dienmayxanh.com/vao-bep/2-cach-lam-ca-tram-kho-dua-va-ca-tram-sa-dam-da-hao-com-03145,Invalid slug
Món kho,https://www.dienmayxanh.com/vao-bep/2-cach-lam-ca-dieu-hong-kho-tieu-va-om-dua-don-gian-dam-da-04121,Invalid slug
Món kho,https://www.dienmayxanh.com/vao-bep/2-cach-lam-ca-doi-kho-tieu-va-kho-tuong-hot-ngon-mieng-dam-da-09020,Invalid slug
Món kho,https://www.dienmayxanh.com/vao-bep/tong-hop-5-cach-lam-ca-kho-cu-cai-thom-ngon-de-lam-doi-vi-bua-14023,Invalid slug
Món kho,https://www.dienmayxanh.com/vao-bep/2-cach-lam-vit-kho-rau-cu-va-cu-hu-dua-gion-ngon-day-dinh-08251,Invalid slug
Món kho,https://www.dienmayxanh.com/vao-bep/2-cach-lam-chan-ga-kho-cay-va-sa-ot-don-gian-va-thom-ngon-dam-04931,Invalid slug
Món kho,https://www.dienmayxanh.com/vao-bep/2-cach-lam-banh-mi-ca-moi-hop-an-sang-cuc-ngon-don-gian-de-11832,Invalid slug
Món kho,https://www.dienmayxanh.com/vao-bep/2-cach-lam-thit-ba-chi-rim-chanh-sa-va-rim-sa-ot-don-gian-hap-04224,Invalid slug
Món kho,https://www.dienmayxanh.com/vao-bep/2-cach-lam-ca-chep-kho-rieng-va-kho-tuong-nhanh-chong-va-day-04195,Invalid slug
Món kho,https://www.dienmayxanh.com/vao-bep/2-cach-lam-thit-kho-tieu-chay-dam-da-don-gian-an-la-ghien-07122,Invalid slug
Món kho,https://www.dienmayxanh.com/vao-bep/2-cach-lam-ca-long-rong-kho-tieu-thom-ngon-dam-da-cho-bua-com-11448,Invalid slug
Món kho,https://www.dienmayxanh.com/vao-bep/ca-bop-kho-gi-ngon-tong-hop-7-cach-lam-ca-bop-kho-ngon-de-lam-13914,Missing data
Món kho,https://www.dienmayxanh.com/vao-bep/3-cach-lam-mang-kho-chay-la-mieng-doc-dao-thom-ngon-cho-bua-05620,Invalid slug
Món kho,https://www.dienmayxanh.com/vao-bep/2-cach-lam-ca-basa-kho-thom-va-ca-basa-kho-to-dam-da-hap-dan-04318,Invalid slug
Món kho,https://www.dienmayxanh.com/vao-bep/3-cach-lam-bap-bo-kho-mang-sa-ot-va-thom-dua-don-gian-thom-04812,Invalid slug
Món kho,https://www.dienmayxanh.com/vao-bep/2-cach-lam-suon-rim-mat-ong-va-chua-ngot-don-gian-ngon-kho-04852,Invalid slug
Món kho,https://www.dienmayxanh.com/vao-bep/tong-hop-12-cach-lam-ca-kho-tuong-hot-thom-ngon-dam-da-de-lam-14857,Invalid slug
Món kho,https://www.dienmayxanh.com/vao-bep/2-cach-lam-nam-bao-ngu-kho-chay-voi-tieu-va-sa-ot-dam-da-hap-08661,Invalid slug
Món kho,https://www.dienmayxanh.com/vao-bep/2-cach-lam-ech-kho-nghe-va-kho-sa-ot-thom-ngon-da-huong-vi-02318,Invalid slug
Món kho,https://www.dienmayxanh.com/vao-bep/2-cach-lam-nam-dui-ga-kho-tieu-va-kho-me-don-gian-thanh-dam-04477,Invalid slug
Món kho,https://www.dienmayxanh.com/vao-bep/2-cach-lam-ca-kim-kho-tieu-va-kho-rieng-ngon-mieng-de-lam-tai-09677,Invalid slug
Món kho,https://www.dienmayxanh.com/vao-bep/tong-hop-13-cach-lam-mon-ca-kho-sa-cay-nong-thom-phuc-don-13732,Invalid slug
Món kho,https://www.dienmayxanh.com/vao-bep/2-cach-lam-ca-mu-kho-to-va-kho-tieu-thom-ngon-dam-da-hap-dan-08295,Invalid slug
Món kho,https://www.dienmayxanh.com/vao-bep/3-cach-lam-muc-muoi-rim-thom-ngon-dam-da-la-mieng-don-gian-08907,Invalid slug
Món kho,https://www.dienmayxanh.com/vao-bep/2-cach-lam-ga-kho-tieu-don-gian-thom-lung-an-la-me-ngay-07190,Invalid slug
Món kho,https://www.dienmayxanh.com/vao-bep/2-cach-lam-suon-rim-sua-va-rim-khe-thom-ngon-hap-dan-de-lam-09935,Invalid slug
Món kho,https://www.dienmayxanh.com/vao-bep/2-cach-lam-ca-chach-trach-kho-tieu-kho-nghe-thom-ngon-02516,Invalid slug
Món kho,https://www.dienmayxanh.com/vao-bep/2-cach-lam-ga-kho-sa-nghe-vang-uom-dam-da-thom-n-02639,Invalid slug
Món kho,https://www.dienmayxanh.com/vao-bep/2-cach-lam-ca-tre-kho-tieu-va-kho-tuong-hot-thom-ngon-dam-da-04899,Invalid slug
Món kho,https://www.dienmayxanh.com/vao-bep/tong-hop-30-cach-kho-ca-dong-ngon-dan-da-dam-da-huong-vi-bua-13788,Invalid slug
Món kho,https://www.dienmayxanh.com/vao-bep/tong-hop-11-cach-kho-ca-voi-thit-thom-ngon-de-lam-dam-da-13362,Invalid slug
Món kho,https://www.dienmayxanh.com/vao-bep/tong-hop-25-cach-lam-ca-kho-nghe-thom-ngon-dam-da-huong-vi-13208,Invalid slug
Món kho,https://www.dienmayxanh.com/vao-bep/2-cach-lam-ca-moi-kho-suon-non-va-thit-ga-mem-ngon-thom-phuc-05267,Invalid slug
Món kho,https://www.dienmayxanh.com/vao-bep/2-cach-lam-thit-kho-bia-va-kho-cu-sen-moi-la-hap-dan-doi-vi-06539,Invalid slug
Món kho,https://www.dienmayxanh.com/vao-bep/2-cach-lam-dua-cai-chua-kho-chay-giai-ngay-cho-bua-com-gia-05473,Invalid slug
Món kho,https://www.dienmayxanh.com/vao-bep/tong-hop-12-cach-lam-ca-kho-dua-cai-chua-ngon-dam-da-huong-vi-14786,Invalid slug
Món kho,https://www.dienmayxanh.com/vao-bep/3-cach-lam-ca-nau-kho-trai-giac-kho-lat-va-kho-me-ngon-dam-da-07005,Invalid slug
Món kho,https://www.dienmayxanh.com/vao-bep/2-cach-lam-vit-kho-chuoi-xanh-va-kho-rieng-la-mieng-an-la-08226,Invalid slug
Món kho,https://www.dienmayxanh.com/vao-bep/2-cach-lam-ca-doi-kho-nghe-va-kho-ca-thom-beo-don-02741,Invalid slug
Món kho,https://www.dienmayxanh.com/vao-bep/2-cach-lam-ca-tre-kho-dua-chua-va-rau-ram-ngon-mieng-dam-da-08734,Invalid slug
Món kho,https://www.dienmayxanh.com/vao-bep/tong-hop-11-cach-lam-ca-hu-kho-thom-ngon-dam-da-cho-bua-com-14331,Invalid slug
Món kho,https://www.dienmayxanh.com/vao-bep/2-cach-lam-ot-ngam-muoi-va-nuoc-muoi-gion-ngon-de-lau-khong-06929,Invalid slug
Món kho,https://www.dienmayxanh.com/vao-bep/2-cach-lam-ca-linh-kho-mia-va-kho-me-thom-ngon-dam-chat-mien-05381,Invalid slug
Món kho,https://www.dienmayxanh.com/vao-bep/tong-hop-15-cach-lam-ca-kho-ca-chua-thom-ngon-hap-dan-an-la-13628,Invalid slug
Món kho,https://www.dienmayxanh.com/vao-bep/2-cach-lam-ca-linh-kho-reu-va-kho-khom-thom-ngon-dam-da-de-09764,Invalid slug
Món kho,https://www.dienmayxanh.com/vao-bep/2-cach-lam-vit-kho-nuoc-tuong-va-kho-ngu-vi-dam-da-hap-dan-11013,Invalid slug
Món kho,https://www.dienmayxanh.com/vao-bep/2-cach-lam-muc-kho-thom-ngon-dam-da-doi-vi-bua-com-08291,Invalid slug
Món kho,https://www.dienmayxanh.com/vao-bep/tong-hop-11-cach-lam-ca-kho-mang-thom-ngon-kho-cuong-don-gian-13570,Invalid slug
Món kho,https://www.dienmayxanh.com/vao-bep/cach-nau-bo-kho-nhanh-mem-giup-ban-tiet-kiem-thoi-gian-nau-17003,Missing data
Món kho,https://www.dienmayxanh.com/vao-bep/2-cach-lam-ca-chot-kho-sa-ot-va-kho-quet-ngon-mieng-dam-da-09898,Invalid slug
Món kho,https://www.dienmayxanh.com/vao-bep/2-cach-lam-bi-dao-kho-cuc-don-gian-nhanh-chong-va-dam-da-04828,Invalid slug
Món kho,https://www.dienmayxanh.com/vao-bep/tong-hop-12-cach-lam-ca-kho-gung-cay-nong-am-bung-don-gian-de-14079,Invalid slug
Món kho,https://www.dienmayxanh.com/vao-bep/2-cach-lam-tom-kho-trung-cut-don-gian-nhanh-chong-cuc-hap-dan-04299,Invalid slug
Món kho,https://www.dienmayxanh.com/vao-bep/2-cach-lam-ca-co-kho-thom-ngon-dam-da-cho-bua-com-gia-dinh-07911,Invalid slug
Món kho,https://www.dienmayxanh.com/vao-bep/5-cach-lam-mon-ca-ngu-kho-ngon-com-dam-vi-bo-duong--01456,Invalid slug
Món kho,https://www.dienmayxanh.com/vao-bep/2-cach-lam-bo-ham-bia-va-bo-ham-ruou-vang-thom-ngon-tai-nha-01829,Invalid slug
Món kho,https://www.dienmayxanh.com/vao-bep/2-cach-lam-ca-thieu-kho-tieu-thom-ngon-hap-dan-de-lam-cho-bua-11880,Invalid slug
Món kho,https://www.dienmayxanh.com/vao-bep/2-cach-lam-trung-cut-kho-dau-hu-thom-ngon-hap-dan-cuc-hao-com-11236,Invalid slug
Món kho,https://www.dienmayxanh.com/vao-bep/2-cach-lam-chan-gio-ham-ngu-vi-va-ham-dau-phong-thom-ngon-bo-05730,Invalid slug
Món kho,https://www.dienmayxanh.com/vao-bep/2-cach-lam-chan-gio-ham-hat-de-va-ham-toc-tien-moi-la-tot-cho-09296,Invalid slug
Món kho,https://www.dienmayxanh.com/vao-bep/2-cach-nau-ca-chim-kho-rieng-va-kho-gung-ot-dam-da-ngon-01726,Invalid slug
Món kho,https://www.dienmayxanh.com/vao-bep/2-cach-lam-ca-nuc-kho-gung-va-kho-nghe-thom-ngon-dam-da-cho-10507,Invalid slug
Món kho,https://www.dienmayxanh.com/vao-bep/2-cach-nau-ca-loc-kho-khe-va-kho-me-la-mieng-doi-vi-cho-gia-07263,Invalid slug
Món kho,https://www.dienmayxanh.com/vao-bep/3-cach-lam-thit-kho-tieu-thom-ngon-dam-da-de-lam-cho-bua-com-08087,Invalid slug
Món kho,https://www.dienmayxanh.com/vao-bep/3-cach-lam-cha-lua-kho-tieu-trung-va-thit-hao-com-thom-ngon-05380,Invalid slug
Món kho,https://www.dienmayxanh.com/vao-bep/2-cach-lam-suon-kho-coca-va-suon-kho-dau-hu-thom-ngon-dam-da-09177,Invalid slug
Món kho,https://www.dienmayxanh.com/vao-bep/3-cach-lam-mon-ca-lang-kho-nghe-kho-tieu-va-kho-cu-nen-01873,Invalid slug
Món kho,https://www.dienmayxanh.com/vao-bep/2-cach-lam-tai-heo-kho-tieu-va-kho-dua-cai-thom-ngon-ai-cung-09119,Invalid slug
Món kho,https://www.dienmayxanh.com/vao-bep/cach-lam-ca-keo-kho-tieu-mon-ngon-dan-da-hap-dan-10788,Invalid slug
Món kho,https://www.dienmayxanh.com/vao-bep/2-cach-lam-suon-cot-let-rim-sua-tuoi-va-chua-ngot-ngon-hap-10576,Invalid slug
Món kho,https://www.dienmayxanh.com/vao-bep/2-cach-lam-kho-qua-kho-tieu-va-kho-nuoc-tuong-chay-02609,Invalid slug
Món kho,https://www.dienmayxanh.com/vao-bep/3-cach-nau-thit-bo-kho-tieu-gung-va-nghe-don-gian-dua-com-04681,Invalid slug
Món kho,https://www.dienmayxanh.com/vao-bep/tong-hop-17-cach-lam-tom-rim-ngon-don-gian-de-lam-cho-bua-an-13785,Invalid slug
Món kho,https://www.dienmayxanh.com/vao-bep/2-cach-lam-long-bo-khia-bang-noi-ap-suat-va-chao-bat-com-don-09731,Invalid slug
Món kho,https://www.dienmayxanh.com/vao-bep/3-cach-lam-kho-qua-kho-nam-chay-voi-nam-dui-ga-nam-dong-co-07197,Invalid slug
Món kho,https://www.dienmayxanh.com/vao-bep/tong-hop-8-cach-lam-ca-tre-kho-dam-vi-cho-bua-com-gia-dinh-12079,Invalid slug
Món kho,https://www.dienmayxanh.com/vao-bep/2-cach-kho-ca-bang-noi-ap-suat-dien-da-nang-thom-mem-cuc-bat-15001,Invalid slug
Món kho,https://www.dienmayxanh.com/vao-bep/tong-hop-16-cach-lam-gio-heo-kho-dam-da-tham-vi-thom-ngon-cho-15799,Invalid slug
Món kho,https://www.dienmayxanh.com/vao-bep/2-cach-lam-ga-kho-gung-cay-nong-thom-ngon-kich-thich-vi-giac-09974,Invalid slug
Món kho,https://www.dienmayxanh.com/vao-bep/2-cach-lam-kho-ca-chet-chung-thit-ba-roi-thom-ngon-de-lam-10411,Invalid slug
Món kho,https://www.dienmayxanh.com/vao-bep/2-cach-lam-chan-gio-kho-deo-va-kho-dua-mem-thom-dam-da-hap-07138,Invalid slug
Món kho,https://www.dienmayxanh.com/vao-bep/2-cach-lam-thit-chung-mam-tom-thit-kho-mam-tom-thom-ngon-dam-08023,Invalid slug
Món kho,https://www.dienmayxanh.com/vao-bep/2-cach-kho-ca-voi-chuoi-xanh-khong-tanh-dam-da-ngon-com-01583,Invalid slug
Món kho,https://www.dienmayxanh.com/vao-bep/2-cach-lam-ca-keo-kho-to-va-kho-lat-don-gian-thom-ngon-02098,Invalid slug
Món kho,https://www.dienmayxanh.com/vao-bep/2-cach-lam-thit-kho-nam-rom-thom-ngon-moi-la-dam-da-cho-bua-08135,Invalid slug
Món kho,https://www.dienmayxanh.com/vao-bep/2-cach-lam-trung-ca-thu-kho-thom-va-kho-nghe-dam-da-la-mieng-02053,Invalid slug
Món kho,https://www.dienmayxanh.com/vao-bep/2-cach-lam-mon-ca-hu-kho-to-va-kho-thom-hap-dan-02022,Invalid slug
Món kho,https://www.dienmayxanh.com/vao-bep/tong-hop-22-cach-lam-ca-kho-to-ngon-hap-dan-de-lam-cho-bua-13441,Invalid slug
Món kho,https://www.dienmayxanh.com/vao-bep/2-cach-lam-cha-ca-kho-trung-cut-va-thit-ngon-mieng-dam-da-de-10619,Invalid slug
Món kho,https://www.dienmayxanh.com/vao-bep/2-cach-lam-suon-bo-kho-nuoc-tuong-dam-da-hap-dan-ai-cung-12451,Invalid slug
Món kho,https://www.dienmayxanh.com/vao-bep/2-cach-nau-gio-heo-hon-va-ga-hon-dau-phong-thom-ngon-cho-ngay-05417,Invalid slug
Món kho,https://www.dienmayxanh.com/vao-bep/2-cach-lam-ca-lac-kho-nghe-thom-ngon-dam-da-cho-bua-com-gia-12144,Invalid slug
Món kho,https://www.dienmayxanh.com/vao-bep/3-cach-lam-cha-lua-chay-kho-moi-la-bat-com-cho-bua-an-chay-05695,Invalid slug
Món kho,https://www.dienmayxanh.com/vao-bep/2-cach-lam-ca-chep-kho-khe-va-kho-mang-chua-thom-ngon-dam-da-09548,Invalid slug
Món kho,https://www.dienmayxanh.com/vao-bep/2-cach-lam-gan-bo-kho-to-va-kho-dua-chua-dam-da-bat-com-08288,Invalid slug
Món kho,https://www.dienmayxanh.com/vao-bep/tong-hop-17-cach-lam-ca-kho-rieng-thom-lung-ngon-mieng-dam-da-13300,Invalid slug
Món kho,https://www.dienmayxanh.com/vao-bep/3-cach-lam-suon-chay-kho-nam-thom-ngon-bat-com-de-lam-tai-nha-11625,Invalid slug
Món kho,https://www.dienmayxanh.com/vao-bep/2-cach-lam-ca-linh-kho-tieu-va-kho-khe-thom-ngon-dam-da-04803,Invalid slug
Món kho,https://www.dienmayxanh.com/vao-bep/tong-hop-12-cach-lam-thit-kho-noi-dat-dam-da-tham-vi-thom-17665,Invalid slug
Món kho,https://www.dienmayxanh.com/vao-bep/2-cach-lam-mit-non-om-chao-do-va-cot-dua-thom-ngon-la-mieng-04495,Invalid slug
Món kho,https://www.dienmayxanh.com/vao-bep/tong-hop-17-cach-lam-ca-kho-lat-ngon-de-lam-hap-dan-cho-bua-14831,Invalid slug
Món kho,https://www.dienmayxanh.com/vao-bep/tong-hop-16-cach-kho-ca-bang-noi-dat-thom-ngon-dam-vi-15273,Invalid slug
Món kho,https://www.dienmayxanh.com/vao-bep/2-cach-lam-mon-vit-nau-dua-thom-chua-ngot-dam-da-de-lam-01497,Invalid slug
Món kho,https://www.dienmayxanh.com/vao-bep/2-cach-lam-xuc-xich-xong-khoi-ap-chao-va-kho-tieu--02343,Invalid slug
Món kho,https://www.dienmayxanh.com/vao-bep/3-cach-lam-mon-suon-kho-thom-ngon-don-gian-cuc-hao-com-04780,Invalid slug
Món kho,https://www.dienmayxanh.com/vao-bep/2-cach-lam-ruot-heo-khia-nuoc-dua-va-coca-thom-ngon-dam-da-08287,Invalid slug
Món kho,https://www.dienmayxanh.com/vao-bep/2-cach-lam-ca-diec-kho-khe-chua-va-chuoi-xanh-thom-ngon-dam-08430,Invalid slug
Món kho,https://www.dienmayxanh.com/vao-bep/3-cach-lam-ca-chet-ca-nhu-kho-ngon-mieng-dam-da-de-lam-tai-10417,Invalid slug
Món kho,https://www.dienmayxanh.com/vao-bep/4-cach-lam-ca-loc-kho-kho-tieu-kho-nghe-kho-chuoi-kho-nuoc-01863,Invalid slug
Món kho,https://www.dienmayxanh.com/vao-bep/3-cach-lam-muc-nhoi-thit-kho-ngon-dam-da-hap-dan-cho-bua-com-08160,Invalid slug
Món kho,https://www.dienmayxanh.com/vao-bep/2-cach-lam-ga-kho-mang-va-ga-kho-la-chanh-dam-da-cuc-hao-com-02897,Invalid slug
Món kho,https://www.dienmayxanh.com/vao-bep/2-cach-lam-ngan-om-rieng-me-va-ngan-om-me-mem-ngon-hap-dan-05718,Invalid slug
Món kho,https://www.dienmayxanh.com/vao-bep/2-cach-lam-nam-dong-co-kho-thom-va-sa-ot-chay-hap-dan-bat-com-04209,Invalid slug
Món kho,https://www.dienmayxanh.com/vao-bep/3-cach-rang-tom-de-lam-ngon-dam-da-hao-com-01493,Invalid slug
Món kho,https://www.dienmayxanh.com/vao-bep/2-cach-lam-ca-thu-kho-nuoc-cot-dua-va-kho-nuoc-tuong-thom-06121,Invalid slug
Món kho,https://www.dienmayxanh.com/vao-bep/2-cach-lam-nam-rom-kho-dau-hu-thom-ngon-dam-vi-cuc-bat-com-11402,Invalid slug
Món kho,https://www.dienmayxanh.com/vao-bep/2-cach-lam-ca-khoai-kho-tieu-va-kho-rau-ram-thom-ngon-dam-da-05652,Invalid slug
Món kho,https://www.dienmayxanh.com/vao-bep/2-cach-lam-thit-ga-nau-ca-moi-hop-ngon-dam-da-de-lam-ngay-tai-11855,Invalid slug
Món kho,https://www.dienmayxanh.com/vao-bep/2-cach-lam-ca-nuc-kho-me-va-kho-mit-non-thom-ngon-dam-da-de-09682,Invalid slug
Món kho,https://www.dienmayxanh.com/vao-bep/2-cach-lam-ca-bong-lau-kho-to-va-kho-thom-dam-da-hap-dan-02002,Invalid slug
Món kho,https://www.dienmayxanh.com/vao-bep/2-cach-nau-pha-lau-bao-tu-heo-thom-dam-da-dung-dieu-sai-gon-01572,Invalid slug
Món kho,https://www.dienmayxanh.com/vao-bep/2-cach-lam-ca-tim-kho-thit-thom-ngon-don-gian-cho-bua-an-gia-09135,Invalid slug
Món kho,https://www.dienmayxanh.com/vao-bep/2-cach-lam-ca-basa-kho-rieng-thom-ngon-hap-dan-don-gian-tai-13929,Invalid slug
Món kho,https://www.dienmayxanh.com/vao-bep/2-cach-lam-trung-cut-kho-nam-thom-ngon-moi-la-de-lam-an-la-12663,Invalid slug
Món kho,https://www.dienmayxanh.com/vao-bep/cach-lam-nuoc-mau-nuoc-hang-tai-nha-cho-cac-mon-kho-02500,Invalid slug
Món kho,https://www.dienmayxanh.com/vao-bep/2-cach-lam-chan-gio-ham-coca-va-nuoc-tuong-thom-ngon-dam-da-09310,Invalid slug
Món kho,https://www.dienmayxanh.com/vao-bep/2-cach-lam-suon-sun-kho-dua-va-hanh-phi-thom-ngon-la-mieng-ai-09506,Invalid slug
Món kho,https://www.dienmayxanh.com/vao-bep/2-cach-lam-ca-ro-kho-khe-va-kho-bau-don-gian-thom-ngon-dam-da-04756,Invalid slug
Món kho,https://www.dienmayxanh.com/vao-bep/2-cach-lam-ca-bong-kho-thit-ba-chi-thom-ngon-dam-da-cuc-hao-07342,Invalid slug
Món kho,https://www.dienmayxanh.com/vao-bep/3-cach-kho-ca-ro-phi-kho-to-kho-dua-chua-va-kho-nghe-dam-da-01865,Invalid slug
Món kho,https://www.dienmayxanh.com/vao-bep/2-cach-lam-ca-trich-kho-thit-ba-chi-va-kho-dua-thom-ngon-dam-07120,Invalid slug
Món kho,https://www.dienmayxanh.com/vao-bep/tong-hop-7-cach-lam-ca-kho-khe-chua-ngot-dam-da-de-lam-tai-14671,Invalid slug
Món kho,https://www.dienmayxanh.com/vao-bep/2-cach-lam-mang-nhoi-thit-sot-ca-moi-la-thom-ngon-don-gian-09706,Invalid slug
Món kho,https://www.dienmayxanh.com/vao-bep/4-cach-nau-ca-ri-rau-cu-chay-thanh-dam-cho-bua-an-chay-them-04274,Invalid slug
Món kho,https://www.dienmayxanh.com/vao-bep/2-cach-lam-trung-kho-sieu-don-gian-bat-com-ai-an-cung-me-07195,Invalid slug
Món kho,https://www.dienmayxanh.com/vao-bep/2-cach-lam-suon-cot-let-rim-nuoc-tuong-xi-dau-va-mam-sa-ngon-10156,Invalid slug
Món kho,https://www.dienmayxanh.com/vao-bep/3-cach-lam-cu-hu-dua-kho-thom-ngon-dam-da-de-lam-tai-nha-08089,Invalid slug
Món kho,https://www.dienmayxanh.com/vao-bep/3-cach-lam-ca-tra-kho-beo-ngon-dam-da-huong-vi-cho-bua-com-09669,Invalid slug
Món kho,https://www.dienmayxanh.com/vao-bep/2-cach-lam-kho-ca-loc-kho-thom-va-kho-tieu-ngon-dam-da-huong-10613,Invalid slug
Món kho,https://www.dienmayxanh.com/vao-bep/3-cach-dau-hu-kho-sa-ot-cai-muoi-va-cai-chua-thom-ngon-don-05136,Invalid slug
Món kho,https://www.dienmayxanh.com/vao-bep/2-cach-lam-ca-moi-kho-ca-va-kho-dua-chua-thom-ngon-01766,Invalid slug
Món kho,https://www.dienmayxanh.com/vao-bep/tong-hop-14-cach-lam-ca-kho-thom-dam-da-hap-dan-ngon-kho-13462,Invalid slug
Món kho,https://www.dienmayxanh.com/vao-bep/2-cach-lam-ca-cam-kho-thom-va-kho-gung-cuc-don-gian-va-thom-04891,Invalid slug
Món kho,https://www.dienmayxanh.com/vao-bep/2-cach-lam-cha-ca-kho-mang-va-kho-thom-don-gian-dua-com-04825,Invalid slug
Món kho,https://www.dienmayxanh.com/vao-bep/2-cach-lam-ca-hoi-kho-nghe-va-kho-tau-thom-ngon-hap-dan-dam-09475,Invalid slug
Món kho,https://www.dienmayxanh.com/vao-bep/2-cach-kho-ca-trang-thom-ngon-dam-da-de-lam-cho-bua-com-10385,Invalid slug
Món kho,https://www.dienmayxanh.com/vao-bep/2-cach-lam-trung-kho-quet-don-gian-cuc-hao-com-15522,Invalid slug
Món kho,https://www.dienmayxanh.com/vao-bep/2-cach-lam-ruoi-kho-khe-va-la-lot-bang-nieu-dat-thom-ngon-dam-05801,Invalid slug
Món kho,https://www.dienmayxanh.com/vao-bep/cach-lam-luon-om-cu-chuoi-mon-ngon-dac-san-sieu-hap-dan-11159,Invalid slug
Món kho,https://www.dienmayxanh.com/vao-bep/3-cach-lam-ca-ro-kho-dua-chua-kho-sa-kho-me-ngon-mieng-de-lam-09670,Invalid slug
Món kho,https://www.dienmayxanh.com/vao-bep/2-cach-lam-bap-non-kho-tieu-va-kho-ca-chua-chay-hap-dan-bat-05057,Invalid slug
Món kho,https://www.dienmayxanh.com/vao-bep/2-cach-lam-long-bo-khia-ngu-vi-va-nuoc-dua-thom-ngon-don-gian-06975,Invalid slug
Món kho,https://www.dienmayxanh.com/vao-bep/tong-hop-10-cach-lam-trung-cut-kho-ngon-mieng-dam-da-de-lam-12716,Invalid slug
Món kho,https://www.dienmayxanh.com/vao-bep/2-cach-lam-thit-kho-kim-chi-thom-ngon-don-gian-hap-dan-dua-06203,Invalid slug
Món kho,https://www.dienmayxanh.com/vao-bep/2-cach-lam-luoi-heo-khia-nuoc-dua-va-mam-toi-thom-ngon-hao-04715,Invalid slug
Món kho,https://www.dienmayxanh.com/vao-bep/2-cach-lam-ca-nganh-kho-rieng-va-kho-lat-ngon-dam-da-de-lam-10733,Invalid slug
Món kho,https://www.dienmayxanh.com/vao-bep/2-cach-lam-ca-com-kho-tieu-va-ca-com-kho-nghe-01742,Invalid slug
Món kho,https://www.dienmayxanh.com/vao-bep/2-cach-lam-mam-ruoc-me-va-top-mo-cham-xoai-vi-ngon-tuyet-voi-09239,Invalid slug
Món kho,https://www.dienmayxanh.com/vao-bep/2-cach-lam-duoi-heo-kho-tieu-va-kho-sa-ot-hap-dan-hao-com-ai-04919,Invalid slug
Món kho,https://www.dienmayxanh.com/vao-bep/2-cach-lam-ca-trung-kho-tieu-va-kho-ca-thom-beo-hap-dan-02075,Invalid slug
Món kho,https://www.dienmayxanh.com/vao-bep/2-cach-lam-ca-dua-kho-thom-va-kho-lat-dan-da-dua-com-don-gian-08006,Invalid slug
Món kho,https://www.dienmayxanh.com/vao-bep/2-cach-lam-ca-long-tong-kho-nghe-ngon-mieng-don-gian-cho-bua-11324,Invalid slug
Món kho,https://www.dienmayxanh.com/vao-bep/2-cach-lam-thit-bo-kho-tau-va-kho-ngu-vi-thom-ngon-dua-com-04648,Invalid slug
Món kho,https://www.dienmayxanh.com/vao-bep/2-cach-lam-mam-ca-thu-chung-hanh-gung-va-chung-tieu-xanh-dam-07359,Invalid slug
Món kho,https://www.dienmayxanh.com/vao-bep/4-cach-lam-tau-hu-ky-kho-chay-dam-da-hao-com-lai-cuc-don-gian-05713,Invalid slug
Món kho,https://www.dienmayxanh.com/vao-bep/3-cach-lam-bau-kho-chay-voi-tieu-dau-hu-va-nam-rom-mat-ngot-07007,Invalid slug
Món kho,https://www.dienmayxanh.com/vao-bep/2-cach-lam-ca-tim-kho-xi-dau-va-kho-dau-hu-ngon-mieng-dam-da-09658,Invalid slug
Món kho,https://www.dienmayxanh.com/vao-bep/ca-trich-nau-gi-ngon-tong-hop-8-mon-ngon-tu-ca-trich-thom-09851,Invalid slug
Món kho,https://www.dienmayxanh.com/vao-bep/tong-hop-14-cach-lam-mon-kho-sa-ot-voi-bo-noi-nha-bep-bat-com-17572,Invalid slug
Món kho,https://www.dienmayxanh.com/vao-bep/cach-kho-ca-mem-xuong-nhanh-thit-chin-mem-tiet-kiem-thoi-gian-17048,Missing data
Món kho,https://www.dienmayxanh.com/vao-bep/2-cach-lam-thom-kho-chay-chua-chua-ngot-ngot-doi-vi-cho-gia-12790,Invalid slug
Món kho,https://www.dienmayxanh.com/vao-bep/tong-hop-8-cach-lam-mon-kho-tuong-hot-dam-da-thom-ngon-don-16607,Invalid slug
Món kho,https://www.dienmayxanh.com/vao-bep/3-cach-lam-khoai-so-kho-thit-chin-mem-thom-ngon-khong-bi-nat-05493,Invalid slug
Món kho,https://www.dienmayxanh.com/vao-bep/2-cach-lam-tom-rim-thom-va-tom-rim-nuoc-cot-dua-dam-da-hap-04981,Invalid slug
Món kho,https://www.dienmayxanh.com/vao-bep/2-cach-lam-gan-bo-kho-sa-ot-va-kho-trung-cut-dam-d-02670,Invalid slug
Món kho,https://www.dienmayxanh.com/vao-bep/tong-hop-24-cach-lam-ga-kho-dam-da-don-gian-cho-bua-com-gia-08289,Invalid slug
Món kho,https://www.dienmayxanh.com/vao-bep/2-cach-lam-suon-cot-let-rim-sa-ot-va-rim-dau-hao-thom-ngon-10076,Invalid slug
Món kho,https://www.dienmayxanh.com/vao-bep/3-cach-lam-mon-tom-rang-muoi-ngon-gion-dam-da-nhu-ngoai-hang-01461,Invalid slug
Món kho,https://www.dienmayxanh.com/vao-bep/2-cach-lam-dau-hu-kho-nuoc-cot-dua-va-kho-dam-da-nhanh-chong-04706,Invalid slug
Món kho,https://www.dienmayxanh.com/vao-bep/2-cach-lam-nam-dui-ga-kho-chay-voi-gung-va-sa-ot-thom-ngon-08703,Invalid slug
Món kho,https://www.dienmayxanh.com/vao-bep/2-cach-lam-tom-rim-chua-ngot-va-rim-la-que-la-mieng-dam-da-07306,Invalid slug
Món kho,https://www.dienmayxanh.com/vao-bep/2-cach-lam-thit-rim-tom-kho-va-rim-la-chanh-hap-dan-dam-vi-ai-06795,Invalid slug
Món kho,https://www.dienmayxanh.com/vao-bep/2-cach-lam-thit-kho-tieu-thom-ngon-dam-da-de-lam-cho-bua-com-10184,Invalid slug
Món kho,https://www.dienmayxanh.com/vao-bep/2-cach-lam-ca-chuon-kho-ot-xanh-va-mit-non-don-gian-thom-ngon-04827,Invalid slug
Món kho,https://www.dienmayxanh.com/vao-bep/2-cach-lam-ca-loc-kho-mang-thom-ngon-dam-da-de-lam-cho-bua-12501,Invalid slug
Món kho,https://www.dienmayxanh.com/vao-bep/2-cach-lam-ca-liet-kho-tieu-va-kho-nghe-thom-ngon-dam-da-la-08423,Invalid slug
Món kho,https://www.dienmayxanh.com/vao-bep/2-cach-lam-nam-rom-kho-tuong-hot-chay-voi-dau-hu-va-voi-bau-07221,Invalid slug
Món kho,https://www.dienmayxanh.com/vao-bep/tong-hop-10-cach-lam-ca-basa-kho-thom-ngon-dam-da-cuc-hao-com-07625,Invalid slug
Món kho,https://www.dienmayxanh.com/vao-bep/3-cach-lam-tom-kho-kho-quet-dan-da-dam-da-hao-com-14937,Invalid slug
Món kho,https://www.dienmayxanh.com/vao-bep/2-cach-nau-ca-bac-ma-kho-mang-va-kho-ca-chua-don-gian-02030,Invalid slug
Món kho,https://www.dienmayxanh.com/vao-bep/2-cach-lam-ga-kho-hanh-phi-va-hanh-la-thom-ngon-la-mieng-cuc-10088,Invalid slug
Món kho,https://www.dienmayxanh.com/vao-bep/2-cach-lam-nam-moi-kho-tieu-va-kho-muoi-tom-thom-ngon-dam-da-08845,Invalid slug
Món kho,https://www.dienmayxanh.com/vao-bep/2-cach-lam-ca-nuc-kho-thit-ba-chi-mem-ngon-hap-dan-de-lam-tai-11719,Invalid slug
Món kho,https://www.dienmayxanh.com/vao-bep/2-cach-lam-ca-basa-kho-to-thom-ngon-dam-da-cho-bua-com-gia-07168,Invalid slug
Món kho,https://www.dienmayxanh.com/vao-bep/2-cach-lam-ca-long-tong-kho-quet-va-kho-sa-thom-ngon-dam-da-09703,Invalid slug
Món kho,https://www.dienmayxanh.com/vao-bep/3-cach-lam-ca-dieu-hong-kho-gung-kho-me-va-kho-bau-thom-ngon-07700,Invalid slug
Món kho,https://www.dienmayxanh.com/vao-bep/2-cach-lam-ca-heo-kho-lat-va-kho-tieu-ngon-dam-da-cho-mam-com-22203,Invalid slug
Món kho,https://www.dienmayxanh.com/vao-bep/2-cach-kho-ca-ngu-dai-duong-voi-thom-va-mang-tuoi-thom-ngon-08324,Invalid slug
Món kho,https://www.dienmayxanh.com/vao-bep/3-cach-lam-ca-he-kho-lat-kho-me-va-kho-reu-thom-ngon-dam-da-09882,Invalid slug
Món kho,https://www.dienmayxanh.com/vao-bep/2-cach-nau-ca-ri-ech-va-ca-ri-nai-thom-ngon-don-gian-cuc-hap-04124,Invalid slug
Món kho,https://www.dienmayxanh.com/vao-bep/tong-hop-5-cach-nau-thit-kho-coca-hap-dan-moi-la-ai-cung-me-16602,Invalid slug
Món kho,https://www.dienmayxanh.com/vao-bep/12-cach-lam-ca-loc-kho-dan-da-thom-ngon-ngay-tai-nha-12481,Invalid slug
Món kho,https://www.dienmayxanh.com/vao-bep/2-cach-lam-ca-song-kho-thom-ngon-dam-da-cho-bua-com-gia-dinh-07003,Invalid slug
Món kho,https://www.dienmayxanh.com/vao-bep/2-cach-lam-tau-hu-ky-kho-nam-chay-va-kho-tau-chay--02745,Invalid slug
Món kho,https://www.dienmayxanh.com/vao-bep/3-cach-nau-ca-thu-kho-mia-kho-cu-cai-kho-la-tra-xanh-doc-dao-01849,Invalid slug
Món kho,https://www.dienmayxanh.com/vao-bep/2-cach-lam-bap-cai-kho-chay-bat-com-don-gian-de-lam-05217,Invalid slug
Món kho,https://www.dienmayxanh.com/vao-bep/tong-hop-10-mon-kho-tau-hap-dan-don-gian-cho-ngay-tet-06790,Invalid slug
Món kho,https://www.dienmayxanh.com/vao-bep/2-cach-lam-ga-kho-ngu-vi-huong-va-ca-ri-thom-lung-an-la-ghien-07020,Invalid slug
Món kho,https://www.dienmayxanh.com/vao-bep/tong-hop-10-mon-ca-nuc-kho-thom-ngon-dam-vi-hao-com-08966,Invalid slug
Món kho,https://www.dienmayxanh.com/vao-bep/2-cach-nau-com-ca-ri-xuc-xich-va-thit-ba-chi-thom-ngon-dam-da-05091,Invalid slug
Món kho,https://www.dienmayxanh.com/vao-bep/2-cach-lam-ca-basa-kho-rieng-va-kho-dua-cai-don-gian-thom-04196,Invalid slug
Món kho,https://www.dienmayxanh.com/vao-bep/2-cach-lam-thit-kho-trung-nuoc-dua-thom-ngon-dam-da-cho-bua-10234,Invalid slug
Món kho,https://www.dienmayxanh.com/vao-bep/2-cach-lam-thit-trau-kho-tau-va-kho-tieu-bat-com-don-gian-09660,Invalid slug
Món kho,https://www.dienmayxanh.com/vao-bep/3-cach-lam-ca-nuc-kho-nuoc-mia-kho-mang-va-kho-rieng-dam-da-04309,Invalid slug
Món kho,https://www.dienmayxanh.com/vao-bep/3-cach-lam-ca-uc-kho-ngon-dam-da-de-lam-cho-bua-com-gia-dinh-10123,Invalid slug
Món kho,https://www.dienmayxanh.com/vao-bep/2-cach-lam-ga-kho-khoai-tay-va-cu-cai-dam-da-thom-ngon-la-07146,Invalid slug
Món kho,https://www.dienmayxanh.com/vao-bep/2-cach-lam-ca-moi-kho-trung-cut-va-trung-op-la-thom-ngon-ai-11108,Invalid slug
Món kho,https://www.dienmayxanh.com/vao-bep/2-cach-lam-ca-mang-kho-dua-va-kho-ca-chua-thom-ngon-dam-da-08932,Invalid slug
Món kho,https://www.dienmayxanh.com/vao-bep/2-cach-lam-ca-ri-ca-thu-va-ca-hoi-thom-ngon-hap-dan-dam-da-05336,Invalid slug
Món kho,https://www.dienmayxanh.com/vao-bep/3-cach-lam-ca-ngat-kho-thom-ngon-dam-da-cho-bua-com-07565,Invalid slug
Món kho,https://www.dienmayxanh.com/vao-bep/2-cach-lam-sot-ca-ri-do-va-cach-nau-ca-ri-ga-kieu-thai-panang-00225,Invalid slug
Món kho,https://www.dienmayxanh.com/vao-bep/2-cach-lam-vit-kho-sa-thom-lung-hap-dan-ngon-mieng-cho-bua-13186,Invalid slug
Món kho,https://www.dienmayxanh.com/vao-bep/2-cach-lam-ca-chem-kho-thom-va-kho-ca-chua-ngon-dam-da-dua-06751,Invalid slug
Món kho,https://www.dienmayxanh.com/vao-bep/ca-chep-kho-gi-ngon-tong-hop-15-cach-lam-ca-chep-kho-ngon-dam-14004,Missing data
Món kho,https://www.dienmayxanh.com/vao-bep/2-cach-lam-tim-ga-kho-tieu-va-kho-gung-thom-ngon-dam-da-huong-09114,Invalid slug
Món kho,https://www.dienmayxanh.com/vao-bep/2-cach-lam-ca-duc-kho-tieu-va-kho-to-thom-ngon-de-lam-dam-da-08507,Invalid slug
Món kho,https://www.dienmayxanh.com/vao-bep/3-cach-lam-ca-me-kho-tieu-kho-nghe-va-kho-thom-dam-da-ngon-05865,Invalid slug
Món kho,https://www.dienmayxanh.com/vao-bep/2-cach-lam-ca-com-kho-quet-va-kho-thit-ba-chi-thom-ngon-dam-07963,Invalid slug
Món kho,https://www.dienmayxanh.com/vao-bep/2-cach-lam-ca-tim-kho-chay-thom-ngon-don-gian-02253,Invalid slug
Món kho,https://www.dienmayxanh.com/vao-bep/3-cach-lam-bi-do-kho-chay-hap-dan-thom-ngon-don-gian-cho-bua-12780,Invalid slug
Món kho,https://www.dienmayxanh.com/vao-bep/2-cach-lam-ca-ro-kho-va-ca-keo-kho-chay-beo-ngay-thom-ngon-03727,Invalid slug
Món kho,https://www.dienmayxanh.com/vao-bep/3-cach-nau-mon-luon-om-dan-da-don-gian-va-dam-vi-01556,Invalid slug
Món kho,https://www.dienmayxanh.com/vao-bep/2-cach-nau-ca-ri-ga-heo-vindaloo-chuan-vi-an-do-cho-le-giang-05654,Invalid slug
Món kho,https://www.dienmayxanh.com/vao-bep/4-cach-lam-thit-vien-kho-ngon-mieng-de-lam-doi-vi-bua-com-08562,Invalid slug
Món kho,https://www.dienmayxanh.com/vao-bep/2-cach-lam-ca-lang-kho-to-va-kho-khom-ngon-mieng-hap-dan-dam-08788,Invalid slug
Món kho,https://www.dienmayxanh.com/vao-bep/2-cach-lam-suon-rim-mam-toi-va-sa-ot-dam-da-ngon-mieng-de-lam-09844,Invalid slug
Món kho,https://www.dienmayxanh.com/vao-bep/2-cach-lam-ca-loc-kho-chuoi-xanh-deo-bui-hap-dan-dam-da-huong-13683,Invalid slug
Món kho,https://www.dienmayxanh.com/vao-bep/2-cach-lam-suon-rim-chanh-day-va-la-chanh-don-gian-dam-da-04807,Invalid slug
Món kho,https://www.dienmayxanh.com/vao-bep/3-cach-lam-vit-kho-tieu-sa-ot-va-mang-don-gian-hap-dan-dua-05197,Invalid slug
Món kho,https://www.dienmayxanh.com/vao-bep/2-cach-lam-com-dua-kho-chay-voi-tieu-va-nuoc-tuong-beo-thom-07546,Invalid slug
Món kho,https://www.dienmayxanh.com/vao-bep/2-cach-lam-ca-loc-kho-thit-ba-roi-mem-ngon-dam-da-de-lam-cho-12893,Invalid slug
Món kho,https://www.dienmayxanh.com/vao-bep/2-cach-lam-ca-bong-kho-nuoc-dua-va-kho-nuoc-cot-dua-beo-ngon-07341,Invalid slug
Món kho,https://www.dienmayxanh.com/vao-bep/2-cach-lam-ca-thu-kho-dua-chua-va-kho-thit-ba-chi-thom-ngon-09709,Invalid slug
Món kho,https://www.dienmayxanh.com/vao-bep/2-cach-lam-ga-kho-va-thit-heo-kho-hat-de-bui-beo-cuc-ngon-04818,Invalid slug
Món kho,https://www.dienmayxanh.com/vao-bep/3-cach-lam-ca-bon-kho-ca-luoi-trau-kho-thom-ngon-dam-da-don-07657,Invalid slug
Món kho,https://www.dienmayxanh.com/vao-bep/2-cach-lam-ca-tre-kho-gung-ca-tre-kho-nghe-01673,Invalid slug
Món kho,https://www.dienmayxanh.com/vao-bep/2-cach-lam-ca-moi-kho-tieu-va-kho-nghe-ngon-dam-da-cho-bua-07573,Invalid slug
Món kho,https://www.dienmayxanh.com/vao-bep/2-cach-lam-ech-kho-tieu-thom-ngon-dam-da-huong-vi-de-lam-tai-10517,Invalid slug
Món kho,https://www.dienmayxanh.com/vao-bep/2-cach-lam-xo-mit-kho-ca-va-kho-thit-mem-ngon-dam-da-la-mieng-09649,Invalid slug
Món kho,https://www.dienmayxanh.com/vao-bep/2-cach-nau-bo-kho-don-gian-nhat-ai-cung-lam-duoc-01535,Invalid slug
Món kho,https://www.dienmayxanh.com/vao-bep/4-cach-lam-ca-thu-nhat-kho-thom-ngon-dam-da-hap-dan-cho-bua-08621,Invalid slug
Món kho,https://www.dienmayxanh.com/vao-bep/2-cach-lam-ca-loc-kho-nuoc-dua-beo-thom-hap-dan-don-gian-de-13627,Invalid slug
Món kho,https://www.dienmayxanh.com/vao-bep/3-cach-lam-ca-me-kho-rieng-kho-dua-va-kho-tuong-thom-ngon-hap-08976,Invalid slug
Món kho,https://www.dienmayxanh.com/vao-bep/2-cach-lam-heo-quay-kho-nuoc-tuong-kho-tau-hao-com-thom-ngon-05181,Invalid slug
Món kho,https://www.dienmayxanh.com/vao-bep/2-cach-lam-chan-gio-ham-nam-huong-cu-sen-thom-ngon-bo-duong-04455,Invalid slug
Món kho,https://www.dienmayxanh.com/vao-bep/2-cach-lam-vit-kho-kho-qua-va-dua-la-mieng-chong-ngay-cho-gia-08374,Invalid slug
Món kho,https://www.dienmayxanh.com/vao-bep/tong-hop-31-cach-lam-ca-kho-tieu-thom-ngon-don-gian-de-lam-13213,Invalid slug
Món kho,https://www.dienmayxanh.com/vao-bep/2-cach-lam-ca-chot-kho-tieu-va-kho-la-que-don-gian-va-dam-da-04813,Invalid slug
Món kho,https://www.dienmayxanh.com/vao-bep/2-cach-lam-ca-tim-kho-to-va-kho-quet-chay-thom-ngon-don-gian-09941,Invalid slug
Món chiên,https://www.dienmayxanh.com/vao-bep/cach-chien-dui-ga-vang-uom-voi-noi-chien-khong-dau-mishio-01113,Missing data
Món chiên,https://www.dienmayxanh.com/vao-bep/2-cach-lam-luon-chien-gion-va-chien-sa-ot-thom-ngon-02314,Invalid slug
Món chiên,https://www.dienmayxanh.com/vao-bep/3-cach-lam-thit-heo-chien-thom-ngon-cho-bua-com-gia-dinh-01816,Invalid slug
Món chiên,https://www.dienmayxanh.com/vao-bep/2-cach-lam-co-ga-chien-ngu-vi-thom-lung-ngon-mieng-dam-da-de-11861,Invalid slug
Món chiên,https://www.dienmayxanh.com/vao-bep/2-cach-lam-cha-trung-muc-hap-va-chien-dac-san-phan-thiet-thom-09124,Invalid slug
Món chiên,https://www.dienmayxanh.com/vao-bep/2-cach-lam-bao-ngu-chien-bo-va-chien-toi-ot-thom-lung-dai-05209,Invalid slug
Món chiên,https://www.dienmayxanh.com/vao-bep/2-cach-lam-sa-ke-chien-thom-ngon-gion-rum-ai-an-cung-ghien-01798,Invalid slug
Món chiên,https://www.dienmayxanh.com/vao-bep/tong-hop-21-cach-ap-chao-bang-chao-chong-dinh-don-gian-thom-16843,Invalid slug
Món chiên,https://www.dienmayxanh.com/vao-bep/2-cach-lam-trung-chien-hen-va-xa-bau-la-mieng-an-la-ghien-08183,Invalid slug
Món chiên,https://www.dienmayxanh.com/vao-bep/2-cach-lam-ca-basa-chien-sa-ot-va-chien-nuoc-mam-dam-da-cuc-04184,Invalid slug
Món chiên,https://www.dienmayxanh.com/vao-bep/2-cach-lam-trung-chien-thit-bam-va-tom-thom-ngon-hap-dan-04348,Invalid slug
Món chiên,https://www.dienmayxanh.com/vao-bep/2-cach-lam-banh-trang-chien-moi-la-gion-tan-hap-dan-don-gian-07089,Invalid slug
Món chiên,https://www.dienmayxanh.com/vao-bep/2-cach-lam-ga-chien-sot-pho-mai-cay-va-lac-pho-mai-hap-dan-05313,Invalid slug
Món chiên,https://www.dienmayxanh.com/vao-bep/2-cach-lam-da-heo-chien-gion-va-chien-nuoc-mam-toi-gion-rum-06817,Invalid slug
Món chiên,https://www.dienmayxanh.com/vao-bep/2-cach-lam-tom-chien-pho-mai-gion-rum-beo-ngon-hap-dan-06593,Invalid slug
Món chiên,https://www.dienmayxanh.com/vao-bep/3-cach-lam-ga-chien-sa-te-thom-lung-ngon-mieng-de-lam-tai-nha-11867,Invalid slug
Món chiên,https://www.dienmayxanh.com/vao-bep/2-cach-lam-suon-cuon-pho-mai-va-cuon-bacon-beo-ngon-hap-dan-04347,Invalid slug
Món chiên,https://www.dienmayxanh.com/vao-bep/2-cach-lam-ca-me-chien-gion-va-chien-sa-ot-ngon-dam-da-cho-05774,Invalid slug
Món chiên,https://www.dienmayxanh.com/vao-bep/tong-hop-16-cach-lam-ca-chien-sa-ot-cay-nong-hap-dan-ngon-kho-13522,Invalid slug
Món chiên,https://www.dienmayxanh.com/vao-bep/2-cach-lam-ca-lang-chien-gion-don-gian-thom-ngon-cuc-ki-dua-10404,Invalid slug
Món chiên,https://www.dienmayxanh.com/vao-bep/2-cach-lam-snack-hanh-tay-pho-mai-chien-va-hanh-ta-02325,Invalid slug
Món chiên,https://www.dienmayxanh.com/vao-bep/3-cach-lam-ca-trung-chien-gion-chien-bo-toi-chien-xu-don-gian-01899,Invalid slug
Món chiên,https://www.dienmayxanh.com/vao-bep/mach-ban-5-cach-cuon-cha-gio-dep-mat-sieu-nhanh-chong-va-de-15120,Missing data
Món chiên,https://www.dienmayxanh.com/vao-bep/2-cach-lam-uc-vit-ap-chao-sot-cam-va-sot-kem-rau-cu-thom-beo-04096,Invalid slug
Món chiên,https://www.dienmayxanh.com/vao-bep/2-cach-lam-muc-chien-gion-sot-cam-va-sot-tac-02797,Invalid slug
Món chiên,https://www.dienmayxanh.com/vao-bep/5-cach-lam-trung-op-la-beo-ngon-hap-dan-cuc-dep-mat-04415,Invalid slug
Món chiên,https://www.dienmayxanh.com/vao-bep/3-mon-ngon-voi-trung-hap-dan-cho-bua-com-gia-dinh-00339,Invalid slug
Món chiên,https://www.dienmayxanh.com/vao-bep/2-cach-lam-banh-trang-cuon-chien-gion-moi-la-doc-dao-01806,Invalid slug
Món chiên,https://www.dienmayxanh.com/vao-bep/3-cach-lam-thanh-cua-chien-gion-va-chien-xu-gion-rum-la-mieng-02191,Invalid slug
Món chiên,https://www.dienmayxanh.com/vao-bep/2-cach-lam-ca-phen-chien-gion-va-ca-phen-chien-mam-toi-ot-08335,Invalid slug
Món chiên,https://www.dienmayxanh.com/vao-bep/2-cach-lam-tom-chien-xu-rao-dau-gion-rum-ai-cung-me-01591,Invalid slug
Món chiên,https://www.dienmayxanh.com/vao-bep/2-cach-lam-cha-lua-chien-nuoc-mam-va-chien-sot-cay-dam-da-dua-05343,Invalid slug
Món chiên,https://www.dienmayxanh.com/vao-bep/3-cach-lam-thit-bo-chien-mem-ngon-dam-da-don-gian-cho-bua-com-05044,Invalid slug
Món chiên,https://www.dienmayxanh.com/vao-bep/2-cach-lam-luoi-vit-chien-gion-va-chien-sa-ot-cuc-ngon-hap-04968,Invalid slug
Món chiên,https://www.dienmayxanh.com/vao-bep/2-cach-lam-ca-hoi-chien-xu-va-chien-mam-dua-02532,Invalid slug
Món chiên,https://www.dienmayxanh.com/vao-bep/2-cach-lam-muc-chien-gion-muc-chien-xu-thom-ngon-gion-dai-01501,Invalid slug
Món chiên,https://www.dienmayxanh.com/vao-bep/2-cach-lam-ca-khoai-chien-gion-va-chien-xu-don-gia-02498,Invalid slug
Món chiên,https://www.dienmayxanh.com/vao-bep/2-cach-lam-ca-tim-chien-gion-cuc-don-gian-nhanh-chong-va-thom-05301,Invalid slug
Món chiên,https://www.dienmayxanh.com/vao-bep/tong-hop-cac-mon-ngon-tuyet-hao-lam-tu-bot-chien-gion-00966,Invalid slug
Món chiên,https://www.dienmayxanh.com/vao-bep/2-cach-lam-ca-hoi-chien-sot-xoai-va-chien-cay-thom-lung-cuc-04076,Invalid slug
Món chiên,https://www.dienmayxanh.com/vao-bep/2-cach-lam-khoai-tay-nghien-chien-gion-rum-don-gian-an-vat-05360,Invalid slug
Món chiên,https://www.dienmayxanh.com/vao-bep/2-cach-lam-ba-chi-chien-vung-va-chien-la-moc-mat-moi-la-don-10772,Invalid slug
Món chiên,https://www.dienmayxanh.com/vao-bep/3-cach-lam-nam-kim-cham-chien-gion-an-vat-sieu-ngon-hap-dan-05347,Invalid slug
Món chiên,https://www.dienmayxanh.com/vao-bep/tong-hop-17-cach-chien-bang-noi-chien-khong-dau-it-beo-thom-16245,Invalid slug
Món chiên,https://www.dienmayxanh.com/vao-bep/2-cach-lam-kho-qua-chien-gion-va-chien-trung-gion-rum-cuc-04842,Invalid slug
Món chiên,https://www.dienmayxanh.com/vao-bep/2-cach-lam-trung-chien-hau-thom-ngon-va-bo-duong-14394,Invalid slug
Món chiên,https://www.dienmayxanh.com/vao-bep/2-cach-lam-ca-luoi-trau-chien-sa-ot-va-chien-gion-cuc-ngon-04396,Invalid slug
Món chiên,https://www.dienmayxanh.com/vao-bep/2-cach-lam-ca-chem-chien-gion-thom-ngon-nhanh-chong-don-gian-05311,Invalid slug
Món chiên,https://www.dienmayxanh.com/vao-bep/2-cach-lam-cua-hoang-de-rang-me-chua-ngot-ngon-hap-dan-an-la-12335,Invalid slug
Món chiên,https://www.dienmayxanh.com/vao-bep/2-cach-lam-cha-gio-nhan-thit-bo-pho-mai-va-nam-la-mieng-don-05476,Invalid slug
Món chiên,https://www.dienmayxanh.com/vao-bep/2-cach-lam-tom-chien-com-xanh-gion-rum-hap-dan-ngon-mieng-an-11439,Invalid slug
Món chiên,https://www.dienmayxanh.com/vao-bep/2-cach-lam-suon-chien-mat-ong-va-sa-ot-thom-ngon-02310,Invalid slug
Món chiên,https://www.dienmayxanh.com/vao-bep/2-cach-lam-bo-cuon-pho-mai-chien-xu-va-sot-nam-thom-ngon-02643,Invalid slug
Món chiên,https://www.dienmayxanh.com/vao-bep/3-cach-lam-nuoc-cham-nem-nuong-nha-trang-beo-thom-sanh-min-11136,Invalid slug
Món chiên,https://www.dienmayxanh.com/vao-bep/2-cach-lam-ca-cam-chien-gion-rum-dam-da-cho-bua-com-gia-dinh-04880,Invalid slug
Món chiên,https://www.dienmayxanh.com/vao-bep/2-cach-lam-cha-ga-nam-meo-va-khoai-tay-chien-gion-thom-ngon-05452,Invalid slug
Món chiên,https://www.dienmayxanh.com/vao-bep/3-cach-lam-bong-ca-chay-chien-gion-thom-ngon-hap-dan-don-gian-14986,Invalid slug
Món chiên,https://www.dienmayxanh.com/vao-bep/3-cach-che-bien-duong-dua-beo-ngon-dac-san-dan-da-mien-que-22859,Invalid slug
Món chiên,https://www.dienmayxanh.com/vao-bep/tong-hop-10-cach-lam-uc-ga-chien-ngon-mieng-hap-dan-de-lam-10898,Invalid slug
Món chiên,https://www.dienmayxanh.com/vao-bep/2-cach-lam-chuot-chien-nuoc-mam-chuot-chien-sa-ot-dam-vi-bang-22384,Invalid slug
Món chiên,https://www.dienmayxanh.com/vao-bep/2-cach-lam-me-ga-chien-nuoc-mam-va-chien-toi-thom--02779,Invalid slug
Món chiên,https://www.dienmayxanh.com/vao-bep/2-cach-lam-uc-ga-ap-chao-sot-chimichurri-va-sot-bechamel-thom-03886,Invalid slug
Món chiên,https://www.dienmayxanh.com/vao-bep/2-cach-lam-com-chien-kim-chi-rong-bien-va-xuc-xich-thom-ngon-06827,Invalid slug
Món chiên,https://www.dienmayxanh.com/vao-bep/2-cach-lam-bi-do-chien-thit-va-chien-tom-gion-ngon-hap-dan-04552,Invalid slug
Món chiên,https://www.dienmayxanh.com/vao-bep/2-cach-lam-trung-chien-bap-ngo-va-xuc-xich-sieu-don-gian-de-09926,Invalid slug
Món chiên,https://www.dienmayxanh.com/vao-bep/2-cach-lam-cha-ca-thac-lac-boc-khoai-lang-va-xoi-chien-ngon-08222,Invalid slug
Món chiên,https://www.dienmayxanh.com/vao-bep/2-cach-lam-tokbokki-chien-xu-va-chien-pho-mai-thom-ngon-02195,Invalid slug
Món chiên,https://www.dienmayxanh.com/vao-bep/3-cach-lam-ca-ngu-chien-thom-ngon-dam-da-cho-bua-com-gia-dinh-05058,Invalid slug
Món chiên,https://www.dienmayxanh.com/vao-bep/3-cach-lam-rong-bien-cuon-trung-cut-va-cuon-cha-ca-chien-gion-03991,Invalid slug
Món chiên,https://www.dienmayxanh.com/vao-bep/2-cach-lam-suon-non-chay-rim-chua-ngot-voi-chanh-va-me-06223,Invalid slug
Món chiên,https://www.dienmayxanh.com/vao-bep/2-cach-lam-thit-bam-rang-sa-sieu-don-gian-tai-nha-an-la-ghien-10413,Invalid slug
Món chiên,https://www.dienmayxanh.com/vao-bep/tong-hop-7-cach-lam-thit-ba-roi-chien-hap-dan-thom-ngon-ai-13316,Invalid slug
Món chiên,https://www.dienmayxanh.com/vao-bep/2-cach-lam-bit-tet-thit-lon-hap-dan-thom-ngon-don-gian-cho-16089,Invalid slug
Món chiên,https://www.dienmayxanh.com/vao-bep/2-cach-chien-dau-bang-noi-chien-khong-dau-nhanh-don-gian-gion-11308,Invalid slug
Món chiên,https://www.dienmayxanh.com/vao-bep/2-cach-lam-muc-don-thit-don-gian-gion-ngon-de-lam-chieu-dai-09484,Invalid slug
Món chiên,https://www.dienmayxanh.com/vao-bep/2-cach-lam-canh-ga-chien-nuoc-mam-ngon-dam-duoi-cong-thuc-cuc-00359,Invalid slug
Món chiên,https://www.dienmayxanh.com/vao-bep/2-cach-lam-cha-gio-hau-va-cha-gio-bap-moi-la-doc-dao-cuc-hap-04429,Invalid slug
Món chiên,https://www.dienmayxanh.com/vao-bep/2-cach-lam-snack-da-heo-chien-gion-rum-bang-noi-chien-khong-15826,Invalid slug
Món chiên,https://www.dienmayxanh.com/vao-bep/tong-hop-22-cach-lam-mon-chien-bo-toi-thom-lung-hap-dan-ai-16170,Invalid slug
Món chiên,https://www.dienmayxanh.com/vao-bep/tong-hop-11-cach-lam-ca-chien-xu-ngon-gion-rum-hap-dan-ai-13312,Invalid slug
Món chiên,https://www.dienmayxanh.com/vao-bep/2-cach-lam-khoai-mon-boc-tom-va-boc-trung-cut-chien-gion-cuc-04523,Invalid slug
Món chiên,https://www.dienmayxanh.com/vao-bep/2-cach-lam-cha-gio-tomyum-va-cha-gio-detox-gion-ngon-moi-la-00195,Invalid slug
Món chiên,https://www.dienmayxanh.com/vao-bep/2-cach-lam-kimbap-chien-gion-rum-don-gian-cuc-ngon-mieng-04398,Invalid slug
Món chiên,https://www.dienmayxanh.com/vao-bep/3-cach-lam-mi-can-chien-gion-sa-ot-va-nuoc-mam-chay-thom-ngon-10510,Invalid slug
Món chiên,https://www.dienmayxanh.com/vao-bep/tong-hop-15-cach-lam-mon-rang-muoi-dam-da-don-gian-ai-cung-10531,Invalid slug
Món chiên,https://www.dienmayxanh.com/vao-bep/tong-hop-28-cach-lam-cac-mon-chien-xu-de-lam-hap-dan-an-la-15483,Invalid slug
Món chiên,https://www.dienmayxanh.com/vao-bep/3-cach-lam-phi-le-ca-loc-chien-thom-beo-don-gian-cuc-ngon-04264,Invalid slug
Món chiên,https://www.dienmayxanh.com/vao-bep/3-cach-lam-com-chien-trung-muoi-gion-ngon-beo-ngay-hap-dan-06760,Invalid slug
Món chiên,https://www.dienmayxanh.com/vao-bep/3-cach-lam-trung-chien-ca-chua-kim-chi-va-rau-cu-cuc-ngon-don-04218,Invalid slug
Món chiên,https://www.dienmayxanh.com/vao-bep/cha-bong-ruoc-an-voi-gi-ngon-tong-hop-cac-mon-an-voi-ruoc-10247,Invalid slug
Món chiên,https://www.dienmayxanh.com/vao-bep/2-cach-lam-dui-ga-chien-sot-me-va-sot-chao-do-mem-ngon-dam-04226,Invalid slug
Món chiên,https://www.dienmayxanh.com/vao-bep/2-cach-lam-mit-non-chien-gion-va-chien-nuoc-mam-moi-la-thom-05524,Invalid slug
Món chiên,https://www.dienmayxanh.com/vao-bep/2-cach-lam-ca-chach-chien-la-lot-va-chien-vung-gion-tan-thom-10730,Invalid slug
Món chiên,https://www.dienmayxanh.com/vao-bep/2-cach-lam-tom-cang-xanh-sot-bo-toi-va-sot-me-thom-lung-dam-04051,Invalid slug
Món chiên,https://www.dienmayxanh.com/vao-bep/3-cach-lam-mon-tom-chien-gion-thom-hap-dan-01594,Invalid slug
Món chiên,https://www.dienmayxanh.com/vao-bep/2-cach-lam-ca-chim-chien-gion-va-chien-sot-ca-thom-ngon-dam-04265,Invalid slug
Món chiên,https://www.dienmayxanh.com/vao-bep/2-cach-lam-ca-com-chien-bo-toi-va-chien-cay-thom-l-02620,Invalid slug
Món chiên,https://www.dienmayxanh.com/vao-bep/2-cach-lam-chan-gio-chien-nuoc-mam-dam-da-thom-ngon-ai-cung-09373,Invalid slug
Món chiên,https://www.dienmayxanh.com/vao-bep/2-cach-lam-banh-tom-chay-gion-rum-don-giam-thom-ngon-ai-cung-09126,Invalid slug
Món chiên,https://www.dienmayxanh.com/vao-bep/2-cach-lam-sui-cao-nhan-ca-hoi-la-mieng-thom-ngon-don-gian-05296,Invalid slug
Món chiên,https://www.dienmayxanh.com/vao-bep/2-cach-lam-muc-mot-nang-chien-gion-va-chien-xu-thom-ngon-de-09157,Invalid slug
Món chiên,https://www.dienmayxanh.com/vao-bep/3-cach-lam-sot-tonkatsu-ngon-nhu-nha-hang-nhat-cho-mon-chien-22629,Invalid slug
Món chiên,https://www.dienmayxanh.com/vao-bep/2-cach-pha-bot-banh-xeo-sieu-de-cho-vo-banh-gion-lau-cang-an-23543,Invalid slug
Món chiên,https://www.dienmayxanh.com/vao-bep/2-cach-lam-xoi-chien-nhan-cu-san-va-nhan-nam-chay-thom-phuc-04409,Invalid slug
Món chiên,https://www.dienmayxanh.com/vao-bep/tong-hop-9-mon-ca-hoi-ap-chao-voi-vo-van-loai-sot-thom-ngon-10355,Invalid slug
Món chiên,https://www.dienmayxanh.com/vao-bep/2-cach-lam-ca-com-rang-dau-phong-va-rang-chua-ngot-gion-beo-04325,Invalid slug
Món chiên,https://www.dienmayxanh.com/vao-bep/4-cach-lam-long-heo-chien-gion-cuc-ngon-hap-dan-don-gian-tai-04878,Invalid slug
Món chiên,https://www.dienmayxanh.com/vao-bep/2-cach-lam-bi-ngoi-chien-hinh-vien-va-hinh-loc-xoay-don-gian-05335,Invalid slug
Món chiên,https://www.dienmayxanh.com/vao-bep/2-cach-lam-com-boc-trung-long-dao-va-thit-chien-gion-rum-thom-04113,Invalid slug
Món chiên,https://www.dienmayxanh.com/vao-bep/2-cach-lam-bach-tuoc-chien-gion-thom-ngon-hap-dan-cho-gia-05300,Invalid slug
Món chiên,https://www.dienmayxanh.com/vao-bep/2-cach-lam-ca-bac-ma-chien-mam-toi-ot-va-chien-sot-ca-cuc-04522,Invalid slug
Món chiên,https://www.dienmayxanh.com/vao-bep/2-cach-lam-ga-chien-sot-pho-mai-va-sot-me-thom-ngo-02553,Invalid slug
Món chiên,https://www.dienmayxanh.com/vao-bep/2-cach-lam-dau-hu-non-chien-gion-va-chien-trung-muoi-thom-beo-07577,Invalid slug
Món chiên,https://www.dienmayxanh.com/vao-bep/3-cach-lam-ca-hoi-ap-chao-sot-bo-chanh-va-sot-cam-02571,Invalid slug
Món chiên,https://www.dienmayxanh.com/vao-bep/tong-hop-40-cach-lam-ca-chien-gion-vang-rum-hap-dan-an-la-13466,Invalid slug
Món chiên,https://www.dienmayxanh.com/vao-bep/cach-ran-banh-chung-bang-noi-chien-khong-dau-vua-gion-ngon-22300,Missing data
Món chiên,https://www.dienmayxanh.com/vao-bep/2-cach-lam-hoa-hong-chien-giup-ngay-20-10-them-phong-phu-04450,Invalid slug
Món chiên,https://www.dienmayxanh.com/vao-bep/2-cach-lam-ga-chien-muoi-ot-gion-ngon-dam-da-huong-vi-an-la-11768,Invalid slug
Món chiên,https://www.dienmayxanh.com/vao-bep/2-cach-lam-dau-hu-non-va-tau-hu-trung-chien-cha-bong-beo-thom-07532,Invalid slug
Món chiên,https://www.dienmayxanh.com/vao-bep/2-cach-lam-ca-du-chien-gion-va-chien-sa-thom-ngon-hap-dan-de-10732,Invalid slug
Món chiên,https://www.dienmayxanh.com/vao-bep/4-cach-lam-ca-ngu-ap-chao-thom-lung-mem-ngon-hap-dan-05109,Invalid slug
Món chiên,https://www.dienmayxanh.com/vao-bep/2-cach-lam-cha-ca-hoi-thom-ngon-hap-dan-moi-la-05275,Invalid slug
Món chiên,https://www.dienmayxanh.com/vao-bep/2-cach-lam-canh-ga-chien-mat-ong-va-chien-coca-gion-rum-thom-04167,Invalid slug
Món chiên,https://www.dienmayxanh.com/vao-bep/3-cach-lam-ga-chien-vung-gion-tan-thom-phuc-hap-dan-ai-cung-10782,Invalid slug
Món chiên,https://www.dienmayxanh.com/vao-bep/2-cach-lam-dau-hu-chien-mam-me-va-chien-giam-duong-thom-ngon-03779,Invalid slug
Món chiên,https://www.dienmayxanh.com/vao-bep/2-cach-lam-nam-dong-co-nhoi-tom-don-gian-hap-dan-an-la-me-06046,Invalid slug
Món chiên,https://www.dienmayxanh.com/vao-bep/2-cach-lam-cha-la-lot-chay-thom-ngon-don-gian-hap-dan-ai-cung-05924,Invalid slug
Món chiên,https://www.dienmayxanh.com/vao-bep/tong-hop-3-cach-chien-banh-phong-tom-khong-dau-mo-ma-lai-gion-07049,Invalid slug
Món chiên,https://www.dienmayxanh.com/vao-bep/3-cach-lam-banh-chuoi-chien-gion-rum-cuc-de-ai-an-cung-me-01526,Invalid slug
Món chiên,https://www.dienmayxanh.com/vao-bep/2-cach-lam-mon-luon-chien-gion-nuoc-mam-va-luon-chien-gion-13993,Invalid slug
Món chiên,https://www.dienmayxanh.com/vao-bep/2-cach-lam-phi-le-ca-basa-chien-gion-va-sot-chanh-day-gion-03919,Invalid slug
Món chiên,https://www.dienmayxanh.com/vao-bep/tong-hop-15-cach-lam-cac-mon-tom-chien-gion-rum-thom-ngon-don-06763,Invalid slug
Món chiên,https://www.dienmayxanh.com/vao-bep/2-cach-lam-cha-gio-chuoi-va-bap-non-moi-la-hap-dan-cho-ca-nha-07093,Invalid slug
Món chiên,https://www.dienmayxanh.com/vao-bep/2-cach-lam-ca-hu-chien-sa-ot-va-muoi-ot-thom-ngon-dam-da-an-10205,Invalid slug
Món chiên,https://www.dienmayxanh.com/vao-bep/2-cach-lam-ca-tim-chien-chay-hap-dan-de-lam-cho-gia-dinh-13861,Invalid slug
Món chiên,https://www.dienmayxanh.com/vao-bep/2-cach-lam-cha-gio-chay-tau-hu-ky-va-banh-trang-moi-la-don-07229,Invalid slug
Món chiên,https://www.dienmayxanh.com/vao-bep/2-cach-lam-ca-tim-chien-nuoc-mam-va-chien-trung-da-02782,Invalid slug
Món chiên,https://www.dienmayxanh.com/vao-bep/2-cach-lam-ca-dieu-hong-chien-sot-hong-kong-va-sot-nam-gion-04119,Invalid slug
Món chiên,https://www.dienmayxanh.com/vao-bep/2-cach-lam-hoanh-thanh-chien-nhan-hai-san-va-xuc-xich-thom-02551,Invalid slug
Món chiên,https://www.dienmayxanh.com/vao-bep/2-cach-lam-canh-ga-chien-xa-xi-va-chien-muoi-tieu-moi-la-thom-10265,Invalid slug
Món chiên,https://www.dienmayxanh.com/vao-bep/2-cach-lam-ga-lac-pho-mai-va-ga-lac-tran-chau-gion-rum-thom-04120,Invalid slug
Món chiên,https://www.dienmayxanh.com/vao-bep/2-cach-lam-cha-gio-re-vang-rum-gion-tan-khong-ngay-dau-01590,Invalid slug
Món chiên,https://www.dienmayxanh.com/vao-bep/2-cach-lam-trung-ca-chien-gion-va-chien-la-lot-cuc-ngon-hap-04578,Invalid slug
Món chiên,https://www.dienmayxanh.com/vao-bep/2-cach-ran-ca-bang-noi-chien-khong-dau-ngon-thom-lung-don-11539,Invalid slug
Món chiên,https://www.dienmayxanh.com/vao-bep/2-cach-lam-ga-cuon-rong-bien-va-mang-tay-chien-gion-thom-ngon-05564,Invalid slug
Món chiên,https://www.dienmayxanh.com/vao-bep/2-cach-lam-ca-loc-chien-xu-va-chien-sa-nghe-gion-ngon-dam-da-04460,Invalid slug
Món chiên,https://www.dienmayxanh.com/vao-bep/2-cach-lam-chan-ga-chien-sa-ot-thom-ngon-hap-dan-an-la-ghien-11689,Invalid slug
Món chiên,https://www.dienmayxanh.com/vao-bep/3-cach-lam-ech-chien-nuoc-mam-ech-chien-bo-va-ech-chien-gion-01871,Invalid slug
Món chiên,https://www.dienmayxanh.com/vao-bep/2-cach-lam-mon-bo-ne-op-la-va-hoa-thien-ly-ngon-d-02604,Invalid slug
Món chiên,https://www.dienmayxanh.com/vao-bep/2-cach-lam-sun-ga-chien-gion-sot-bo-toi-va-pho-mai-thom-ngon-02201,Invalid slug
Món chiên,https://www.dienmayxanh.com/vao-bep/2-cach-lam-gan-lon-chien-ran-ngu-vi-huong-gan-lon-chay-toi-01539,Invalid slug
Món chiên,https://www.dienmayxanh.com/vao-bep/2-cach-lam-ca-bop-chien-nuoc-mam-va-chien-sot-ca-thom-ngon-07752,Invalid slug
Món chiên,https://www.dienmayxanh.com/vao-bep/4-cach-lam-suon-chien-toi-thom-lung-ngon-mieng-de-lam-don-13116,Invalid slug
Món chiên,https://www.dienmayxanh.com/vao-bep/2-cach-lam-chan-ga-chien-gion-va-chien-xu-gion-rum-thom-ngon-04112,Invalid slug
Món chiên,https://www.dienmayxanh.com/vao-bep/2-cach-lam-bot-chien-gion-ngon-hap-dan-cuc-de-lam-tai-nha--01541,Invalid slug
Món chiên,https://www.dienmayxanh.com/vao-bep/2-cach-lam-cha-ca-chay-tu-khoai-mon-va-cu-nang-thom-ngon-01887,Invalid slug
Món chiên,https://www.dienmayxanh.com/vao-bep/2-cach-lam-snack-khoai-mon-chien-gion-va-khoai-mon-lac-pho-07315,Invalid slug
Món chiên,https://www.dienmayxanh.com/vao-bep/2-cach-lam-ca-huong-chien-sa-ot-thom-ngon-hap-dan-cuc-dua-com-11313,Invalid slug
Món chiên,https://www.dienmayxanh.com/vao-bep/2-cach-lam-ga-chien-la-dua-va-la-mac-mat-gion-tan-thom-lung-04170,Invalid slug
Món chiên,https://www.dienmayxanh.com/vao-bep/2-cach-lam-da-ga-chien-gion-va-chien-nuoc-mam-02301,Invalid slug
Món chiên,https://www.dienmayxanh.com/vao-bep/3-cach-lam-ca-ho-chien-sa-ot-chien-nuoc-mam-va-chien-gion-07516,Invalid slug
Món chiên,https://www.dienmayxanh.com/vao-bep/4-cach-lam-nuoc-mam-cham-ca-chien-don-gian-cuc-ngon-dam-da-de-13086,Invalid slug
Món chiên,https://www.dienmayxanh.com/vao-bep/2-cach-lam-xuc-xich-pho-mai-chien-gion-rum-tai-nha-voi-chao-22645,Invalid slug
Món chiên,https://www.dienmayxanh.com/vao-bep/2-cach-lam-cha-gio-ca-chem-va-ca-loc-gion-lau-thom-ngon-don-10096,Invalid slug
Món chiên,https://www.dienmayxanh.com/vao-bep/2-cach-lam-ca-thu-chien-sot-ca-va-chien-toi-ot-thom-ngon-dam-04427,Invalid slug
Món chiên,https://www.dienmayxanh.com/vao-bep/2-cach-lam-trung-ran-ngai-cuu-thom-ngon-hap-dan-de-lam-tot-13913,Invalid slug
Món chiên,https://www.dienmayxanh.com/vao-bep/2-cach-lam-cua-lot-chien-gion-sot-thai-va-sot-tartar-thom-07091,Invalid slug
Món chiên,https://www.dienmayxanh.com/vao-bep/3-cach-lam-cua-dong-chien-gion-tan-thom-lung-cuc-ngon-mieng-04095,Invalid slug
Món chiên,https://www.dienmayxanh.com/vao-bep/3-cach-lam-kho-muc-rang-muoi-bo-toi-va-me-thom-ngon-nham-nhi-05036,Invalid slug
Món chiên,https://www.dienmayxanh.com/vao-bep/2-cach-lam-com-chien-toi-ngon-don-gian-nhanh-chong-cho-bua-06758,Invalid slug
Món chiên,https://www.dienmayxanh.com/vao-bep/2-cach-lam-banh-tet-chien-banh-chung-chien-ran-ngon-01567,Invalid slug
Món chiên,https://www.dienmayxanh.com/vao-bep/2-cach-lam-canh-ga-chien-toi-va-chien-pho-mai-thom-ngon-hap-09101,Invalid slug
Món chiên,https://www.dienmayxanh.com/vao-bep/2-cach-lam-me-ga-chien-gion-va-chien-muoi-ot-thom-ngon-da-08995,Invalid slug
Món chiên,https://www.dienmayxanh.com/vao-bep/2-cach-lam-khoai-tay-chien-xu-boc-xuc-xich-va-trung-cut-02306,Invalid slug
Món chiên,https://www.dienmayxanh.com/vao-bep/2-cach-lam-ca-bop-chien-gion-sot-chanh-va-sot-man-thom-ngon-04109,Invalid slug
Món chiên,https://www.dienmayxanh.com/vao-bep/2-cach-lam-ga-ran-mat-ong-tao-nghien-chua-ngot-la-mieng-09489,Invalid slug
Món chiên,https://www.dienmayxanh.com/vao-bep/2-cach-lam-trung-chien-xuc-xich-thom-ngon-hap-dan-don-gian-06635,Invalid slug
Món chiên,https://www.dienmayxanh.com/vao-bep/2-cach-lam-ca-com-chien-nuoc-mam-va-sa-te-gion-ngon-hap-dan-09142,Invalid slug
Món chiên,https://www.dienmayxanh.com/vao-bep/3-cach-lam-muc-nhoi-thit-voi-tom-chien-gion-rum-thom-ngon-hap-07268,Invalid slug
Món chiên,https://www.dienmayxanh.com/vao-bep/2-cach-lam-dau-bap-chien-bot-va-nhoi-tom-chien-tho-02731,Invalid slug
Món chiên,https://www.dienmayxanh.com/vao-bep/tong-hop-22-cach-lam-mon-chien-chay-hap-dan-don-gian-thom-16241,Invalid slug
Món chiên,https://www.dienmayxanh.com/vao-bep/2-cach-lam-ha-cao-chien-cay-va-chien-sot-pho-mai-thom-ngon-an-04114,Invalid slug
Món chiên,https://www.dienmayxanh.com/vao-bep/2-cach-lam-coi-so-diep-sot-bo-toi-va-sot-chanh-day-02619,Invalid slug
Món chiên,https://www.dienmayxanh.com/vao-bep/cach-lam-sot-tieu-den-don-gian-cho-cac-mon-beefsteak-voi-chao-22595,Invalid slug
Món chiên,https://www.dienmayxanh.com/vao-bep/2-cach-la-trung-cut-chien-gion-sot-me-va-bo-toi-thom-ngon-don-08586,Invalid slug
Món chiên,https://www.dienmayxanh.com/vao-bep/2-cach-lam-ca-ngan-chien-gion-va-chien-mam-thom-ngon-dam-da-09544,Invalid slug
Món chiên,https://www.dienmayxanh.com/vao-bep/2-cach-lam-banh-hoi-chien-gion-sot-nuoc-mam-mo-hanh-cuc-ngon-05731,Invalid slug
Món chiên,https://www.dienmayxanh.com/vao-bep/2-cach-lam-khoai-tay-lac-va-khoai-tay-que-gion-rum-02483,Invalid slug
Món chiên,https://www.dienmayxanh.com/vao-bep/2-cach-lam-hoanh-thanh-chien-nhan-thit-va-nhan-tom-gion-rum-04331,Invalid slug
Món chiên,https://www.dienmayxanh.com/vao-bep/cach-pha-bot-chien-gion-ngon-nhu-nha-hang-00960,Missing data
Món chiên,https://www.dienmayxanh.com/vao-bep/4-cach-lam-ca-trung-chien-me-trung-muoi-nuoc-mam-va-la-lot-10778,Invalid slug
Món chiên,https://www.dienmayxanh.com/vao-bep/tong-hop-34-cach-lam-mon-chien-nuoc-mam-dam-vi-hap-dan-don-15553,Invalid slug
Món chiên,https://www.dienmayxanh.com/vao-bep/2-cach-lam-cha-gio-ga-rau-cu-va-pho-mai-cay-hap-dan-thom-ngon-05322,Invalid slug
Món chiên,https://www.dienmayxanh.com/vao-bep/2-cach-che-bien-dui-ga-tay-xong-khoi-ngon-mieng-hap-dan-de-14820,Invalid slug
Món chiên,https://www.dienmayxanh.com/vao-bep/4-cach-lam-nui-chien-bang-noi-chien-khong-dau-don-gian-hap-11797,Invalid slug
Món chiên,https://www.dienmayxanh.com/vao-bep/phi-le-ca-basa-lam-mon-gi-ngon-tong-hop-9-mon-ngon-tu-phi-le-10310,Invalid slug
Món chiên,https://www.dienmayxanh.com/vao-bep/2-cach-lam-cha-be-be-va-nem-be-be-thom-ngon-gion-rum-02256,Invalid slug
Món chiên,https://www.dienmayxanh.com/vao-bep/3-cach-lam-com-chien-hai-san-ngon-mieng-don-gian-hap-dan-06761,Invalid slug
Món chiên,https://www.dienmayxanh.com/vao-bep/3-cach-lam-mon-com-chien-thom-ngon-cho-bua-com-gia-dinh-01761,Invalid slug
Món chiên,https://www.dienmayxanh.com/vao-bep/2-cach-lam-hoanh-thanh-nhan-thit-ga-thom-ngon-moi-la-hap-dan-05297,Invalid slug
Món chiên,https://www.dienmayxanh.com/vao-bep/2-cach-lam-thit-xong-khoi-cuon-nam-kim-cham-va-mang-tay-ap-02892,Invalid slug
Món chiên,https://www.dienmayxanh.com/vao-bep/2-cach-lam-trung-bac-trung-khuay-ngon-mieng-bo-duong-sieu-08818,Invalid slug
Món chiên,https://www.dienmayxanh.com/vao-bep/2-cach-lam-thit-heo-ap-chao-sot-tieu-den-va-sot-hanh-gung-03760,Invalid slug
Món chiên,https://www.dienmayxanh.com/vao-bep/2-cach-lam-bo-vien-chien-va-bo-vien-nuong-cuc-ngon-dam-da-04573,Invalid slug
Món chiên,https://www.dienmayxanh.com/vao-bep/2-cach-lam-com-chien-lap-xuong-ngon-nhanh-de-lam-cho-bua-sang-14002,Invalid slug
Món chiên,https://www.dienmayxanh.com/vao-bep/2-cach-lam-uc-ga-chien-gion-va-chien-xu-gion-tan-thom-ngon-an-03881,Invalid slug
Món chiên,https://www.dienmayxanh.com/vao-bep/2-cach-lam-chuoi-xanh-ngao-duong-don-gian-gion-rum-an-vat-cuc-05292,Invalid slug
Món chiên,https://www.dienmayxanh.com/vao-bep/2-cach-lam-sandwich-cuon-thom-ngon-don-gian-cho-bua-sang-dinh-07815,Invalid slug
Món chiên,https://www.dienmayxanh.com/vao-bep/2-cach-lam-tempura-tom-rau-cu-hai-san-va-ga-gion-ngon-hap-dan-04691,Invalid slug
Món chiên,https://www.dienmayxanh.com/vao-bep/2-cach-lam-dau-hu-chien-nuoc-mam-va-chien-sot-miso-don-gian-09192,Invalid slug
Món chiên,https://www.dienmayxanh.com/vao-bep/3-cach-lam-ga-vien-sot-kem-sot-teriyaki-sot-ca-ri-hap-dan-de-05096,Invalid slug
Món chiên,https://www.dienmayxanh.com/vao-bep/3-cach-lam-mon-ca-rang-muoi-thom-ngon-la-mieng-ngay-tai-nha-04673,Invalid slug
Món chiên,https://www.dienmayxanh.com/vao-bep/2-cach-lam-ghe-sua-rang-me-va-chien-gion-cuc-ngon-mieng-04587,Invalid slug
Món chiên,https://www.dienmayxanh.com/vao-bep/2-cach-lam-cha-ca-ngu-la-mieng-thom-ngon-don-gian-de-lam-05277,Invalid slug
Món chiên,https://www.dienmayxanh.com/vao-bep/2-cach-lam-tom-sot-chanh-day-chua-ngot-giai-ngan-ngon-an-la-12498,Invalid slug
Món chiên,https://www.dienmayxanh.com/vao-bep/tong-hop-cac-gia-vi-uop-heo-quay-quan-trong-can-luu-lai-ngay-23392,Invalid slug
Món chiên,https://www.dienmayxanh.com/vao-bep/3-cach-lam-bap-chuoi-chien-don-gian-gion-ngon-hap-dan-04839,Invalid slug
Món chiên,https://www.dienmayxanh.com/vao-bep/2-cach-lam-com-chien-duong-chau-don-gian-gion-ngon-vang-ruom-02410,Invalid slug
Món chiên,https://www.dienmayxanh.com/vao-bep/3-cach-lam-khoai-mon-chien-gion-rum-cuc-ngon-mieng-04472,Invalid slug
Món chiên,https://www.dienmayxanh.com/vao-bep/2-cach-lam-bao-tu-ca-basa-chien-gion-va-chien-sot-me-vua-re-01585,Invalid slug
Món chiên,https://www.dienmayxanh.com/vao-bep/3-cach-lam-ga-chien-sa-ot-thom-ngon-hap-dan-de-lam-ngay-tai-11557,Invalid slug
Món chiên,https://www.dienmayxanh.com/vao-bep/2-cach-lam-cang-cua-rang-muoi-va-rang-me-gion-rum-cuc-ngon-04212,Invalid slug
Món chiên,https://www.dienmayxanh.com/vao-bep/2-cach-lam-suon-chien-gion-va-chien-xu-don-gian-an-la-ghien-02290,Invalid slug
Món chiên,https://www.dienmayxanh.com/vao-bep/2-cach-lam-cut-chien-bo-va-cut-chien-nuoc-mam-vang-gion-thom-04058,Invalid slug
Món chiên,https://www.dienmayxanh.com/vao-bep/2-cach-lam-ca-thu-chien-nuoc-mam-va-chien-gion-tho-02528,Invalid slug
Món chiên,https://www.dienmayxanh.com/vao-bep/2-cach-lam-ga-ap-chao-don-gian-nhanh-chong-va-thom-ngon-tai-05092,Invalid slug
Món chiên,https://www.dienmayxanh.com/vao-bep/2-cach-lam-com-rang-dua-bo-va-kim-chi-thit-bo-thom-ngon-hap-05353,Invalid slug
Món chiên,https://www.dienmayxanh.com/vao-bep/3-cach-lam-ca-hoi-ap-chao-sot-doc-dao-moi-la-cuc-ki-dam-da-10373,Invalid slug
Món chiên,https://www.dienmayxanh.com/vao-bep/2-cach-lam-thit-heo-chien-xu-gion-rum-cuc-hap-dan-doi-vi-cho-06152,Invalid slug
Món chiên,https://www.dienmayxanh.com/vao-bep/2-cach-lam-com-chay-kho-ca-dua-thom-ngon-chuan-vi-hap-dan-de-08625,Invalid slug
Món chiên,https://www.dienmayxanh.com/vao-bep/2-cach-lam-ca-chuon-chien-nghe-va-chien-cu-nen-thom-lung-ngon-07571,Invalid slug
Món chiên,https://www.dienmayxanh.com/vao-bep/2-cach-lam-ca-ro-phi-chien-xu-gion-rum-thom-ngon-hap-dan-06135,Invalid slug
Món chiên,https://www.dienmayxanh.com/vao-bep/2-cach-lam-ca-loc-nhoi-thit-hap-va-chien-moi-la-thom-ngon-hap-07330,Invalid slug
Món chiên,https://www.dienmayxanh.com/vao-bep/2-cach-lam-ca-chem-phi-le-sot-cam-va-sot-kem-chanh-thom-ngon-02796,Invalid slug
Món chiên,https://www.dienmayxanh.com/vao-bep/2-cach-lam-trung-chien-com-xanh-la-mieng-thom-ngon-don-gian-06667,Invalid slug
Món chiên,https://www.dienmayxanh.com/vao-bep/tong-hop-9-cach-lam-banh-mi-chien-gion-bang-chao-chong-dinh-17758,Invalid slug
Món chiên,https://www.dienmayxanh.com/vao-bep/2-cach-lam-ca-doi-chien-gion-va-chien-xu-thom-ngon-de-lam-07717,Invalid slug
Món chiên,https://www.dienmayxanh.com/vao-bep/3-cach-lam-ca-nuc-chien-thom-ngon-don-gian-dam-da-dua-com-04159,Invalid slug
Món chiên,https://www.dienmayxanh.com/vao-bep/2-cach-lam-thit-bo-ap-chao-sot-ruou-vang-do-va-sot-kem-tao-05097,Invalid slug
Món chiên,https://www.dienmayxanh.com/vao-bep/bi-quyet-lam-moi-khoai-tay-chien-cu-00478,Missing data
Món chiên,https://www.dienmayxanh.com/vao-bep/2-cach-lam-bot-chien-ngon-don-gian-chuan-vi-sai-gon-01732,Invalid slug
Món chiên,https://www.dienmayxanh.com/vao-bep/2-cach-lam-ca-bong-chien-gion-va-chien-toi-ot-gion-rum-02199,Invalid slug
Món chiên,https://www.dienmayxanh.com/vao-bep/2-cach-lam-cha-gio-sake-va-cha-gio-nam-gion-rum-thom-ngon-cuc-04149,Invalid slug
Món chiên,https://www.dienmayxanh.com/vao-bep/2-cach-lam-pho-mai-con-bo-cuoi-chien-gion-rum-hap-dan-an-cuc-12130,Invalid slug
Món chiên,https://www.dienmayxanh.com/vao-bep/cach-rang-dau-phong-bang-lo-vi-song-gion-tan-day-mui-thom-01106,Missing data
Món chiên,https://www.dienmayxanh.com/vao-bep/2-cach-lam-thu-linh-khau-duoi-chien-gion-thom-ngon-don-gian-07609,Invalid slug
Món chiên,https://www.dienmayxanh.com/vao-bep/2-cach-lam-tom-cuon-gion-tan-an-la-ghien-01793,Invalid slug
Món chiên,https://www.dienmayxanh.com/vao-bep/2-cach-lam-chao-tom-boc-mia-va-boc-sa-thom-ngon-dam-vi-01568,Invalid slug
Món chiên,https://www.dienmayxanh.com/vao-bep/2-cach-lam-xuc-chien-nuoc-mam-va-chien-cay-gion-ngon-hap-dan-09129,Invalid slug
Món chiên,https://www.dienmayxanh.com/vao-bep/2-cach-lam-ga-chien-sot-tieu-den-thom-ngon-dam-da-02561,Invalid slug
Món chiên,https://www.dienmayxanh.com/vao-bep/10-cach-lam-ga-chien-nuoc-mam-ngon-dam-da-tham-vi-tai-nha-23604,Invalid slug
Món chiên,https://www.dienmayxanh.com/vao-bep/3-cach-lam-cha-ca-thac-lac-chien-gion-dai-de-thuc-hien-tai-09831,Invalid slug
Món chiên,https://www.dienmayxanh.com/vao-bep/2-cach-lam-vit-chien-sa-ot-va-chien-chao-do-mem-ng-02339,Invalid slug
Món chiên,https://www.dienmayxanh.com/vao-bep/2-cach-lam-mong-heo-chien-gion-va-chien-mam-thom-ngon-dam-da-04459,Invalid slug
Món chiên,https://www.dienmayxanh.com/vao-bep/2-cach-lam-gan-ga-chien-xu-gion-rum-don-gian-cuc-ngon-mieng-05202,Invalid slug
Món chiên,https://www.dienmayxanh.com/vao-bep/tong-hop-21-cach-lam-ca-chien-nuoc-mam-dam-da-hap-dan-an-la-14457,Invalid slug
Món chiên,https://www.dienmayxanh.com/vao-bep/2-cach-lam-tom-rang-trung-muoi-beo-ngay-dam-da-01448,Invalid slug
Món chiên,https://www.dienmayxanh.com/vao-bep/2-cach-lam-tom-vien-chay-va-thit-vien-chay-gion-rum-hap-dan-04490,Invalid slug
Món chiên,https://www.dienmayxanh.com/vao-bep/2-cach-lam-cha-bo-dau-hu-va-cha-bo-khoai-tay-chien-gion-beo-04194,Invalid slug
Món chiên,https://www.dienmayxanh.com/vao-bep/2-cach-lam-trung-cut-chien-gion-boc-bi-do-va-boc-thit-don-06108,Invalid slug
Món chiên,https://www.dienmayxanh.com/vao-bep/2-cach-lam-ca-chua-nhoi-cha-ca-va-nhoi-thit-sot-ca-thom-ngon-04306,Invalid slug
Món chiên,https://www.dienmayxanh.com/vao-bep/2-cach-lam-bap-non-chien-gion-va-chien-xu-thom-ngon-hap-dan-04975,Invalid slug
Món chiên,https://www.dienmayxanh.com/vao-bep/tong-hop-7-cach-lam-vit-chien-thom-ngon-gion-rum-don-gian-de-07219,Invalid slug
Món chiên,https://www.dienmayxanh.com/vao-bep/2-cach-lam-sandwich-thit-bo-dam-vi-thom-beo-don-gian-cho-bua-05604,Invalid slug
Món chiên,https://www.dienmayxanh.com/vao-bep/cach-lam-cha-ca-chay-tu-hat-sen-dai-thom-lai-bo-duong-cho-ca-03719,Missing data
Món chiên,https://www.dienmayxanh.com/vao-bep/cach-lam-cha-gio-khoai-mon-ngon-bui-gion-rum-thom-phuc-07544,Invalid slug
Món chiên,https://www.dienmayxanh.com/vao-bep/tong-hop-9-cach-lam-nui-chien-hap-dan-don-gian-ai-cung-me-15087,Invalid slug
Món chiên,https://www.dienmayxanh.com/vao-bep/3-cach-lam-chan-ga-rang-muoi-rang-me-gion-ngon-dam-da-01523,Invalid slug
Món chiên,https://www.dienmayxanh.com/vao-bep/3-cach-lam-ca-com-kho-rim-cay-rim-chua-ngot-va-rim-thit-dam-09355,Invalid slug
Món chiên,https://www.dienmayxanh.com/vao-bep/2-cach-lam-ca-hoi-ap-chao-sot-mayonnaise-va-sot-mat-ong-thom-04238,Invalid slug
Món chiên,https://www.dienmayxanh.com/vao-bep/2-cach-lam-xuc-xich-bach-tuoc-va-xuc-xich-ngoi-sao-02395,Invalid slug
Món chiên,https://www.dienmayxanh.com/vao-bep/2-cach-lam-trung-long-dao-sot-me-va-sot-cay-hap-dan-cho-bua-06132,Invalid slug
Món chiên,https://www.dienmayxanh.com/vao-bep/3-cach-lam-cua-rang-muoi-thom-ngot-dam-da-ai-cung-lam-duoc-01451,Invalid slug
Món chiên,https://www.dienmayxanh.com/vao-bep/2-cach-lam-suon-sun-heo-chien-nuoc-mam-chien-ngu-vi-gion-rum-09600,Invalid slug
Món chiên,https://www.dienmayxanh.com/vao-bep/2-cach-lam-ca-dua-chien-va-kho-ca-dua-chien-thom-ngon-dam-da-04403,Invalid slug
Món chiên,https://www.dienmayxanh.com/vao-bep/7-cach-ran-ca-khong-bi-dinh-chao-00659,Invalid slug
Món chiên,https://www.dienmayxanh.com/vao-bep/3-cach-lam-muc-nhoi-thit-don-gian-gion-ngon-de-lam-01531,Invalid slug
Món chiên,https://www.dienmayxanh.com/vao-bep/2-cach-lam-cua-dong-rang-muoi-ot-va-rang-la-chanh-gion-tan-04341,Invalid slug
Món chiên,https://www.dienmayxanh.com/vao-bep/2-cach-lam-ca-trich-chien-gion-va-chien-nuoc-mam-gion-rum-05390,Invalid slug
Món chiên,https://www.dienmayxanh.com/vao-bep/2-cach-lam-banh-trang-chien-sot-mam-me-va-lac-muoi-02413,Invalid slug
Món chiên,https://www.dienmayxanh.com/vao-bep/2-cach-lam-cha-gio-pho-mai-tan-chay-beo-thom-hap-dan-don-gian-05333,Invalid slug
Món chiên,https://www.dienmayxanh.com/vao-bep/2-cach-lam-dau-hu-rang-muoi-thom-ngon-don-gian-an-la-ghien-07627,Invalid slug
Món chiên,https://www.dienmayxanh.com/vao-bep/3-cach-lam-nam-rom-chien-bot-chien-xu-va-chien-gion-thom-ngon-08792,Invalid slug
Món chiên,https://www.dienmayxanh.com/vao-bep/2-cach-lam-rau-cu-vien-thom-ngon-don-gian-cho-bua-com-gia-04311,Invalid slug
Món chiên,https://www.dienmayxanh.com/vao-bep/2-cach-lam-dau-hu-chien-sa-ot-va-chien-trung-muoi-thom-ngon-01930,Invalid slug
Món chiên,https://www.dienmayxanh.com/vao-bep/4-cach-lam-ca-co-chien-ngon-mieng-de-lam-cho-bua-com-07821,Invalid slug
Món chiên,https://www.dienmayxanh.com/vao-bep/3-cach-lam-trung-chien-nam-cuc-ngon-cho-bua-com-gia-dinh-04453,Invalid slug
Món chiên,https://www.dienmayxanh.com/vao-bep/3-cach-lam-trung-chien-la-lot-la-mo-va-ngai-cuu-thom-ngon-bo-04130,Invalid slug
Món chiên,https://www.dienmayxanh.com/vao-bep/2-cach-lam-banh-pancake-hai-san-va-pancake-rau-cu-han-quoc-04329,Invalid slug
Món chiên,https://www.dienmayxanh.com/vao-bep/2-cach-lam-khoai-tay-lac-pho-mai-gion-rum-beo-thom-hap-dan-an-13516,Invalid slug
Món chiên,https://www.dienmayxanh.com/vao-bep/2-cach-lam-cha-gio-ca-ngu-thom-ngon-la-mieng-hap-dan-05206,Invalid slug
Món chiên,https://www.dienmayxanh.com/vao-bep/2-cach-lam-ga-ap-chao-sot-marsala-va-kieu-tay-ban-nha-doc-dao-05158,Invalid slug
Món chiên,https://www.dienmayxanh.com/vao-bep/2-cach-lam-tau-hu-ky-chien-sa-ot-va-chien-gion-thom-ngon-02686,Invalid slug
Món chiên,https://www.dienmayxanh.com/vao-bep/3-cach-lam-da-day-heo-chien-gion-chien-ngu-vi-huong-chien-08297,Invalid slug
Món chiên,https://www.dienmayxanh.com/vao-bep/2-cach-lam-com-chien-ca-man-va-com-chien-ca-man-chay-bang-22379,Invalid slug
Món chiên,https://www.dienmayxanh.com/vao-bep/2-cach-lam-mien-cuon-rong-bien-chien-gion-rum-thom-ngon-cuc-03708,Invalid slug
Món chiên,https://www.dienmayxanh.com/vao-bep/2-cach-lam-ga-chien-bo-toi-va-ga-chien-me-thom-ngon-hap-dan-02197,Invalid slug
Món chiên,https://www.dienmayxanh.com/vao-bep/2-cach-lam-dau-dua-cuon-thit-va-cha-ca-chien-gion-thom-ngon-08079,Invalid slug
Món chiên,https://www.dienmayxanh.com/vao-bep/2-cach-lam-cha-trung-ca-ngat-va-ca-chep-thom-ngon-doc-la-hap-06863,Invalid slug
Món chiên,https://www.dienmayxanh.com/vao-bep/2-cach-lam-hanh-tay-chien-gion-rum-thom-ngon-hap-dan-va-don-05392,Invalid slug
Món chiên,https://www.dienmayxanh.com/vao-bep/2-cach-lam-suon-chay-chien-gion-va-suon-chay-rim-nuoc-dua-01876,Invalid slug
Món chiên,https://www.dienmayxanh.com/vao-bep/tong-hop-8-cach-lam-khoai-chien-bang-noi-chien-khong-dau-don-16385,Invalid slug
Món chiên,https://www.dienmayxanh.com/vao-bep/2-cach-lam-bach-tuoc-chien-nuoc-mam-va-mam-me-hap-dan-dua-com-05326,Invalid slug
Món chiên,https://www.dienmayxanh.com/vao-bep/2-cach-lam-bi-ngoi-chien-gion-rum-thom-ngon-chuan-vi-han-04817,Invalid slug
Món chiên,https://www.dienmayxanh.com/vao-bep/2-cach-lam-thit-xong-khoi-cuon-dau-hu-va-hanh-tay-chien-gion-02896,Invalid slug
Món chiên,https://www.dienmayxanh.com/vao-bep/tong-hop-7-cach-lam-com-rang-kim-chi-chua-cay-ngon-mieng-de-06776,Invalid slug
Món chiên,https://www.dienmayxanh.com/vao-bep/2-cach-lam-ghe-chay-toi-va-rang-trung-muoi-hap-dan-de-lam-tai-08286,Invalid slug
Món chiên,https://www.dienmayxanh.com/vao-bep/3-cach-lam-ca-vien-chien-nuoc-mam-sot-cay-va-sot-me-ngon-dam-06961,Invalid slug
Món chiên,https://www.dienmayxanh.com/vao-bep/2-cach-lam-vit-chien-gion-rum-thom-ngon-don-gian-hap-dan-07427,Invalid slug
Món chiên,https://www.dienmayxanh.com/vao-bep/6-meo-chien-thuc-an-khong-bi-ban-dau-03498,Missing data
Món chiên,https://www.dienmayxanh.com/vao-bep/2-cach-lam-pho-mai-vien-chien-gion-va-chien-boc-trung-muoi-02302,Invalid slug
Món chiên,https://www.dienmayxanh.com/vao-bep/2-cach-lam-pho-ap-chao-bang-banh-trang-sieu-nhanh-de-lam-13211,Invalid slug
Món chiên,https://www.dienmayxanh.com/vao-bep/2-cach-lam-ga-chien-bia-va-chien-sua-tuoi-beo-thom-cuc-ngon-04110,Invalid slug
Món chiên,https://www.dienmayxanh.com/vao-bep/falafel-la-gi-nguon-goc-va-cach-lam-falafel-cha-dau-ga-thom-00055,Missing data
Món chiên,https://www.dienmayxanh.com/vao-bep/2-cach-lam-ca-chi-vang-rim-me-rim-mam-nem-dam-vi-hao-com-10745,Invalid slug
Món chiên,https://www.dienmayxanh.com/vao-bep/cach-lam-cha-ca-tu-ca-tuoi-gion-dai-cuc-ngon-02421,Missing data
Món chiên,https://www.dienmayxanh.com/vao-bep/2-cach-lam-chan-ga-rut-xuong-chien-gion-va-chien-nuoc-mam-an-00197,Invalid slug
Món chiên,https://www.dienmayxanh.com/vao-bep/2-cach-lam-cu-sen-kep-thit-bo-va-cha-ca-chien-gion-rum-thom-03771,Invalid slug
Món chiên,https://www.dienmayxanh.com/vao-bep/3-cach-lam-ga-chien-nguyen-con-thom-ngon-hap-dan-dam-da-huong-13702,Invalid slug
Món chiên,https://www.dienmayxanh.com/vao-bep/tong-hop-cach-nau-com-luoi-bang-noi-com-dien-thuong-va-noi-22292,Invalid slug
Món chiên,https://www.dienmayxanh.com/vao-bep/tong-hop-5-cach-lam-bi-do-chien-gion-rum-thom-ngon-cho-ngay-14033,Invalid slug
Món chiên,https://www.dienmayxanh.com/vao-bep/2-cach-lam-banh-xeo-tom-nhay-va-banh-xeo-muc-gion-ngon-hap-04451,Invalid slug
Món chiên,https://www.dienmayxanh.com/vao-bep/tong-hop-7-mon-ca-sot-chanh-day-chua-chua-ngot-ngot-bat-com-10354,Invalid slug
Món chiên,https://www.dienmayxanh.com/vao-bep/2-cach-lam-xoi-chien-cha-bong-gion-ngon-hap-dan-de-lam-tai-12407,Invalid slug
Món chiên,https://www.dienmayxanh.com/vao-bep/3-cach-lam-ga-chien-ngu-vi-huong-ngon-mieng-dam-da-de-lam-tai-11858,Invalid slug
Món chiên,https://www.dienmayxanh.com/vao-bep/3-cach-lam-dau-hu-chien-mo-hanh-ngon-mieng-de-lam-cho-bua-com-12156,Invalid slug
Món chiên,https://www.dienmayxanh.com/vao-bep/2-cach-lam-com-boc-pho-mai-va-xuc-xich-chien-gion-rum-don-04579,Invalid slug
Món chiên,https://www.dienmayxanh.com/vao-bep/2-cach-lam-muc-nhoi-thit-chien-sot-ca-chua-va-nuoc-mam-thom-04025,Invalid slug
Món chiên,https://www.dienmayxanh.com/vao-bep/3-cach-lam-mon-ngon-voi-cha-ca-moi-la-doc-dao-kho-01843,Invalid slug
Món chiên,https://www.dienmayxanh.com/vao-bep/tong-hop-16-cach-lam-cha-gio-ngon-gion-lau-cho-ngay-tet-06963,Invalid slug
Món chiên,https://www.dienmayxanh.com/vao-bep/2-cach-lam-ca-nuc-chien-sot-ca-chua-va-chien-ca-ri-thom-ngon-04297,Invalid slug
Món chiên,https://www.dienmayxanh.com/vao-bep/2-cach-lam-bong-cai-xanh-cuon-thit-chien-gion-va-c-02792,Invalid slug
Món chiên,https://www.dienmayxanh.com/vao-bep/2-cach-lam-ca-chet-ca-nhu-chien-gion-va-chien-sot-ca-ngon-de-10408,Invalid slug
Món chiên,https://www.dienmayxanh.com/vao-bep/2-cach-lam-ech-chien-xu-gion-rum-thom-ngon-hap-dan-an-la-11379,Invalid slug
Món chiên,https://www.dienmayxanh.com/vao-bep/2-cach-lam-com-chien-ca-hoi-ngon-mieng-bo-duong-tai-nha-06709,Invalid slug
Món chiên,https://www.dienmayxanh.com/vao-bep/2-cach-lam-nam-huong-nhoi-thit-bam-thom-ngon-hap-dan-sieu-de-06137,Invalid slug
Món chiên,https://www.dienmayxanh.com/vao-bep/2-cach-lam-kho-ca-loc-chien-nuoc-mam-va-giam-duong-ngon-dam-10610,Invalid slug
Món chiên,https://www.dienmayxanh.com/vao-bep/4-cach-lam-cha-muc-ngon-gion-san-sat-ca-nha-deu-me-01521,Invalid slug
Món chiên,https://www.dienmayxanh.com/vao-bep/2-cach-lam-kho-ca-loc-sot-me-va-sot-bo-toi-thom-ngon-de-lam-10501,Invalid slug
Món chiên,https://www.dienmayxanh.com/vao-bep/3-cach-lam-ga-cuon-chien-gion-ngon-hap-dan-an-la-ghien-04231,Invalid slug
Món chiên,https://www.dienmayxanh.com/vao-bep/3-cach-lam-trung-chien-chay-thom-ngon-la-mieng-hap-dan-thom-10095,Invalid slug
Món hấp,https://www.dienmayxanh.com/vao-bep/2-cach-lam-ga-hap-ngai-cuu-va-tieu-xanh-thom-lung-don-gian-08241,Invalid slug
Món hấp,https://www.dienmayxanh.com/vao-bep/2-cach-lam-dau-hu-non-sot-ca-chua-va-sot-thit-cua-thom-ngon-04560,Invalid slug
Món hấp,https://www.dienmayxanh.com/vao-bep/3-cach-lam-hau-hap-thom-ngon-mong-nuoc-bo-duong-de-lam-07719,Invalid slug
Món hấp,https://www.dienmayxanh.com/vao-bep/2-cach-nau-bong-atiso-nhoi-tom-thit-va-dau-hu-hap-thanh-dam-04156,Invalid slug
Món hấp,https://www.dienmayxanh.com/vao-bep/2-cach-lam-bao-tu-heo-hap-tieu-va-hap-sa-thom-lung-don-gian-10116,Invalid slug
Món hấp,https://www.dienmayxanh.com/vao-bep/2-cach-lam-ca-tim-nhoi-thit-hap-mo-hanh-va-sot-xi-dau-thom-09755,Invalid slug
Món hấp,https://www.dienmayxanh.com/vao-bep/3-cach-lam-oc-dang-hap-sa-don-gian-thom-ngon-hap-dan-ai-cung-11328,Invalid slug
Món hấp,https://www.dienmayxanh.com/vao-bep/2-cach-lam-mam-ca-loc-chung-thit-top-mo-cuc-hao-com-voi-noi-23059,Invalid slug
Món hấp,https://www.dienmayxanh.com/vao-bep/2-cach-lam-ga-hap-nam-thom-ngon-doi-vi-cho-bua-com-nha-06140,Invalid slug
Món hấp,https://www.dienmayxanh.com/vao-bep/3-cach-lam-mon-chan-ga-hap-hanh-hap-xa-luoc-gion-01513,Invalid slug
Món hấp,https://www.dienmayxanh.com/vao-bep/2-cach-lam-ga-u-muoi-hoa-tieu-va-hap-muoi-sa-thom-ngon-de-lam-04864,Invalid slug
Món hấp,https://www.dienmayxanh.com/vao-bep/2-cach-lam-nam-dui-ga-hap-cai-xanh-va-hap-la-tia-to-thanh-dam-04068,Invalid slug
Món hấp,https://www.dienmayxanh.com/vao-bep/4-cach-lam-tom-cang-xanh-hap-thom-ngon-bang-bo-noi-xung-hap-22798,Invalid slug
Món hấp,https://www.dienmayxanh.com/vao-bep/meo-chon-mua-va-cach-luoc-chuoi-sap-ngon-deo-khong-bi-nut-vo-07283,Missing data
Món hấp,https://www.dienmayxanh.com/vao-bep/3-cach-nau-xoi-bap-ngon-chin-deu-khong-thua-gi-ngoai-hang-01291,Invalid slug
Món hấp,https://www.dienmayxanh.com/vao-bep/2-cach-lam-cha-la-va-cha-cu-san-chay-thom-ngon-doc-dao-hap-04259,Invalid slug
Món hấp,https://www.dienmayxanh.com/vao-bep/2-cach-lam-bi-ngoi-hap-thit-va-hap-nam-thanh-mat-ngot-diu-cho-04753,Invalid slug
Món hấp,https://www.dienmayxanh.com/vao-bep/cach-lam-mon-ca-hap-voi-hanh-va-gung-tuoi-an-lay-hen-dau-nam-00458,Missing data
Món hấp,https://www.dienmayxanh.com/vao-bep/2-cach-lam-hoa-du-du-duc-hap-duong-phen-va-mat-ong-bo-duong-08714,Invalid slug
Món hấp,https://www.dienmayxanh.com/vao-bep/2-cach-lam-xoi-ga-roti-va-xoi-ga-trung-non-thom-ngon-hap-dan-08706,Invalid slug
Món hấp,https://www.dienmayxanh.com/vao-bep/3-cach-lam-trung-hap-thit-hai-san-rau-cu-ngon-la-02080,Invalid slug
Món hấp,https://www.dienmayxanh.com/vao-bep/2-cach-nau-com-la-dua-va-com-ga-la-dua-thom-phuc-hap-dan-loi-07742,Invalid slug
Món hấp,https://www.dienmayxanh.com/vao-bep/2-cach-nau-mon-ca-bac-ma-hap-don-gian-tuoi-ngot-00034,Invalid slug
Món hấp,https://www.dienmayxanh.com/vao-bep/2-cach-nau-xoi-man-bang-noi-com-dien-ngon-dung-vi-01192,Invalid slug
Món hấp,https://www.dienmayxanh.com/vao-bep/2-cach-nau-xoi-ngu-sac-ngon-dep-mat-tu-mau-tu-nhien-01677,Invalid slug
Món hấp,https://www.dienmayxanh.com/vao-bep/2-cach-lam-thit-boc-nep-hap-va-tom-boc-nep-hap-don-gian-thom-04102,Invalid slug
Món hấp,https://www.dienmayxanh.com/vao-bep/tong-hop-11-cach-nau-xoi-dau-xanh-deo-thom-hap-dan-don-gian-14500,Invalid slug
Món hấp,https://www.dienmayxanh.com/vao-bep/2-cach-chung-mam-ca-suu-kho-ca-suu-thom-ngon-dam-da-de-lam-08303,Invalid slug
Món hấp,https://www.dienmayxanh.com/vao-bep/3-cach-lam-bi-do-hap-trung-thit-hai-san-thom-ngon-dinh-duong-04496,Invalid slug
Món hấp,https://www.dienmayxanh.com/vao-bep/8-cach-lam-oc-hap-sa-thom-ngon-kho-cuong-cuc-don-gian-11221,Invalid slug
Món hấp,https://www.dienmayxanh.com/vao-bep/2-cach-lam-to-yen-chung-duong-phen-va-hat-sen-bo-duong-thom-05245,Invalid slug
Món hấp,https://www.dienmayxanh.com/vao-bep/2-cach-lam-muop-huong-nhoi-tom-va-nhoi-thit-hap-thanh-mat-bo-04258,Invalid slug
Món hấp,https://www.dienmayxanh.com/vao-bep/2-cach-lam-chan-ga-luoc-thao-qua-va-gung-thom-lung-don-gian-08478,Invalid slug
Món hấp,https://www.dienmayxanh.com/vao-bep/2-cach-lam-oc-heo-hap-gung-va-oc-heo-hap-ngai-cuu-bo-duong-04456,Invalid slug
Món hấp,https://www.dienmayxanh.com/vao-bep/2-cach-lam-mam-ruoc-chung-trung-trung-hap-mam-ruoc-don-gian-11578,Invalid slug
Món hấp,https://www.dienmayxanh.com/vao-bep/2-cach-luoc-trung-sieu-dai-va-tui-trung-dep-mat-don-gian-08298,Invalid slug
Món hấp,https://www.dienmayxanh.com/vao-bep/2-cach-lam-banh-trang-hap-hanh-va-hap-rau-cu-moi-la-thom-ngon-09526,Invalid slug
Món hấp,https://www.dienmayxanh.com/vao-bep/tong-hop-16-cach-nau-xoi-ngon-bang-noi-com-dien-don-gian-deo-09036,Invalid slug
Món hấp,https://www.dienmayxanh.com/vao-bep/2-cach-lam-ca-hong-hap-xi-dau-va-hap-bia-mem-ngon-thom-lung-08894,Invalid slug
Món hấp,https://www.dienmayxanh.com/vao-bep/3-cach-lam-xiu-mai-mem-ngon-dam-da-tu-thit-heo-thit-bo-01542,Invalid slug
Món hấp,https://www.dienmayxanh.com/vao-bep/2-cach-lam-oc-heo-chung-cach-thuy-thom-ngon-bo-duong-10421,Invalid slug
Món hấp,https://www.dienmayxanh.com/vao-bep/2-cach-lam-cha-hap-chay-thom-beo-hap-dan-ai-cung-me-don-gian-13584,Invalid slug
Món hấp,https://www.dienmayxanh.com/vao-bep/2-cach-lam-thit-ba-chi-luoc-sot-cay-va-sot-toi-cay-hap-dan-07637,Invalid slug
Món hấp,https://www.dienmayxanh.com/vao-bep/2-cach-lam-su-su-luoc-va-ngon-su-su-luoc-ngon-ngot-xanh-don-08697,Invalid slug
Món hấp,https://www.dienmayxanh.com/vao-bep/3-cach-lam-ca-basa-hap-mem-ngon-thom-ngot-hap-dan-de-lam-07648,Invalid slug
Món hấp,https://www.dienmayxanh.com/vao-bep/2-cach-nau-xoi-ga-chien-nuoc-mam-va-chien-bo-hap-dan-thom-05785,Invalid slug
Món hấp,https://www.dienmayxanh.com/vao-bep/3-cach-lam-tom-hum-hap-bia-sa-va-nuoc-dua-don-gian-ngon-chuan-10226,Invalid slug
Món hấp,https://www.dienmayxanh.com/vao-bep/3-cach-lam-chan-gio-gio-heo-hap-bia-sa-ot-va-ngu-vi-huong-dam-08927,Invalid slug
Món hấp,https://www.dienmayxanh.com/vao-bep/tong-hop-8-cach-lam-bi-do-hap-don-gian-mem-min-ngon-bo-duong-10506,Invalid slug
Món hấp,https://www.dienmayxanh.com/vao-bep/tong-hop-5-cach-lam-banh-cuon-bang-noi-hap-don-gian-de-lam-17199,Invalid slug
Món hấp,https://www.dienmayxanh.com/vao-bep/3-cach-lam-bao-ngu-hap-tuoi-ngon-dai-ngot-don-gian-tai-nha-05137,Invalid slug
Món hấp,https://www.dienmayxanh.com/vao-bep/2-cach-lam-com-nam-nhat-ban-onigiri-don-gian-de-lam-nhat--01496,Invalid slug
Món hấp,https://www.dienmayxanh.com/vao-bep/3-cach-lam-vem-xanh-hap-ngon-mieng-don-gian-tai-nha-07767,Invalid slug
Món hấp,https://www.dienmayxanh.com/vao-bep/com-nhao-phai-lam-sao-cach-xu-ly-khac-phuc-com-nhao-don-gian-15642,Missing data
Món hấp,https://www.dienmayxanh.com/vao-bep/bi-quyet-nau-xoi-ngon-voi-noi-com-dien-00399,Missing data
Món hấp,https://www.dienmayxanh.com/vao-bep/2-cach-lam-ca-troi-hap-bia-va-hap-hanh-gung-mem-ngon-thom-08395,Invalid slug
Món hấp,https://www.dienmayxanh.com/vao-bep/2-cach-nau-xoi-xoai-va-xoi-dau-phong-bang-noi-com-dien-sieu-00615,Invalid slug
Món hấp,https://www.dienmayxanh.com/vao-bep/2-cach-lam-ca-mu-hap-xi-dau-va-ca-mu-hap-hong-kong-dam-vi-04478,Invalid slug
Món hấp,https://www.dienmayxanh.com/vao-bep/2-cach-lam-nam-bao-ngu-hap-sa-ngon-ngot-tu-nhien-don-gian-tai-11331,Invalid slug
Món hấp,https://www.dienmayxanh.com/vao-bep/2-cach-lam-trung-hap-ca-chua-va-cam-tuoi-ngon-la-mieng-cho-08401,Invalid slug
Món hấp,https://www.dienmayxanh.com/vao-bep/2-cach-lam-trung-luoc-ngam-in-hinh-van-da-hoa-la-vua-bo-duong-08281,Invalid slug
Món hấp,https://www.dienmayxanh.com/vao-bep/2-cach-lam-bach-tuoc-hap-la-oi-va-hap-sa-ngot-ngon-thom-lung-08532,Invalid slug
Món hấp,https://www.dienmayxanh.com/vao-bep/2-cach-lam-ca-dieu-hong-hap-kieu-thai-va-hap-ngu-lieu-moi-la-10402,Invalid slug
Món hấp,https://www.dienmayxanh.com/vao-bep/3-cach-lam-khoai-mon-hap-thom-ngon-dam-vi-don-gian-cho-bua-05719,Invalid slug
Món hấp,https://www.dienmayxanh.com/vao-bep/2-cach-lam-tom-hap-xi-dau-va-dau-hao-thom-ngon-don-gian-cho-07822,Invalid slug
Món hấp,https://www.dienmayxanh.com/vao-bep/2-cach-lam-thit-heo-hap-sa-va-bia-thom-ngon-don-gian-tai-nha-05127,Invalid slug
Món hấp,https://www.dienmayxanh.com/vao-bep/2-cach-lam-banh-cu-cai-hap-don-gian-bang-lo-vi-song-thom-mem-07998,Invalid slug
Món hấp,https://www.dienmayxanh.com/vao-bep/tong-hop-16-mon-hap-bia-hap-dan-thom-ngon-don-gian-ai-cung-16128,Invalid slug
Món hấp,https://www.dienmayxanh.com/vao-bep/2-cach-lam-bi-do-hap-va-bi-do-ham-chay-thom-ngon-dinh-duong-04473,Invalid slug
Món hấp,https://www.dienmayxanh.com/vao-bep/2-cach-lam-ca-ro-phi-hap-xi-dau-va-hap-bia-mem-ngon-dam-da-06155,Invalid slug
Món hấp,https://www.dienmayxanh.com/vao-bep/2-cach-lam-oc-mit-hap-rieng-sa-va-hap-cay-thom-ngon-hap-dan-08954,Invalid slug
Món hấp,https://www.dienmayxanh.com/vao-bep/3-cach-lam-thit-heo-rung-hap-sa-gung-tia-to-va-nuoc-dua-ngon-07162,Invalid slug
Món hấp,https://www.dienmayxanh.com/vao-bep/phan-biet-hoanh-thanh-sui-cao-ha-cao-01492,Missing data
Món hấp,https://www.dienmayxanh.com/vao-bep/3-cach-che-bien-mon-tom-hap-ngon-don-gian-nhanh-chong-01741,Invalid slug
Món hấp,https://www.dienmayxanh.com/vao-bep/tong-hop-8-cach-lam-ca-chep-hap-ngon-mem-ngot-hap-dan-de-lam-07812,Invalid slug
Món hấp,https://www.dienmayxanh.com/vao-bep/tong-hop-19-cach-lam-ga-hap-thom-ngon-hap-dan-don-gian-cho-08348,Invalid slug
Món hấp,https://www.dienmayxanh.com/vao-bep/2-cach-lam-ca-lau-kieng-hap-sa-va-hap-muop-non-ngon-ngot-dan-08336,Invalid slug
Món hấp,https://www.dienmayxanh.com/vao-bep/3-cach-lam-muc-hap-bia-hap-sa-hap-la-oi-02538,Invalid slug
Món hấp,https://www.dienmayxanh.com/vao-bep/2-cach-luoc-khoai-lang-bang-lo-vi-song-don-gian-tien-loi-tai-15198,Invalid slug
Món hấp,https://www.dienmayxanh.com/vao-bep/2-cach-lam-trung-hap-nam-rom-moi-la-don-gian-thom-ngon-an-la-11609,Invalid slug
Món hấp,https://www.dienmayxanh.com/vao-bep/2-cach-lam-thit-heo-hap-sot-nuoc-tuong-va-bi-do-don-gian-thom-05451,Invalid slug
Món hấp,https://www.dienmayxanh.com/vao-bep/cach-lam-com-tron-ca-hoi-cai-bo-xoi-bang-noi-com-dien-00243,Missing data
Món hấp,https://www.dienmayxanh.com/vao-bep/tong-hop-29-mon-hap-sa-don-gian-thom-ngon-ai-cung-lam-duoc-16101,Invalid slug
Món hấp,https://www.dienmayxanh.com/vao-bep/2-cach-lam-thit-bo-hap-sa-thom-lung-don-gian-thom-ngon-ai-12260,Invalid slug
Món hấp,https://www.dienmayxanh.com/vao-bep/2-cach-lam-ga-cuon-rau-cu-va-ga-cuon-gio-nam-huong-thom-ngon-05544,Invalid slug
Món hấp,https://www.dienmayxanh.com/vao-bep/2-cach-lam-suon-hap-bi-dao-va-suon-hap-tuong-thom-ngon-cho-04996,Invalid slug
Món hấp,https://www.dienmayxanh.com/vao-bep/dimsum-la-gi-goi-y-mot-vai-cach-lam-dimsum-don-gian-tai-nha-01171,Missing data
Món hấp,https://www.dienmayxanh.com/vao-bep/3-cach-lam-nam-rom-hap-sa-thom-ngon-kho-cuong-don-gian-cho-11517,Invalid slug
Món hấp,https://www.dienmayxanh.com/vao-bep/2-cach-lam-xoi-ga-la-sen-thom-lung-ngon-kho-cuong-ai-cung-me-11845,Invalid slug
Món hấp,https://www.dienmayxanh.com/vao-bep/2-cach-lam-ca-dieu-hong-hap-mien-va-hap-hanh-gung-moi-la-hap-05671,Invalid slug
Món hấp,https://www.dienmayxanh.com/vao-bep/2-cach-lam-dau-bap-hap-ngon-kho-cuong-don-gian-ai-cung-lam-12707,Invalid slug
Món hấp,https://www.dienmayxanh.com/vao-bep/2-cach-lam-tim-heo-hap-gung-va-hap-hat-sen-thom-ngon-dam-da-08808,Invalid slug
Món hấp,https://www.dienmayxanh.com/vao-bep/cach-lam-mon-hap-hanh-bang-noi-hap-thom-lung-don-gian-17617,Missing data
Món hấp,https://www.dienmayxanh.com/vao-bep/2-cach-lam-tom-hap-muoi-va-gung-thom-ngot-don-gian-cho-ca-nha-07933,Invalid slug
Món hấp,https://www.dienmayxanh.com/vao-bep/2-cach-lam-oc-hap-tieu-hap-sa-kieu-thai-thom-ngon-02062,Invalid slug
Món hấp,https://www.dienmayxanh.com/vao-bep/2-cach-lam-ca-chem-hap-chanh-ot-va-tau-xi-hap-dan-cho-bua-com-04619,Invalid slug
Món hấp,https://www.dienmayxanh.com/vao-bep/2-cach-nau-cai-thao-cuon-tom-ca-va-cuon-nam-hap-dan-thom-ngon-04257,Invalid slug
Món hấp,https://www.dienmayxanh.com/vao-bep/2-cach-nau-quinoa-diem-mach-bang-noi-com-dien-tien-loi-tot-15635,Invalid slug
Món hấp,https://www.dienmayxanh.com/vao-bep/3-cach-lam-uc-ga-hap-nuoc-tuong-la-chanh-va-gung-mem-ngon-05457,Invalid slug
Món hấp,https://www.dienmayxanh.com/vao-bep/4-sai-lam-khi-luoc-rau-lam-mat-di-chat-dinh-duong-00680,Missing data
Món hấp,https://www.dienmayxanh.com/vao-bep/2-cach-lam-com-ngu-sac-bang-noi-com-dien-cuc-ngon-de-lam-tai-01488,Invalid slug
Món hấp,https://www.dienmayxanh.com/vao-bep/2-cach-pha-mam-nem-cham-thit-luoc-dam-vi-thom-ngon-chi-voi-12456,Invalid slug
Món hấp,https://www.dienmayxanh.com/vao-bep/2-cach-lam-vit-hap-gung-va-vit-hap-chanh-don-gian-hap-dan-tai-08802,Invalid slug
Món hấp,https://www.dienmayxanh.com/vao-bep/tong-hop-10-cach-lam-oc-hap-don-gian-thom-ngon-an-la-ghien-11172,Invalid slug
Món hấp,https://www.dienmayxanh.com/vao-bep/2-cach-lam-dau-hu-non-hap-tom-thit-mem-beo-an-ngon-de-lam-07535,Invalid slug
Món hấp,https://www.dienmayxanh.com/vao-bep/2-cach-nau-xoi-dau-xanh-nguyen-hat-don-gian-thom-ngon-ai-cung-11530,Invalid slug
Món hấp,https://www.dienmayxanh.com/vao-bep/tong-hop-8-cach-lam-trung-hap-ngon-don-gian-de-lam-cuc-ki-10511,Invalid slug
Món hấp,https://www.dienmayxanh.com/vao-bep/2-cach-nau-xoi-hoa-dau-biec-bang-noi-com-dien-dep-mat-de-lam-13784,Invalid slug
Món hấp,https://www.dienmayxanh.com/vao-bep/2-cach-lam-mat-ca-ngu-dai-duong-ham-thuoc-bac-va-tieu-xanh-08315,Invalid slug
Món hấp,https://www.dienmayxanh.com/vao-bep/3-cach-lam-com-nam-thom-bui-ngon-mieng-don-gian-01508,Invalid slug
Món hấp,https://www.dienmayxanh.com/vao-bep/2-cach-lam-ga-hap-cai-thia-hap-toi-don-gian-ngon-kho-cuong-04854,Invalid slug
Món hấp,https://www.dienmayxanh.com/vao-bep/4-cach-lam-sot-cham-ga-luoc-than-thanh-cang-cham-cang-ghien-23271,Invalid slug
Món hấp,https://www.dienmayxanh.com/vao-bep/3-cach-che-bien-doi-truong-gion-ngon-nham-nhi-01874,Invalid slug
Món hấp,https://www.dienmayxanh.com/vao-bep/2-cach-lam-trung-vit-lon-hap-bia-va-rau-ram-thom-ngon-bo-07193,Invalid slug
Món hấp,https://www.dienmayxanh.com/vao-bep/3-cach-lam-dau-hu-non-hap-trung-thit-bam-mem-beo-thom-ngon-07533,Invalid slug
Món hấp,https://www.dienmayxanh.com/vao-bep/bo-tui-cac-meo-hap-khoai-lang-ngon-ngot-va-van-giu-duoc-chat-11124,Missing data
Món hấp,https://www.dienmayxanh.com/vao-bep/2-cach-nau-xoi-com-hat-sen-dua-dau-xanh-thom-ngon-cho-ngay-07052,Invalid slug
Món hấp,https://www.dienmayxanh.com/vao-bep/2-cach-lam-ca-loc-hap-hanh-va-ca-loc-hap-sa-thom-ngon-hap-dan-04606,Invalid slug
Món hấp,https://www.dienmayxanh.com/vao-bep/2-cach-lam-mam-ca-chot-chung-thit-ba-chi-thom-ngon-hap-dan-an-12213,Invalid slug
Món hấp,https://www.dienmayxanh.com/vao-bep/2-cach-che-bien-ca-hoi-hap-bap-cai-va-hap-chanh-moi-la-hap-04955,Invalid slug
Món hấp,https://www.dienmayxanh.com/vao-bep/2-cach-nau-xoi-bap-bang-noi-com-dien-thom-ngon-de-lam-03714,Invalid slug
Món hấp,https://www.dienmayxanh.com/vao-bep/2-cach-lam-ca-nuc-hap-hanh-va-hap-sa-sieu-don-gian-va-dac-09030,Invalid slug
Món hấp,https://www.dienmayxanh.com/vao-bep/4-cach-nau-xoi-bang-noi-ap-suat-dien-da-dung-sieu-toc-don-08941,Invalid slug
Món hấp,https://www.dienmayxanh.com/vao-bep/3-cach-lam-cha-oc-hap-thom-lung-don-gian-de-lam-cho-gia-dinh-13030,Invalid slug
Món hấp,https://www.dienmayxanh.com/vao-bep/2-cach-nau-xoi-ga-xe-thom-ngon-don-gian-cho-bua-sang-dinh-11896,Invalid slug
Món hấp,https://www.dienmayxanh.com/vao-bep/tong-hop-15-cach-lam-ca-loc-hap-ngot-thit-hap-dan-don-gian-13895,Invalid slug
Món hấp,https://www.dienmayxanh.com/vao-bep/2-cach-lam-ca-saba-hap-thom-ngon-mem-ngot-hap-dan-de-lam-cho-09843,Invalid slug
Món hấp,https://www.dienmayxanh.com/vao-bep/cach-lam-mon-com-risotto-chanh-tom-bang-noi-com-dien-00242,Missing data
Món hấp,https://www.dienmayxanh.com/vao-bep/3-cach-lam-muc-trung-muc-sua-hap-mem-ngot-thom-lung-dam-da-de-08859,Invalid slug
Món hấp,https://www.dienmayxanh.com/vao-bep/2-cach-luoc-bao-tu-heo-gion-ngon-ban-nen-biet--01582,Invalid slug
Món hấp,https://www.dienmayxanh.com/vao-bep/tong-hop-8-cach-hap-bang-noi-com-dien-thom-ngon-de-lam-cho-16834,Invalid slug
Món hấp,https://www.dienmayxanh.com/vao-bep/2-cach-lam-so-diep-hap-mien-va-hap-bun-tau-ngot-thanh-don-05240,Invalid slug
Món hấp,https://www.dienmayxanh.com/vao-bep/10-cach-goi-ha-cao-dep-mat-de-lam-ban-nen-thu-08342,Invalid slug
Món hấp,https://www.dienmayxanh.com/vao-bep/2-cach-lam-tom-hap-muop-va-dua-la-mieng-ngon-het-say-07912,Invalid slug
Món hấp,https://www.dienmayxanh.com/vao-bep/2-cach-lam-mon-khoai-lang-nghien-mem-min-thom-ngon-cho-le-ta-05231,Invalid slug
Món hấp,https://www.dienmayxanh.com/vao-bep/2-cach-lam-ca-dieu-hong-hap-tau-xi-va-hap-sa-thom-lung-de-lam-10403,Invalid slug
Món hấp,https://www.dienmayxanh.com/vao-bep/2-cach-luoc-chan-ga-ngon-va-cach-pha-nuoc-cham-chan-ga-01517,Invalid slug
Món hấp,https://www.dienmayxanh.com/vao-bep/cach-lam-xoi-la-dua-nuoc-cot-dua-thai-lan-thom-beo-don-gian-03848,Missing data
Món hấp,https://www.dienmayxanh.com/vao-bep/2-cach-lam-oc-mong-tay-hap-sa-va-hap-bia-ngon-ngot-hap-dan-07101,Invalid slug
Món hấp,https://www.dienmayxanh.com/vao-bep/2-cach-lam-sui-cao-nhan-tom-thom-ngon-hap-dan-don-gian-de-lam-05274,Invalid slug
Món hấp,https://www.dienmayxanh.com/vao-bep/2-cach-lam-ga-hap-rieng-sa-va-hap-nuoc-tuong-dam-vi-cho-bua-04973,Invalid slug
Món hấp,https://www.dienmayxanh.com/vao-bep/2-cach-hap-be-be-ngon-ngot-don-gian-cuc-hap-dan-tai-nha-07954,Invalid slug
Món hấp,https://www.dienmayxanh.com/vao-bep/nau-com-dung-cach-bang-noi-com-dien-nap-roi-03260,Missing data
Món hấp,https://www.dienmayxanh.com/vao-bep/2-cach-nau-xoi-dau-phong-la-dua-va-xoi-man-dau-phong-thom-05253,Invalid slug
Món hấp,https://www.dienmayxanh.com/vao-bep/2-cach-lam-com-bao-ngu-sieu-hot-thom-ngon-hap-dan-04926,Invalid slug
Món hấp,https://www.dienmayxanh.com/vao-bep/3-cach-lam-dau-phu-hap-trung-mem-ngon-beo-thom-hap-dan-04769,Invalid slug
Món hấp,https://www.dienmayxanh.com/vao-bep/cach-nau-com-bang-noi-com-dien-tu-03409,Missing data
Món hấp,https://www.dienmayxanh.com/vao-bep/2-cach-lam-xiu-mai-nguoi-hoa-hap-dan-thom-ngon-don-gian-tai-05324,Invalid slug
Món hấp,https://www.dienmayxanh.com/vao-bep/2-cach-lam-ca-tuyet-hap-hanh-gung-va-hap-nam-mem-ngon-don-05667,Invalid slug
Món hấp,https://www.dienmayxanh.com/vao-bep/cach-an-thit-trau-gac-bep-dung-chuan-ngon-tuyet-voi-01385,Missing data
Món hấp,https://www.dienmayxanh.com/vao-bep/tong-hop-11-cach-lam-com-nam-thom-ngon-don-gian-ai-cung-lam-17121,Invalid slug
Món hấp,https://www.dienmayxanh.com/vao-bep/nen-bao-quan-xoi-trong-ngan-da-khong-mach-ban-cach-bao-quan-15291,Missing data
Món hấp,https://www.dienmayxanh.com/vao-bep/3-cach-lam-so-huyet-hap-thom-ngon-bo-duong-don-gian-tai-nha-07684,Invalid slug
Món hấp,https://www.dienmayxanh.com/vao-bep/tong-hop-37-cach-lam-ca-hap-mem-ngot-thom-ngon-hap-dan-de-lam-11993,Invalid slug
Món hấp,https://www.dienmayxanh.com/vao-bep/2-cach-lam-bach-tuoc-hap-bia-va-nuoc-dua-gion-sut-thom-ngon-01860,Invalid slug
Món hấp,https://www.dienmayxanh.com/vao-bep/nen-nau-xoi-dau-den-bang-noi-com-dien-xung-hap-hay-noi-ap-17058,Missing data
Món hấp,https://www.dienmayxanh.com/vao-bep/3-cach-lam-xoi-sau-rieng-thom-phuc-dang-hot-hon-hot-01401,Invalid slug
Món hấp,https://www.dienmayxanh.com/vao-bep/tong-hop-6-cach-lam-mon-hap-muoi-don-gian-thom-ngon-ai-cung-16193,Invalid slug
Món hấp,https://www.dienmayxanh.com/vao-bep/tong-hop-8-cach-nau-xoi-thit-don-gian-de-lam-cho-bua-sang-13364,Invalid slug
Món hấp,https://www.dienmayxanh.com/vao-bep/2-cach-lam-cha-ca-thu-hap-thom-ngon-hap-dan-don-gian-ai-cung-13474,Invalid slug
Món hấp,https://www.dienmayxanh.com/vao-bep/tong-hop-8-cach-nau-com-tron-bang-noi-com-dien-sieu-tien-loi-16543,Invalid slug
Món hấp,https://www.dienmayxanh.com/vao-bep/3-cach-lam-xoi-cuon-trung-rong-bien-va-giay-bac-deo-thom-hap-05119,Invalid slug
Món hấp,https://www.dienmayxanh.com/vao-bep/3-cach-lam-dau-hu-hap-nam-hap-chao-va-hap-muoi-tieu-chanh-04855,Invalid slug
Món hấp,https://www.dienmayxanh.com/vao-bep/2-cach-lam-ca-bon-hap-xi-dau-va-hap-bun-tau-thom-ngon-dai-07777,Invalid slug
Món lẩu,https://www.dienmayxanh.com/vao-bep/2-cach-lam-lau-kho-qua-chay-gio-song-va-nam-thanh-dam-giai-04410,Invalid slug
Món lẩu,https://www.dienmayxanh.com/vao-bep/2-cach-nau-lau-ech-voi-la-giang-va-com-me-thom-ngon-ngay-mua-04513,Invalid slug
Món lẩu,https://www.dienmayxanh.com/vao-bep/cach-lam-nuoc-lau-thap-cam-lau-thai-chua-cay-dam-da-nau-cung-23613,Missing data
Món lẩu,https://www.dienmayxanh.com/vao-bep/2-cach-lam-bach-tuoc-nhung-me-va-nhung-giam-gion-ngon-01979,Invalid slug
Món lẩu,https://www.dienmayxanh.com/vao-bep/3-cach-nau-lau-thai-tom-yum-tu-don-gian-den-thap-cam-thom-04517,Invalid slug
Món lẩu,https://www.dienmayxanh.com/vao-bep/2-cach-nau-lau-suon-sun-chua-cay-va-kim-chi-ngon-me-say-doi-04136,Invalid slug
Món lẩu,https://www.dienmayxanh.com/vao-bep/3-cach-lam-mon-ta-pi-lu-rau-cu-va-ca-hu-thom-ngon-cho-ngay-07978,Invalid slug
Món lẩu,https://www.dienmayxanh.com/vao-bep/2-cach-nau-lau-mat-ca-ngu-dai-duong-sieu-ngon-dam-da-chuan-vi-08340,Invalid slug
Món lẩu,https://www.dienmayxanh.com/vao-bep/2-cach-nau-lau-ngheu-rau-muong-va-lau-ngheu-chua-cay-ngot-14399,Invalid slug
Món lẩu,https://www.dienmayxanh.com/vao-bep/2-cach-nau-lau-ca-keo-dam-da-thom-ngon-nhu-ngoai-hang-01615,Invalid slug
Món lẩu,https://www.dienmayxanh.com/vao-bep/2-cach-nau-lau-ga-thuoc-bac-va-dam-bong-ruou-nep-thom-ngon-bo-04536,Invalid slug
Món lẩu,https://www.dienmayxanh.com/vao-bep/2-cach-nau-lau-de-chay-dam-da-thanh-dam-cho-ngay-cuoi-tuan-15685,Invalid slug
Món lẩu,https://www.dienmayxanh.com/vao-bep/2-cach-nau-lau-ca-ngat-mang-chua-va-chua-cay-thom-ngon-dam-da-07569,Invalid slug
Món lẩu,https://www.dienmayxanh.com/vao-bep/2-cach-nau-lau-gia-cay-gio-heo-thom-ngon-hap-dan-de-lam-tai-14438,Invalid slug
Món lẩu,https://www.dienmayxanh.com/vao-bep/2-cach-nau-lau-sua-dau-nanh-hai-san-va-ga-thanh-dam-moi-la-04232,Invalid slug
Món lẩu,https://www.dienmayxanh.com/vao-bep/2-cach-nau-lau-ca-dieu-hong-don-gian-tai-nha-ngon-ngat-ngay-01754,Invalid slug
Món lẩu,https://www.dienmayxanh.com/vao-bep/4-mon-lau-chay-nhe-nhang-trong-ngay-tet-nang-thit-00471,Missing data
Món lẩu,https://www.dienmayxanh.com/vao-bep/2-cach-nau-lau-chan-ga-voi-la-giang-va-ot-hiem-thom-ngon-cuc-12743,Invalid slug
Món lẩu,https://www.dienmayxanh.com/vao-bep/2-cach-nau-lau-ca-mu-mang-chua-va-chua-cay-thom-ngon-hap-dan-05568,Invalid slug
Món lẩu,https://www.dienmayxanh.com/vao-bep/2-cach-nau-lau-vit-khoai-so-va-khoai-mon-thom-ngon-bo-duong-13859,Invalid slug
Món lẩu,https://www.dienmayxanh.com/vao-bep/2-cach-nau-lau-ca-duoi-mang-chua-va-la-giang-don-gian-01839,Invalid slug
Món lẩu,https://www.dienmayxanh.com/vao-bep/cach-nau-lau-bo-thom-ngon-nong-hoi-chang-khac-gi-ngoai-hang-01014,Missing data
Món lẩu,https://www.dienmayxanh.com/vao-bep/tong-hop-7-cach-nau-lau-chay-ngon-hap-dan-de-lam-cho-ngay-07061,Invalid slug
Món lẩu,https://www.dienmayxanh.com/vao-bep/2-cach-nau-lau-bo-nam-thom-ngon-de-lam-tai-nha-cho-cac-bua-10409,Invalid slug
Món lẩu,https://www.dienmayxanh.com/vao-bep/3-cach-nau-lau-ghe-thom-ngon-nuc-mui-ai-thay-cung-ghien-01589,Invalid slug
Món lẩu,https://www.dienmayxanh.com/vao-bep/2-cach-nau-lau-vit-mang-cay-va-ham-sa-thom-ngon-cho-tiec-cuoi-05424,Invalid slug
Món lẩu,https://www.dienmayxanh.com/vao-bep/tong-hop-cac-loai-rau-an-lau-hai-san-phu-hop-de-noi-lau-them-23526,Invalid slug
Món lẩu,https://www.dienmayxanh.com/vao-bep/2-cach-nau-lau-bo-kim-chi-chua-cay-ngon-hap-dan-de-lam-cho-10573,Invalid slug
Món lẩu,https://www.dienmayxanh.com/vao-bep/3-cach-nau-lau-ga-chua-cay-thom-ngon-hit-ha-ngay-mua-lanh-04518,Invalid slug
Món lẩu,https://www.dienmayxanh.com/vao-bep/2-cach-nau-cha-ca-sot-cay-va-lau-cha-ca-han-quoc-s-01826,Invalid slug
Món lẩu,https://www.dienmayxanh.com/vao-bep/2-cach-nau-lau-vit-tia-to-va-chua-cay-don-gian-ngon-tuyet-04147,Invalid slug
Món lẩu,https://www.dienmayxanh.com/vao-bep/tong-hop-8-cach-nau-lau-ech-thom-ngon-dam-da-don-gian-tai-nha-16901,Invalid slug
Món lẩu,https://www.dienmayxanh.com/vao-bep/2-cach-nau-lau-ca-chem-khoai-mon-va-chua-cay-ngon-dam-da-hap-06753,Invalid slug
Món lẩu,https://www.dienmayxanh.com/vao-bep/2-cach-lam-lau-vit-om-sau-lau-vit-nuoc-dua-don-gian-01598,Invalid slug
Món lẩu,https://www.dienmayxanh.com/vao-bep/2-cach-nau-lau-bo-vien-sa-te-va-chua-cay-thom-ngon-dam-da-de-09281,Invalid slug
Món lẩu,https://www.dienmayxanh.com/vao-bep/tong-hop-cac-loai-rau-an-lau-thai-sieu-hop-di-cho-nhat-dinh-23513,Invalid slug
Món lẩu,https://www.dienmayxanh.com/vao-bep/2-cach-nau-lau-bao-ngu-dam-da-thom-ngon-don-gian-tai-nha-05138,Invalid slug
Món lẩu,https://www.dienmayxanh.com/vao-bep/tong-hop-23-cach-nau-lau-ga-thom-ngon-nong-hoi-don-gian-cho-15918,Invalid slug
Món lẩu,https://www.dienmayxanh.com/vao-bep/2-cach-nau-lau-tom-hum-sieu-ngon-dam-da-de-lam-cho-bua-tiec-10230,Invalid slug
Món lẩu,https://www.dienmayxanh.com/vao-bep/tong-hop-8-cach-nau-lau-mam-thom-ngon-ngat-ngay-de-lam-16930,Invalid slug
Món lẩu,https://www.dienmayxanh.com/vao-bep/lau-bo-an-rau-gi-tong-hop-cac-loai-rau-an-lau-bo-khong-the-23554,Missing data
Món lẩu,https://www.dienmayxanh.com/vao-bep/2-cach-nau-lau-ca-hoi-kim-chi-va-chua-cay-kieu-thai-don-gian-04512,Invalid slug
Món lẩu,https://www.dienmayxanh.com/vao-bep/tong-hop-9-cach-nau-lau-kim-chi-nong-hoi-thom-lung-don-gian-14559,Invalid slug
Món lẩu,https://www.dienmayxanh.com/vao-bep/2-cach-nau-lau-cua-dong-hai-san-va-hot-vit-lon-thom-ngon-dinh-05118,Invalid slug
Món lẩu,https://www.dienmayxanh.com/vao-bep/tong-hop-cac-mon-lau-thom-ngon-la-mieng-nong-hoi-cho-nhung-18977,Invalid slug
Món lẩu,https://www.dienmayxanh.com/vao-bep/2-cach-nau-lau-ga-chanh-ot-va-la-que-ngon-don-gian-am-bung-04514,Invalid slug
Món lẩu,https://www.dienmayxanh.com/vao-bep/2-cach-nau-lau-ca-chach-trach-nau-me-va-chua-cay-thom-ngon-08382,Invalid slug
Món lẩu,https://www.dienmayxanh.com/vao-bep/2-cach-nau-lau-ca-loc-nau-nam-va-nau-chua-thom-ngon-hap-dan-05286,Invalid slug
Món lẩu,https://www.dienmayxanh.com/vao-bep/2-cach-lam-lau-ech-la-lot-va-lau-ech-mang-chua-dam-da-don-04203,Invalid slug
Món lẩu,https://www.dienmayxanh.com/vao-bep/2-cach-nau-lau-tokbokki-pho-mai-thom-ngon-hap-dan-an-thu-la-13949,Invalid slug
Món lẩu,https://www.dienmayxanh.com/vao-bep/2-cach-nau-lau-tokbokki-vua-don-gian-vua-dinh-duong-tai-nha-04433,Invalid slug
Món lẩu,https://www.dienmayxanh.com/vao-bep/2-cach-nau-lau-ca-bop-ngon-khong-tanh-chua-chua-cay-cay-01579,Invalid slug
Món lẩu,https://www.dienmayxanh.com/vao-bep/2-cach-nau-ca-khoai-thom-ngon-dam-vi-ca-nha-deu-me-03173,Invalid slug
Món lẩu,https://www.dienmayxanh.com/vao-bep/2-cach-nau-lau-hai-san-thom-ngon-de-lam-chuan-vi-cho-bua-tiec-10735,Invalid slug
Món lẩu,https://www.dienmayxanh.com/vao-bep/3-cach-lam-lau-ech-cay-thom-dam-da-ca-nha-deu-thich-01614,Invalid slug
Món lẩu,https://www.dienmayxanh.com/vao-bep/2-cach-lam-lau-ran-mien-tay-thom-ngon-dam-da-14324,Invalid slug
Món lẩu,https://www.dienmayxanh.com/vao-bep/3-cach-nau-lau-muc-nau-chao-nau-nam-va-ot-hiem-ngon-dam-da-06926,Invalid slug
Món lẩu,https://www.dienmayxanh.com/vao-bep/3-cach-nau-lau-ga-ac-ga-noi-ga-choi-da-don-gian-thom-ngon-am-04516,Invalid slug
Món gỏi - salad,https://www.dienmayxanh.com/vao-bep/2-cach-lam-nuoc-cham-goi-ca-thom-ngon-beo-ngay-hap-dan-tai-13647,Invalid slug
Món gỏi - salad,https://www.dienmayxanh.com/vao-bep/cach-lam-mon-salad-tron-giam-can-tai-nha-cuc-hap-dan-01420,Missing data
Món gỏi - salad,https://www.dienmayxanh.com/vao-bep/2-cach-lam-goi-nam-tuyet-chay-ca-rot-gion-ngon-hap-dan-cho-11353,Invalid slug
Món gỏi - salad,https://www.dienmayxanh.com/vao-bep/2-cach-lam-salad-xa-lach-dua-chuot-thanh-mat-bo-duong-14325,Invalid slug
Món gỏi - salad,https://www.dienmayxanh.com/vao-bep/3-cach-lam-nom-sua-voi-su-hao-ngo-sen-cui-dua-don-gian-thom-10555,Invalid slug
Món gỏi - salad,https://www.dienmayxanh.com/vao-bep/2-cach-lam-salad-bo-cong-anh-don-gian-moi-la-hap-dan-giau-12820,Invalid slug
Món gỏi - salad,https://www.dienmayxanh.com/vao-bep/tong-hop-5-cach-lam-goi-oc-thom-ngon-hap-dan-chuan-ban-nhau-10962,Invalid slug
Món gỏi - salad,https://www.dienmayxanh.com/vao-bep/3-cach-nom-rau-muong-don-gian-dan-gia-ngon-dam-da-01635,Invalid slug
Món gỏi - salad,https://www.dienmayxanh.com/vao-bep/2-cach-lam-goi-so-long-goi-ngao-ngheu-chua-ngot-don-gian-an-04494,Invalid slug
Món gỏi - salad,https://www.dienmayxanh.com/vao-bep/2-cach-lam-goi-dau-rong-tom-va-thit-bo-chong-ngay-cho-bua-com-04491,Invalid slug
Món gỏi - salad,https://www.dienmayxanh.com/vao-bep/3-cach-lam-salad-muc-tuoi-ngon-hap-dan-don-gian-ai-cung-me-06666,Invalid slug
Món gỏi - salad,https://www.dienmayxanh.com/vao-bep/2-cach-lam-cai-thao-muoi-gion-ngon-hap-dan-va-de-lam-tai-nha-10414,Invalid slug
Món gỏi - salad,https://www.dienmayxanh.com/vao-bep/2-cach-lam-salad-ca-ngu-thom-ngon-giam-can-02630,Invalid slug
Món gỏi - salad,https://www.dienmayxanh.com/vao-bep/2-cach-lam-goi-oi-chay-gion-ngon-thom-la-mieng-don-gian-03095,Invalid slug
Món gỏi - salad,https://www.dienmayxanh.com/vao-bep/3-cach-lam-goi-mang-bau-va-tan-o-chay-don-gian-thanh-dam-04479,Invalid slug
Món gỏi - salad,https://www.dienmayxanh.com/vao-bep/2-cach-lam-goi-bap-cai-thit-bo-va-tom-thit-gion-ngon-tuoi-mat-07784,Invalid slug
Món gỏi - salad,https://www.dienmayxanh.com/vao-bep/2-cach-lam-nem-thinh-bi-heo-va-nem-tai-thinh-cuc-gion-thom-01574,Invalid slug
Món gỏi - salad,https://www.dienmayxanh.com/vao-bep/2-cach-lam-goi-dua-hau-tu-vo-dua-thanh-mat-thom-ngon-moi-la-08604,Invalid slug
Món gỏi - salad,https://www.dienmayxanh.com/vao-bep/2-cach-lam-salad-dau-hu-thanh-dam-tuoi-mat-giai-nhiet-don-04972,Invalid slug
Món gỏi - salad,https://www.dienmayxanh.com/vao-bep/3-cach-lam-salad-dua-leo-sot-giam-va-sot-kem-thanh-mat-don-05145,Invalid slug
Món gỏi - salad,https://www.dienmayxanh.com/vao-bep/4-cach-lam-sashimi-tuoi-ngon-hap-dan-don-gian-tai-nha-04539,Invalid slug
Món gỏi - salad,https://www.dienmayxanh.com/vao-bep/2-cach-lam-goi-bap-cai-ca-rot-chay-thanh-dam-cho-mam-com-ngay-12653,Invalid slug
Món gỏi - salad,https://www.dienmayxanh.com/vao-bep/2-cach-lam-salad-dua-chuot-ca-chua-sot-mayonnaise-don-gian-08036,Invalid slug
Món gỏi - salad,https://www.dienmayxanh.com/vao-bep/3-cach-lam-goi-coc-xanh-ngon-gion-la-mieng-ai-cung-me-01669,Invalid slug
Món gỏi - salad,https://www.dienmayxanh.com/vao-bep/2-cach-lam-thit-ba-chi-tron-chua-ngot-hap-dan-thom-ngon-an-la-14008,Invalid slug
Món gỏi - salad,https://www.dienmayxanh.com/vao-bep/2-cach-lam-goi-rau-ma-cuc-ngon-an-mat-ruot-01646,Invalid slug
Món gỏi - salad,https://www.dienmayxanh.com/vao-bep/3-cach-lam-goi-bong-sung-chua-ngot-moi-la-hap-dan-don-gian-14567,Invalid slug
Món gỏi - salad,https://www.dienmayxanh.com/vao-bep/3-cach-lam-salad-trai-cay-tot-cho-suc-khoe-don-gi-02827,Invalid slug
Món gỏi - salad,https://www.dienmayxanh.com/vao-bep/2-cach-lam-goi-vit-rau-ram-chua-chua-ngot-ngot-ngon-kho-cuong-14315,Invalid slug
Món gỏi - salad,https://www.dienmayxanh.com/vao-bep/2-cach-lam-nom-hoa-chuoi-chay-thom-ngon-don-gian-d-02222,Invalid slug
Món gỏi - salad,https://www.dienmayxanh.com/vao-bep/tong-hop-15-cong-thuc-cac-loai-sot-tron-salad-giam-can-lam-22318,Invalid slug
Món gỏi - salad,https://www.dienmayxanh.com/vao-bep/2-cach-tron-ba-khia-goi-ba-khia-mien-tay-gay-nghien-01880,Invalid slug
Món gỏi - salad,https://www.dienmayxanh.com/vao-bep/2-cach-lam-goi-chay-tu-com-dua-va-cu-san-thanh-mat-thom-ngon-04965,Invalid slug
Món gỏi - salad,https://www.dienmayxanh.com/vao-bep/2-cach-lam-goi-trai-dieu-thom-ngon-la-mieng-an-la-me-09420,Invalid slug
Món gỏi - salad,https://www.dienmayxanh.com/vao-bep/2-cach-lam-goi-rau-cang-cua-tom-kho-va-tom-tuoi-thah-mat-cho-10115,Invalid slug
Món gỏi - salad,https://www.dienmayxanh.com/vao-bep/3-cach-lam-nom-rau-tien-vua-gion-ngon-don-gian-de-lam-07421,Invalid slug
Món gỏi - salad,https://www.dienmayxanh.com/vao-bep/5-cach-lam-mon-salad-dua-hau-thom-ngon-don-gian-de-01722,Invalid slug
Món gỏi - salad,https://www.dienmayxanh.com/vao-bep/tong-hop-9-cach-lam-goi-rau-muong-gion-ngon-hap-dan-don-gian-14415,Invalid slug
Món gỏi - salad,https://www.dienmayxanh.com/vao-bep/cach-danh-tiet-canh-ngan-dong-chac-nhu-thach-sieu-don-gian-23596,Missing data
Món gỏi - salad,https://www.dienmayxanh.com/vao-bep/2-cach-lam-salad-ca-tim-moi-la-hap-dan-cuc-ngon-mieng-05215,Invalid slug
Món gỏi - salad,https://www.dienmayxanh.com/vao-bep/2-cach-lam-goi-oi-tai-heo-va-goi-oi-oc-giac-moi-la-cuc-ngon-04234,Invalid slug
Món gỏi - salad,https://www.dienmayxanh.com/vao-bep/2-cach-lam-salad-rong-nho-vua-ngon-vua-la-de-lam-don-gian-tai-02872,Invalid slug
Món gỏi - salad,https://www.dienmayxanh.com/vao-bep/3-cach-lam-vo-dua-hau-ngam-ngon-la-doc-dao-de-lam-01740,Invalid slug
Món gỏi - salad,https://www.dienmayxanh.com/vao-bep/3-cach-lam-goi-tom-kho-chua-ngot-hap-dan-giai-ngay-cho-bua-an-09741,Invalid slug
Món gỏi - salad,https://www.dienmayxanh.com/vao-bep/2-cach-lam-mon-nhau-voi-chan-ga-rut-xuong-cuc-ngon-de-lam-01520,Invalid slug
Món gỏi - salad,https://www.dienmayxanh.com/vao-bep/giam-can-sau-tet-voi-goi-buoi-tom-thit-ngon-mieng-00714,Missing data
Món gỏi - salad,https://www.dienmayxanh.com/vao-bep/3-cach-lam-salad-dua-luoi-thanh-mat-ngot-diu-giu-dang-dep-da-05224,Invalid slug
Món gỏi - salad,https://www.dienmayxanh.com/vao-bep/2-cach-lam-goi-bo-bop-thau-goi-bap-bo-thom-ngon-tai-nha-10713,Invalid slug
Món gỏi - salad,https://www.dienmayxanh.com/vao-bep/2-cach-lam-salad-rong-bien-ngon-moi-la-de-giam-can-tot-cho-02868,Invalid slug
Món gỏi - salad,https://www.dienmayxanh.com/vao-bep/2-cach-tron-goi-du-du-tom-thit-va-oc-toi-tuoi-mat-thom-ngon-08126,Invalid slug
Món gỏi - salad,https://www.dienmayxanh.com/vao-bep/2-cach-lam-nom-sung-ngon-gion-sun-sut-ai-an-cung-me-01561,Invalid slug
Món gỏi - salad,https://www.dienmayxanh.com/vao-bep/2-cach-lam-nom-sua-du-du-va-nom-sua-rau-thom-dai-gion-thom-10759,Invalid slug
Món gỏi - salad,https://www.dienmayxanh.com/vao-bep/2-cach-lam-salad-bap-cai-ti-hon-tuoi-mat-gion-ngon-hap-dan-05481,Invalid slug
Món gỏi - salad,https://www.dienmayxanh.com/vao-bep/tong-hop-19-cach-lam-goi-bo-thom-ngon-don-gian-giai-ngay-cho-07650,Invalid slug
Món gỏi - salad,https://www.dienmayxanh.com/vao-bep/tong-hop-7-cach-lam-goi-ngo-sen-ngon-gion-chua-ngot-don-gian-12981,Invalid slug
Món gỏi - salad,https://www.dienmayxanh.com/vao-bep/2-cach-lam-goi-coc-tai-heo-chua-cay-gion-ngon-hap-dan-don-09318,Invalid slug
Món gỏi - salad,https://www.dienmayxanh.com/vao-bep/2-cach-lam-salad-bo-dua-la-mieng-thom-ngon-don-gian-de-lam-03253,Invalid slug
Món gỏi - salad,https://www.dienmayxanh.com/vao-bep/tong-hop-22-cach-lam-mon-goi-chay-thanh-mat-hap-dan-thom-ngon-11678,Invalid slug
Món gỏi - salad,https://www.dienmayxanh.com/vao-bep/2-cach-lam-da-heo-bi-heo-ngam-sa-tac-va-ngam-chua-ngot-don-10009,Invalid slug
Món gỏi - salad,https://www.dienmayxanh.com/vao-bep/3-cach-lam-salad-xoai-chanh-day-cai-kale-va-dua-leo-thanh-mat-09537,Invalid slug
Món gỏi - salad,https://www.dienmayxanh.com/vao-bep/2-cach-lam-salad-cocktail-tom-shrimp-cocktail-ngon-la-chuan-08031,Invalid slug
Món gỏi - salad,https://www.dienmayxanh.com/vao-bep/4-cach-lam-goi-bach-tuoc-kieu-thai-chua-cay-hap-dan-don-gian-14821,Invalid slug
Món gỏi - salad,https://www.dienmayxanh.com/vao-bep/3-cach-lam-goi-mang-luoi-heo-thit-bo-va-kho-sac-moi-la-thom-07580,Invalid slug
Món gỏi - salad,https://www.dienmayxanh.com/vao-bep/3-cach-lam-salad-pasta-don-gian-la-mieng-doi-vi-cho-bua-an-11919,Invalid slug
Món gỏi - salad,https://www.dienmayxanh.com/vao-bep/2-cach-lam-goi-luoi-heo-chua-ngot-gion-thom--01593,Invalid slug
Món gỏi - salad,https://www.dienmayxanh.com/vao-bep/2-cach-lam-salad-ga-moi-la-thom-ngon-hap-dan-de-lam-tai-nha-14994,Invalid slug
Món gỏi - salad,https://www.dienmayxanh.com/vao-bep/salad-la-gi-phan-loai-salad-va-mot-so-loai-salad-pho-bien-04387,Missing data
Món gỏi - salad,https://www.dienmayxanh.com/vao-bep/3-cach-lam-salad-tom-lanh-tom-dua-le-va-tom-hoa-thien-ly-04158,Invalid slug
Món gỏi - salad,https://www.dienmayxanh.com/vao-bep/2-cach-lam-salad-bo-trung-don-gian-ngon-mieng-bo-duong-04255,Invalid slug
Món gỏi - salad,https://www.dienmayxanh.com/vao-bep/2-cach-lam-salad-kiwi-giau-dinh-duong-tot-cho-suc-khoe-03254,Invalid slug
Món gỏi - salad,https://www.dienmayxanh.com/vao-bep/3-cach-tron-goi-cu-hu-dua-voi-tom-thit-thit-ga-va-bao-tu-01883,Invalid slug
Món gỏi - salad,https://www.dienmayxanh.com/vao-bep/3-cach-lam-nuoc-mam-tron-goi-ngon-hap-dan-ai-cung-lam-duoc-14473,Invalid slug
Món gỏi - salad,https://www.dienmayxanh.com/vao-bep/2-cach-lam-chan-ga-tron-sa-te-hap-dan-thom-ngon-kho-cuong-ai-13979,Invalid slug
Món gỏi - salad,https://www.dienmayxanh.com/vao-bep/2-cach-lam-hanh-tay-ngam-mat-ong-va-ruou-vang-tri-ho-tot-cho-05210,Invalid slug
Món gỏi - salad,https://www.dienmayxanh.com/vao-bep/2-cach-lam-salad-dau-ha-lan-thom-ngon-don-gian-chi-voi-3-buoc-15508,Invalid slug
Món gỏi - salad,https://www.dienmayxanh.com/vao-bep/2-cach-lam-goi-dua-leo-kho-ca-sac-va-ca-com-chua-ngot-thom-04250,Invalid slug
Món gỏi - salad,https://www.dienmayxanh.com/vao-bep/2-cach-lam-goi-bao-tu-ca-ngu-dai-duong-gion-ngon-dam-da-hap-08504,Invalid slug
Món gỏi - salad,https://www.dienmayxanh.com/vao-bep/2-cach-lam-goi-nha-dam-thit-va-tom-thanh-mat-hap-dan-moi-la-04935,Invalid slug
Món gỏi - salad,https://www.dienmayxanh.com/vao-bep/2-cach-lam-goi-ngao-ngheu-hoa-thien-ly-va-bop-thau-don-gian-04947,Invalid slug
Món gỏi - salad,https://www.dienmayxanh.com/vao-bep/2-cach-lam-salad-bap-cai-tron-mayonnaise-ngon-don-gian-hap-11302,Invalid slug
Món gỏi - salad,https://www.dienmayxanh.com/vao-bep/kham-pha-cac-loai-rau-an-song-ngon-va-bo-duong-cho-suc-khoe-23512,Missing data
Món gỏi - salad,https://www.dienmayxanh.com/vao-bep/2-cach-lam-goi-ca-lang-ngon-mieng-hap-dan-don-gian-chuan-vi-08560,Invalid slug
Món gỏi - salad,https://www.dienmayxanh.com/vao-bep/2-cach-lam-goi-rong-bien-goi-rong-sun-rau-cau-chay-01986,Invalid slug
Món gỏi - salad,https://www.dienmayxanh.com/vao-bep/2-cach-lam-salad-ca-hoi-xong-khoi-moi-la-don-gian-tot-cho-suc-15103,Invalid slug
Món gỏi - salad,https://www.dienmayxanh.com/vao-bep/cach-lam-goi-be-thui-mon-ngon-xu-hue-an-la-nho-mai-khong-thoi-09167,Invalid slug
Món gỏi - salad,https://www.dienmayxanh.com/vao-bep/tong-hop-17-cach-lam-goi-thit-heo-chua-ngot-gion-ngon-hap-dan-14361,Invalid slug
Món gỏi - salad,https://www.dienmayxanh.com/vao-bep/5-cach-lam-goi-bach-tuoc-chua-cay-hanh-la-kim-chi-thom-ngon-08168,Invalid slug
Món gỏi - salad,https://www.dienmayxanh.com/vao-bep/tong-hop-6-cach-lam-goi-bap-cai-chua-chua-ngot-ngot-don-gian-13769,Invalid slug
Món gỏi - salad,https://www.dienmayxanh.com/vao-bep/2-cach-lam-goi-vit-cuc-ngon-voi-bap-cai-hoa-chuoi--01534,Invalid slug
Món gỏi - salad,https://www.dienmayxanh.com/vao-bep/2-cach-lam-goi-rau-cang-cua-tai-heo-uc-vit-thom-ngon-giai-10023,Invalid slug
Món gỏi - salad,https://www.dienmayxanh.com/vao-bep/15-cach-lam-goi-xoai-thanh-mat-thom-ngon-hap-dan-de-lam-tai-08816,Invalid slug
Món gỏi - salad,https://www.dienmayxanh.com/vao-bep/2-cach-lam-goi-rau-mam-thom-ngon-bo-duong-don-gian-tai-nha-09701,Invalid slug
Món gỏi - salad,https://www.dienmayxanh.com/vao-bep/3-cach-lam-nom-dua-chuot-goi-dua-leo-ca-rot-gion-ngon-don-04399,Invalid slug
Món gỏi - salad,https://www.dienmayxanh.com/vao-bep/4-cach-lam-salad-hoa-qua-giam-can-don-gian-tai-nha-co-kem-chi-02883,Invalid slug
Món gỏi - salad,https://www.dienmayxanh.com/vao-bep/2-cach-lam-goi-nam-tuyet-tom-thit-la-mieng-thom-ngon-kho-11206,Invalid slug
Món gỏi - salad,https://www.dienmayxanh.com/vao-bep/2-cach-lam-kim-chi-ot-va-kim-chi-hanh-la-cay-nong-moi-la-04064,Invalid slug
Món gỏi - salad,https://www.dienmayxanh.com/vao-bep/2-cach-lam-goi-mit-non-tai-heo-va-thit-ba-chi-ngon-la-mieng-02844,Invalid slug
Món gỏi - salad,https://www.dienmayxanh.com/vao-bep/2-cach-lam-salad-hong-gion-tom-thit-va-luu-tuoi-ngon-hap-dan-04927,Invalid slug
Món gỏi - salad,https://www.dienmayxanh.com/vao-bep/cach-lam-salad-hai-san-kieu-thai-chua-ngot-cuc-ngon-hap-dan-00459,Missing data
Món gỏi - salad,https://www.dienmayxanh.com/vao-bep/3-cach-lam-goi-da-heo-ngon-hap-dan-de-lam-don-gian-an-la-14409,Invalid slug
Món gỏi - salad,https://www.dienmayxanh.com/vao-bep/tong-hop-12-cach-lam-goi-ga-thom-ngon-don-gian-cho-gia-dinh-07671,Invalid slug
Món gỏi - salad,https://www.dienmayxanh.com/vao-bep/2-cach-lam-goi-nam-tuyet-thit-heo-thom-ngon-moi-la-don-gian-11289,Invalid slug
Món gỏi - salad,https://www.dienmayxanh.com/vao-bep/2-cach-lam-goi-nom-su-hao-ca-rot-tom-thit-va-tai-heo-gion-08781,Invalid slug
Món gỏi - salad,https://www.dienmayxanh.com/vao-bep/11-cach-lam-goi-dua-leo-goi-dua-chuot-thanh-mat-don-gian-cho-09551,Invalid slug
Món gỏi - salad,https://www.dienmayxanh.com/vao-bep/3-cach-lam-salad-rau-bina-cai-bo-xoi-tuoi-mat-tot-dang-dep-da-05204,Invalid slug
Món gỏi - salad,https://www.dienmayxanh.com/vao-bep/2-cach-lam-salad-thit-bo-cuc-don-gian-nhanh-chong-va-du-dinh-05433,Invalid slug
Món gỏi - salad,https://www.dienmayxanh.com/vao-bep/2-cach-muoi-ca-tim-gion-ngon-don-gian-tai-nha-ai-an-cung-07883,Invalid slug
Món gỏi - salad,https://www.dienmayxanh.com/vao-bep/2-cach-lam-salad-quyt-bo-va-quyt-cu-den-sieu-ngon-giup-dep-04183,Invalid slug
Món gỏi - salad,https://www.dienmayxanh.com/vao-bep/2-cach-lam-goi-buoi-tom-muc-kho-va-goi-buoi-kho-bo-chua-ngot-03820,Invalid slug
Món gỏi - salad,https://www.dienmayxanh.com/vao-bep/2-cach-lam-goi-rau-diep-ca-thom-ngon-la-mieng-cuc-ki-hap-dan-14840,Invalid slug
Món gỏi - salad,https://www.dienmayxanh.com/vao-bep/tong-hop-cac-mon-goi-khai-vi-dai-tiec-ngon-dang-cap-ma-de-lam-22173,Invalid slug
Món gỏi - salad,https://www.dienmayxanh.com/vao-bep/tong-hop-9-cach-lam-goi-du-du-don-gian-ngon-gion-an-cuc-me-10553,Invalid slug
Món gỏi - salad,https://www.dienmayxanh.com/vao-bep/4-cach-lam-salad-dao-tuoi-mat-ngon-ngot-don-gian-tot-cho-suc-05113,Invalid slug
Món gỏi - salad,https://www.dienmayxanh.com/vao-bep/2-cach-lam-goi-buoi-hai-san-va-ca-hoi-don-gian-ngon-kho-cuong-04476,Invalid slug
Món gỏi - salad,https://www.dienmayxanh.com/vao-bep/2-cach-lam-goi-dinh-lang-moi-la-thom-ngon-hap-dan-cho-gia-14348,Invalid slug
Món gỏi - salad,https://www.dienmayxanh.com/vao-bep/3-cach-lam-goi-bo-ngon-dam-da-don-gian-tai-nha-01910,Invalid slug
Món gỏi - salad,https://www.dienmayxanh.com/vao-bep/2-cach-lam-salad-so-diep-tuoi-mat-thom-ngon-don-gian-05175,Invalid slug
Món gỏi - salad,https://www.dienmayxanh.com/vao-bep/2-cach-lam-goi-tau-hu-ky-rau-cang-cua-va-nam-dui-ga-thanh-mat-05611,Invalid slug
Món gỏi - salad,https://www.dienmayxanh.com/vao-bep/greek-salad-la-gi-nguon-goc-va-cach-lam-greek-salad-don-gian-03031,Missing data
Món gỏi - salad,https://www.dienmayxanh.com/vao-bep/2-cach-nom-du-du-ngon-gion-don-gian-hap-dan-la-mieng-01577,Invalid slug
Món gỏi - salad,https://www.dienmayxanh.com/vao-bep/2-cach-lam-salad-banh-mi-hap-dan-don-gian-ai-cung-lam-duoc-13888,Invalid slug
Món gỏi - salad,https://www.dienmayxanh.com/vao-bep/3-cach-lam-salad-cai-xoan-tot-dang-dep-da-don-gian-05156,Invalid slug
Món gỏi - salad,https://www.dienmayxanh.com/vao-bep/2-cach-lam-salad-ca-hoi-don-gian-thom-ngon-nhieu-dinh-duong-05293,Invalid slug
Món gỏi - salad,https://www.dienmayxanh.com/vao-bep/3-cach-lam-salad-hat-oc-cho-moi-la-cuc-ngon-don-gian-tai-nha-04750,Invalid slug
Món gỏi - salad,https://www.dienmayxanh.com/vao-bep/2-cach-lam-goi-mi-can-chay-chua-chua-ngot-ngot-hap-dan-cho-12496,Invalid slug
Món gỏi - salad,https://www.dienmayxanh.com/vao-bep/3-cach-lam-salad-pesto-don-gian-cuc-ngon-hap-dan-tai-nha-04849,Invalid slug
Món gỏi - salad,https://www.dienmayxanh.com/vao-bep/3-cach-lam-salad-hoa-qua-trai-cay-tu-kiwi-tot-cho-suc-khoe-02867,Invalid slug
Món gỏi - salad,https://www.dienmayxanh.com/vao-bep/3-cach-lam-salad-bi-do-don-gian-thom-ngon-bo-duong-cho-gia-15653,Invalid slug
Món gỏi - salad,https://www.dienmayxanh.com/vao-bep/2-cach-lam-salad-tao-tuoi-mat-thom-ngon-ho-tro-giam-can-tai-11586,Invalid slug
Món gỏi - salad,https://www.dienmayxanh.com/vao-bep/3-cach-lam-salad-ot-chuong-ngon-mieng-don-gian-de-lam-giup-05069,Invalid slug
Món gỏi - salad,https://www.dienmayxanh.com/vao-bep/2-cach-lam-salad-bi-ngoi-ngon-ngot-don-gian-cho-bua-an-gia-04685,Invalid slug
Món gỏi - salad,https://www.dienmayxanh.com/vao-bep/2-cach-lam-nuoc-sot-chanh-leo-tron-salad-healthy-bang-may-xay-22376,Invalid slug
Món gỏi - salad,https://www.dienmayxanh.com/vao-bep/doi-vi-voi-2-mon-ngon-tu-banh-da-don-gian-la-ma-quen-01818,Invalid slug
Món gỏi - salad,https://www.dienmayxanh.com/vao-bep/salad-la-gi-salad-dressing-la-gi-phan-loai-va-cach-lam-salad-04626,Missing data
Món gỏi - salad,https://www.dienmayxanh.com/vao-bep/2-cach-lam-goi-dua-leo-tom-thit-va-uc-ga-chua-ngot-gion-ngon-04314,Invalid slug
Món gỏi - salad,https://www.dienmayxanh.com/vao-bep/2-cach-lam-ca-bat-muoi-xoi-va-muoi-nen-thom-ngon-don-gian-tai-09572,Invalid slug
Món gỏi - salad,https://www.dienmayxanh.com/vao-bep/2-cach-lam-goi-rau-cau-gion-ngon-thanh-mat-de-lam-tai-nha-06680,Invalid slug
Món gỏi - salad,https://www.dienmayxanh.com/vao-bep/2-cach-lam-goi-hau-tron-mam-cai-va-tron-xoai-doc-dao-tuoi-mat-04298,Invalid slug
Món gỏi - salad,https://www.dienmayxanh.com/vao-bep/2-cach-lam-goi-xoai-kho-ga-thom-ngon-kho-cuong-hap-dan-ai-11487,Invalid slug
Món gỏi - salad,https://www.dienmayxanh.com/vao-bep/3-cach-lam-nem-thinh-chay-thom-ngon-don-gian-hap-dan-ai-cung-14391,Invalid slug
Món gỏi - salad,https://www.dienmayxanh.com/vao-bep/3-cach-lam-rocket-salad-sieu-nhanh-sieu-de-sieu-ngon-dep-mat-08381,Invalid slug
Món gỏi - salad,https://www.dienmayxanh.com/vao-bep/2-cach-lam-goi-ca-loc-ca-qua-thom-ngon-hap-dan-dung-chuan-08424,Invalid slug
Món gỏi - salad,https://www.dienmayxanh.com/vao-bep/3-cach-lam-goi-salad-tu-vo-dua-hau-la-mieng-an-hoai-khong-01746,Invalid slug
Món gỏi - salad,https://www.dienmayxanh.com/vao-bep/cobb-salad-la-gi-nguon-goc-va-cach-lam-don-gian-tai-nha-02569,Missing data
Món gỏi - salad,https://www.dienmayxanh.com/vao-bep/2-cach-lam-salad-nui-tron-macaroni-salad-beo-ngay-thom-ngon-11801,Invalid slug
Món gỏi - salad,https://www.dienmayxanh.com/vao-bep/2-cach-lam-goi-ga-mang-cau-xiem-va-chom-chom-don-gian-la-04220,Invalid slug
Món gỏi - salad,https://www.dienmayxanh.com/vao-bep/3-cach-lam-salad-xuc-xich-nhanh-gon-don-gian-vo-cung-thom-14610,Invalid slug
Món gỏi - salad,https://www.dienmayxanh.com/vao-bep/2-cach-lam-goi-bao-ngu-rong-nho-va-xa-lach-don-gian-tuoi-ngon-05117,Invalid slug
Món gỏi - salad,https://www.dienmayxanh.com/vao-bep/2-cach-lam-goi-luoi-heo-chua-cay-va-kieu-chua-gion-ngon-hap-10376,Invalid slug
Món gỏi - salad,https://www.dienmayxanh.com/vao-bep/tong-hop-6-cach-lam-goi-hanh-tay-thom-ngon-hap-dan-don-gian-14520,Invalid slug
Món từ gà,https://www.dienmayxanh.com/vao-bep/ga-ac-nau-gi-ngon-tong-hop-11-mon-an-tu-ga-ac-bo-duong-de-lam-11805,Missing data
Món từ gà,https://www.dienmayxanh.com/vao-bep/tong-hop-4-cach-lam-canh-ga-nuong-bang-noi-chien-khong-dau-16200,Invalid slug
Món từ gà,https://www.dienmayxanh.com/vao-bep/5-cach-don-gian-nhat-de-che-bien-ga-ma-van-ngon-00316,Invalid slug
Món từ gà,https://www.dienmayxanh.com/vao-bep/tong-hop-7-cach-lam-ga-noi-dat-thom-ngon-hap-dan-ai-cung-me-17631,Invalid slug
Món từ gà,https://www.dienmayxanh.com/vao-bep/2-cach-lam-kho-ga-xe-cay-thom-ngon-dam-vi-cay-nong-hap-dan-11661,Invalid slug
Món từ gà,https://www.dienmayxanh.com/vao-bep/tong-hop-5-cach-lam-mon-ga-bang-noi-chien-khong-dau-don-gian-16615,Invalid slug
Món từ gà,https://www.dienmayxanh.com/vao-bep/2-cach-lam-ga-nuong-muoi-ot-bang-lo-nuong-va-noi-chien-khong-05325,Invalid slug
Món từ gà,https://www.dienmayxanh.com/vao-bep/3-cach-luoc-ga-khong-can-nuoc-ma-van-thom-ngon-00676,Invalid slug
Món từ gà,https://www.dienmayxanh.com/vao-bep/cach-lam-thit-ga-nau-dau-mem-ngon-dam-da-bui-beo-00371,Missing data
Món từ gà,https://www.dienmayxanh.com/vao-bep/3-cach-lam-pho-ga-tron-ngon-mieng-hap-dan-nhanh-don-gian-tai-12684,Invalid slug
Món từ gà,https://www.dienmayxanh.com/vao-bep/9-cach-chien-ga-gion-lau-vang-ruom-thom-ngon-chuan-nhu-ngoai-11336,Invalid slug
Món từ gà,https://www.dienmayxanh.com/vao-bep/cach-an-ga-u-muoi-dung-dieu-chuan-vi-bang-lo-vi-song-22321,Missing data
Món từ gà,https://www.dienmayxanh.com/vao-bep/2-cach-lam-chan-ga-chien-mam-chan-ga-chien-bo-toi-cuc-ngon-01529,Invalid slug
Món từ gà,https://www.dienmayxanh.com/vao-bep/2-cach-lam-uc-ga-cuon-sot-xoai-va-sot-pesto-hap-dan-an-la-04938,Invalid slug
Món từ gà,https://www.dienmayxanh.com/vao-bep/ga-tay-lam-mon-gi-ngon-tong-hop-5-mon-an-tu-ga-tay-de-lam-cho-15179,Missing data
Món từ gà,https://www.dienmayxanh.com/vao-bep/7-mon-ngon-hoi-sinh-thit-ga-luoc-con-thua-ngay-tet-01612,Invalid slug
Món từ gà,https://www.dienmayxanh.com/vao-bep/cach-lam-salad-hat-luu-bong-cai-nuong-voi-thit-ga-dong-day-00461,Missing data
Món từ gà,https://www.dienmayxanh.com/vao-bep/cach-luoc-ga-ngon-khong-bi-nut-da-00672,Missing data
Món từ gà,https://www.dienmayxanh.com/vao-bep/cach-rut-xuong-chan-ga-nhanh-de-chi-voi-3-buoc-01505,Missing data
Món từ gà,https://www.dienmayxanh.com/vao-bep/luoc-ga-the-nao-moi-ngon-bat-mat-00376,Missing data
Món từ gà,https://www.dienmayxanh.com/vao-bep/2-cach-lam-ga-nau-dau-ha-lan-ngon-mem-dam-da-huong-vi-hap-dan-12217,Invalid slug
Món từ gà,https://www.dienmayxanh.com/vao-bep/tong-hop-5-cach-lam-kho-ga-cay-cay-thom-ngon-kho-cuong-ai-12656,Invalid slug
Món từ gà,https://www.dienmayxanh.com/vao-bep/6-cach-nuong-ga-bang-noi-chien-khong-dau-thom-ngon-don-gian-05425,Invalid slug
Món từ gà,https://www.dienmayxanh.com/vao-bep/tong-hop-20-cach-nuong-ga-bang-lo-nuong-mem-ngon-cho-bua-tiec-14792,Invalid slug
Món từ gà,https://www.dienmayxanh.com/vao-bep/tong-hop-11-cach-lam-mon-ga-bang-noi-com-dien-don-gian-hap-16632,Invalid slug
Món từ gà,https://www.dienmayxanh.com/vao-bep/2-cach-lam-dui-ga-tay-nuong-thom-lung-hap-dan-cho-ngay-le-ta-14755,Invalid slug
Món từ gà,https://www.dienmayxanh.com/vao-bep/tong-hop-16-cach-lam-ga-nuong-hap-dan-thom-ngon-doi-vi-cho-08050,Invalid slug
Món từ gà,https://www.dienmayxanh.com/vao-bep/cach-chat-ga-xep-nguyen-con-va-tao-dang-ga-cung-ban-tho-gia-06875,Missing data
Món từ gà,https://www.dienmayxanh.com/vao-bep/meo-chat-thit-ga-dep-khong-bi-nat-cho-bua-com-tet-dac-sac-00448,Missing data
Món từ gà,https://www.dienmayxanh.com/vao-bep/2-cach-lam-banh-mi-ga-xe-don-gian-hap-dan-cho-bua-sang-tuyet-06919,Invalid slug
Món từ bò,https://www.dienmayxanh.com/vao-bep/2-cach-lam-bo-sot-ca-chua-dam-vi-thom-ngon-va-de-lam-tai-nha-10910,Invalid slug
Món từ bò,https://www.dienmayxanh.com/vao-bep/tong-hop-8-cach-ham-bap-bo-bang-noi-ap-suat-tien-dung-thom-16984,Invalid slug
Món từ bò,https://www.dienmayxanh.com/vao-bep/4-cach-lam-mi-tron-bo-cay-sieu-hap-dan-don-gian-cuc-ngon-08999,Invalid slug
Món từ bò,https://www.dienmayxanh.com/vao-bep/16-cach-lam-bo-nuong-thom-ngon-kho-cuong-don-gian-cho-ca-nha-09638,Invalid slug
Món từ bò,https://www.dienmayxanh.com/vao-bep/bi-quyet-nau-thit-bo-mem-ngon-khong-bi-dai-00372,Missing data
Món từ bò,https://www.dienmayxanh.com/vao-bep/tong-hop-5-cach-lam-luoi-bo-thom-ngon-don-gian-hap-dan-ai-13190,Invalid slug
Món từ bò,https://www.dienmayxanh.com/vao-bep/2-cach-lam-long-bo-xao-chua-ngot-va-long-bo-xao-ca-ri-thom-13585,Invalid slug
Món từ bò,https://www.dienmayxanh.com/vao-bep/2-cach-lam-bo-cuon-nam-kim-cham-ap-chao-thom-lung-dam-da-11401,Invalid slug
Món từ bò,https://www.dienmayxanh.com/vao-bep/2-cach-lam-bun-gao-lut-tron-ngon-mieng-de-lam-giup-ho-tro-10073,Invalid slug
Món từ bò,https://www.dienmayxanh.com/vao-bep/cach-lam-mon-thit-bo-ham-hap-dan-bang-lo-nuong-thuy-tinh-00286,Missing data
Món từ bò,https://www.dienmayxanh.com/vao-bep/da-bo-lam-mon-gi-ngon-tong-hop-7-mon-an-tu-da-bo-ngon-hap-dan-11334,Missing data
Món từ bò,https://www.dienmayxanh.com/vao-bep/2-cach-lam-mien-xao-bo-bam-thom-ngon-don-gian-ai-cung-me-11315,Invalid slug
Món từ bò,https://www.dienmayxanh.com/vao-bep/2-cach-lam-bo-bit-tet-kieu-phap-thom-lung-hap-dan-ngon-kho-11816,Invalid slug
Món từ bò,https://www.dienmayxanh.com/vao-bep/2-cach-lam-gan-bo-ham-sa-te-va-gan-bo-ham-nam-dui-ga-mem-thom-13811,Invalid slug
Món từ bò,https://www.dienmayxanh.com/vao-bep/suon-bo-nau-gi-ngon-10-cach-lam-mon-ngon-tu-suon-bo-ngon-don-06636,Invalid slug
Món từ bò,https://www.dienmayxanh.com/vao-bep/tong-hop-13-cach-nau-bo-ham-thom-ngon-don-gian-cho-ca-gia-08106,Invalid slug
Món từ bò,https://www.dienmayxanh.com/vao-bep/long-bo-nau-gi-ngon-tong-hop-12-mon-ngon-tu-long-bo-sieu-hap-11246,Invalid slug
Món từ bò,https://www.dienmayxanh.com/vao-bep/2-cach-nau-gan-bo-sot-vang-va-sot-thai-mem-thom-hap-dan-khong-07105,Invalid slug
Món từ bò,https://www.dienmayxanh.com/vao-bep/2-cach-lam-gan-bo-tron-chua-ngot-va-mam-thai-cuc-ngon-an-la-09164,Invalid slug
Món từ bò,https://www.dienmayxanh.com/vao-bep/2-cach-la-banh-mi-bo-pho-mai-nong-hoi-beo-ngay-cho-bua-sang-12233,Invalid slug
Món từ bò,https://www.dienmayxanh.com/vao-bep/tong-hop-7-cach-lam-thit-bo-xao-nam-ngon-mieng-de-lam-cho-bua-09259,Invalid slug
Món từ bò,https://www.dienmayxanh.com/vao-bep/2-cach-lam-goi-cuon-thit-bo-nuong-va-xao-sa-hap-dan-la-mieng-05486,Invalid slug
Món từ bò,https://www.dienmayxanh.com/vao-bep/2-cach-lam-com-nam-thit-bo-xao-va-thit-bo-ap-chao-thom-ngon-05456,Invalid slug
Món từ bò,https://www.dienmayxanh.com/vao-bep/6-mon-ngon-ngay-tet-ban-co-biet--03427,Invalid slug
Món từ bò,https://www.dienmayxanh.com/vao-bep/bap-bo-nau-gi-ngon-tong-hop-25-mon-ngon-tu-bap-bo-hap-dan-de-10299,Invalid slug
Món từ bò,https://www.dienmayxanh.com/vao-bep/gan-bo-nau-gi-ngon-tong-hop-cac-mon-ngon-tu-gan-bo-mem-thom-07152,Invalid slug
Món từ bò,https://www.dienmayxanh.com/vao-bep/tong-hop-16-cach-nau-chao-thit-bo-thom-ngon-don-gian-cho-gia-13209,Invalid slug
Món từ bò,https://www.dienmayxanh.com/vao-bep/tong-hop-cac-cach-kho-bo-ngon-thom-beo-dam-vi-don-gian-12154,Invalid slug
Món chay,https://www.dienmayxanh.com/vao-bep/tau-hu-ky-lam-mon-gi-ngon-mon-chay-ngon-voi-tau-hu-ky-lam-22390,Missing data
Món chay,https://www.dienmayxanh.com/vao-bep/2-cach-la-ca-loc-chay-don-gian-tai-nha-de-che-bien-nhieu-mon-22064,Invalid slug
Món chay,https://www.dienmayxanh.com/vao-bep/2-cach-lam-cha-que-chay-tu-bot-mi-va-dau-hu-dai-gion-thom-04235,Invalid slug
Món chay,https://www.dienmayxanh.com/vao-bep/3-mon-an-chay-de-lam-cho-ngay-ram-thang-7-00336,Missing data
Món chay,https://www.dienmayxanh.com/vao-bep/2-cach-lam-bun-chay-kho-vo-cung-hap-dan-don-gian-ai-cung-lam-14405,Invalid slug
Món chay,https://www.dienmayxanh.com/vao-bep/goi-y-thuc-don-mam-co-chay-cung-ngay-dau-nam-mung-1-cho-gia-07264,Missing data
Món chay,https://www.dienmayxanh.com/vao-bep/2-cach-lam-dau-hu-khia-nuoc-dua-thanh-dam-dam-vi-hao-com-10303,Invalid slug
Món chay,https://www.dienmayxanh.com/vao-bep/2-cach-lam-sandwich-rau-cu-tuoi-mat-don-gian-tot-cho-suc-khoe-05554,Invalid slug
Món chay,https://www.dienmayxanh.com/vao-bep/2-cach-lam-cha-hoa-chay-thom-ngon-hap-dan-don-gian-tai-nha-10556,Invalid slug
Món chay,https://www.dienmayxanh.com/vao-bep/2-cach-lam-dau-hu-sot-thit-bam-chay-don-gian-de-lam-ai-cung-12225,Invalid slug
Món chay,https://www.dienmayxanh.com/vao-bep/2-cach-lam-mam-nem-mam-ruoc-chay-thom-ngon-don-gian-ngay-tai-04215,Invalid slug
Món chay,https://www.dienmayxanh.com/vao-bep/2-cach-lam-kho-bo-chay-tu-chan-nam-va-suon-non-thom-ngon-dam-05681,Invalid slug
Món chay,https://www.dienmayxanh.com/vao-bep/2-cach-lam-ga-chay-cuon-nam-thom-ngon-thanh-tinh-de-lam-01336,Invalid slug
Món chay,https://www.dienmayxanh.com/vao-bep/2-cach-lam-bo-nau-dau-ngu-va-ga-nau-dau-ngu-chay-thom-ngon-05362,Invalid slug
Món chay,https://www.dienmayxanh.com/vao-bep/2-cach-lam-mi-can-sot-cam-va-sot-thom-chua-ngot-hap-dan-thom-04315,Invalid slug
Món chay,https://www.dienmayxanh.com/vao-bep/3-cach-lam-kimbap-chay-thanh-dam-thom-ngon-don-gian-tai-nha-13481,Invalid slug
Món chay,https://www.dienmayxanh.com/vao-bep/5-mon-chay-thom-ngon-de-lam-voi-dau-hu-01059,Missing data
Món chay,https://www.dienmayxanh.com/vao-bep/tong-hop-cach-nau-cac-mon-bun-pho-mien-chay-ngon-01057,Invalid slug
Món chay,https://www.dienmayxanh.com/vao-bep/2-cach-lam-com-chien-chay-voi-sa-muoi-ot-don-gian-thom-ngon-02068,Invalid slug
Món chay,https://www.dienmayxanh.com/vao-bep/2-cach-lam-cai-chua-xao-chay-thom-ngon-hap-dan-don-gian-tai-14793,Invalid slug
Món chay,https://www.dienmayxanh.com/vao-bep/tempeh-tuong-nen-la-gi-cach-lam-tempeh-cho-nguoi-an-chay-don-04140,Missing data
Món chay,https://www.dienmayxanh.com/vao-bep/2-cach-lam-kho-ca-duoi-va-kho-ca-tra-chay-la-mat-la-mieng-04281,Invalid slug
Món chay,https://www.dienmayxanh.com/vao-bep/2-cach-lam-cha-ca-chay-bap-va-dau-hu-moi-la-dai-ngon-nhu-07094,Invalid slug
Món chay,https://www.dienmayxanh.com/vao-bep/cach-nau-mon-chay-dai-tiec-voi-thuc-don-da-dang-02704,Missing data
Món chay,https://www.dienmayxanh.com/vao-bep/4-cach-lam-dau-hu-non-sot-nam-thom-nuc-mui-de-lam-tai-nha-07554,Invalid slug
Món chay,https://www.dienmayxanh.com/vao-bep/goi-y-thuc-don-tiec-chay-thanh-dam-thom-ngon-de-lam-tai-nha-15262,Missing data
Món chay,https://www.dienmayxanh.com/vao-bep/2-cach-lam-tau-hu-ky-khia-nuoc-dua-dam-da-hap-dan-de-lam-13259,Invalid slug
Món chay,https://www.dienmayxanh.com/vao-bep/2-cach-lam-banh-mi-hap-chay-thom-ngon-don-gian-cho-bua-sang-08756,Invalid slug
Món chay,https://www.dienmayxanh.com/vao-bep/2-cach-lam-mam-ruoc-xao-thit-chay-bat-com-thom-ngon-kho-cuong-11743,Invalid slug
Món chay,https://www.dienmayxanh.com/vao-bep/3-cach-lam-mon-mi-can-chay-thom-ngon-dam-da-01799,Invalid slug
Món chay,https://www.dienmayxanh.com/vao-bep/3-cach-lam-dau-hu-non-sot-nam-dong-co-nam-huong-chay-thom-beo-07549,Invalid slug
Món chay,https://www.dienmayxanh.com/vao-bep/3-cach-lam-dau-hu-non-sot-cay-thom-phung-phuc-07530,Invalid slug
Món chay,https://www.dienmayxanh.com/vao-bep/3-cach-lam-top-mo-chay-gion-rum-thom-ngon-cho-bua-com-nha-05626,Invalid slug
Món chay,https://www.dienmayxanh.com/vao-bep/4-cach-lam-cha-vien-chay-dai-ngon-hap-dan-don-gian-tai-nha-10050,Invalid slug
Món chay,https://www.dienmayxanh.com/vao-bep/2-cach-nau-hu-tieu-chay-thom-ngon-dam-da-sieu-don-gian-01790,Invalid slug
Món chay,https://www.dienmayxanh.com/vao-bep/an-chay-ma-van-du-chat-00332,Missing data
Món chay,https://www.dienmayxanh.com/vao-bep/3-cach-lam-goi-cuon-chay-dinh-duong-ngon-mieng-02311,Invalid slug
Món chay,https://www.dienmayxanh.com/vao-bep/goi-y-7-thuc-don-an-chay-thanh-dam-don-gian-thom-ngon-cho-gia-10538,Missing data
Món chay,https://www.dienmayxanh.com/vao-bep/tong-hop-26-cach-lam-cac-mon-kho-chay-thom-ngon-de-lam-cho-12831,Invalid slug
Món chay,https://www.dienmayxanh.com/vao-bep/2-cach-lam-dau-hu-kho-chay-voi-xa-xiu-va-dua-hau-non-dam-da-10304,Invalid slug
Món chay,https://www.dienmayxanh.com/vao-bep/3-cach-lam-ca-chay-hap-dan-thom-ngon-don-gian-cho-gia-dinh-15839,Invalid slug
Món chay,https://www.dienmayxanh.com/vao-bep/goi-y-5-thuc-don-cac-mon-chay-de-lam-cho-mam-cung-chay-them-22070,Invalid slug
Món chay,https://www.dienmayxanh.com/vao-bep/2-cach-lam-suon-non-chay-chien-nuoc-mam-don-gian-thom-ngon-an-13439,Invalid slug
Món chay,https://www.dienmayxanh.com/vao-bep/3-cach-lam-mi-tron-chay-thom-ngon-hap-dan-cho-bua-chay-thanh-11744,Invalid slug
Món chay,https://www.dienmayxanh.com/vao-bep/2-cach-lam-dau-hu-chien-xu-chay-thom-beo-gion-tan-don-gian-10119,Invalid slug
Món chay,https://www.dienmayxanh.com/vao-bep/2-cach-lam-bo-la-lot-chay-tu-nam-va-heo-lat-chay-hap-dan-an-04466,Invalid slug
Món chay,https://www.dienmayxanh.com/vao-bep/2-cach-lam-mi-truong-tho-chay-thom-ngon-thanh-dam-don-gian-07576,Invalid slug
Món chay,https://www.dienmayxanh.com/vao-bep/2-cach-lam-chuoi-sap-kho-tieu-va-rim-duong-nghe-la-la-ma-04233,Invalid slug
Món chay,https://www.dienmayxanh.com/vao-bep/cach-lam-2-mon-chay-thom-ngon-tu-nam--00623,Missing data
Món chay,https://www.dienmayxanh.com/vao-bep/2-cach-tu-lam-mi-can-dai-ngon-don-gian-de-thuc-hien-ngay-t-01867,Invalid slug
Món chay,https://www.dienmayxanh.com/vao-bep/2-cach-lam-nam-rom-kho-dau-hu-va-kho-chao-bat-com-thom-ngon-04316,Invalid slug
Món chay,https://www.dienmayxanh.com/vao-bep/2-cach-lam-cu-cai-kho-chay-don-gian-hap-dan-thom-ngon-05621,Invalid slug
Món chay,https://www.dienmayxanh.com/vao-bep/2-cach-lam-goi-du-du-chay-goi-du-du-thai-chay-gio-02125,Invalid slug
Món chay,https://www.dienmayxanh.com/vao-bep/2-cach-lam-nuoc-mam-chay-tu-thom-dua-dam-vi-thom-ngon-cham-gi-14870,Invalid slug
Món chay,https://www.dienmayxanh.com/vao-bep/4-cach-lam-pho-tron-chay-nam-va-rau-cu-thanh-dam-thom-ngon-08372,Invalid slug
Món chay,https://www.dienmayxanh.com/vao-bep/2-cach-lam-bo-vien-chay-thom-ngon-dai-gion-hap-dan-don-gian-12283,Invalid slug
Món chay,https://www.dienmayxanh.com/vao-bep/3-cach-lam-goi-dua-leo-chay-don-gian-hap-dan-cho-bua-com-07927,Invalid slug
Món chay,https://www.dienmayxanh.com/vao-bep/goi-y-5-thuc-don-tiec-cuoi-chay-thanh-dam-thom-ngon-hap-dan-17526,Missing data
Món chay,https://www.dienmayxanh.com/vao-bep/5-mon-an-khong-the-thieu-trong-le-vu-lan-bao-hieu-00333,Missing data
Món chay,https://www.dienmayxanh.com/vao-bep/2-cach-lam-da-heo-chay-chien-gion-va-chien-nuoc-mam-moi-la-07176,Invalid slug
Món chay,https://www.dienmayxanh.com/vao-bep/2-cach-lam-sua-dac-thuan-chay-tu-hat-dieu-va-sua-hat-thom-beo-04053,Invalid slug
Món chay,https://www.dienmayxanh.com/vao-bep/2-cach-lam-bun-tron-chay-thom-ngon-don-gian-thanh-dam-cho-bua-08509,Invalid slug
Món chay,https://www.dienmayxanh.com/vao-bep/2-cach-lam-thit-khia-nuoc-dua-chay-cho-mam-com-ram-them-dam-10054,Invalid slug
Món chay,https://www.dienmayxanh.com/vao-bep/2-cach-lam-pad-thai-chay-voi-2-loai-nuoc-sot-sieu-ngon-sieu-04413,Invalid slug
Món chay,https://www.dienmayxanh.com/vao-bep/thuc-don-3-mon-chay-du-chat-cho-ngay-le-phat-dan-00945,Missing data
Món chay,https://www.dienmayxanh.com/vao-bep/2-cach-lam-kho-ga-la-chanh-chay-thom-ngon-la-mieng-hap-dan-05657,Invalid slug
Món chay,https://www.dienmayxanh.com/vao-bep/2-cach-lam-bo-luc-lac-chay-don-gian-hap-dan-thom-ngon-ai-cung-05330,Invalid slug
Món chay,https://www.dienmayxanh.com/vao-bep/2-cach-lam-com-ga-chay-moi-la-hap-dan-don-gian-tai-nha-14851,Invalid slug
Món chay,https://www.dienmayxanh.com/vao-bep/goi-y-mam-cung-chay-ram-thang-7-don-gian-va-day-du-04061,Missing data
Món chay,https://www.dienmayxanh.com/vao-bep/2-cach-lam-ga-nau-dau-chay-va-ga-tiem-chay-moi-la-hap-dan-04467,Invalid slug
Món chay,https://www.dienmayxanh.com/vao-bep/2-cach-lam-com-tron-chay-don-gian-hap-dan-thom-ngon-tai-nha-13594,Invalid slug
Món chay,https://www.dienmayxanh.com/vao-bep/2-cach-lam-sa-te-chay-tu-toi-tay-va-nam-huong-cay-nong-don-08782,Invalid slug
Món chay,https://www.dienmayxanh.com/vao-bep/tong-hop-10-mon-chay-khong-dau-mo-cho-bua-com-chay-nhe-nhang-22184,Invalid slug
Món chay,https://www.dienmayxanh.com/vao-bep/2-cach-lam-trung-chay-thom-ngon-hap-dan-cuc-don-gian-04349,Invalid slug
Món chay,https://www.dienmayxanh.com/vao-bep/2-cach-lam-cha-bong-chay-tu-nam-dong-co-va-nam-bao-ngu-thom-04065,Invalid slug
Món chay,https://www.dienmayxanh.com/vao-bep/2-cach-lam-hu-tieu-kho-chay-ngon-hap-dan-de-lam-cho-mua-vu-12005,Invalid slug
Món chay,https://www.dienmayxanh.com/vao-bep/2-cach-lam-ca-moi-chay-va-ca-com-chay-tu-bap-chuoi-moi-la-04148,Invalid slug
Món chay,https://www.dienmayxanh.com/vao-bep/tong-hop-13-cach-lam-cha-chay-thom-ngon-don-gian-tai-nha-09786,Invalid slug
Món chay,https://www.dienmayxanh.com/vao-bep/4-cach-lam-bit-tet-chay-don-gian-thom-ngon-hap-dan-an-la-14799,Invalid slug
Món chay,https://www.dienmayxanh.com/vao-bep/tong-hop-9-cach-lam-cac-mon-nuong-chay-thom-ngon-hap-dan-de-12954,Invalid slug
Món chay,https://www.dienmayxanh.com/vao-bep/3-cach-lam-com-gao-lut-don-gian-thom-beo-don-gian-04407,Invalid slug
Món chay,https://www.dienmayxanh.com/vao-bep/tong-hop-29-cach-lam-cac-mon-xao-chay-de-lam-don-gian-ai-cung-12990,Invalid slug
Món chay,https://www.dienmayxanh.com/vao-bep/3-cach-lam-suon-non-chay-khia-dam-da-tham-vi-bat-com-don-gian-12640,Invalid slug
Món chay,https://www.dienmayxanh.com/vao-bep/2-cach-lam-bi-cuon-chay-tu-tau-hu-ky-va-cu-cai-muoi-don-gian-05576,Invalid slug
Món chay,https://www.dienmayxanh.com/vao-bep/tong-hop-15-cach-nau-bun-chay-ngon-doi-vi-cho-ca-gia-dinh-07081,Invalid slug
Ăn vặt,https://www.dienmayxanh.com/vao-bep/ca-na-la-gi-cong-dung-va-7-bai-thuoc-tu-trai-ca-na-00057,Missing data
Ăn vặt,https://www.dienmayxanh.com/vao-bep/2-cach-lam-banh-gao-nhan-pho-mai-deo-mem-thom-beo-cuc-de-lam-10001,Invalid slug
Ăn vặt,https://www.dienmayxanh.com/vao-bep/2-cach-lam-banh-trang-nuong-pate-va-pho-mai-thom-n-02652,Invalid slug
Ăn vặt,https://www.dienmayxanh.com/vao-bep/3-cach-lam-trung-cuon-com-don-gian-thom-ngon-hap-dan-ai-cung-05490,Invalid slug
Ăn vặt,https://www.dienmayxanh.com/vao-bep/2-cach-lam-sake-lac-pho-mai-gion-tan-thich-mieng-an-khong-12027,Invalid slug
Ăn vặt,https://www.dienmayxanh.com/vao-bep/2-cach-lam-suong-sao-sua-tuoi-ngon-thom-beo-de-lam-an-la-14007,Invalid slug
Ăn vặt,https://www.dienmayxanh.com/vao-bep/cach-nau-com-deo-ngon-va-meo-chua-chay-khi-com-hong-00441,Missing data
Ăn vặt,https://www.dienmayxanh.com/vao-bep/2-cach-lam-mut-kiwi-deo-va-mut-kiwi-say-kho-ngon-ngot-01253,Invalid slug
Ăn vặt,https://www.dienmayxanh.com/vao-bep/2-cach-lam-xoai-ngam-mam-duong-gion-gion-hap-dan-an-la-ghien-13096,Invalid slug
Ăn vặt,https://www.dienmayxanh.com/vao-bep/2-cach-lam-banh-trang-tron-sa-te-cay-ngon-hap-dan-de-lam-an-13458,Invalid slug
Ăn vặt,https://www.dienmayxanh.com/vao-bep/10-mon-an-lam-dien-dao-cong-dong-mang-trong-nam-qua-00843,Missing data
Ăn vặt,https://www.dienmayxanh.com/vao-bep/5-cach-lam-chutney-xoai-ca-chua-rau-mui-bac-ha-va-dua-tron-vi-08574,Invalid slug
Ăn vặt,https://www.dienmayxanh.com/vao-bep/2-cach-lam-keo-deo-marshmallow-nhan-socola-va-matcha-socola-05698,Invalid slug
Ăn vặt,https://www.dienmayxanh.com/vao-bep/tong-hop-nhung-mon-an-vat-khong-tang-can-de-lam-cho-ban-nham-05516,Invalid slug
Ăn vặt,https://www.dienmayxanh.com/vao-bep/cach-rang-hat-bi-bang-noi-chien-khong-dau-don-gian-de-lam-20661,Missing data
Ăn vặt,https://www.dienmayxanh.com/vao-bep/2-cach-lam-nuoc-sot-banh-mi-chay-moi-la-thom-ngon-ai-cung-lam-10008,Invalid slug
Ăn vặt,https://www.dienmayxanh.com/vao-bep/3-cach-lam-sandwich-pho-mai-cheese-sandwich-beo-ngay-thom-05691,Invalid slug
Ăn vặt,https://www.dienmayxanh.com/vao-bep/oc-mit-lam-mon-gi-ngon-tong-hop-8-mon-ngon-tu-oc-mit-dam-bao-11122,Invalid slug
Ăn vặt,https://www.dienmayxanh.com/vao-bep/cach-bao-quan-trung-vit-lon-song-da-luoc-chin-dung-duoc-nhieu-15721,Missing data
Ăn vặt,https://www.dienmayxanh.com/vao-bep/2-cach-lam-oreo-cuon-kem-sua-va-socola-cuon-kem-dua-sieu-ngon-05323,Invalid slug
Ăn vặt,https://www.dienmayxanh.com/vao-bep/2-cach-lam-ca-bo-rim-me-va-rim-nuoc-mam-bat-vi-de-nham-nhi-22235,Invalid slug
Ăn vặt,https://www.dienmayxanh.com/vao-bep/2-cach-lam-hat-de-rang-bo-va-rang-mat-ong-don-gian-02392,Invalid slug
Ăn vặt,https://www.dienmayxanh.com/vao-bep/2-cach-lam-sua-chua-thach-la-nep-la-cam-va-tran-chau-thanh-09577,Invalid slug
Ăn vặt,https://www.dienmayxanh.com/vao-bep/2-cach-lam-dau-hu-hanh-nhan-va-dau-hu-tu-dau-ga-thom-beo-bo-05070,Invalid slug
Ăn vặt,https://www.dienmayxanh.com/vao-bep/chinh-phuc-chang-kho-tinh-voi-ba-mon-an-cuc-doc-00329,Missing data
Ăn vặt,https://www.dienmayxanh.com/vao-bep/2-cach-lam-kimbap-trung-chien-don-gian-thom-ngon-la-mieng-hap-05700,Invalid slug
Ăn vặt,https://www.dienmayxanh.com/vao-bep/2-cach-lam-coc-lac-muoi-tay-ninh-va-coc-lac-muoi-ot-sieu-cay-09807,Invalid slug
Ăn vặt,https://www.dienmayxanh.com/vao-bep/2-cach-lam-hat-dieu-rang-pho-mai-va-trung-muoi-sieu-hap-dan-07282,Invalid slug
Ăn vặt,https://www.dienmayxanh.com/vao-bep/2-cach-lam-kimbap-ca-ngu-cay-va-thit-bo-cay-thom-ngon-dam-vi-05696,Invalid slug
Ăn vặt,https://www.dienmayxanh.com/vao-bep/cach-lam-snack-mi-goi-don-gian-gion-rum-cho-nhung-ngay-ranh-19149,Missing data
Ăn vặt,https://www.dienmayxanh.com/vao-bep/2-cach-lam-mut-chom-chom-sieu-ngon-don-gian-an-nham-nhi-tai-05630,Invalid slug
Ăn vặt,https://www.dienmayxanh.com/vao-bep/2-cach-lam-muoi-vung-tai-nha-thom-nuc-dan-da-an-kem-com-ngon-07895,Invalid slug
Ăn vặt,https://www.dienmayxanh.com/vao-bep/tong-hop-8-cach-lam-cac-mon-keo-deo-don-gian-an-toan-cho-be-10301,Invalid slug
Ăn vặt,https://www.dienmayxanh.com/vao-bep/cach-lam-tai-heo-cuon-banh-trang-mon-ngon-an-hoai-khong-chan-09990,Invalid slug
Ăn vặt,https://www.dienmayxanh.com/vao-bep/2-cach-lam-va-trang-tri-com-cuon-han-quoc-dep-mat-cho-bua-an-06227,Invalid slug
Ăn vặt,https://www.dienmayxanh.com/vao-bep/2-cach-lam-keo-mut-vu-tru-va-keo-mut-chanh-02316,Invalid slug
Ăn vặt,https://www.dienmayxanh.com/vao-bep/2-cach-lam-com-bento-cho-nguoi-yeu-cuc-don-gian-sieu-de-05553,Invalid slug
Ăn vặt,https://www.dienmayxanh.com/vao-bep/6-cach-danh-bot-sua-min-thom-uong-cung-ca-phe-01398,Invalid slug
Ăn vặt,https://www.dienmayxanh.com/vao-bep/2-cach-lam-hong-say-deo-bang-noi-chien-khong-dau-va-lo-chien-22189,Invalid slug
Ăn vặt,https://www.dienmayxanh.com/vao-bep/4-cach-lam-kho-ga-la-chanh-don-gian-tai-nha-01499,Invalid slug
Ăn vặt,https://www.dienmayxanh.com/vao-bep/2-cach-lam-bap-rang-vi-chocolate-va-matcha-gion-rum-sieu-don-04248,Invalid slug
Ăn vặt,https://www.dienmayxanh.com/vao-bep/2-cach-lam-mut-me-chua-ngot-tai-nha-an-la-ghien-01810,Invalid slug
Ăn vặt,https://www.dienmayxanh.com/vao-bep/tong-hop-15-mon-lam-tu-milo-ngot-dang-hoa-quyen-gioi-tre-cuc-10655,Invalid slug
Ăn vặt,https://www.dienmayxanh.com/vao-bep/2-cach-lam-banh-trang-cuon-trung-cut-sieu-ngon-hap-dan-an-la-11963,Invalid slug
Ăn vặt,https://www.dienmayxanh.com/vao-bep/2-cach-lam-lac-dau-phong-rang-hung-liu-va-ngu-vi-cuc-don-gian-05765,Invalid slug
Ăn vặt,https://www.dienmayxanh.com/vao-bep/2-cach-lam-mut-man-mien-nam-la-mieng-thom-ngon-de-lam-cho-dip-16227,Invalid slug
Ăn vặt,https://www.dienmayxanh.com/vao-bep/cach-lam-mi-bay-lung-lo-cho-ngay-mua-bao-00650,Missing data
Ăn vặt,https://www.dienmayxanh.com/vao-bep/2-cach-lam-mut-dua-tra-xanh-va-mut-dua-dau-biec-de-02285,Invalid slug
Ăn vặt,https://www.dienmayxanh.com/vao-bep/2-cach-lam-suong-sao-den-tu-la-va-bot-dai-ngon-don-gian-khong-05393,Invalid slug
Ăn vặt,https://www.dienmayxanh.com/vao-bep/tong-hop-7-cach-lam-mut-dua-don-gian-nhat-dep-mat-hap-dan-don-06796,Invalid slug
Ăn vặt,https://www.dienmayxanh.com/vao-bep/2-cach-lam-thach-matcha-vien-bi-va-thach-matcha-sua-chua-don-04859,Invalid slug
Ăn vặt,https://www.dienmayxanh.com/vao-bep/2-cach-lam-keo-nougat-don-gian-de-lam-tang-nguoi-than-yeu-dip-06798,Invalid slug
Ăn vặt,https://www.dienmayxanh.com/vao-bep/2-cach-lam-hat-dieu-rang-muoi-va-rang-toi-ot-thom-ngon-don-04714,Invalid slug
Ăn vặt,https://www.dienmayxanh.com/vao-bep/2-cach-lam-mut-gung-mat-ong-thom-ngon-bo-duong-hap-dan-cho-16433,Invalid slug
Ăn vặt,https://www.dienmayxanh.com/vao-bep/2-cach-lam-sua-chua-deo-sau-rieng-va-pudding-sau-rieng-thom-04992,Invalid slug
Ăn vặt,https://www.dienmayxanh.com/vao-bep/2-cach-lam-oi-lac-xi-muoi-oi-lac-mam-ot-gion-ngon-gay-nghien-02266,Invalid slug
Ăn vặt,https://www.dienmayxanh.com/vao-bep/2-cach-lam-banh-trang-cha-bong-mon-an-vat-noi-tieng-khap-sai-08590,Invalid slug
Ăn vặt,https://www.dienmayxanh.com/vao-bep/2-cach-lam-keo-cung-vi-dau-va-tra-xanh-thom-ngon--02109,Invalid slug
Ăn vặt,https://www.dienmayxanh.com/vao-bep/2-cach-lam-banh-trang-cuon-ngon-don-gian-de-lam-01862,Invalid slug
Ăn vặt,https://www.dienmayxanh.com/vao-bep/2-cach-nau-sup-cua-nam-thom-ngon-hap-dan-de-lam-ngay-tai-nha-14874,Invalid slug
Ăn vặt,https://www.dienmayxanh.com/vao-bep/2-cach-lam-mut-dua-luoi-an-banh-mi-thom-ngot-cuc-don-gian-tai-13472,Invalid slug
Ăn vặt,https://www.dienmayxanh.com/vao-bep/3-cach-lam-dau-hu-non-yen-mach-cho-be-an-dam-cuc-ngon-va-don-04430,Invalid slug
Ăn vặt,https://www.dienmayxanh.com/vao-bep/rung-minh-voi-10-loai-thuc-pham-khong-duoc-phep-an-khi-doi-00328,Missing data
Ăn vặt,https://www.dienmayxanh.com/vao-bep/2-cach-lam-mut-xoai-set-an-voi-banh-mi-cuc-ngon-tien-loi-de-10474,Invalid slug
Ăn vặt,https://www.dienmayxanh.com/vao-bep/3-cach-lam-mit-say-don-gian-gion-rum-an-la-ghien-ngay-tai-nha-02299,Invalid slug
Ăn vặt,https://www.dienmayxanh.com/vao-bep/2-mon-snack-lam-sieu-de-an-sieu-ghien-00628,Missing data
Ăn vặt,https://www.dienmayxanh.com/vao-bep/kham-pha-10-banh-oreo-vi-moi-doc-dao-khien-dan-tinh-khong-10903,Missing data
Ăn vặt,https://www.dienmayxanh.com/vao-bep/2-cach-lam-keo-chuoi-don-gian-thom-ngon-don-tet-cung-gia-dinh-01685,Invalid slug
Ăn vặt,https://www.dienmayxanh.com/vao-bep/lap-xuong-la-gi-top-5-loai-lap-xuong-ngon-doc-dao-nhat-dinh-07345,Missing data
Ăn vặt,https://www.dienmayxanh.com/vao-bep/3-cach-lam-mut-ca-rot-deo-mut-ca-rot-say-kho-thom-ngon-01217,Invalid slug
Ăn vặt,https://www.dienmayxanh.com/vao-bep/2-cach-lam-pho-cuon-thit-heo-va-cuon-tom-chien-cuc-ngon-hap-04189,Invalid slug
Ăn vặt,https://www.dienmayxanh.com/vao-bep/la-suong-sam-co-may-loai-mua-o-dau-cong-dung-cua-la-suong-sam-10084,Missing data
Ăn vặt,https://www.dienmayxanh.com/vao-bep/tong-hop-cac-cach-lam-kho-ga-bo-kho-kho-heo-bang-chao-15106,Invalid slug
Ăn vặt,https://www.dienmayxanh.com/vao-bep/2-cach-lam-mut-chum-ruot-co-mau-do-dep-ngon-ngot-rat-don-gian-01227,Invalid slug
Ăn vặt,https://www.dienmayxanh.com/vao-bep/tong-hop-6-cach-say-hoa-qua-bang-noi-chien-khong-dau-nhanh-14983,Invalid slug
Ăn vặt,https://www.dienmayxanh.com/vao-bep/3-cach-lam-mut-khe-chua-ngot-deo-thom-tu-khe-ngot-khe-chua-01452,Invalid slug
Ăn vặt,https://www.dienmayxanh.com/vao-bep/meo-chon-mua-trung-vit-lon-ngon-va-cach-luoc-trung-vit-lon-06969,Missing data
Ăn vặt,https://www.dienmayxanh.com/vao-bep/2-cach-lam-rau-cau-matcha-sua-dua-va-matcha-dau-do-thom-beo-05034,Invalid slug
Ăn vặt,https://www.dienmayxanh.com/vao-bep/5-cach-bien-tau-voi-mon-dac-rim-thom-ngon-tot-cho-suc-khoe-01269,Invalid slug
Ăn vặt,https://www.dienmayxanh.com/vao-bep/2-cach-lam-nama-chocolate-khoai-lang-tim-beo-ngay-don-gian-05694,Invalid slug
Ăn vặt,https://www.dienmayxanh.com/vao-bep/cach-lam-bap-rang-bo-bang-noi-com-dien-that-de--00486,Missing data
Ăn vặt,https://www.dienmayxanh.com/vao-bep/2-cach-lam-khoai-lang-say-deo-cuc-ngon-va-an-toan-tai-nha-01551,Invalid slug
Ăn vặt,https://www.dienmayxanh.com/vao-bep/2-cach-lam-nama-chocolate-vi-oreo-deo-min-beo-thom-cuc-don-05773,Invalid slug
Ăn vặt,https://www.dienmayxanh.com/vao-bep/tong-hop-17-cach-lam-cac-mon-an-vat-bang-lo-nuong-hap-dan-an-14865,Invalid slug
Ăn vặt,https://www.dienmayxanh.com/vao-bep/3-cach-lam-sandwich-thit-heo-moi-la-don-gian-thom-ngon-cho-05659,Invalid slug
Ăn vặt,https://www.dienmayxanh.com/vao-bep/2-cach-lam-banh-trang-mam-ruoc-don-gian-thom-ngon--01747,Invalid slug
Ăn vặt,https://www.dienmayxanh.com/vao-bep/3-cach-lam-mut-khoai-tay-thom-ngon-khong-bi-uot-01234,Invalid slug
Ăn vặt,https://www.dienmayxanh.com/vao-bep/2-cach-lam-sau-chin-ngam-duong-va-sau-chin-dam-muoi-ot-chua-23085,Invalid slug
Ăn vặt,https://www.dienmayxanh.com/vao-bep/2-cach-lam-rau-cau-xoai-sua-tuoi-va-xoai-cot-dua-thom-ngon-05035,Invalid slug
Ăn vặt,https://www.dienmayxanh.com/vao-bep/2-cach-lam-keo-marshmallow-chien-moi-la-hap-dan-de-lam-cho-be-05852,Invalid slug
Ăn vặt,https://www.dienmayxanh.com/vao-bep/6-cong-thuc-mut-tet-vua-la-vua-ngon-lai-cuc-ky-don-gian-00473,Missing data
Ăn vặt,https://www.dienmayxanh.com/vao-bep/3-cach-lam-mon-bo-dam-thom-ngon-la-mieng-don-gian-giai-nhiet-03193,Invalid slug
Ăn vặt,https://www.dienmayxanh.com/vao-bep/2-cach-lam-tran-chau-khoai-lang-deo-thom-moi-la-don-gian-tai-13505,Invalid slug
Ăn vặt,https://www.dienmayxanh.com/vao-bep/2-cach-lam-keo-marshmallow-nhung-socola-dep-mat-cho-bua-tiec-14949,Invalid slug
Ăn vặt,https://www.dienmayxanh.com/vao-bep/2-cach-lam-nuoc-sot-banh-mi-cha-ca-hap-dan-don-gian-thom-ngon-10006,Invalid slug
Ăn vặt,https://www.dienmayxanh.com/vao-bep/tong-hop-12-cach-lam-banh-khoai-bang-noi-chien-khong-dau-don-15985,Invalid slug
Ăn vặt,https://www.dienmayxanh.com/vao-bep/10-cach-lam-nuoc-cham-hai-san-ngon-chuan-don-gian-nhu-ngoai-14666,Invalid slug
Ăn vặt,https://www.dienmayxanh.com/vao-bep/cac-mon-an-thuc-dem-mua-euro-00590,Invalid slug
Ăn vặt,https://www.dienmayxanh.com/vao-bep/tong-hop-cac-mon-an-vat-duoi-50-k-00594,Invalid slug
Ăn vặt,https://www.dienmayxanh.com/vao-bep/tong-hop-20-mon-an-vat-nham-nhi-xem-euro-de-mua-bong-hap-dan-10819,Invalid slug
Ăn vặt,https://www.dienmayxanh.com/vao-bep/tong-hop-16-cach-che-bien-cac-mon-an-vat-tu-khoai-lang-de-lam-05421,Invalid slug
Ăn vặt,https://www.dienmayxanh.com/vao-bep/2-cach-lam-pho-cuon-thap-cam-va-ngu-sac-moi-la-doc-dao-cuc-04599,Invalid slug
Ăn vặt,https://www.dienmayxanh.com/vao-bep/tong-hop-20-cach-lam-do-an-vat-tu-bot-mi-don-gian-hap-dan-ai-16521,Invalid slug
Ăn vặt,https://www.dienmayxanh.com/vao-bep/2-cach-lam-com-nam-trung-long-dao-va-trung-teriyaki-hap-dan-05423,Invalid slug
Ăn vặt,https://www.dienmayxanh.com/vao-bep/2-cach-lam-muc-kho-rim-sa-te-cay-nong-don-gian-de-lam-cang-an-12726,Invalid slug
Ăn vặt,https://www.dienmayxanh.com/vao-bep/2-cach-lam-rau-cau-oreo-gion-mat-la-mat-don-gian-tai-nha-04197,Invalid slug
Ăn vặt,https://www.dienmayxanh.com/vao-bep/2-cach-lam-keo-deo-xoai-va-keo-deo-trai-cay-thom-ngon--02087,Invalid slug
Ăn vặt,https://www.dienmayxanh.com/vao-bep/3-cach-lam-nuoc-cham-banh-trang-ngon-don-gian-de-lam-01852,Invalid slug
Ăn vặt,https://www.dienmayxanh.com/vao-bep/tong-hop-27-cach-lam-do-an-vat-bang-noi-chien-khong-dau-don-16218,Invalid slug
Ăn vặt,https://www.dienmayxanh.com/vao-bep/2-cach-lam-snack-cu-sen-va-rong-bien-thom-ngon-gio-02102,Invalid slug
Ăn vặt,https://www.dienmayxanh.com/vao-bep/cach-an-hamburger-hoan-hao-03256,Missing data
Ăn vặt,https://www.dienmayxanh.com/vao-bep/2-cach-lam-mut-dau-tam-deo-ngon-cho-ngay-tet-truyen-thong--01226,Invalid slug
Ăn vặt,https://www.dienmayxanh.com/vao-bep/cach-lam-mi-truong-tho-voi-hat-me-hanh-la-va-cu-cai-cuc-ngon-00460,Missing data
Ăn vặt,https://www.dienmayxanh.com/vao-bep/cach-lam-rau-cu-say-bang-lo-nuong-banh-gion-rum-cuc-ngon-00693,Missing data
Ăn vặt,https://www.dienmayxanh.com/vao-bep/2-cach-lam-keo-deo-kiwi-va-keo-cuon-kiwi-chua-ngot-don-gian-04777,Invalid slug
Ăn vặt,https://www.dienmayxanh.com/vao-bep/2-cach-lam-mochi-sua-milk-mochi-deo-mem-nung-ninh-chuan-kieu-15162,Invalid slug
Ăn vặt,https://www.dienmayxanh.com/vao-bep/2-cach-lam-com-chay-rong-bien-chay-va-rong-bien-cha-bong-gion-09077,Invalid slug
Ăn vặt,https://www.dienmayxanh.com/vao-bep/2-cach-lam-trung-chan-long-dao-bang-bep-va-lo-vi-song-nhanh-12737,Invalid slug
Ăn vặt,https://www.dienmayxanh.com/vao-bep/2-cach-lam-keo-deo-bap-va-bi-do-don-gian-cho-ngay-halloween-04713,Invalid slug
Ăn vặt,https://www.dienmayxanh.com/vao-bep/2-cach-lam-nhot-dam-muoi-ot-va-toi-ot-cuc-ngon-hap-dan-an-la-09016,Invalid slug
Ăn vặt,https://www.dienmayxanh.com/vao-bep/2-cach-lam-trung-nuong-pho-mai-va-rong-bien-sieu-don-gian-ai-07083,Invalid slug
Ăn vặt,https://www.dienmayxanh.com/vao-bep/tong-hop-cach-lam-nhung-mon-an-vat-ngon-o-hue-de-lam-don-gian-15591,Invalid slug
Ăn vặt,https://www.dienmayxanh.com/vao-bep/tong-hop-12-mon-voi-tran-chau-duong-den-hot-trend-lam-dan-11041,Invalid slug
Ăn vặt,https://www.dienmayxanh.com/vao-bep/2-cach-lam-rau-cau-sau-rieng-gion-ngon-thom-beo-nung-ninh-cuc-06842,Invalid slug
Ăn vặt,https://www.dienmayxanh.com/vao-bep/3-cach-lam-keo-hoa-hong-don-gian-cho-ngay-quoc-te-phu-nu-20-04594,Invalid slug
Ăn vặt,https://www.dienmayxanh.com/vao-bep/2-cach-lam-hanh-nhan-rang-muoi-gion-rum-an-vat-ban-dem-khong-10968,Invalid slug
Ăn vặt,https://www.dienmayxanh.com/vao-bep/tong-hop-20-cac-mon-an-vat-da-nang-de-lam-thom-ngon-hap-dan-16388,Invalid slug
Ăn vặt,https://www.dienmayxanh.com/vao-bep/3-cach-lam-khe-dam-chua-chua-ngot-ngot-hap-dan-don-gian-an-la-09550,Invalid slug
Ăn vặt,https://www.dienmayxanh.com/vao-bep/2-cach-lam-keo-marshmallow-socola-cuc-don-gian-lam-qua-tang-07562,Invalid slug
Ăn vặt,https://www.dienmayxanh.com/vao-bep/2-cach-lam-rau-cau-trai-cay-ngon-dep-mat-tang-nguoi-yeu-01632,Invalid slug
Ăn vặt,https://www.dienmayxanh.com/vao-bep/3-cach-lam-rau-cau-3D-de-dang-don-gian-nhanh-chong-tai-nha-01721,Invalid slug
Ăn vặt,https://www.dienmayxanh.com/vao-bep/trung-cut-lon-lam-gi-ngon-tong-hop-9-mon-ngon-tu-trung-cut-13916,Invalid slug
Ăn vặt,https://www.dienmayxanh.com/vao-bep/50-cac-loai-topping-tra-sua-hot-hien-nay-va-cach-lam-chi-tiet-23501,Missing data
Ăn vặt,https://www.dienmayxanh.com/vao-bep/tong-hop-20-cach-lam-cac-loai-mut-keo-thom-ngon-khong-the-06838,Invalid slug
Ăn vặt,https://www.dienmayxanh.com/vao-bep/2-cach-lam-trai-cay-lac-xi-muoi-va-kho-bo-gion-ngon-an-vat-09510,Invalid slug
Ăn vặt,https://www.dienmayxanh.com/vao-bep/cach-lam-bot-rang-muoi-chuan-vi-than-thanh-cho-cac-mon-rang-09172,Invalid slug
Ăn vặt,https://www.dienmayxanh.com/vao-bep/3-cach-lam-sandwich-tom-dai-gion-hap-dan-thom-ngon-don-gian-05610,Invalid slug
Ăn vặt,https://www.dienmayxanh.com/vao-bep/2-cach-lam-com-kho-ngao-duong-gion-ngot-dan-da-de-lam-tai-nha-09098,Invalid slug
Ăn vặt,https://www.dienmayxanh.com/vao-bep/2-cach-lam-mut-bi-do-deo-ngot-thom-ngon-dai-khach-01547,Invalid slug
Ăn vặt,https://www.dienmayxanh.com/vao-bep/xuc-xich-lam-mon-gi-ngon-tong-hop-13-mon-ngon-tu-xuc-xich-hap-10738,Invalid slug
Ăn vặt,https://www.dienmayxanh.com/vao-bep/dua-sap-la-gi-an-nhu-the-nao-cach-che-bien-dua-sap-va-gia-07986,Missing data
Ăn vặt,https://www.dienmayxanh.com/vao-bep/2-cach-lam-bot-toi-kho-khong-can-lo-nuong-thom-ngon-cuc-don-07975,Invalid slug
Ăn vặt,https://www.dienmayxanh.com/vao-bep/2-cach-lam-mut-hat-sen-tuoi-va-kho-cuc-ngon-nhu-ngoai-hang-01252,Invalid slug
Ăn vặt,https://www.dienmayxanh.com/vao-bep/2-cach-lam-sua-chua-chanh-day-chanh-leo-thom-ngon-don-gian-11114,Invalid slug
Ăn vặt,https://www.dienmayxanh.com/vao-bep/2-cach-lam-sua-chua-matcha-va-sua-chua-la-dua-don-gian-beo-05199,Invalid slug
Ăn vặt,https://www.dienmayxanh.com/vao-bep/2-cach-lam-keo-dua-thom-beo-dam-da-huong-vi-ben-tre-01774,Invalid slug
Ăn vặt,https://www.dienmayxanh.com/vao-bep/tong-hop-5-cach-lam-banh-trang-nuong-bang-chao-chong-dinh-16591,Invalid slug
Ăn vặt,https://www.dienmayxanh.com/vao-bep/4-cach-lam-keo-gung-deo-ngon-don-gian-nham-nhi-ngay-tet-01707,Invalid slug
Ăn vặt,https://www.dienmayxanh.com/vao-bep/4-cach-pha-nuoc-cham-trung-cut-lon-sieu-ngon-dam-da-chuan-vi-14176,Invalid slug
Ăn vặt,https://www.dienmayxanh.com/vao-bep/tai-sao-thuc-an-lai-bi-oi-thiu-nguyen-nhan-dau-hieu-va-cach-10521,Missing data
Ăn vặt,https://www.dienmayxanh.com/vao-bep/2-cach-lam-nuoc-cham-chan-ga-don-gian-thom-ngon-dung-dieu-03084,Invalid slug
Ăn vặt,https://www.dienmayxanh.com/vao-bep/3-cach-lam-chan-ga-sa-tac-gion-dam-vi-khong-the-cuong-lai-01503,Invalid slug
Ăn vặt,https://www.dienmayxanh.com/vao-bep/2-cach-lam-thach-sua-chua-deo-truyen-thong-va-matcha-nung-09085,Invalid slug
Ăn vặt,https://www.dienmayxanh.com/vao-bep/3-cach-lam-banh-trang-tron-mo-hanh-an-vat-sieu-ngon-de-lam-12771,Invalid slug
Ăn vặt,https://www.dienmayxanh.com/vao-bep/2-cach-lam-chuoi-say-gion-bang-noi-chien-khong-dau-cuc-don-15379,Invalid slug
Ăn vặt,https://www.dienmayxanh.com/vao-bep/2-cach-lam-snack-chuoi-thom-ngon-gion-tan-de-lam-c-02198,Invalid slug
Ăn vặt,https://www.dienmayxanh.com/vao-bep/tong-hop-10-cach-lam-sushi-cuon-hap-dan-de-an-don-gian-tai-10938,Invalid slug
Ăn vặt,https://www.dienmayxanh.com/vao-bep/tong-hop-10-loai-mut-trai-cay-ngay-tet-lam-bang-chao-va-lo-22483,Invalid slug
Ăn vặt,https://www.dienmayxanh.com/vao-bep/3-cach-lam-thach-vai-thom-ngot-mat-lanh-de-lam-02071,Invalid slug
Ăn vặt,https://www.dienmayxanh.com/vao-bep/tong-hop-cach-lam-nhung-mon-an-vat-ngon-re-o-sai-gon-don-gian-15521,Invalid slug
Ngày lễ Tết,https://www.dienmayxanh.com/vao-bep/tong-hop-18-mon-an-gia-dinh-cuoi-tuan-cung-quay-quan-sum-hop-10862,Invalid slug
Ngày lễ Tết,https://www.dienmayxanh.com/vao-bep/5-cach-lam-nguoi-tuyet-tu-do-an-cho-be-yeu-ngay-giang-sinh-15437,Invalid slug
Ngày lễ Tết,https://www.dienmayxanh.com/vao-bep/cach-chon-mua-banh-trung-thu-ngon-dam-bao-an-toan-cho-suc-12678,Missing data
Ngày lễ Tết,https://www.dienmayxanh.com/vao-bep/2-cach-lam-khoai-tay-nghien-tron-sua-moi-la-ngon-kho-cuong-15020,Invalid slug
Ngày lễ Tết,https://www.dienmayxanh.com/vao-bep/12-cach-uong-bia-khong-say-khong-do-mat-trong-ngay-tet-06421,Invalid slug
Ngày lễ Tết,https://www.dienmayxanh.com/vao-bep/meo-nau-mon-chay-bang-noi-chien-khong-dau-han-che-dau-mo-ngay-17311,Missing data
Ngày lễ Tết,https://www.dienmayxanh.com/vao-bep/3-cach-tao-hinh-da-vien-cho-halloween-cuc-doc-dao-va-don-gian-04601,Invalid slug
Ngày lễ Tết,https://www.dienmayxanh.com/vao-bep/goi-y-mam-com-tet-truyen-thong-3-mien-bac-trung-nam-hap-dan-16360,Missing data
Ngày lễ Tết,https://www.dienmayxanh.com/vao-bep/tong-hop-15-mon-ngon-tu-com-da-dang-thuc-don-cho-ngay-tet-11352,Invalid slug
Ngày lễ Tết,https://www.dienmayxanh.com/vao-bep/an-gi-ngay-tet-sao-cho-khong-ngan-va-la-mieng-00470,Missing data
Ngày lễ Tết,https://www.dienmayxanh.com/vao-bep/goi-y-mam-cung-man-ram-thang-7-day-du-cac-mon-04063,Invalid slug
Ngày lễ Tết,https://www.dienmayxanh.com/vao-bep/2-cach-pha-sua-hoa-hong-bo-duong-cho-nguoi-phu-nu-ban-yeu-13780,Invalid slug
Ngày lễ Tết,https://www.dienmayxanh.com/vao-bep/12-cach-trang-tri-banh-kem-noel-cuc-ky-dep-mat-cho-dip-giang-15610,Invalid slug
Ngày lễ Tết,https://www.dienmayxanh.com/vao-bep/2-cach-lam-keo-socola-bac-ha-va-keo-socola-matcha-dep-mat-don-15375,Invalid slug
Ngày lễ Tết,https://www.dienmayxanh.com/vao-bep/tong-hop-40-mon-an-cho-ngay-tet-duong-lich-them-thom-ngon-hap-15816,Invalid slug
Ngày lễ Tết,https://www.dienmayxanh.com/vao-bep/cac-loai-thuc-pham-giup-thanh-loc-co-the-sau-tet-01622,Missing data
Ngày lễ Tết,https://www.dienmayxanh.com/vao-bep/tong-hop-20-mon-nhau-ngon-cho-ngay-tet-dai-khach-me-tit-hap-06818,Invalid slug
Ngày lễ Tết,https://www.dienmayxanh.com/vao-bep/3-cach-tao-hinh-con-nhim-bang-hoa-qua-don-gian-cuc-dep-ngo-04054,Invalid slug
Ngày lễ Tết,https://www.dienmayxanh.com/vao-bep/tong-hop-7-mon-an-le-phuc-sinh-truyen-thong-don-gian-de-lam-16953,Invalid slug
Ngày lễ Tết,https://www.dienmayxanh.com/vao-bep/la-mat-voi-banh-trung-thu-cua-cac-nuoc-chau-a-va-cong-thuc-03215,Missing data
Ngày lễ Tết,https://www.dienmayxanh.com/vao-bep/cach-nhan-biet-lap-xuong-an-toan-ngay-tet-00706,Missing data
Ngày lễ Tết,https://www.dienmayxanh.com/vao-bep/goi-y-7-thuc-don-tat-nien-cuoi-nam-tai-nha-don-gian-hap-dan-15607,Missing data
Ngày lễ Tết,https://www.dienmayxanh.com/vao-bep/meo-chien-lap-xuong-dung-cach-trong-ngay-tet-00849,Missing data
Ngày lễ Tết,https://www.dienmayxanh.com/vao-bep/cach-lam-hoa-sen-bang-keo-oishi-dep-mat-chung-tet-hung-loc-07974,Missing data
Ngày lễ Tết,https://www.dienmayxanh.com/vao-bep/meo-vang-chon-mut-va-banh-keo-an-toan-ngay-tet-00433,Missing data
Ngày lễ Tết,https://www.dienmayxanh.com/vao-bep/le-30-4-1-5-nau-mon-gi-tong-hop-15-cach-nau-cac-mon-ngon-ngay-09663,Invalid slug
Ngày lễ Tết,https://www.dienmayxanh.com/vao-bep/cach-lam-mon-ngong-nuong-thom-lung-bat-mat-cho-bua-toi-giang-05351,Invalid slug
Ngày lễ Tết,https://www.dienmayxanh.com/vao-bep/3-cach-lam-tra-hoa-don-gian-tai-nha-bieu-tang-thay-co-ngay-20-14449,Invalid slug
Ngày lễ Tết,https://www.dienmayxanh.com/vao-bep/nguon-goc-y-nghia-va-cac-mon-an-truyen-thong-dip-tet-trung-03812,Invalid slug
Ngày lễ Tết,https://www.dienmayxanh.com/vao-bep/2-cach-lam-cu-cai-ngam-nuoc-mam-ngam-nuoc-tuong-an-tet-01613,Invalid slug
Ngày lễ Tết,https://www.dienmayxanh.com/vao-bep/huong-dan-bo-hoa-bang-banh-keo-cuc-doc-dao-de-danh-tang-ngay-14322,Missing data
Ngày lễ Tết,https://www.dienmayxanh.com/vao-bep/goi-y-mam-com-5-mon-ngay-gio-to-hung-vuong-chay-man-09294,Missing data
Ngày lễ Tết,https://www.dienmayxanh.com/vao-bep/3-cach-xep-va-co-dinh-trai-cay-hinh-thap-chac-chan-dep-va-de-03859,Invalid slug
Ngày lễ Tết,https://www.dienmayxanh.com/vao-bep/2-cach-muoi-su-hao-gion-ngon-don-gian-chuan-vi-bac-an-la-me-07165,Invalid slug
Ngày lễ Tết,https://www.dienmayxanh.com/vao-bep/cach-chon-trai-cay-tuoi-ngon-cho-dip-tet-03413,Missing data
Ngày lễ Tết,https://www.dienmayxanh.com/vao-bep/tong-hop-9-cach-lam-khoai-tay-nghien-sanh-min-beo-ngay-cho-15316,Invalid slug
Ngày lễ Tết,https://www.dienmayxanh.com/vao-bep/phong-tuc-don-tet-trung-thu-cuc-thu-vi-va-doc-dao-o-12-quoc-03817,Missing data
Ngày lễ Tết,https://www.dienmayxanh.com/vao-bep/3-cach-nau-com-dau-do-deo-thom-hap-dan-thom-ngon-cho-mua-15692,Invalid slug
Ngày lễ Tết,https://www.dienmayxanh.com/vao-bep/mach-ban-cach-cat-thom-hinh-con-cu-meo-halloween-sinh-dong-13705,Missing data
Ngày lễ Tết,https://www.dienmayxanh.com/vao-bep/2-cach-lam-pudding-socola-bo-dau-phong-va-hat-oc-cho-cho-le-05583,Invalid slug
Ngày lễ Tết,https://www.dienmayxanh.com/vao-bep/cach-lam-qua-dua-bang-keo-oishi-chung-tet-vo-cung-don-gian-ai-16472,Missing data
Ngày lễ Tết,https://www.dienmayxanh.com/vao-bep/2-cach-lam-banh-quy-hinh-thu-cho-be-ngay-quoc-te-thieu-nhi-10237,Invalid slug
Ngày lễ Tết,https://www.dienmayxanh.com/vao-bep/tong-hop-6-cach-lam-pate-thom-ngon-don-gian-don-tet-16523,Invalid slug
Ngày lễ Tết,https://www.dienmayxanh.com/vao-bep/tong-hop-30-cach-lam-cac-mon-an-vat-mua-lanh-nong-hoi-cho-mua-15771,Invalid slug
Ngày lễ Tết,https://www.dienmayxanh.com/vao-bep/tet-doan-ngo-mung-5-thang-5-o-3-mien-bac-trung-nam-khac-nhau-10516,Missing data
Ngày lễ Tết,https://www.dienmayxanh.com/vao-bep/cach-bao-quan-cac-loai-hat-khong-bi-yeu-trong-mua-tet-03583,Missing data
Ngày lễ Tết,https://www.dienmayxanh.com/vao-bep/goi-y-6-thuc-don-bua-an-lang-man-cho-2-nguoi-thom-ngon-hap-16691,Missing data
Ngày lễ Tết,https://www.dienmayxanh.com/vao-bep/5-kinh-nghiem-nau-banh-tet-bang-noi-ap-suat-ban-nen-biet-de-16319,Missing data
Ngày lễ Tết,https://www.dienmayxanh.com/vao-bep/tong-hop-cac-mon-an-8-3-cho-ban-nam-tro-tai-lam-tang-me-tang-07994,Invalid slug
Ngày lễ Tết,https://www.dienmayxanh.com/vao-bep/2-cach-lam-sua-que-diu-ngot-thom-lung-giu-am-co-the-ngay-dong-14739,Invalid slug
Ngày lễ Tết,https://www.dienmayxanh.com/vao-bep/4-cach-lam-stuffing-nhan-nhoi-thom-ngon-hap-dan-thom-ngon-cho-05084,Invalid slug
Ngày lễ Tết,https://www.dienmayxanh.com/vao-bep/3-cach-lam-eggnog-mon-trang-mieng-cho-dem-giang-sinh-them-am-05442,Invalid slug
Ngày lễ Tết,https://www.dienmayxanh.com/vao-bep/tong-hop-21-mon-an-giang-sinh-viet-nam-thom-ngon-hap-dan-de-16130,Invalid slug
Ngày lễ Tết,https://www.dienmayxanh.com/vao-bep/ngay-le-ta-on-la-gi-lich-su-y-nghia-va-cac-mon-an-cho-ngay-le-05116,Invalid slug
Ngày lễ Tết,https://www.dienmayxanh.com/vao-bep/cach-chon-dua-hau-cho-mam-qua-ngay-tet-03448,Missing data
Ngày lễ Tết,https://www.dienmayxanh.com/vao-bep/meo-chon-thuc-pham-an-toan-ngay-tet-03423,Missing data
Ngày lễ Tết,https://www.dienmayxanh.com/vao-bep/2-cach-lam-tao-doc-boc-duong-va-dau-tay-bong-ma-boc-socola-04631,Invalid slug
Ngày lễ Tết,https://www.dienmayxanh.com/vao-bep/huong-dan-cach-lam-toi-ot-noi-tren-nuoc-mam-dep-mat-mam-co-16417,Missing data
Ngày lễ Tết,https://www.dienmayxanh.com/vao-bep/2-cach-lam-mut-cu-cai-trang-moi-la-hap-dan-thom-ngon-cho-ngay-16322,Invalid slug
Ngày lễ Tết,https://www.dienmayxanh.com/vao-bep/2-cach-xep-trai-cay-rau-cu-tao-hinh-cay-thong-noel-de-trang-15323,Invalid slug
Ngày lễ Tết,https://www.dienmayxanh.com/vao-bep/4-cach-goi-banh-chung-vuong-dep-khong-can-khuon-don-gian-de-06741,Invalid slug
Ngày lễ Tết,https://www.dienmayxanh.com/vao-bep/tai-che-do-dung-nha-bep-cu-thanh-vat-trang-tri-ngay-tet-day-16405,Missing data
Ngày lễ Tết,https://www.dienmayxanh.com/vao-bep/2-cach-lam-banh-to-chien-kieu-hoa-gion-thom-cho-dip-le-them-14560,Invalid slug
Ngày lễ Tết,https://www.dienmayxanh.com/vao-bep/goi-y-6-thuc-don-mam-co-cung-mung-2-tet-don-gian-de-lam-thom-16258,Missing data
Ngày lễ Tết,https://www.dienmayxanh.com/vao-bep/tong-hop-5-cach-lam-keo-nougat-ngon-me-ly-tang-nguoi-than-yeu-16535,Invalid slug
Ngày lễ Tết,https://www.dienmayxanh.com/vao-bep/10-meo-hay-cho-ngay-tet-them-hoan-hao-03414,Missing data
Ngày lễ Tết,https://www.dienmayxanh.com/vao-bep/tong-hop-12-mon-an-thuc-uong-ho-tro-giam-can-dang-dep-ngay-16448,Invalid slug
Ngày lễ Tết,https://www.dienmayxanh.com/vao-bep/5-meo-lam-bia-set-cuc-ngon-ngay-tai-nha-giai-nhiet-mua-he-01272,Missing data
Ngày lễ Tết,https://www.dienmayxanh.com/vao-bep/9-cach-lam-son-moi-bang-trai-cay-hoa-qua-don-gian-an-toan-14369,Invalid slug
Ngày lễ Tết,https://www.dienmayxanh.com/vao-bep/cach-khac-dua-hau-nghe-thuat-doc-dao-cho-mam-ngu-qua-ngay-tet-01619,Missing data
Ngày lễ Tết,https://www.dienmayxanh.com/vao-bep/meo-giu-hoa-tuoi-lau-ngay-tet-bang-gia-vi-bep-va-dong-xu-cuc-16416,Missing data
Ngày lễ Tết,https://www.dienmayxanh.com/vao-bep/cach-bao-quan-mut-dua-sau-khi-lam-duoc-lau-khong-bi-moc-hay-16125,Missing data
Ngày lễ Tết,https://www.dienmayxanh.com/vao-bep/cach-ngam-mang-kho-mau-mem-vua-do-de-nau-noi-mang-ngon-03590,Missing data
Ngày lễ Tết,https://www.dienmayxanh.com/vao-bep/tong-hop-15-mon-au-de-lam-ngon-lanh-cho-ca-nha-cung-to-chuc-10652,Invalid slug
Ngày lễ Tết,https://www.dienmayxanh.com/vao-bep/goi-y-cac-mon-ngon-cung-mam-co-ngay-tet-o-mien-nam-01570,Invalid slug
Ngày lễ Tết,https://www.dienmayxanh.com/vao-bep/2-cach-lam-banh-kem-don-gian-khong-can-lo-nuong-cho-be-ngay-1-10297,Invalid slug
Ngày lễ Tết,https://www.dienmayxanh.com/vao-bep/tong-hop-16-cach-lam-cac-loai-banh-tet-don-gian-thom-ngon-cho-16419,Invalid slug
Ngày lễ Tết,https://www.dienmayxanh.com/vao-bep/2-cach-lam-tau-hu-ky-cuon-nam-kim-cham-hap-dan-cho-mam-com-12057,Invalid slug
Ngày lễ Tết,https://www.dienmayxanh.com/vao-bep/goi-y-7-thuc-don-mon-au-cho-tet-duong-lich-de-lam-hap-dan-15694,Missing data
Ngày lễ Tết,https://www.dienmayxanh.com/vao-bep/9-thuc-pham-giup-ban-ngua-say-ruou-hieu-qua-00469,Missing data
Ngày lễ Tết,https://www.dienmayxanh.com/vao-bep/thuc-pham-dong-hop-la-gi-tot-hay-khong-cach-chon-mua-va-bao-06100,Missing data
Ngày lễ Tết,https://www.dienmayxanh.com/vao-bep/tong-hop-14-cach-lam-mon-an-hinh-trai-tim-hap-dan-dang-yeu-16690,Invalid slug
Ngày lễ Tết,https://www.dienmayxanh.com/vao-bep/2-cach-lam-thap-toi-cung-ong-dia-dep-don-gian-de-chung-ngay-16309,Invalid slug
Ngày lễ Tết,https://www.dienmayxanh.com/vao-bep/goi-y-6-mam-com-tet-mien-nam-de-lam-hap-dan-thom-ngon-cho-gia-16368,Missing data
Ngày lễ Tết,https://www.dienmayxanh.com/vao-bep/2-cach-lam-mut-nhan-tuoi-deo-thom-moi-la-duon-gian-cho-ngay-16323,Invalid slug
Ngày lễ Tết,https://www.dienmayxanh.com/vao-bep/nen-mua-lap-xuong-kho-hay-tuoi-cach-bao-quan-01216,Missing data
Ngày lễ Tết,https://www.dienmayxanh.com/vao-bep/4-mon-ngon-giai-van-den-thang-co-hon-00341,Invalid slug
Ngày lễ Tết,https://www.dienmayxanh.com/vao-bep/tong-hop-cach-tia-trai-cay-trang-tri-mam-co-trung-thu-cuc-dep-03933,Invalid slug
Ngày lễ Tết,https://www.dienmayxanh.com/vao-bep/2-cach-lam-mut-dau-do-va-dau-ngu-ngot-bui-thom-ng-02533,Invalid slug
Ngày lễ Tết,https://www.dienmayxanh.com/vao-bep/2-cach-lam-thit-chan-gio-rut-xuong-luoc-va-nuong-giay-bac-01445,Invalid slug
Ngày lễ Tết,https://www.dienmayxanh.com/vao-bep/2-cach-cach-tia-bi-ngo-halloween-don-gian-de-lam-tai-nha-04719,Invalid slug
Ngày lễ Tết,https://www.dienmayxanh.com/vao-bep/tong-hop-7-cach-lam-tra-hoa-dau-biec-thanh-mat-dep-mat-de-lam-13855,Invalid slug
Ngày lễ Tết,https://www.dienmayxanh.com/vao-bep/cach-bo-hoa-tu-rau-cu-qua-cuc-ki-doc-dao-tang-nguoi-thuong-13495,Missing data
Ngày lễ Tết,https://www.dienmayxanh.com/vao-bep/tom-kho-bao-quan-duoc-bao-lau-cach-bao-quan-tom-kho-sau-tet-16445,Missing data
Ngày lễ Tết,https://www.dienmayxanh.com/vao-bep/5-cach-trang-tri-trung-phuc-sinh-dep-don-gian-ai-cung-lam-16946,Invalid slug
Ngày lễ Tết,https://www.dienmayxanh.com/vao-bep/tong-hop-7-mon-dau-do-cho-ngay-that-tich-duoc-ua-chuong-boi-11262,Invalid slug
Ngày lễ Tết,https://www.dienmayxanh.com/vao-bep/cach-tia-hoa-sen-tu-hanh-tay-ca-chua-kiwi-trang-tri-mon-an-12337,Missing data
Ngày lễ Tết,https://www.dienmayxanh.com/vao-bep/cong-thuc-10-mon-an-cho-ngay-le-giang-sinh-01160,Missing data
Ngày lễ Tết,https://www.dienmayxanh.com/vao-bep/thu-vi-voi-tuc-an-thit-vit-vao-ngay-tet-doan-ngo-00970,Missing data
Ngày lễ Tết,https://www.dienmayxanh.com/vao-bep/cach-lam-xoi-hoa-dau-biec-don-gian-dep-mat-thom-ngon-03834,Missing data
Ngày lễ Tết,https://www.dienmayxanh.com/vao-bep/3-cach-lam-thach-rau-cau-hoa-hong-nhan-ngay-20-10-tang-vo-04384,Invalid slug
Ngày lễ Tết,https://www.dienmayxanh.com/vao-bep/3-cach-lam-mut-cam-cuc-ngon-mut-cam-deo-mut-cam-an-banh-mi-01231,Invalid slug
Ngày lễ Tết,https://www.dienmayxanh.com/vao-bep/mam-com-y-nghia-cho-ngay-gia-dinh-viet-nam-du-day-sung-tuc-01316,Missing data
Ngày lễ Tết,https://www.dienmayxanh.com/vao-bep/top-3-mon-an-lam-cho-be-yeu-ngay-quoc-te-thieu-nhi-1-6-00954,Missing data
Ngày lễ Tết,https://www.dienmayxanh.com/vao-bep/goi-y-5-thuong-hieu-bep-nuong-dien-khong-khoi-cho-ngay-tet-16428,Missing data
Ngày lễ Tết,https://www.dienmayxanh.com/vao-bep/thuc-pham-dung-khong-het-trong-ngay-tet-nen-bao-quan-nhu-the-03685,Missing data
Ngày lễ Tết,https://www.dienmayxanh.com/vao-bep/cach-chon-tom-kho-ngon-cho-ngay-tet-phan-biet-tom-dat-kho-va-16296,Missing data
Ngày lễ Tết,https://www.dienmayxanh.com/vao-bep/7-san-pham-ban-nen-sam-cho-gian-bep-gia-dinh-de-mua-tet-them-16438,Missing data
Ngày lễ Tết,https://www.dienmayxanh.com/vao-bep/cach-chon-mua-mang-cau-xiem-ngon-de-lam-mut-an-ngay-tet-16415,Missing data
Ngày lễ Tết,https://www.dienmayxanh.com/vao-bep/nguon-goc-y-nghia-cua-banh-chung-banh-giay-va-banh-tet-trong-06692,Missing data
Ngày lễ Tết,https://www.dienmayxanh.com/vao-bep/xep-trai-cay-trang-tri-halloween-hinh-con-cu-cho-bua-an-them-13806,Missing data
Ngày lễ Tết,https://www.dienmayxanh.com/vao-bep/la-mat-voi-cac-nhan-banh-trung-thu-che-doc-dao-da-dang-huong-13170,Missing data
Ngày lễ Tết,https://www.dienmayxanh.com/vao-bep/gio-to-hung-vuong-an-gi-nhung-mon-an-truyen-thong-dac-trung-16955,Invalid slug
Ngày lễ Tết,https://www.dienmayxanh.com/vao-bep/cac-cach-nau-xoi-ngon-deo-mem-don-gian-nhat-danh-cho-cac-ban-12452,Missing data
Ngày lễ Tết,https://www.dienmayxanh.com/vao-bep/bi-quyet-an-uong-khoe-manh-ngay-tet-06409,Missing data
Ngày lễ Tết,https://www.dienmayxanh.com/vao-bep/7-mau-lo-chien-khong-dau-hien-dai-tang-nguoi-yeu-me-nau-an-16551,Missing data
Ngày lễ Tết,https://www.dienmayxanh.com/vao-bep/tong-hop-18-cach-lam-dua-muoi-gion-ngon-hap-dan-16456,Invalid slug
Ngày lễ Tết,https://www.dienmayxanh.com/vao-bep/8-mau-noi-com-dien-duoi-1-trieu-dong-gia-re-de-tang-me-nhan-17256,Missing data
Ngày lễ Tết,https://www.dienmayxanh.com/vao-bep/2-cach-lam-dua-gop-gion-ngon-de-lam-an-hoai-khong-ngan-01607,Invalid slug
Ngày lễ Tết,https://www.dienmayxanh.com/vao-bep/cach-xep-gio-lua-dep-ghi-diem-ngay-le-tet-chi-bang-bo-dao-keo-22500,Missing data
Ngày lễ Tết,https://www.dienmayxanh.com/vao-bep/tong-hop-16-mon-an-vat-ngay-tet-de-lam-thom-ngon-hap-dan-16345,Invalid slug
Ngày lễ Tết,https://www.dienmayxanh.com/vao-bep/cach-so-che-cu-kieu-mot-cach-nhanh-chong-giup-ban-tiet-kiem-16204,Missing data
Ngày lễ Tết,https://www.dienmayxanh.com/vao-bep/4-cach-cat-tia-cu-qua-tao-hinh-cay-thong-noel-trang-tri-mon-14901,Invalid slug
Ngày lễ Tết,https://www.dienmayxanh.com/vao-bep/2-cach-lam-thach-rau-cau-hinh-con-ca-chep-cung-ban-tho-gia-13431,Invalid slug
Ngày lễ Tết,https://www.dienmayxanh.com/vao-bep/an-gi-vao-tet-doan-ngo-mung-5-thang-5-00769,Missing data
Ngày lễ Tết,https://www.dienmayxanh.com/vao-bep/14-cach-lam-mon-an-voi-hoa-hong-cuc-ngon-cho-ngay-20-10-04688,Invalid slug
Ngày lễ Tết,https://www.dienmayxanh.com/vao-bep/tong-hop-cach-lam-cac-mon-an-giu-am-co-the-mua-lanh-bo-duong-16016,Invalid slug
Ngày lễ Tết,https://www.dienmayxanh.com/vao-bep/tong-hop-16-mon-an-ngay-20-11-dai-tiec-thay-co-than-yeu-14388,Invalid slug
Ngày lễ Tết,https://www.dienmayxanh.com/vao-bep/goi-y-6-mam-com-tet-mien-bac-don-gian-de-lam-hap-dan-ai-cung-16369,Missing data
Ngày lễ Tết,https://www.dienmayxanh.com/vao-bep/an-gi-vao-ngay-cua-cha-15-mon-an-nau-tai-nha-cho-ngay-cua-cha-10593,Missing data
Ngày lễ Tết,https://www.dienmayxanh.com/vao-bep/tong-hop-30-cach-lam-mon-an-du-thi-ngay-8-3-cho-canh-may-rau-16693,Invalid slug
Ngày lễ Tết,https://www.dienmayxanh.com/vao-bep/cach-lam-hoa-kho-khong-mat-mau-de-dang-dep-mat-de-tang-qua-14284,Missing data
Ngày lễ Tết,https://www.dienmayxanh.com/vao-bep/nguon-goc-y-nghia-va-mon-an-dip-tet-trung-thu-chuseok-cua-03946,Missing data
Ngày lễ Tết,https://www.dienmayxanh.com/vao-bep/3-cach-lam-mon-an-ngon-cho-ngay-le-ta-on-tu-rau-cu-don-gian-05062,Invalid slug
Ngày lễ Tết,https://www.dienmayxanh.com/vao-bep/cach-bao-quan-thit-nau-dong-trong-ngay-tet-va-luu-y-can-thiet-16432,Missing data
Ngày lễ Tết,https://www.dienmayxanh.com/vao-bep/cat-thom-trang-tri-long-den-halloween-de-dang-de-don-ngay-13399,Missing data
Ngày lễ Tết,https://www.dienmayxanh.com/vao-bep/nguon-goc-va-y-nghia-thit-kho-tau-ngay-tet-nhung-luu-y-de-kho-07099,Missing data
Ngày lễ Tết,https://www.dienmayxanh.com/vao-bep/thuc-an-thua-ngay-tet-va-cach-che-bien-lai-cuc-thong-minh-03431,Missing data
Ngày lễ Tết,https://www.dienmayxanh.com/vao-bep/tong-hop-17-cach-lam-mut-bang-chao-chong-dinh-thom-ngon-don-16335,Invalid slug
Ngày lễ Tết,https://www.dienmayxanh.com/vao-bep/tong-hop-cac-mon-an-trong-mam-cung-gio-to-hung-vuong-truyen-17036,Invalid slug
Ngày lễ Tết,https://www.dienmayxanh.com/vao-bep/tong-hop-5-cach-lam-banh-trung-thu-hinh-thu-sieu-xinh-don-13531,Invalid slug
Ngày lễ Tết,https://www.dienmayxanh.com/vao-bep/tong-hop-6-cach-lam-lap-xuong-thom-ngon-hap-dan-an-toan-cho-06677,Invalid slug
Ngày lễ Tết,https://www.dienmayxanh.com/vao-bep/tong-hop-cac-mon-nhau-kho-ngay-tet-hap-dan-kho-cuong-khong-06921,Invalid slug
Ngày lễ Tết,https://www.dienmayxanh.com/vao-bep/huong-dan-4-cach-luoc-trung-de-boc-cho-mon-thit-kho-tau-ngay-16455,Missing data
Ngày lễ Tết,https://www.dienmayxanh.com/vao-bep/cach-trang-tri-bep-ngay-tet-de-don-nam-moi-nhieu-may-man-van-16003,Missing data
Ngày lễ Tết,https://www.dienmayxanh.com/vao-bep/giang-sinh-la-ngay-gi-nguon-goc-y-nghia-va-cac-mon-an-ngay-05911,Invalid slug
Ngày lễ Tết,https://www.dienmayxanh.com/vao-bep/goi-y-15-thuc-don-giang-sinh-cho-gia-dinh-mot-ngay-le-am-ap-15547,Missing data
Ngày lễ Tết,https://www.dienmayxanh.com/vao-bep/meo-giam-can-de-co-dang-hinh-thon-tha-don-tet-06436,Missing data
Ngày lễ Tết,https://www.dienmayxanh.com/vao-bep/tong-hop-5-cach-lam-banh-trung-thu-bang-noi-chien-khong-dau-13054,Invalid slug
Ngày lễ Tết,https://www.dienmayxanh.com/vao-bep/15-cach-lam-mon-an-voi-hoa-dau-biec-thom-ngon-cuc-dep-mat-04637,Invalid slug
Ngày lễ Tết,https://www.dienmayxanh.com/vao-bep/nhung-mon-an-khong-the-thieu-trong-mam-co-ngay-tet-03424,Invalid slug
Ngày lễ Tết,https://www.dienmayxanh.com/vao-bep/cach-bao-quan-banh-chung-banh-tet-khong-thiu-moc-ngon-03587,Missing data
Ngày lễ Tết,https://www.dienmayxanh.com/vao-bep/3-cach-lam-tai-heo-ngam-chua-ngot-an-la-nghien-chong-ngan-01243,Invalid slug
Ngày lễ Tết,https://www.dienmayxanh.com/vao-bep/trung-bac-thao-co-tot-khong-cong-dung-cua-trung-bac-thao-01154,Missing data
Ngày lễ Tết,https://www.dienmayxanh.com/vao-bep/2-cach-lam-mousse-bo-dau-phong-va-socola-bo-dau-phong-cho-le-05656,Invalid slug
Ngày lễ Tết,https://www.dienmayxanh.com/vao-bep/tong-hop-cach-lam-9-mon-an-de-don-tet-01159,Invalid slug
Thức uống,https://www.dienmayxanh.com/vao-bep/3-cach-pha-tra-bac-ha-giam-can-the-mat-de-uong-don-gian-de-12788,Invalid slug
Thức uống,https://www.dienmayxanh.com/vao-bep/3-cach-lam-nuoc-ep-nho-ngon-bo-duong-tot-cho-suc-k-02346,Invalid slug
Thức uống,https://www.dienmayxanh.com/vao-bep/3-cach-lam-nuoc-ep-bi-do-ho-tro-tang-can-sieu-dinh-duong-10106,Invalid slug
Thức uống,https://www.dienmayxanh.com/vao-bep/2-cach-lam-tra-sua-ca-cao-ngot-beo-dam-da-lam-mon-giai-khat-15627,Invalid slug
Thức uống,https://www.dienmayxanh.com/vao-bep/2-cach-lam-nuoc-chanh-sa-uong-dep-da-sang-chanh-de-lam-01636,Invalid slug
Thức uống,https://www.dienmayxanh.com/vao-bep/2-cach-lam-nuoc-ep-gia-do-ngot-thanh-de-uong-phu-hop-cho-12693,Invalid slug
Thức uống,https://www.dienmayxanh.com/vao-bep/2-cach-nau-bo-nuoc-mat-giai-nhiet-ngay-he-ngot-ngon-nhu-ngoai-13866,Invalid slug
Thức uống,https://www.dienmayxanh.com/vao-bep/2-cach-lam-chanh-day-sua-va-chanh-day-sua-chua-sang-khoai-mat-13586,Invalid slug
Thức uống,https://www.dienmayxanh.com/vao-bep/3-cach-lam-sinh-to-quyt-nhanh-chong-thom-ngon-don-gian-04165,Invalid slug
Thức uống,https://www.dienmayxanh.com/vao-bep/2-cach-lam-sua-nghe-uong-dep-da-thon-dang-tot-cho-suc-khoe-08367,Invalid slug
Thức uống,https://www.dienmayxanh.com/vao-bep/2-cach-ngam-ruou-mit-tuoi-va-mit-nuong-don-gian-bang-dao-va-22725,Invalid slug
Thức uống,https://www.dienmayxanh.com/vao-bep/3-cach-nau-nha-dam-hat-chia-duong-phen-don-gian-thanh-nhiet-10491,Invalid slug
Thức uống,https://www.dienmayxanh.com/vao-bep/tong-hop-cach-lam-4-loai-tra-giai-cam-trong-mua-mua-de-lam-01065,Invalid slug
Thức uống,https://www.dienmayxanh.com/vao-bep/huong-dan-lam-sua-hanh-nhan-bang-may-lam-sua-hat-tai-nha-don-19042,Missing data
Thức uống,https://www.dienmayxanh.com/vao-bep/2-cach-pha-tra-luu-do-nhin-la-thich-uong-la-me-cuc-don-gian-13359,Invalid slug
Thức uống,https://www.dienmayxanh.com/vao-bep/2-cach-lam-tra-sua-la-dua-ngot-mat-thom-lung-uong-la-thich-15434,Invalid slug
Thức uống,https://www.dienmayxanh.com/vao-bep/5-cach-lam-mon-sinh-to-thanh-long-ngon-bo-duong-tai-nha-01715,Invalid slug
Thức uống,https://www.dienmayxanh.com/vao-bep/4-cach-lam-sua-hat-lanh-ngon-bo-duong-de-thuc-hien-tai-nha-22888,Invalid slug
Thức uống,https://www.dienmayxanh.com/vao-bep/3-cach-lam-nuoc-nha-dam-lo-hoi-dep-da-02044,Invalid slug
Thức uống,https://www.dienmayxanh.com/vao-bep/6-cach-lam-sua-lac-milkshake-trai-cay-khong-dung-kem-tot-cho-05915,Invalid slug
Thức uống,https://www.dienmayxanh.com/vao-bep/4-cach-lam-sua-hat-ke-thom-bui-ngon-ngot-la-mieng-bo-duong-15782,Invalid slug
Thức uống,https://www.dienmayxanh.com/vao-bep/3-cach-lam-soda-vai-don-gian-mat-lanh-giai-khat-tuc-thi-05431,Invalid slug
Thức uống,https://www.dienmayxanh.com/vao-bep/sua-chua-het-han-7-cach-xu-li-01289,Missing data
Thức uống,https://www.dienmayxanh.com/vao-bep/4-cach-pha-tra-cam-que-thom-ngon-tot-cho-suc-khoe-don-gian-de-12888,Invalid slug
Thức uống,https://www.dienmayxanh.com/vao-bep/3-cach-lam-mojito-tu-chanh-don-gian-giai-khat-ngay-he-04162,Invalid slug
Thức uống,https://www.dienmayxanh.com/vao-bep/2-cach-lam-sinh-to-khoai-lang-va-sinh-to-khoai-lang-tim-giam-09959,Invalid slug
Thức uống,https://www.dienmayxanh.com/vao-bep/3-cach-lam-sua-khoai-mon-thom-beo-bui-ngay-sieu-bo-duong-08702,Invalid slug
Thức uống,https://www.dienmayxanh.com/vao-bep/6-cach-lam-sinh-to-chanh-leo-chanh-day-don-gian-ngot-mat-ngon-08772,Invalid slug
Thức uống,https://www.dienmayxanh.com/vao-bep/4-cach-lam-lassi-xoai-chuoi-hat-va-bac-ha-moi-la-mat-lanh-cho-09702,Invalid slug
Thức uống,https://www.dienmayxanh.com/vao-bep/2-cach-lam-tra-sua-thai-xanh-thai-do-ngon-nhu-ngoai-hang-ngay-02955,Invalid slug
Thức uống,https://www.dienmayxanh.com/vao-bep/2-cach-lam-me-den-latte-kem-sua-va-matcha-me-den-kem-sua-04540,Invalid slug
Thức uống,https://www.dienmayxanh.com/vao-bep/2-cach-pha-ca-phe-socola-va-ca-phe-socola-sua-thom-ngon-dam-12754,Invalid slug
Thức uống,https://www.dienmayxanh.com/vao-bep/bo-huc-redbull-bao-nhieu-calo-uong-bo-huc-co-tot-khong-va-tac-11150,Missing data
Thức uống,https://www.dienmayxanh.com/vao-bep/2-cach-lam-nuoc-ep-buoi-tong-hop-rau-cu-qua-tuoi-02576,Invalid slug
Thức uống,https://www.dienmayxanh.com/vao-bep/12-cach-lam-sinh-to-xoai-ngot-mat-giai-khat-ngay-nang-nong-09563,Invalid slug
Thức uống,https://www.dienmayxanh.com/vao-bep/3-cach-lam-tra-chanh-day-chanh-leo-sieu-ngon-giai-nhiet-cho-09812,Invalid slug
Thức uống,https://www.dienmayxanh.com/vao-bep/3-cach-lam-phuc-bon-tu-da-xay-ngon-kho-cuong-don-gian-tai-nha-10761,Invalid slug
Thức uống,https://www.dienmayxanh.com/vao-bep/2-cach-lam-kem-man-cho-tra-sua-hay-ca-phe-tai-nha-bang-may-22793,Invalid slug
Thức uống,https://www.dienmayxanh.com/vao-bep/3-cach-lam-nuoc-ep-ot-chuong-voi-dua-hau-dua-leo--02108,Invalid slug
Thức uống,https://www.dienmayxanh.com/vao-bep/3-cach-lam-ca-cao-da-xay-don-gian-thom-ngon-giai-khat-cuc-15454,Invalid slug
Thức uống,https://www.dienmayxanh.com/vao-bep/detox-water-la-gi-khi-nao-nen-uong-va-nhung-luu-y-khi-bat-dau-02120,Missing data
Thức uống,https://www.dienmayxanh.com/vao-bep/2-cach-lam-chanh-day-mat-ong-va-chanh-day-hat-chia-thanh-mat-09818,Invalid slug
Thức uống,https://www.dienmayxanh.com/vao-bep/7-cach-lam-sinh-to-kiwi-dep-da-thon-dang-don-gian-tai-nha-04284,Invalid slug
Thức uống,https://www.dienmayxanh.com/vao-bep/2-cach-pha-sua-matcha-va-sua-matcha-dau-do-thom-ngon-don-gian-13273,Invalid slug
Thức uống,https://www.dienmayxanh.com/vao-bep/7-cach-pha-soda-tu-7up-giup-giai-khat-ngay-he-cuc-don-gian-14811,Invalid slug
Thức uống,https://www.dienmayxanh.com/vao-bep/2-cach-lam-sua-dau-xanh-bang-may-lam-sua-hat-thom-ngon-nhieu-15176,Invalid slug
Thức uống,https://www.dienmayxanh.com/vao-bep/5-loai-sinh-to-sua-tuoi-tang-suc-de-khang-cho-tre-00999,Missing data
Thức uống,https://www.dienmayxanh.com/vao-bep/2-cach-lam-detox-cam-thai-doc-tot-cho-suc-khoe-14264,Invalid slug
Thức uống,https://www.dienmayxanh.com/vao-bep/2-cach-pha-sam-dua-sua-thom-ngon-don-gian-mat-lanh-cho-ngay-09237,Invalid slug
Thức uống,https://www.dienmayxanh.com/vao-bep/3-cach-lam-nuoc-cam-vat-thom-ngon-thanh-mat-cuc-don-gian-cho-16044,Invalid slug
Thức uống,https://www.dienmayxanh.com/vao-bep/2-cach-lam-sinh-to-rau-ma-dau-xanh-va-sua-dua-giai-nhiet-01960,Invalid slug
Thức uống,https://www.dienmayxanh.com/vao-bep/cach-lam-tra-gung-giai-ruou-00547,Missing data
Thức uống,https://www.dienmayxanh.com/vao-bep/2-cach-lam-ruou-nho-thom-ngon-bo-duong-don-gian-n-02259,Invalid slug
Thức uống,https://www.dienmayxanh.com/vao-bep/2-cach-pha-che-cocktail-sangria-trai-cay-ngon-dung-dieu-cho-08624,Invalid slug
Thức uống,https://www.dienmayxanh.com/vao-bep/3-cach-lam-ca-cao-da-thom-beo-giai-khat-cuc-da-ai-cung-ghien-15027,Invalid slug
Thức uống,https://www.dienmayxanh.com/vao-bep/tong-hop-12-cach-lam-nuoc-ep-bang-may-xay-sinh-to-don-gian-16142,Invalid slug
Thức uống,https://www.dienmayxanh.com/vao-bep/2-cach-lam-nuoc-dua-hat-chia-ngot-thanh-mat-lanh-giai-nhiet-15322,Invalid slug
Thức uống,https://www.dienmayxanh.com/vao-bep/3-cach-lam-nuoc-ep-nghe-tuoi-thom-ngon-de-uong-tot-cho-suc-12389,Invalid slug
Thức uống,https://www.dienmayxanh.com/vao-bep/3-cach-pha-tra-la-han-qua-nha-dam-long-nhan-va-tao-tau-thanh-05213,Invalid slug
Thức uống,https://www.dienmayxanh.com/vao-bep/tong-hop-15-cach-lam-tra-nong-am-ap-cho-nhung-ngay-mua-lanh-10980,Invalid slug
Thức uống,https://www.dienmayxanh.com/vao-bep/6-cach-lam-sinh-to-du-du-ngot-mat-bo-duong-tot-cho-suc-khoe-04404,Invalid slug
Thức uống,https://www.dienmayxanh.com/vao-bep/4-cach-pha-tra-hoa-hong-dung-cach-tot-cho-suc-khoe-04703,Invalid slug
Thức uống,https://www.dienmayxanh.com/vao-bep/2-cach-pha-ca-phe-gung-ca-phe-gung-giam-can-nhanh-gon-nho-23072,Invalid slug
Thức uống,https://www.dienmayxanh.com/vao-bep/2-cach-lam-sinh-to-oc-cho-thom-beo-nhieu-dinh-duong-ho-tro-15337,Invalid slug
Thức uống,https://www.dienmayxanh.com/vao-bep/mojito-la-gi-mot-so-cong-thuc-pha-mojito-ngon-ba-chay-cho-ban-01151,Missing data
Thức uống,https://www.dienmayxanh.com/vao-bep/3-cach-nau-sam-bong-cuc-khong-bi-dang-giai-nhiet-don-gian-tai-05161,Invalid slug
Thức uống,https://www.dienmayxanh.com/vao-bep/2-cach-lam-tra-oi-hong-thanh-mat-ngot-diu-cho-ngay-he-mat-10872,Invalid slug
Thức uống,https://www.dienmayxanh.com/vao-bep/goi-y-cac-loai-nuoc-ep-cho-be-an-dam-kich-thich-vi-giac-tre-19188,Missing data
Thức uống,https://www.dienmayxanh.com/vao-bep/17-cach-pha-che-cocktail-don-gian-tai-nha-cho-bua-tiec-them-12359,Invalid slug
Thức uống,https://www.dienmayxanh.com/vao-bep/4-cach-lam-sua-khoai-lang-cho-be-beo-thom-day-dinh-duong-de-05716,Invalid slug
Thức uống,https://www.dienmayxanh.com/vao-bep/nhung-dung-cu-giup-ban-pha-cafe-espresso-don-gian-tai-nha-18501,Missing data
Thức uống,https://www.dienmayxanh.com/vao-bep/2-cach-lam-caramel-da-xay-va-cafe-caramel-da-xay-uong-la-10519,Invalid slug
Thức uống,https://www.dienmayxanh.com/vao-bep/2-cach-pha-tra-chai-an-do-am-nong-thom-ngon-ngay-gio-mua-ve-13689,Invalid slug
Thức uống,https://www.dienmayxanh.com/vao-bep/3-cach-pha-tra-hoa-cuc-don-gian-nhanh-chong-giup-cai-thien-13321,Invalid slug
Thức uống,https://www.dienmayxanh.com/vao-bep/2-cach-pha-matcha-dau-tay-bang-mut-dau-va-dau-tuoi-de-dang-22391,Invalid slug
Thức uống,https://www.dienmayxanh.com/vao-bep/3-cach-lam-sinh-to-vai-beo-min-thom-ngon-mat-lanh-05407,Invalid slug
Thức uống,https://www.dienmayxanh.com/vao-bep/5-cach-nau-sua-dau-ga-thom-ngon-beo-ngay-bo-duong-don-gian-14782,Invalid slug
Thức uống,https://www.dienmayxanh.com/vao-bep/bi-quyet-pha-ca-phe-phin-ngon-dam-da-thu-thiet-03383,Missing data
Thức uống,https://www.dienmayxanh.com/vao-bep/4-cach-lam-sinh-to-le-thom-ngon-sieu-don-gian-10016,Invalid slug
Thức uống,https://www.dienmayxanh.com/vao-bep/3-cach-lam-nuoc-ep-dua-leo-la-mieng-thom-ngon-cho--02545,Invalid slug
Thức uống,https://www.dienmayxanh.com/vao-bep/3-cach-pha-mojito-phuc-bon-tu-mat-lanh-giai-nhiet-ngay-nang-14684,Invalid slug
Thức uống,https://www.dienmayxanh.com/vao-bep/5-cach-lam-sua-yen-mach-ngon-bo-re-ma-lai-giam-can-01196,Invalid slug
Thức uống,https://www.dienmayxanh.com/vao-bep/9-cong-thuc-nau-sua-hat-don-gian-nhanh-chong-cho-nguoi-ban-03664,Missing data
Thức uống,https://www.dienmayxanh.com/vao-bep/3-cach-lam-mat-ong-gung-bo-suc-khoe-tang-de-khang-co-the-01644,Invalid slug
Thức uống,https://www.dienmayxanh.com/vao-bep/3-cach-lam-oreo-da-xay-beo-ngay-cuc-don-gian-ngay-tai-nha-04213,Invalid slug
Thức uống,https://www.dienmayxanh.com/vao-bep/5-cach-lam-sinh-to-ca-rot-thom-ngon-don-gian-day-dinh-duong-04308,Invalid slug
Thức uống,https://www.dienmayxanh.com/vao-bep/19-cong-thuc-sua-hat-tot-cac-me-nen-luu-lai-nau-cho-ca-nha-03580,Missing data
Thức uống,https://www.dienmayxanh.com/vao-bep/3-cach-pha-cocktail-voi-nguyen-lieu-don-gian-de-lam-tai-nha-03103,Invalid slug
Thức uống,https://www.dienmayxanh.com/vao-bep/3-cach-pha-ca-phe-mat-ong-la-mieng-cuc-hap-dan-ma-ban-nen-thu-13119,Invalid slug
Thức uống,https://www.dienmayxanh.com/vao-bep/2-cach-lam-tra-hoa-dau-biec-don-gian-dep-mat-de-thuc-hien-04799,Invalid slug
Thức uống,https://www.dienmayxanh.com/vao-bep/cach-lam-cac-loai-nuoc-ep-giam-can-giam-mo-bung-lam-dep-da-00985,Missing data
Thức uống,https://www.dienmayxanh.com/vao-bep/2-cach-nau-nuoc-re-tranh-mia-lau-thanh-mat-giai-nhiet-co-the-08881,Invalid slug
Thức uống,https://www.dienmayxanh.com/vao-bep/3-cach-lam-nuoc-ep-dua-hau-vua-ngon-lai-mat-don-gian-02041,Invalid slug
Thức uống,https://www.dienmayxanh.com/vao-bep/7-mon-nuoc-de-lam-cho-mua-nang-nong-luon-tuoi-mat-00884,Missing data
Thức uống,https://www.dienmayxanh.com/vao-bep/2-cach-lam-tra-dao-macchiato-kem-cheese-thom-beo-hap-dan-14626,Invalid slug
Thức uống,https://www.dienmayxanh.com/vao-bep/2-cach-lam-siro-cam-va-siro-dua-thom-ngon-don-gian-cho-ngay-00043,Invalid slug
Thức uống,https://www.dienmayxanh.com/vao-bep/cach-lam-3-loai-sua-tu-ngu-coc-thom-ngon-kho-cuong-00730,Missing data
Thức uống,https://www.dienmayxanh.com/vao-bep/10-cach-lam-sinh-to-dua-hau-ngon-don-gian-cuc-mat-lanh-08592,Invalid slug
Thức uống,https://www.dienmayxanh.com/vao-bep/3-cach-lam-sinh-to-bi-do-thom-beo-bo-duong-giup-tang-can-hieu-11232,Invalid slug
Thức uống,https://www.dienmayxanh.com/vao-bep/2-cach-lam-sua-oc-cho-hanh-nhan-la-mieng-bo-duong-01248,Invalid slug
Thức uống,https://www.dienmayxanh.com/vao-bep/sua-dau-nanh-tac-dung-uong-nhieu-co-tot-khong-01490,Missing data
Thức uống,https://www.dienmayxanh.com/vao-bep/2-cach-lam-tra-chanh-gung-mat-ong-thom-ngon-giai-cam-hieu-qua-16262,Invalid slug
Thức uống,https://www.dienmayxanh.com/vao-bep/3-cach-pha-tra-hoa-dau-biec-thom-ngon-thanh-mat-co-the-cuc-12291,Invalid slug
Thức uống,https://www.dienmayxanh.com/vao-bep/2-cach-lam-sua-socola-hershey-ngot-ngao-cuc-don-gian-tai-nha-15804,Invalid slug
Thức uống,https://www.dienmayxanh.com/vao-bep/may-xay-sinh-to-philip-hr2223-co-gi-khac-so-voi-2-phien-ban-22074,Missing data
Thức uống,https://www.dienmayxanh.com/vao-bep/huong-dan-lam-sua-hat-macca-bang-may-lam-sua-hat-cuc-bo-duong-19044,Missing data
Thức uống,https://www.dienmayxanh.com/vao-bep/3-cach-lam-socola-da-xay-mat-lanh-de-lam-ngay-tai-nha-05211,Invalid slug
Thức uống,https://www.dienmayxanh.com/vao-bep/2-cach-pha-tra-atiso-giai-nhiet-thanh-loc-co-the-don-gian-tai-13815,Invalid slug
Thức uống,https://www.dienmayxanh.com/vao-bep/2-cach-lam-nuoc-cam-hat-chia-tang-suc-de-khang-giai-nhiet-co-10569,Invalid slug
Thức uống,https://www.dienmayxanh.com/vao-bep/2-cach-lam-mojito-man-plum-mojito-khong-con-chua-ngot-cuc-don-11810,Invalid slug
Thức uống,https://www.dienmayxanh.com/vao-bep/2-cach-lam-ca-phe-cot-dua-va-ca-phe-sua-dua-beo-ngay-thom-00202,Invalid slug
Thức uống,https://www.dienmayxanh.com/vao-bep/3-cach-lam-nuoc-ep-voi-luu-chanh-dua-hau-va-tao-c-02118,Invalid slug
Thức uống,https://www.dienmayxanh.com/vao-bep/2-cach-lam-tra-thanh-long-do-don-gian-mat-lanh-cho-mua-he-01745,Invalid slug
Thức uống,https://www.dienmayxanh.com/vao-bep/2-cach-lam-sinh-to-luu-thom-ngon-bo-duong-don-gian-tai-nha-02889,Invalid slug
Thức uống,https://www.dienmayxanh.com/vao-bep/cach-lam-nuoc-detox-thanh-loc-co-the-cuc-de-cuc-ngon-00869,Missing data
Thức uống,https://www.dienmayxanh.com/vao-bep/nuoc-soda-la-gi-4-cach-pha-che-soda-don-gian-giai-nhiet-mua-03115,Missing data
Thức uống,https://www.dienmayxanh.com/vao-bep/3-cach-pha-martini-voi-cong-thuc-chuan-quay-bar-04101,Invalid slug
Thức uống,https://www.dienmayxanh.com/vao-bep/3-cach-lam-sinh-to-mang-cau-ngot-mat-tot-cho-suc-khoe-04695,Invalid slug
Thức uống,https://www.dienmayxanh.com/vao-bep/2-cach-lam-tra-sua-gao-rang-thom-ngon-don-gian-tai-nha-09108,Invalid slug
Thức uống,https://www.dienmayxanh.com/vao-bep/3-cach-lam-nuoc-ep-rau-ma-thanh-nhiet-giai-doc-giup-giam-can-13083,Invalid slug
Thức uống,https://www.dienmayxanh.com/vao-bep/2-cach-lam-cocktail-pina-colada-ngot-ngao-tuoi-mat-cho-ngay-08486,Invalid slug
Thức uống,https://www.dienmayxanh.com/vao-bep/5-cach-lam-soda-phuc-bon-tu-thanh-mat-giai-nhiet-mua-he-10563,Invalid slug
Thức uống,https://www.dienmayxanh.com/vao-bep/3-ty-le-pha-ca-phe-ngon-hap-dan-de-lam-tai-nha-06485,Missing data
Thức uống,https://www.dienmayxanh.com/vao-bep/2-cach-pha-ca-phe-latte-nong-va-da-sieu-don-gian-voi-binh-23021,Invalid slug
Thức uống,https://www.dienmayxanh.com/vao-bep/3-cach-lam-nuoc-ep-cai-cau-vong-thanh-loc-co-the-tot-cho-suc-12875,Invalid slug
Thức uống,https://www.dienmayxanh.com/vao-bep/2-cach-lam-sua-lac-milkshake-socola-kem-keo-marshmallow-ngon-05782,Invalid slug
Thức uống,https://www.dienmayxanh.com/vao-bep/4-cach-lam-sinh-to-tao-ngot-mat-bo-duong-giam-can-cho-chi-em-13403,Invalid slug
Thức uống,https://www.dienmayxanh.com/vao-bep/3-cach-lam-sinh-to-cai-xoan-don-gian-giup-dep-da-giam-can-tai-04420,Invalid slug
Thức uống,https://www.dienmayxanh.com/vao-bep/3-cach-lam-sua-com-xanh-thom-ngon-bo-duong-don-gian-tai-nha-12884,Invalid slug
Thức uống,https://www.dienmayxanh.com/vao-bep/5-cach-nau-sua-sen-ngon-me-ly-don-gian-tai-nha-01197,Invalid slug
Thức uống,https://www.dienmayxanh.com/vao-bep/2-cach-lam-soda-dua-hau-mat-lanh-giai-nhiet-mua-he-cuc-don-12309,Invalid slug
Thức uống,https://www.dienmayxanh.com/vao-bep/cach-pha-che-mot-so-thuc-uong-bang-may-xay-sinh-to-00299,Missing data
Thức uống,https://www.dienmayxanh.com/vao-bep/2-cach-lam-siro-dau-tam-thanh-long-giai-khat-cho-mua-nong-buc-04624,Invalid slug
Thức uống,https://www.dienmayxanh.com/vao-bep/menu-cac-loai-tra-sua-hot-noi-dinh-dam-hien-nay-va-cong-thuc-23569,Missing data
Thức uống,https://www.dienmayxanh.com/vao-bep/2-cach-lam-mojito-xoai-mango-mojito-mat-lanh-don-gian-tai-nha-11187,Invalid slug
Thức uống,https://www.dienmayxanh.com/vao-bep/2-cach-pha-nuoc-sau-da-ngon-ngot-chua-thanh-giai-nhiet-co-the-10469,Invalid slug
Thức uống,https://www.dienmayxanh.com/vao-bep/2-cach-pha-tra-hoa-atiso-do-hibiscus-tuoi-mat-thanh-nhiet-tot-12177,Invalid slug
Thức uống,https://www.dienmayxanh.com/vao-bep/3-cach-lam-tra-chanh-sa-tac-va-mat-ong-thom-ngon-giai-cam-16279,Invalid slug
Thức uống,https://www.dienmayxanh.com/vao-bep/2-cach-lam-kem-cheese-man-cho-cac-mon-nuoc-mon-tra-sua-voi-23342,Invalid slug
Thức uống,https://www.dienmayxanh.com/vao-bep/tong-hop-11-cach-lam-sua-hat-bang-may-lam-sua-hat-thom-beo-14898,Invalid slug
Thức uống,https://www.dienmayxanh.com/vao-bep/2-cach-nau-sua-khoai-lang-bi-do-thom-ngon-dinh-duong-14984,Invalid slug
Thức uống,https://www.dienmayxanh.com/vao-bep/tong-hop-20-loai-do-uong-ngon-dinh-duong-de-lam-tai-nha-cho-10905,Invalid slug
Thức uống,https://www.dienmayxanh.com/vao-bep/qua-dua-nuoc-la-qua-gi-tac-dung-noi-mua-gia-ca-dua-nuoc-lam-09751,Missing data
Thức uống,https://www.dienmayxanh.com/vao-bep/2-cach-lam-nuoc-ep-cu-dau-giam-can-thanh-mat-bang-may-ep-cham-11638,Invalid slug
Thức uống,https://www.dienmayxanh.com/vao-bep/2-cach-pha-ca-phe-capuccino-nescafe-tequila-va-ca-phe-dua-14751,Invalid slug
Thức uống,https://www.dienmayxanh.com/vao-bep/4-cach-lam-sua-hat-bang-may-ep-cham-bo-duong-thom-ngon-cho-ca-14836,Invalid slug
Thức uống,https://www.dienmayxanh.com/vao-bep/3-cach-lam-siro-man-dua-hau-dau-tay-don-gian-thanh-mat-cho-04937,Invalid slug
Thức uống,https://www.dienmayxanh.com/vao-bep/2-cach-lam-sinh-to-xoai-xanh-chua-ngot-mat-lanh-giai-nhiet-11786,Invalid slug
Thức uống,https://www.dienmayxanh.com/vao-bep/smoothie-la-gi-mot-vau-cong-thuc-che-bien-smoothie-01173,Missing data
Thức uống,https://www.dienmayxanh.com/vao-bep/3-mon-sinh-to-trai-cay-nhiet-doi-giai-nhiet-cuc-tot-00591,Missing data
Thức uống,https://www.dienmayxanh.com/vao-bep/5-cach-lam-nuoc-cu-den-thom-ngon-tot-cho-suc-khoe-01959,Invalid slug
Thức uống,https://www.dienmayxanh.com/vao-bep/2-cach-pha-ca-phe-sua-tuoi-thom-ngon-de-uong-cuc-de-lam-tai-12635,Invalid slug
Thức uống,https://www.dienmayxanh.com/vao-bep/3-cach-lam-nuoc-mia-ep-thom-ep-cam-ep-dau-tay-02038,Invalid slug
Thức uống,https://www.dienmayxanh.com/vao-bep/4-cach-lam-nuoc-rau-diep-ca-thom-ngon-thanh-mat-giai-nhiet-co-00218,Invalid slug
Thức uống,https://www.dienmayxanh.com/vao-bep/2-cach-lam-sua-ngo-nep-bap-nep-ngot-thom-bo-duong-cuc-don-15005,Invalid slug
Thức uống,https://www.dienmayxanh.com/vao-bep/2-cach-pha-milo-voi-coca-cola-moi-la-ngon-khong-tuong-cuc-de-12634,Invalid slug
Thức uống,https://www.dienmayxanh.com/vao-bep/5-cach-lam-cocktail-cho-dem-tiec-halloween-tai-nha-cuc-don-04550,Invalid slug
Thức uống,https://www.dienmayxanh.com/vao-bep/2-cach-pha-hojicha-latte-thom-ngon-la-mieng-uong-thu-la-me-12851,Invalid slug
Thức uống,https://www.dienmayxanh.com/vao-bep/2-cach-lam-nuoc-ep-khe-thanh-mat-don-gian-cho-ngay-he-nong-09329,Invalid slug
Thức uống,https://www.dienmayxanh.com/vao-bep/4-cach-pha-hong-tra-thom-ngon-hap-dan-don-gian-tai-nha-03090,Invalid slug
Thức uống,https://www.dienmayxanh.com/vao-bep/3-cach-lam-latte-cu-den-latte-khoai-lang-latte-chum-ngay-01957,Invalid slug
Thức uống,https://www.dienmayxanh.com/vao-bep/3-cach-lam-tra-cam-mat-ong-tra-cam-sa-va-tra-cam-quyt-ngon-09789,Invalid slug
Thức uống,https://www.dienmayxanh.com/vao-bep/5-cach-lam-sinh-to-viet-quat-dep-da-tot-cho-suc-khoe-tai-nha-04319,Invalid slug
Thức uống,https://www.dienmayxanh.com/vao-bep/lam-hon-hop-nuoc-ep-co-loi-cho-suc-khoe-bang-may-ep-trai-cay-00560,Missing data
Thức uống,https://www.dienmayxanh.com/vao-bep/2-cach-lam-rau-ma-sau-rieng-va-khoai-mon-thom-ngon-beo-ngay-10551,Invalid slug
Thức uống,https://www.dienmayxanh.com/vao-bep/2-cach-lam-tra-lipton-sua-thom-ngon-don-gian-tai-nha-14116,Invalid slug
Thức uống,https://www.dienmayxanh.com/vao-bep/bia-corona-la-gi-tai-sao-lai-hot-den-vay-cach-th-01898,Missing data
Thức uống,https://www.dienmayxanh.com/vao-bep/3-cach-lam-nuoc-ep-dua-leo-dua-chuot-giam-can-01638,Invalid slug
Thức uống,https://www.dienmayxanh.com/vao-bep/2-cach-lam-tra-thach-dao-ngot-ngao-thanh-mat-giai-nhiet-mua-10377,Invalid slug
Thức uống,https://www.dienmayxanh.com/vao-bep/7-cach-lam-nuoc-detox-nhanh-bo-re-don-gian-01888,Invalid slug
Thức uống,https://www.dienmayxanh.com/vao-bep/2-cach-lam-nuoc-ep-qua-mo-tuoi-mat-chua-ngot-giai-nhiet-co-14510,Invalid slug
Thức uống,https://www.dienmayxanh.com/vao-bep/2-cach-lam-quyt-ngam-duong-phen-va-mut-quyt-gung-chua-ho-hieu-04178,Invalid slug
Thức uống,https://www.dienmayxanh.com/vao-bep/4-cach-pha-tra-gung-nong-am-bung-giai-cam-cho-mua-mua-lanh-10425,Invalid slug
Thức uống,https://www.dienmayxanh.com/vao-bep/4-cach-pha-tra-dau-va-tra-sua-dau-tay-don-gian-khong-the-bo-08543,Invalid slug
Thức uống,https://www.dienmayxanh.com/vao-bep/3-cach-lam-sinh-to-cu-den-ho-tro-giam-can-sieu-don-gian-tai-09555,Invalid slug
Thức uống,https://www.dienmayxanh.com/vao-bep/2-cach-lam-nuoc-ep-bau-thanh-mat-giai-nhiet-tot-cho-suc-khoe-15616,Invalid slug
Thức uống,https://www.dienmayxanh.com/vao-bep/7-cach-lam-sinh-to-cai-bo-xoi-rau-bina-giup-detox-dep-da-giam-04484,Invalid slug
Thức uống,https://www.dienmayxanh.com/vao-bep/2-cach-lam-nuoc-ep-nha-dam-thanh-mat-ho-tro-giam-can-dep-da-13218,Invalid slug
Thức uống,https://www.dienmayxanh.com/vao-bep/4-cach-lam-nuoc-ep-ca-rot-bang-may-ep-giam-can-dep-da-tot-cho-13428,Invalid slug
Thức uống,https://www.dienmayxanh.com/vao-bep/5-cach-lam-sua-me-den-sach-du-chat-de-lam-tai-nha-01199,Invalid slug
Thức uống,https://www.dienmayxanh.com/vao-bep/2-cach-pha-nuoc-cam-hat-chia-tuoi-mat-thanh-loc-giai-nhiet-10419,Invalid slug
Thức uống,https://www.dienmayxanh.com/vao-bep/2-cach-lam-nuoc-dua-luoi-va-nuoc-ep-dua-luoi-sua-02439,Invalid slug
Thức uống,https://www.dienmayxanh.com/vao-bep/2-cach-lam-tra-tao-do-thom-ngon-thanh-mat-cuc-don-gian-tai-16635,Invalid slug
Thức uống,https://www.dienmayxanh.com/vao-bep/3-cach-lam-tra-vai-va-hong-tra-vai-don-gian-tai-nha-02042,Invalid slug
Thức uống,https://www.dienmayxanh.com/vao-bep/3-cach-lam-chanh-ngam-duong-chanh-ngam-duong-phen-va-siro-11134,Invalid slug
Thức uống,https://www.dienmayxanh.com/vao-bep/2-cach-lam-tra-sua-bac-ha-the-mat-thom-ngon-cuc-de-ngay-tai-13437,Invalid slug
Thức uống,https://www.dienmayxanh.com/vao-bep/2-cach-lam-cacao-trung-beo-ngay-hap-dan-nhu-ngoai-hang-14612,Invalid slug
Thức uống,https://www.dienmayxanh.com/vao-bep/2-cach-lam-chanh-ngam-mat-ong-tot-cho-suc-khoe-don-gian-tai-11115,Invalid slug
Thức uống,https://www.dienmayxanh.com/vao-bep/3-cach-pha-nuoc-chanh-ngon-tuyet-chac-chan-ban-chua-biet-00744,Invalid slug
Thức uống,https://www.dienmayxanh.com/vao-bep/cong-dung-cua-nghe-ngam-mat-ong-cach-lam-va-su-dung-nghe-ngam-02009,Missing data
Thức uống,https://www.dienmayxanh.com/vao-bep/4-cach-pha-cocktail-gin-tonic-dep-mat-mat-lanh-dap-tan-con-08936,Invalid slug
Thức uống,https://www.dienmayxanh.com/vao-bep/3-cach-lam-sinh-to-na-mang-cau-ta-ngot-thom-la-mieng-cuc-hap-13232,Invalid slug
Thức uống,https://www.dienmayxanh.com/vao-bep/2-cach-pha-tra-xoai-bang-tra-olong-va-tra-lipton-don-gian-01275,Invalid slug
Thức uống,https://www.dienmayxanh.com/vao-bep/2-cach-lam-sua-sau-rieng-ngot-thom-beo-ngay-la-mieng-hap-dan-15130,Invalid slug
Thức uống,https://www.dienmayxanh.com/vao-bep/sua-chua-khong-dong-nguyen-nhan-va-cach-khac-phuc-00663,Missing data
Thức uống,https://www.dienmayxanh.com/vao-bep/phan-biet-bot-matcha-va-bot-tra-xanh-02607,Missing data
Thức uống,https://www.dienmayxanh.com/vao-bep/2-cach-lam-nuoc-ep-nuoc-gung-tuoi-de-uong-ho-tro-tang-suc-de-11821,Invalid slug
Thức uống,https://www.dienmayxanh.com/vao-bep/4-cach-lam-soda-kiwi-tuoi-sieu-don-gian-cho-ngay-nong-buc-15608,Invalid slug
Thức uống,https://www.dienmayxanh.com/vao-bep/2-cach-lam-sinh-to-trai-cay-hon-hop-thom-ngon-tuoi-mat-tot-12898,Invalid slug
Thức uống,https://www.dienmayxanh.com/vao-bep/2-cach-lam-nuoc-mia-lau-cu-nang-hat-chia-va-nuoc-m-02097,Invalid slug
Thức uống,https://www.dienmayxanh.com/vao-bep/3-cach-lam-cocktail-dau-tay-mat-lanh-giai-nhiet-ngay-he-nong-08407,Invalid slug
Thức uống,https://www.dienmayxanh.com/vao-bep/ban-biet-gi-ve-cocktail-3-cach-che-bien-cocktail-02450,Missing data
Thức uống,https://www.dienmayxanh.com/vao-bep/2-cach-lam-caramel-macchiato-ngot-thom-beo-ngay-13873,Invalid slug
Thức uống,https://www.dienmayxanh.com/vao-bep/3-cach-lam-tra-gao-lut-giam-can-dep-da-don-gian-tai-nha-01655,Invalid slug
Thức uống,https://www.dienmayxanh.com/vao-bep/2-cach-lam-sua-hat-phi-thom-beo-don-gian-tot-cho-suc-khoe-05637,Invalid slug
Thức uống,https://www.dienmayxanh.com/vao-bep/3-cach-lam-soda-xoai-mango-soda-ngot-thanh-tuoi-mat-danh-bay-14278,Invalid slug
Thức uống,https://www.dienmayxanh.com/vao-bep/2-cach-lam-tra-nhan-o-long-va-tra-nhan-hat-chia-ngot-thanh-10334,Invalid slug
Thức uống,https://www.dienmayxanh.com/vao-bep/tong-hop-10-cach-lam-cac-loai-do-uong-tu-matcha-thom-ngon-don-11566,Invalid slug
Thức uống,https://www.dienmayxanh.com/vao-bep/2-cach-pha-cocktail-pisco-sour-tru-danh-thom-nong-chuan-vi-co-14519,Invalid slug
Thức uống,https://www.dienmayxanh.com/vao-bep/2-cach-pha-tra-chanh-hong-kong-va-tra-chanh-hoa-dau-biec-vo-10120,Invalid slug
Thức uống,https://www.dienmayxanh.com/vao-bep/tong-hop-cac-loai-nuoc-ep-tot-cho-da-mun-thom-ngon-tu-may-ep-19226,Invalid slug
Thức uống,https://www.dienmayxanh.com/vao-bep/2-cach-lam-nuoc-ep-kiwi-thom-ngon-bo-duong-02543,Invalid slug
Thức uống,https://www.dienmayxanh.com/vao-bep/2-cach-lam-nuoc-le-thanh-mat-tot-cho-co-hong-giup-tang-suc-de-12158,Invalid slug
Thức uống,https://www.dienmayxanh.com/vao-bep/2-cach-nau-nuoc-la-sen-kho-va-tuoi-thanh-mat-bu-nuoc-co-the-08924,Invalid slug
Thức uống,https://www.dienmayxanh.com/vao-bep/2-cach-lam-sinh-to-viet-quat-thom-ngon-dinh-duong-ngay-tai-14341,Invalid slug
Thức uống,https://www.dienmayxanh.com/vao-bep/2-cach-pha-sua-tuoi-viet-quat-chua-ngot-thanh-mat-cuc-don-11312,Invalid slug
Thức uống,https://www.dienmayxanh.com/vao-bep/2-cach-lam-sinh-to-le-ki-ma-lekima-qua-trung-ga-beo-ngay-thom-15161,Invalid slug
Thức uống,https://www.dienmayxanh.com/vao-bep/3-cach-lam-nuoc-ep-dua-ngot-mat-tot-cho-suc-khoe-00054,Invalid slug
Thức uống,https://www.dienmayxanh.com/vao-bep/4-cach-lam-sinh-to-can-tay-giam-can-dep-da-tot-cho-suc-khoe-08775,Invalid slug
Thức uống,https://www.dienmayxanh.com/vao-bep/2-cach-lam-cheese-ball-topping-tra-sua-beo-ngay-thom-ngon-voi-22651,Invalid slug
Thức uống,https://www.dienmayxanh.com/vao-bep/4-cach-lam-nuoc-ep-tao-ngon-don-gian-tai-nha-01954,Invalid slug
Thức uống,https://www.dienmayxanh.com/vao-bep/2-cach-lam-mojito-viet-quat-blueberry-mojito-don-gian-giai-08573,Invalid slug
Thức uống,https://www.dienmayxanh.com/vao-bep/2-cach-lam-nuoc-ep-vai-thieu-thom-ngon-thanh-dam-ha-nhiet-co-09821,Invalid slug
Thức uống,https://www.dienmayxanh.com/vao-bep/2-cach-pha-da-me-ngon-don-gian-tai-nha-bang-may-xay-sinh-to-22426,Invalid slug
Thức uống,https://www.dienmayxanh.com/vao-bep/2-cach-lam-nuoc-ep-dau-tay-dua-hau-va-dua-leo-tao-dep-da-00686,Invalid slug
Thức uống,https://www.dienmayxanh.com/vao-bep/7-cach-lam-smoothie-bowl-don-gian-dinh-duong-cho-buoi-sang-01744,Invalid slug
Thức uống,https://www.dienmayxanh.com/vao-bep/6-cach-lam-bi-dao-giam-can-cao-bi-dao-dep-da-an-toan-tai-nha-01665,Invalid slug
Thức uống,https://www.dienmayxanh.com/vao-bep/top-6-may-xay-sinh-to-philips-cong-suat-lon-tai-dien-may-xanh-22072,Missing data
Thức uống,https://www.dienmayxanh.com/vao-bep/tong-hop-10-cach-lam-tra-trai-cay-tuoi-mat-lanh-thanh-nhiet-11152,Invalid slug
Thức uống,https://www.dienmayxanh.com/vao-bep/12-cong-thuc-nuoc-ep-trai-cay-giup-tre-hoa-lan-da-01581,Missing data
Thức uống,https://www.dienmayxanh.com/vao-bep/2-cach-lam-tra-sua-yakult-chua-ngot-thom-ngon-la-vi-cuc-da-15747,Invalid slug
Thức uống,https://www.dienmayxanh.com/vao-bep/tong-hop-12-cach-lam-trai-cay-ngam-duong-ngon-tuyet-hao-an-la-11092,Invalid slug
Thức uống,https://www.dienmayxanh.com/vao-bep/2-cach-lam-sua-dau-xanh-la-dua-bo-duong-don-gian-ai-cung-me-11126,Invalid slug
Thức uống,https://www.dienmayxanh.com/vao-bep/2-cach-pha-tra-long-nhan-tac-va-tra-long-nhan-o-long-thom-10396,Invalid slug
Thức uống,https://www.dienmayxanh.com/vao-bep/5-cach-pha-che-cocktail-mojito-tai-nha-giup-bo-sung-vitamin-14812,Invalid slug
Thức uống,https://www.dienmayxanh.com/vao-bep/tong-hop-cac-loai-nuoc-ep-can-tay-tu-may-ep-cham-tot-cho-suc-19452,Invalid slug
Thức uống,https://www.dienmayxanh.com/vao-bep/4-cach-lam-sinh-to-bo-sua-00949,Invalid slug
Thức uống,https://www.dienmayxanh.com/vao-bep/3-cach-lam-nuoc-ep-buoi-ngon-khong-dang-cuc-ky-02150,Invalid slug
Thức uống,https://www.dienmayxanh.com/vao-bep/cach-lam-sua-lac-bang-may-xay-sinh-to-00494,Missing data
Thức uống,https://www.dienmayxanh.com/vao-bep/4-cach-nau-sua-hat-dieu-bang-may-lam-sua-hat-tai-nha-cuc-de-22688,Invalid slug
Thức uống,https://www.dienmayxanh.com/vao-bep/3-cach-lam-sua-chuoi-thom-ngon-bo-duong-don-gian--01984,Invalid slug
Thức uống,https://www.dienmayxanh.com/vao-bep/2-cach-pha-tra-kiwi-chua-ngot-thanh-mat-giai-nhiet-cuc-da-13765,Invalid slug
Thức uống,https://www.dienmayxanh.com/vao-bep/3-cach-lam-sinh-to-matcha-thom-ngon-kho-cuong-ngay-tai-nha-04168,Invalid slug
Thức uống,https://www.dienmayxanh.com/vao-bep/4-cach-lam-frappuccino-ngon-ngot-mat-lanh-chuan-vi-starbucks-14906,Invalid slug
Thức uống,https://www.dienmayxanh.com/vao-bep/tong-hop-12-cach-lam-siro-trai-cay-tuoi-mat-don-gian-giai-12044,Invalid slug
Thức uống,https://www.dienmayxanh.com/vao-bep/2-cach-lam-socola-bac-ha-ngon-mat-ngot-thom-giai-nhiet-cuc-da-15641,Invalid slug
Thức uống,https://www.dienmayxanh.com/vao-bep/3-cach-lam-sua-hanh-nhan-hanh-nhan-oc-cho-hanh-nhan-yen-mach-09273,Invalid slug
Thức uống,https://www.dienmayxanh.com/vao-bep/tong-hop-9-cach-ep-hoa-qua-bang-may-ep-cham-bo-duong-don-gian-16107,Invalid slug
Thức uống,https://www.dienmayxanh.com/vao-bep/7-cach-lam-sinh-to-dau-tay-don-gian-mat-lanh-dep-da-08319,Invalid slug
Thức uống,https://www.dienmayxanh.com/vao-bep/nhung-bi-an-ve-strongbow-khien-ban-phai-bat-ngo-06472,Missing data
Thức uống,https://www.dienmayxanh.com/vao-bep/tong-hop-14-cach-lam-trai-cay-ngam-ruou-dam-da-huong-vi-thom-10848,Invalid slug
Thức uống,https://www.dienmayxanh.com/vao-bep/2-cach-lam-tra-vai-dua-hau-va-tra-vai-nha-dam-ngot-lim-thanh-10981,Invalid slug
Thức uống,https://www.dienmayxanh.com/vao-bep/tong-hop-cac-loai-chanh-cach-chon-mua-va-cach-bao-quan-chanh-05601,Invalid slug
Thức uống,https://www.dienmayxanh.com/vao-bep/tong-hop-15-cach-che-bien-cac-mon-an-tu-vai-ngon-mieng-thanh-10094,Invalid slug
Thức uống,https://www.dienmayxanh.com/vao-bep/2-cach-lam-mojito-buoi-chanh-va-buoi-mat-ong-giai-nhiet-tot-04171,Invalid slug
Thức uống,https://www.dienmayxanh.com/vao-bep/2-cach-lam-siro-hung-chanh-tri-ho-tieu-dom-hieu-qua-cho-be-08898,Invalid slug
Thức uống,https://www.dienmayxanh.com/vao-bep/4-cach-lam-sinh-to-thom-dua-sua-chua-thom-ngon-va-ho-tro-giam-09768,Invalid slug
Thức uống,https://www.dienmayxanh.com/vao-bep/2-cach-lam-sinh-to-dao-giam-can-hieu-qua-va-ngon-khong-tuong-09969,Invalid slug
Thức uống,https://www.dienmayxanh.com/vao-bep/2-cach-lam-nuoc-ep-so-ri-tot-cho-suc-khoe-thom-ngon-thanh-mat-09915,Invalid slug
Thức uống,https://www.dienmayxanh.com/vao-bep/3-cach-lam-sinh-to-sapoche-don-gian-ngot-mat-day-dinh-duong-04406,Invalid slug
Thức uống,https://www.dienmayxanh.com/vao-bep/3-cach-lam-sinh-to-may-bong-benh-dep-mat-don-gian-tai-nha-05400,Invalid slug
Thức uống,https://www.dienmayxanh.com/vao-bep/2-cach-lam-soda-hoa-dau-biec-doi-mau-dep-mat-ngot-mat-giai-04632,Invalid slug
Thức uống,https://www.dienmayxanh.com/vao-bep/2-cach-lam-sinh-to-ngu-coc-xay-thom-beo-bo-duong-giup-tang-15728,Invalid slug
Thức uống,https://www.dienmayxanh.com/vao-bep/2-cach-lam-soda-nho-thanh-mat-giai-nhiet-mua-he-02781,Invalid slug
Sinh tố,https://www.dienmayxanh.com/vao-bep/2-cach-lam-sinh-to-bo-mang-cau-thom-beo-chua-ngon-hap-dan-12828,Invalid slug
Sinh tố,https://www.dienmayxanh.com/vao-bep/3-cach-lam-sinh-to-bong-cai-xanh-sup-lo-xanh-giup-giam-can-11614,Invalid slug
Sinh tố,https://www.dienmayxanh.com/vao-bep/2-cach-lam-sinh-to-hoa-dau-biec-dep-mat-la-mieng-don-gian-tai-14063,Invalid slug
Sinh tố,https://www.dienmayxanh.com/vao-bep/2-cach-lam-sinh-to-bap-ngo-thom-ngon-bo-duong-don-gian-tai-12334,Invalid slug
Sinh tố,https://www.dienmayxanh.com/vao-bep/2-cach-lam-sinh-to-dua-le-ngot-thanh-mat-lanh-giai-nhiet-ngay-13061,Invalid slug
Sinh tố,https://www.dienmayxanh.com/vao-bep/3-mon-sinh-to-giai-khat-cuc-da-tri-ngua-mun-hieu-qua-00989,Missing data
Sinh tố,https://www.dienmayxanh.com/vao-bep/3-cach-lam-sinh-to-nhan-nhan-chuoi-va-nhan-vai-ngot-lim-thom-12618,Invalid slug
Sinh tố,https://www.dienmayxanh.com/vao-bep/2-cach-lam-sinh-to-mit-thom-ngon-ngot-ngao-don-gian-tai-nha-11459,Invalid slug
Sinh tố,https://www.dienmayxanh.com/vao-bep/tong-hop-15-cach-lam-cac-loai-sinh-to-giam-can-de-uong-don-11488,Invalid slug
Sinh tố,https://www.dienmayxanh.com/vao-bep/3-cach-lam-sinh-to-sua-chua-thom-ngon-mat-lanh-tai-nha-14587,Invalid slug
Sinh tố,https://www.dienmayxanh.com/vao-bep/3-cach-lam-sinh-to-pho-mai-beo-ngay-ngot-ngao-ca-nha-deu-11829,Invalid slug
Sinh tố,https://www.dienmayxanh.com/vao-bep/2-cach-lam-sinh-to-mang-cut-va-mang-cut-thanh-long-do-tuoi-14239,Invalid slug
Sinh tố,https://www.dienmayxanh.com/vao-bep/2-cach-lam-sinh-to-du-du-cho-be-an-dam-ho-tro-tang-can-ma-me-14627,Invalid slug
Sinh tố,https://www.dienmayxanh.com/vao-bep/3-cach-lam-sinh-to-ca-chua-ngot-mat-dep-da-bo-duong-tai-nha-04313,Invalid slug
Sinh tố,https://www.dienmayxanh.com/vao-bep/2-cach-lam-sinh-to-chom-chom-ngot-lim-ngon-tuyet-don-gian-tai-14161,Invalid slug
Sinh tố,https://www.dienmayxanh.com/vao-bep/3-cach-lam-sinh-to-nha-dam-mat-lanh-de-uong-giai-nhiet-co-the-12924,Invalid slug
Sinh tố,https://www.dienmayxanh.com/vao-bep/3-cach-lam-sinh-to-nho-den-nho-do-tuoi-mat-ngot-ngao-ai-cung-11188,Invalid slug
Sinh tố,https://www.dienmayxanh.com/vao-bep/3-cach-lam-sinh-to-buoi-ngot-thanh-tuoi-mat-tot-cho-suc-khoe-12477,Invalid slug
Sinh tố,https://www.dienmayxanh.com/vao-bep/3-cach-lam-sinh-to-ot-chuong-giam-can-thom-ngon-de-uong-cuc-12104,Invalid slug
Sinh tố,https://www.dienmayxanh.com/vao-bep/3-cach-lam-sinh-to-qua-sung-my-ngot-thom-nhieu-vitamin-tot-15772,Invalid slug
Sinh tố,https://www.dienmayxanh.com/vao-bep/tong-hop-12-cach-lam-cac-loai-sinh-to-rau-xanh-giam-can-dep-22174,Invalid slug
Sinh tố,https://www.dienmayxanh.com/vao-bep/2-cach-lam-sinh-to-oreo-ngot-ngao-thom-beo-ho-tro-tang-can-12088,Invalid slug
Sinh tố,https://www.dienmayxanh.com/vao-bep/2-cach-lam-sinh-to-hat-sen-bi-do-va-hat-sen-tra-xanh-beo-min-14408,Invalid slug
Sinh tố,https://www.dienmayxanh.com/vao-bep/2-cach-lam-sinh-to-me-den-vung-den-thom-lung-bui-ngay-thom-12145,Invalid slug
Sinh tố,https://www.dienmayxanh.com/vao-bep/4-cach-lam-sinh-to-bi-dao-thom-ngon-thanh-mat-ho-tro-giam-can-12349,Invalid slug
Sinh tố,https://www.dienmayxanh.com/vao-bep/3-cach-lam-sinh-to-bo-cho-be-an-dam-giup-con-mau-lon-me-yen-14814,Invalid slug
Sinh tố,https://www.dienmayxanh.com/vao-bep/3-cach-lam-sinh-to-khoai-lang-tim-ngot-bui-thom-beo-day-dinh-04352,Invalid slug
Sinh tố,https://www.dienmayxanh.com/vao-bep/2-cach-lam-sinh-to-bac-ha-the-mat-thom-ngon-giai-nhiet-cuc-15845,Invalid slug
Trà sữa,https://www.dienmayxanh.com/vao-bep/2-cach-lam-bot-tra-xanh-tu-tra-tuoi-va-tra-kho-02617,Invalid slug
Trà sữa,https://www.dienmayxanh.com/vao-bep/2-cach-lam-tra-sua-sot-khoai-mon-va-tra-sua-khoai-mon-dau-do-11751,Invalid slug
Trà sữa,https://www.dienmayxanh.com/vao-bep/2-cach-lam-tran-chau-bang-banh-trang-thom-ngon-la-vi-an-la-12633,Invalid slug
Trà sữa,https://www.dienmayxanh.com/vao-bep/3-cach-lam-tra-sua-hoang-gia-am-nong-thom-ngon-cho-ngay-tro-15049,Invalid slug
Trà sữa,https://www.dienmayxanh.com/vao-bep/2-cach-lam-tra-sua-okinawa-thom-ngon-chuan-vi-don-gian-tai-13307,Invalid slug
Trà sữa,https://www.dienmayxanh.com/vao-bep/topping-la-gi-cach-lam-cac-loai-topping-tra-sua-quen-thuoc-01147,Missing data
Trà sữa,https://www.dienmayxanh.com/vao-bep/2-cach-lam-tra-sua-khoai-lang-tim-thom-beo-ngot-ngao-cuc-la-12478,Invalid slug
Trà sữa,https://www.dienmayxanh.com/vao-bep/2-cach-pha-tra-sua-mat-ong-thom-beo-ngot-diu-ai-cung-thuc-12701,Invalid slug
Trà sữa,https://www.dienmayxanh.com/vao-bep/cach-lam-cac-loai-topping-tra-sua-moi-nhat-thom-ngon-don-gian-15245,Missing data
Trà sữa,https://www.dienmayxanh.com/vao-bep/2-cach-lam-tra-sua-dua-luoi-thom-beo-hap-dan-cuc-don-gian-14766,Invalid slug
Trà sữa,https://www.dienmayxanh.com/vao-bep/2-cach-lam-tra-sua-gao-rang-nuoc-cot-dua-va-hoa-dau-biec-ngot-09372,Invalid slug
Trà sữa,https://www.dienmayxanh.com/vao-bep/2-cach-lam-tra-sua-tiramisu-kem-va-tra-sua-tiramisu-kem-pho-12255,Invalid slug
Trà sữa,https://www.dienmayxanh.com/vao-bep/3-cach-lam-tra-sua-dau-thom-ngon-hap-dan-cuc-ky-de-lam-11716,Invalid slug
Trà sữa,https://www.dienmayxanh.com/vao-bep/2-cach-lam-topping-khuc-bach-pho-mai-tuoi-va-pho-mai-man-bang-22675,Invalid slug
Trà sữa,https://www.dienmayxanh.com/vao-bep/tong-hop-27-cach-lam-tra-sua-thom-beo-hap-dan-don-gian-tai-12543,Invalid slug
Trà sữa,https://www.dienmayxanh.com/vao-bep/2-cach-lam-tra-sua-dau-do-thom-beo-la-mieng-uong-thu-la-thich-12897,Invalid slug
Trà sữa,https://www.dienmayxanh.com/vao-bep/tong-hop-12-cach-lam-tran-chau-don-gian-cho-mon-tra-sua-them-12526,Invalid slug
Trà sữa,https://www.dienmayxanh.com/vao-bep/3-cach-lam-tra-sua-long-nhan-dac-biet-thom-ngon-la-ai-cung-me-12235,Invalid slug
Trà sữa,https://www.dienmayxanh.com/vao-bep/2-cach-lam-thach-aiyu-dai-loan-nung-ninh-don-gian-tai-nha-14702,Invalid slug
Trà sữa,https://www.dienmayxanh.com/vao-bep/2-cach-lam-tra-sua-socola-dam-vi-thom-ngon-cuc-don-gian-tai-12552,Invalid slug
Trà sữa,https://www.dienmayxanh.com/vao-bep/2-cach-lam-tra-sua-bap-ngo-thom-beo-la-mieng-ca-nha-deu-thich-12020,Invalid slug
Trà sữa,https://www.dienmayxanh.com/vao-bep/2-cach-lam-tra-sua-thach-matcha-tra-xanh-thom-ngon-don-gian-13483,Invalid slug
Nước ép,https://www.dienmayxanh.com/vao-bep/2-cach-lam-nuoc-ep-mit-ngot-lim-thom-mat-moi-la-doi-vi-ngay-15445,Invalid slug
Nước ép,https://www.dienmayxanh.com/vao-bep/2-cach-lam-nuoc-ep-dao-nuoc-dao-giam-can-giai-khat-thanh-loc-09966,Invalid slug
Nước ép,https://www.dienmayxanh.com/vao-bep/2-cach-lam-nuoc-ep-luu-bang-tay-khong-can-may-nguyen-chat-cuc-12606,Invalid slug
Nước ép,https://www.dienmayxanh.com/vao-bep/2-cach-lam-nuoc-ep-rau-xa-lach-giup-thanh-loc-co-the-ho-tro-12570,Invalid slug
Nước ép,https://www.dienmayxanh.com/vao-bep/2-cach-lam-nuoc-ep-viet-quat-vi-chua-ngot-thanh-mat-giai-15026,Invalid slug
Nước ép,https://www.dienmayxanh.com/vao-bep/2-cach-lam-nuoc-ep-cherry-chua-ngot-mat-lanh-cuc-don-gian-tai-11314,Invalid slug
Nước ép,https://www.dienmayxanh.com/vao-bep/2-cach-lam-nuoc-ep-rau-bina-cai-bo-xoi-giai-khat-cho-ngay-09769,Invalid slug
Nước ép,https://www.dienmayxanh.com/vao-bep/3-cach-lam-nuoc-ep-kho-qua-giam-can-dep-da-tot-cho-suc-khoe-12082,Invalid slug
Nước ép,https://www.dienmayxanh.com/vao-bep/2-cach-lam-nuoc-ep-gac-tuoi-thanh-mat-nhieu-vitamin-tot-cho-14589,Invalid slug
Nước ép,https://www.dienmayxanh.com/vao-bep/2-cach-lam-nuoc-ep-chom-chom-ngot-lim-thanh-mat-giai-nhiet-14247,Invalid slug
Nước ép,https://www.dienmayxanh.com/vao-bep/tong-hop-7-cach-lam-nuoc-ep-buoi-giup-giu-dang-dep-da-giai-17517,Invalid slug
Nước ép,https://www.dienmayxanh.com/vao-bep/2-cach-lam-nuoc-ep-dau-que-dau-co-ve-thanh-mat-giai-nhiet-tot-12578,Invalid slug
Nước ép,https://www.dienmayxanh.com/vao-bep/5-cach-lam-nuoc-ep-cu-cai-trang-ho-tro-giam-can-dep-da-don-13101,Invalid slug
Nước ép,https://www.dienmayxanh.com/vao-bep/4-cach-lam-nuoc-ep-oi-bang-may-xay-sinh-to-don-gian-tai-nha-13813,Invalid slug
Nước ép,https://www.dienmayxanh.com/vao-bep/2-cach-lam-nuoc-ep-bap-cai-trang-tuoi-mat-nhieu-vitamin-tot-11629,Invalid slug
Nước ép,https://www.dienmayxanh.com/vao-bep/2-cach-lam-nuoc-ep-bo-cong-anh-thanh-mat-tot-cho-suc-khoe-13827,Invalid slug
Nước ép,https://www.dienmayxanh.com/vao-bep/2-cach-lam-nuoc-ep-du-du-ngot-thanh-la-mieng-tot-cho-suc-khoe-11819,Invalid slug
Nước ép,https://www.dienmayxanh.com/vao-bep/4-cach-lam-nuoc-ep-nam-viet-quat-cranberry-chua-ngot-giai-12835,Invalid slug
Nước ép,https://www.dienmayxanh.com/vao-bep/3-cach-lam-nuoc-ep-tao-khong-can-may-nhanh-gon-ma-van-thom-14098,Invalid slug
Nước ép,https://www.dienmayxanh.com/vao-bep/2-cach-lam-tra-hoa-dau-biec-sac-mau-galaxy-00986,Invalid slug
Nước ép,https://www.dienmayxanh.com/vao-bep/3-cach-lam-nuoc-ep-chanh-day-chua-ngot-thom-ngon-mat-lanh-13680,Invalid slug
Nước ép,https://www.dienmayxanh.com/vao-bep/2-cach-lam-nuoc-ep-xuong-rong-chua-ngot-la-mieng-uong-thu-la-14129,Invalid slug
Món tráng miệng,https://www.dienmayxanh.com/vao-bep/2-cach-lam-thach-flan-thom-beo-deo-mem-nung-ninh-an-cuc-me-15293,Invalid slug
Món tráng miệng,https://www.dienmayxanh.com/vao-bep/2-cach-lam-patbingsu-bingsu-dau-do-va-injeolmi-bingsu-mat-14102,Invalid slug
Món tráng miệng,https://www.dienmayxanh.com/vao-bep/2-cach-lam-thach-tra-sua-thai-deo-mem-thom-ngon-cuc-hap-dan-13088,Invalid slug
Món tráng miệng,https://www.dienmayxanh.com/vao-bep/sau-rieng-lam-mon-gi-tong-hop-25-mon-ngon-tu-sau-rieng-sieu-10040,Invalid slug
Món tráng miệng,https://www.dienmayxanh.com/vao-bep/2-cach-lam-sua-chua-dua-chua-ngot-thanh-mat-trang-mieng-ai-15230,Invalid slug
Món tráng miệng,https://www.dienmayxanh.com/vao-bep/2-cach-lam-thach-san-day-nau-che-an-trang-mieng-thom-ngon-don-14170,Invalid slug
Món tráng miệng,https://www.dienmayxanh.com/vao-bep/3-cach-lam-sua-chua-hat-dac-chanh-day-thom-dua-hoa-dau-biec-12392,Invalid slug
Món tráng miệng,https://www.dienmayxanh.com/vao-bep/2-cach-u-sua-chua-bang-lo-nuong-deo-min-don-gian-thom-ngon-15836,Invalid slug
Món tráng miệng,https://www.dienmayxanh.com/vao-bep/tong-hop-6-cach-lam-sua-chua-sanh-min-bang-noi-com-dien-cuc-14894,Invalid slug
Món tráng miệng,https://www.dienmayxanh.com/vao-bep/tong-hop-20-cach-lam-sua-chua-thom-ngon-don-gian-tai-nha-cho-10218,Invalid slug
Món tráng miệng,https://www.dienmayxanh.com/vao-bep/2-cach-lam-thach-rau-cau-bi-do-thom-ngon-la-mieng-cuc-don-10007,Invalid slug
Món tráng miệng,https://www.dienmayxanh.com/vao-bep/3-cach-lam-vang-sua-cho-be-yeu-tang-can-chong-lon-don-gian-10180,Invalid slug
Món tráng miệng,https://www.dienmayxanh.com/vao-bep/2-cach-lam-sua-chua-dua-hau-mat-lanh-giai-nhiet-ngay-nang-11705,Invalid slug
Món tráng miệng,https://www.dienmayxanh.com/vao-bep/2-cach-lam-thach-cuon-marshmallow-va-thach-tao-chanh-day-dep-04290,Invalid slug
Món tráng miệng,https://www.dienmayxanh.com/vao-bep/2-cach-lam-dua-gang-dam-mat-lanh-giai-nhiet-don-gian-nhanh-12863,Invalid slug
Món tráng miệng,https://www.dienmayxanh.com/vao-bep/2-cach-lam-rau-cau-la-dua-sua-tuoi-va-sua-dau-nanh-thanh-mat-09967,Invalid slug
Món tráng miệng,https://www.dienmayxanh.com/vao-bep/tong-hop-15-cach-lam-pudding-don-gian-beo-min-nung-ninh-cuc-10201,Invalid slug
Món tráng miệng,https://www.dienmayxanh.com/vao-bep/3-cach-lam-sua-chua-hoa-dau-biec-dep-mat-deo-min-thom-ngon-14021,Invalid slug
Món tráng miệng,https://www.dienmayxanh.com/vao-bep/2-cach-lam-sua-chua-vai-va-xoai-bang-lo-nuong-nhanh-chong-don-05337,Invalid slug
Món tráng miệng,https://www.dienmayxanh.com/vao-bep/tong-hop-10-cach-lam-cac-loai-rau-cau-ngon-ngot-mat-don-gian-09189,Invalid slug
Món tráng miệng,https://www.dienmayxanh.com/vao-bep/3-cach-lam-dua-hau-dam-sua-chua-sua-dac-soda-thanh-mat-ngot-12876,Invalid slug
Món tráng miệng,https://www.dienmayxanh.com/vao-bep/2-cach-lam-bingsu-chocolate-va-oreo-don-gian-cuc-mat-lanh-04292,Invalid slug
Món tráng miệng,https://www.dienmayxanh.com/vao-bep/2-cach-lam-rau-cau-dau-nanh-la-dua-va-cot-dua-thom-beo-moi-la-10178,Invalid slug
Món tráng miệng,https://www.dienmayxanh.com/vao-bep/2-cach-lam-dau-tay-dam-sua-chua-va-sua-dac-mat-lanh-thom-ngon-12714,Invalid slug
Món tráng miệng,https://www.dienmayxanh.com/vao-bep/2-cach-lam-bingsu-dua-hau-mua-he-tuoi-mat-cuc-don-gian-12813,Invalid slug
Món tráng miệng,https://www.dienmayxanh.com/vao-bep/2-cach-lam-tofu-pudding-pudding-dau-hu-thom-beo-hap-dan-12157,Invalid slug
Món tráng miệng,https://www.dienmayxanh.com/vao-bep/tong-hop-40-cach-lam-cac-mon-trang-mieng-dai-tiec-thom-ngon-15329,Invalid slug
Món tráng miệng,https://www.dienmayxanh.com/vao-bep/2-cach-lam-thach-rau-cau-luu-ngot-thom-deo-mem-nung-ninh-an-14862,Invalid slug
Món tráng miệng,https://www.dienmayxanh.com/vao-bep/2-cach-do-rau-cau-soi-dai-gion-sun-sut-beo-thom-don-gian-06915,Invalid slug
Món tráng miệng,https://www.dienmayxanh.com/vao-bep/tong-hop-15-cach-lam-mon-trang-mieng-mua-he-tu-xoai-thom-ngon-10048,Invalid slug
Món tráng miệng,https://www.dienmayxanh.com/vao-bep/2-cach-lam-sot-caramel-khong-bi-cung-de-trang-tri-cho-mon-05846,Invalid slug
Món tráng miệng,https://www.dienmayxanh.com/vao-bep/2-cach-lam-thach-gang-bang-bot-va-la-tuoi-mat-lim-vi-nui-rung-13455,Invalid slug
Món tráng miệng,https://www.dienmayxanh.com/vao-bep/2-cach-lam-sua-chua-dao-thom-beo-ngon-ngot-de-lam-tai-nha-11133,Invalid slug
Món tráng miệng,https://www.dienmayxanh.com/vao-bep/2-cach-lam-rau-cau-dau-xanh-la-dua-va-cot-dua-gion-ngot-don-09932,Invalid slug
Món tráng miệng,https://www.dienmayxanh.com/vao-bep/2-cach-lam-panna-cotta-ca-phe-thom-lung-dam-vi-don-gian-thom-05578,Invalid slug
Món tráng miệng,https://www.dienmayxanh.com/vao-bep/tong-hop-4-cach-lam-rau-cau-sua-tuoi-thom-ngon-dep-mat-ngay-16557,Invalid slug
Món tráng miệng,https://www.dienmayxanh.com/vao-bep/2-cach-lam-suong-sao-hat-chia-va-suong-sao-hat-chia-nuoc-cot-10546,Invalid slug
Món tráng miệng,https://www.dienmayxanh.com/vao-bep/3-cach-nau-rau-cau-nuoc-cot-dua-thom-ngon-sieu-don-gian-tai-09817,Invalid slug
Món tráng miệng,https://www.dienmayxanh.com/vao-bep/2-cach-lam-thanh-long-dam-mat-lanh-giai-nhiet-12605,Invalid slug
Món tráng miệng,https://www.dienmayxanh.com/vao-bep/2-cach-lam-rau-cau-la-dua-cot-dua-dai-gion-thom-beo-ai-cung-10005,Invalid slug
Món tráng miệng,https://www.dienmayxanh.com/vao-bep/2-cach-lam-xoi-vi-hoa-dau-biec-bat-mat-hap-dan-thom-ngon-don-09306,Invalid slug
Món tráng miệng,https://www.dienmayxanh.com/vao-bep/2-cach-lam-suong-sao-sua-tuoi-va-suong-sao-sua-tuoi-duong-den-10775,Invalid slug
Món tráng miệng,https://www.dienmayxanh.com/vao-bep/2-cach-lam-thach-rau-cau-ruou-va-trai-cay-tuoi-thanh-mat-thom-08131,Invalid slug
Món tráng miệng,https://www.dienmayxanh.com/vao-bep/tong-hop-8-cach-lam-thach-trai-cay-ngon-dep-mat-giai-nhiet-10137,Invalid slug
Món tráng miệng,https://www.dienmayxanh.com/vao-bep/2-cach-lam-mut-mo-ngon-don-gian-ai-cung-lam-duoc-13879,Invalid slug
Món tráng miệng,https://www.dienmayxanh.com/vao-bep/2-cach-lam-panna-cotta-caramel-ngot-ngao-mem-min-tan-ngay-11685,Invalid slug
Món tráng miệng,https://www.dienmayxanh.com/vao-bep/2-cach-lam-thach-mat-ong-honey-jelly-dai-ngon-ngot-ngao-13023,Invalid slug
Món tráng miệng,https://www.dienmayxanh.com/vao-bep/2-cach-lam-rau-cau-chanh-day-sua-chua-va-rau-cau-chanh-day-09823,Invalid slug
Món khô - mắm,https://www.dienmayxanh.com/vao-bep/3-cach-lam-dua-leo-muoi-gion-ngon-don-gian-ai-cung-lam-duoc-01587,Invalid slug
Món khô - mắm,https://www.dienmayxanh.com/vao-bep/2-cach-lam-mam-thai-ca-loc-du-du-thom-ngon-hap-dan-an-la-11802,Invalid slug
Món khô - mắm,https://www.dienmayxanh.com/vao-bep/cach-lam-mau-thuc-pham-don-gian-an-toan-bang-cac-nguyen-lieu-03711,Missing data
Món khô - mắm,https://www.dienmayxanh.com/vao-bep/5-cach-lam-giam-man-ca-kho-don-gian-de-lam-hieu-qua-nhat-18350,Invalid slug
Món khô - mắm,https://www.dienmayxanh.com/vao-bep/may-xay-ruoc-nao-tot-cho-gia-dinh-top-4-may-xay-ruoc-chat-23555,Missing data
Món khô - mắm,https://www.dienmayxanh.com/vao-bep/huong-dan-lam-mon-tom-lui-ca-mau-mon-ngon-doc-la-vung-dat-mui-19065,Invalid slug
Món khô - mắm,https://www.dienmayxanh.com/vao-bep/3-cach-lam-ca-kho-rim-toi-ot-sieu-dam-da-sieu-bat-com-15205,Invalid slug
Món khô - mắm,https://www.dienmayxanh.com/vao-bep/2-cach-lam-mam-ruoc-chung-thit-va-thit-trung-thom-ngon-hop-vi-09210,Invalid slug
Món khô - mắm,https://www.dienmayxanh.com/vao-bep/3-cach-lam-me-chua-nhanh-khong-bi-moc-cuc-de-03101,Invalid slug
Món khô - mắm,https://www.dienmayxanh.com/vao-bep/2-cach-lam-mam-ca-chot-tron-toi-ot-bat-com-don-gian-ai-cung-12231,Invalid slug
Món khô - mắm,https://www.dienmayxanh.com/vao-bep/2-cach-lam-ot-chung-ot-chung-ho-nam-cay-nong-thom-ngon-nho-23028,Invalid slug
Món khô - mắm,https://www.dienmayxanh.com/vao-bep/tong-hop-5-cach-lam-mam-ca-nuoc-ngot-hap-dan-thom-ngon-kho-12623,Invalid slug
Món khô - mắm,https://www.dienmayxanh.com/vao-bep/2-cach-lam-nhut-mit-mit-muoi-thom-ngon-hap-dan-don-gian-tai-13548,Invalid slug
Món khô - mắm,https://www.dienmayxanh.com/vao-bep/balsamic-vinegar-giam-balsamic-la-gi-tac-dung-cua-giam-06035,Missing data
Món khô - mắm,https://www.dienmayxanh.com/vao-bep/2-cach-lam-kho-ga-bo-toi-thom-lung-hap-dan-an-la-ghien-12024,Invalid slug
Món khô - mắm,https://www.dienmayxanh.com/vao-bep/tong-hop-7-cach-lam-cac-loai-kho-ngon-don-gian-de-lau-du-tru-12369,Invalid slug
Món khô - mắm,https://www.dienmayxanh.com/vao-bep/2-cach-lam-ruoc-tom-cuc-ngon-tre-em-nguoi-lon-deu-me-01540,Invalid slug
Món khô - mắm,https://www.dienmayxanh.com/vao-bep/2-cach-lam-chan-gio-ngam-mam-thom-ngon-hap-dan-de-lam-cho-ca-13260,Invalid slug
Món khô - mắm,https://www.dienmayxanh.com/vao-bep/2-cach-lam-sung-ngam-mam-de-lam-don-gian-an-la-ghien-14257,Invalid slug
Món khô - mắm,https://www.dienmayxanh.com/vao-bep/2-cach-lam-sau-ngam-mam-toi-ot-cuc-ngon-cham-rau-01663,Invalid slug
Món khô - mắm,https://www.dienmayxanh.com/vao-bep/tong-hop-8-cach-lam-mam-chung-don-gian-thom-ngon-bat-com-cho-12114,Invalid slug
Món khô - mắm,https://www.dienmayxanh.com/vao-bep/2-cach-lam-banh-pho-dai-mem-thom-ngon-don-gian-tai-02601,Invalid slug
Món khô - mắm,https://www.dienmayxanh.com/vao-bep/tong-hop-28-cach-ngam-nuoc-mam-thom-ngon-don-gian-hap-dan-ai-15163,Invalid slug
Món khô - mắm,https://www.dienmayxanh.com/vao-bep/2-cach-lam-ba-chi-mot-nang-du-tru-mua-dich-thom-ngon-ai-cung-11455,Invalid slug
Món khô - mắm,https://www.dienmayxanh.com/vao-bep/2-cach-lam-kho-ca-tre-hap-dan-thom-ngon-moi-la-an-la-ghien-13290,Invalid slug
Món cuốn - trộn,https://www.dienmayxanh.com/vao-bep/2-cach-lam-nuoc-cham-banh-trang-cuon-thit-heo-ngon-dam-da-14656,Invalid slug
Món cuốn - trộn,https://www.dienmayxanh.com/vao-bep/tong-hop-10-cach-lam-ca-nuong-cuon-banh-trang-ngon-thom-lung-14749,Invalid slug
Món cuốn - trộn,https://www.dienmayxanh.com/vao-bep/tong-hop-cac-loai-rau-an-bun-dau-mam-tom-dung-chuan-cho-mon-23524,Invalid slug
Món cuốn - trộn,https://www.dienmayxanh.com/vao-bep/2-cach-lam-mi-tron-rau-cu-thom-ngon-hap-dan-va-don-gian-tai-14028,Invalid slug
Món cuốn - trộn,https://www.dienmayxanh.com/vao-bep/2-cach-lam-bun-nem-nuong-thom-ngon-hap-dan-de-lam-chuan-vi-13210,Invalid slug
Món cuốn - trộn,https://www.dienmayxanh.com/vao-bep/tong-hop-15-cach-lam-mi-tron-don-gian-ngon-hap-dan-dam-da-de-12329,Invalid slug
Món cuốn - trộn,https://www.dienmayxanh.com/vao-bep/2-cach-lam-com-tron-ca-ngu-sot-mayonnaise-va-sot-ca-ngu-don-15048,Invalid slug
Món cuốn - trộn,https://www.dienmayxanh.com/vao-bep/3-cach-lam-sushi-cuon-bo-la-mieng-hap-dan-cuc-don-gian-10915,Invalid slug
Món cuốn - trộn,https://www.dienmayxanh.com/vao-bep/tong-hop-cac-nguyen-lieu-lam-pho-cuon-day-du-chuan-vi-ha-noi-23528,Invalid slug
Món cuốn - trộn,https://www.dienmayxanh.com/vao-bep/3-cach-lam-banh-da-tron-thom-ngon-la-mieng-doi-vi-cho-bua-an-09662,Invalid slug
Món cuốn - trộn,https://www.dienmayxanh.com/vao-bep/2-cach-lam-vo-banh-trang-cuon-cha-gio-don-gian-an-toan-04602,Invalid slug
Món cuốn - trộn,https://www.dienmayxanh.com/vao-bep/2-cach-pha-nuoc-cham-pho-cuon-dam-da-ngon-de-lam-chuan-vi-14117,Invalid slug
Món cuốn - trộn,https://www.dienmayxanh.com/vao-bep/3-cach-lam-mit-tron-da-nang-sieu-ngon-chuan-vi-de-lam-tai-nha-14511,Invalid slug
Món cuốn - trộn,https://www.dienmayxanh.com/vao-bep/2-cach-lam-goi-cuon-ca-ngu-kieu-thai-va-hat-quinoa-moi-la-don-05165,Invalid slug
Món cuốn - trộn,https://www.dienmayxanh.com/vao-bep/2-cach-lam-goi-cuon-thit-ga-thanh-mat-thom-ngon-don-gian-cho-05208,Invalid slug
Món cuốn - trộn,https://www.dienmayxanh.com/vao-bep/tong-hop-8-cach-lam-goi-cuon-thom-ngon-dinh-duong-cho-ca-nha-13019,Invalid slug
Món cuốn - trộn,https://www.dienmayxanh.com/vao-bep/2-cach-lam-pho-cuon-thit-bam-sieu-ngon-hap-dan-de-lam-ngay-14646,Invalid slug
Món cuốn - trộn,https://www.dienmayxanh.com/vao-bep/tong-hop-11-cach-lam-cac-mon-trung-cuon-ngon-don-gian-bo-13202,Invalid slug
Món cuốn - trộn,https://www.dienmayxanh.com/vao-bep/2-cach-lam-bo-cuon-cai-xanh-hap-dan-de-lam-tai-nha-cho-bua-an-07269,Invalid slug
Món cuốn - trộn,https://www.dienmayxanh.com/vao-bep/2-cach-lam-xa-lach-xoong-nhat-tron-thit-bo-va-tai-heo-ngon-de-10211,Invalid slug
Món cuốn - trộn,https://www.dienmayxanh.com/vao-bep/3-cach-lam-mi-tron-muoi-ot-trung-muoi-va-kim-chi-ngon-tuyet-01781,Invalid slug
Món cuốn - trộn,https://www.dienmayxanh.com/vao-bep/tong-hop-13-cach-lam-bun-tron-ngon-don-gian-de-lam-cho-bua-14552,Invalid slug
Món cuốn - trộn,https://www.dienmayxanh.com/vao-bep/2-cach-lam-mi-soba-vit-va-nam-dui-ga-dam-da-mem-ngon-cuc-hap-04164,Invalid slug
Món cuốn - trộn,https://www.dienmayxanh.com/vao-bep/3-cach-lam-sushi-thanh-cua-ngon-mieng-de-lam-chuan-vi-nha-13143,Invalid slug
Món cuốn - trộn,https://www.dienmayxanh.com/vao-bep/2-cach-lam-goi-cuon-ca-hoi-don-gian-thanh-mat-va-dinh-duong-05262,Invalid slug
Món cuốn - trộn,https://www.dienmayxanh.com/vao-bep/2-cach-lam-mi-tron-chua-cay-thai-lan-thom-ngon-bung-vi-don-09772,Invalid slug
Món cuốn - trộn,https://www.dienmayxanh.com/vao-bep/2-cach-lam-trung-cuon-ngu-sac-ngon-mieng-dep-mat-de-lam-cho-11404,Invalid slug
