link,type_of_food,title,description,author_name,cook_time,num_of_people,calories,num_of_ingredients,ingredients,step,note,post_date,source
https://www.dienmayxanh.com/vao-bep/cach-lam-goi-du-du-tom-kho-hap-dan-don-gian-14052,Món Thịt Heo,"Cách làm gỏi đu đủ tôm khô hấp dẫn, đơn giản",Nếu bạn đang tìm mộtmón gỏivừa có thể ăn vặt vừa có thể nhâm nhi vào dịp cuối tuần nhưng lại vô cùng đơn giản và nhanh chóng thì món gỏi đu đủ tôm khô chính là món mà bạn đang tìm kiếm. Chỉ với 3 bước đơn giản bạn đã có ngay một món gỏi đu đủ chua ngọt thơm ngon ngay tại nhà! Cùng Điện máy XANHvào bếpthực hiện ngay!,,10 phút + 15 phút,Cho 4 người,,7,"['Đu đủ xanh - 1 trái', 'Tôm khô - 100 gr', 'Chanh - 1 trái', 'Rau răm - 1 ít', 'Ớt - 1 trái', 'Nước mắm - 1 muỗng canh', 'Đường - 1 muỗng canh']","['Bước 1 - Sơ chế nguyên liệu: Đu đủ mua về bạn cắt đôi, bỏ phần hạt bên trong đu đủ rồi dùng dụng cụ bào sợi, bào bên trong của trái đu đủ cho đến khi hết phần thịt. Tiếp theo, bạn cho đu đủ đã bào vào thau nước lạnh, nhồi rửa đu đủ rồi vớt ra rổ để ráo nước. Rau răm mua về bạn nhặt lấy lá, sau đó rửa sạch lại với nước rồi vớt ra để ráo. Nếu thích ăn rau răm nhỏ thì bạn có thể cắt làm đôi hoặc ba đều được nhé!', 'Bước 2 - Chiên tôm khô: Tôm khô mua về, bạn cho vào chén nước lọc, ngâm trong 10 phút, sau đó bắc chảo lên bếp, cho phần tôm khô và cả nước ngâm vào nấu sôi, luộc tôm khô cho đến khi gần cạn hết nước thì bạn cho tôm khô ra rổ để ráo nước. Bạn thêm vào chảo 1 muỗng canh dầu ăn đun sôi sau đó cho phần tôm khô vào chiên với lửa nhỏ cho đến khi tôm khô vàng và có mùi thơm thì vớt ra chén. Mẹo:', 'Tôm khô sẽ tùy theo kích cỡ lớn nhỏ mà thời gian ngâm và chiên sẽ thay đổi, nếu tôm khô loại nhỏ khoảng 1cm thì bạn ngâm 10 phút và chiên khoảng 2 - 3 phút là được.', 'Nếu tôm khô loại lớn hơn bạn có thể ngâm lâu hơn và gia tăng thời gian chiên để cho tôm khô chín vàng là được nhé!', 'Bước 3 - Trộn gỏi: Bạn cho vào chén 1 muỗng canh nước mắm, 1 muỗng canh đường và cắt nhỏ 1 trái ớt sau đó khuấy đều cho đến khi đường hòa tan hoàn toàn. Cho phần đu đủ đã sơ chế ra thau rồi bạn cho phần nước trộn đã pha, tôm khô đã chiên, rồi vắt thêm 1 trái chanh cùng rau răm vào thau, sau đó trộn đều để gia vị thấm đều các nguyên liệu là bạn có thể gắp ra đĩa thưởng thức ngay nhé!', 'Bước 4 - Thành phẩm: Gỏi đu đủ tôm khô với những nguyên liệu vô cùng đơn giản nhưng lại vô cùng ngon miệng, đu đủ giòn, tôm khô thì thơm, rất thích hợp để làm một món ăn vặt cho cả gia đình luôn bạn nhé!']","['Xem chi tiết:Cách chọn mua tôm khô chất lượng, an toàn', 'Mẹo:Bạn cũng có thể gọt vỏ đu đủ, rửa sơ với nước để loại bỏ lớp nhựa rồi cắt đôi và dùng dụng cụ bào sợi bào từ ngoài vào, cả trái đu đủ luôn nhé!', 'Mẹo:Tôm khô sẽ tùy theo kích cỡ lớn nhỏ mà thời gian ngâm và chiên sẽ thay đổi, nếu tôm khô loại nhỏ khoảng 1cm thì bạn ngâm 10 phút và chiên khoảng 2 - 3 phút là được.Nếu tôm khô loại lớn hơn bạn có thể ngâm lâu hơn và gia tăng thời gian chiên để cho tôm khô chín vàng là được nhé!', 'Xem thêm:2 cách trộn gỏi đu đủ tôm thịt và ốc tỏi tươi mát thơm ngon đơn giảnCách làm gỏi đu đủ da heo giòn ngon đổi khẩu vị tận dụng hết da heo2 cách nộm đu đủ ngon, giòn đơn giản hấp dẫn lạ miệng']",,dienmayxanh.com
https://www.dienmayxanh.com/vao-bep/2-cach-nau-lau-bo-nam-thom-ngon-de-lam-tai-nha-cho-cac-bua-10409,Món Thịt Heo,2 cách nấu lẩu bò nấm thơm ngon dễ làm tại nhà cho các bữa tiệc,"Những bữa tiệc, hội họp cùng người thân và bạn bè sẽ trở nên ấm áp và hạnh phúc hơn khi có những món ăn ngon. Hôm nay, hãy cùngvào bếpvà để Điện máy XANH mách bạn 2món lẩubò nấm cực thơm ngon để ghi điểm trong mắt mọi người nhé!",,15 phút + 40 phút + 15 phút + 40 phút,Cho 4 người,,16,"['Thịt bò - 500 gr', 'Nấm hương - 200 gr ((nấm đông cô))', 'Nấm kim châm - 200 gr', 'Nấm đùi gà - 200 gr', 'Rau cải cúc - 300 gr', 'Cải thảo - 300 gr', 'Hành tây - 1 củ', 'Rong biển Kombu - 20 gr', 'Cá bào - 20 gr', 'Tương ớt Hàn Quốc - 1 muỗng canh', 'Ớt bột Hàn Quốc - 2 muỗng canh', 'Mắm tép Hàn Quốc - 2 muỗng canh', 'Tỏi băm - 1.5 muỗng canh', 'Nước tương - 3.5 muỗng canh', 'Tiêu xay - 1/2 muỗng canh', 'Muối - 1 ít']","['Bước 1 - Sơ chế nấm và rau: Nấm kim châm mua về các bạn cắt bỏ gốc, rồi dùng tay xé nhỏ nấm. Nấm đùi gà và nấm hương gọt bỏ phần gốc. Mang nấm kim châm, nấm đùi gà và nấm hương đi ngâm với nước muối pha loãng tầm 5 - 10 phút rồi rửa lại cho sạch và để ráo. Dùng dao cắt nấm đùi gà và nấm hương thành các lát vừa ăn. Cách sơ chế nấm kim châm sạch Cải thảo mua về các bạn tách ra từng bẹ, mang ngâm với nước muối pha loãng khoảng 5 - 10 phút sau đó xả sạch lại với nước, để ráo rồi cắt miếng vừa ăn. Rau cải cúc mua về nhặt bỏ lá già và phần thân cứng (nếu có) sau đó mang đi rửa sạch với nước, để ráo sau đó cắt khúc vừa ăn. Hành tây lột vỏ, cắt múi cau sau đó dùng tay tách thành các bẹ nhỏ.', 'Dùng dao cắt bỏ phần gốc nấm vì phần này khá dai và chứa nhiều bụi bẩn, ăn không ngon.', 'Bạn nên xé nhỏ nấm rồi trước khi ngâm vào nước muối để có thể loại bỏ hết chất bẩn.', 'Bước 2 - Sơ chế và ướp bò: Cho thịt bò vào thau, thêm tiếp 2.5 muỗng canh nước tương, 1/2 muỗng canh tiêu xay, 1 muỗng canh tỏi băm vào. Mang bao tay và trộn thật đều, sau đó ướp khoảng 15 - 20 phút để cho thịt thấm gia vị.', 'Bước 3 - Nấu nước dùng: Cho 1.5 - 2 lít nước vào nồi, sau đó thêm tiếp 20gr cá bào, 20gr rong biển vào. Đặt nồi lên bếp, mở lửa lớn và nấu cho đến khi nước sôi sau đó hạ nhỏ lửa và nấu thêm 15 - 20 phút nữa cho cá và rong biển ra hết chất ngọt. Kế đến, lọc phần nước dùng qua rây để loại bỏ hết phần xác cá bào và rong biển.', 'Bước 4 - Hoàn thành: Cho vào chén 1 muỗng canh tương ớt Hàn Quốc, 2 muỗng canh ớt bột Hàn Quốc, 1 muỗng canh tỏi băm và 1/2 muỗng canh nước tương, 2 muỗng canh mắm tép Hàn Quốc sau đó khuấy thật đều cho các gia vị hòa vào nhau. Chuẩn bị một chiếc nồi khác, xếp hành tây cắt lát, cải thảo, rau cải cúc, các loại nấm, thịt bò và 2 muỗng canh nước sốt vừa pha ra vào nồi. Tiếp theo đổ phần nước dùng vào sao cho ngập 1/2 nồi, rồi đặt lên bếp nấu sôi là có thể thưởng thức. Mách nhỏ:', 'Tùy vào khẩu vị của gia đình mà bạn có thể gia giảm lượng sốt cho vào nồi sao cho phù hợp nhé!', 'Vì nấm và các loại rau củ tiết ra rất nhiều nước trong lúc nấu, cho nên các bạn chỉ nên cho phần nước dùng vào ngập khoảng 1/2 nồi.', 'Phần nước dùng dư các bạn có thể châm thêm vào nồi trong lúc ăn hoặc bảo quản trong ngăn máttủ lạnhđể sử dụng vào lần sau.', 'Bước 5 - Thành phẩm: Vậy là bạn đã hoàn thành xong món lẩu bò nấm cực đơn giản nhưng không kém phần hấp dẫn rồi đấy. Phần nước dùng thanh ngọt tự nhiên từ cá bào và rong biển vô cùng bắt vị, thịt bò mềm ngọt, các loại rau, nấm được nhúng vừa chín tới vẫn giữ nguyên được độ giòn ngọt, chấm thêm nước chấm tự pha thì ngon ngất ngây nhé! Món này bạn có thể dùng chung vớibún, mì gói,mì udonhoặc ăn với cơm theo kiểu Hàn Quốc đều được nhé! Những ngày trời mưa mà được quay quần cùng gia đình, bạn bè bên nồi lẩu nóng hổi thì còn gì bằng. Vào bếp và trổ tài ngay thôi nào.']","['Xem chi tiết:Cách chọn mua thịt bò tươi ngon, đúng chuẩn', 'Xem chi tiết:Cách sơ chế, khử mùi hôi thịt bò hiệu quả dễ dàng.', 'Xem chi tiết:Cách chọn mua nấm đùi gà tươi ngon', 'Xem chi tiết:Cách chọn mua nấm hương tươi ngon', 'Xem chi tiết:Cách chọn mua nấm kim châm giòn ngon, không hóa chất', 'Cách sơ chế nấm kim châm sạchDùng dao cắt bỏ phần gốc nấm vì phần này khá dai và chứa nhiều bụi bẩn, ăn không ngon.Bạn nên xé nhỏ nấm rồi trước khi ngâm vào nước muối để có thể loại bỏ hết chất bẩn.', 'Tùy vào khẩu vị của gia đình mà bạn có thể gia giảm lượng sốt cho vào nồi sao cho phù hợp nhé!Vì nấm và các loại rau củ tiết ra rất nhiều nước trong lúc nấu, cho nên các bạn chỉ nên cho phần nước dùng vào ngập khoảng 1/2 nồi.Phần nước dùng dư các bạn có thể châm thêm vào nồi trong lúc ăn hoặc bảo quản trong ngăn máttủ lạnhđể sử dụng vào lần sau.', 'Xem chi tiết:Cách chọn mua nấm rơm ngon', 'Cách sơ chế nấm rơm đúng cáchKhông nên rửa nấm rơm quá kĩ, vì sẽ khiến nấm sẽ dễ bị ngấm nước và ăn không ngon.Ngâm rửa nấm rơm trong nước pha ít bột năng hoặc ngâm trong nước vo gạo, không ngâm rửa trong nước muối nếu không nấm sẽ bị xộp không ngon', 'Xem thêm:Cách nấu lẩu bò khoai môn sa tế thơm cay ấm lòng ngày mưa lạnhCách làm món lẩu bò nhúng mắm ruốc đơn giản, thơm ngon, đậm đà hương vị2 cách nấu lẩu bò viên sa tế và chua cay thơm ngon dễ làm cho bữa tiệc']",,dienmayxanh.com
https://www.dienmayxanh.com/vao-bep/cach-lam-thach-tu-dua-thom-khom-chua-ngot-deo-ngon-thanh-mat-09987,Món Thịt Heo,"Cách làm thạch dứa (thơm, khóm) chua ngọt, dẻo ngon, thanh mát ăn là mê","Thạch dứa dai mềm, chua ngọt, mát lạnh đập tan cái nóng của ngày oi bức bạn đã thử chưa? Cùng Điện máy XANHvào bếpvà thử ngay công thức siêu đơn giản với nguyên liệu dễ tìm chomón tráng miệngcực hấp dẫn này nhé.",,20 phút + 10 phút,Cho 4 người,,3,"['Dứa - 500 gr ((khóm/ thơm))', 'Bột rau câu dẻo - 10 gr', 'Đường phèn - 250 gr']","['Bước 1 - Sơ chế dứa: Dứa bạn gọt vỏ, khứa sạch mắt và cắt bỏ phần cùi ở giữa trái dứa. Sau đó chia dứa ra thành 2 phần bằng nhau, 1 phần bạn tách thành từng múi, phần còn lại cắt nhỏ. Cách gọt dứa sạch nhanh đơn giản Xem chi tiết:5 cách gọt dứa nhanh, đơn giản nhanh chóng', 'Đầu tiên bạn cắt phần đáy quả dứa rồi bỏ bớt phần lá trên đầu rồi dựng quả dứa theo chiều dọc và gọt sạch phần vỏ bên ngoài.', 'Sau đó canh các mắt dứa theo hướng xéo rồi dùng dao khứa hai bên hàng mắt dứa tạo hình chữ V rồi cắt bỏ hết phần mắt dứa ra, bạn cắt lượn theo hình xoắn ốc để loại bỏ hết phần mắt dứa quanh quả.', 'Bước 2 - Sên dứa và xay nhuyễn dứa: Mang phần dứa cắt nhỏ cho vào chảo, thêm 200gr đường phèn, 100ml nước. Đun với lửa vừa cho đường phèn tan ra. Khi đường tan hết thì bạn hạ lửa nhỏ và sên tiếp trong 10 - 15 phút cho dứa thấm đường thì tắt bếp. Phần dứa còn lại bạn cho vào cối xay sinh tố, thêm 200ml nước và ấn xay nhuyễn. Tiếp theo, bạn lọc phần nước dứa đã xay qua rây để lấy nước cốt, bỏ đi phần xác dứa.', 'Bước 3 - Nấu thạch dứa: Đun sôi 700ml nước sau đó bạn cho 10gr bột rau câu dẻo vào, vừa cho bột vừa khuấy đều để bột tan hết. Khi nước rau câu sôi thì bạn tiếp tục đun thêm 5 phút với lửa nhỏ rồi cho tiếp phần nước cốt dứa đã chuẩn bị vào. Khuấy đều hỗn hợp rồi cho thêm phần dứa đã sên vào (cho luôn phần nước đường), thêm 50gr đường phèn và đun với lửa lớn cho đường tan hết thì tắt bếp.', 'Bước 4 - Đổ khuôn và làm đông thạch dứa: Đổ phần hỗn hợp thạch dứa vừa nấu ra khuôn, để nguội. Để thạch được đẹp mắt hơn khi đổ ra khuôn bạn nên vớt hết phần bọt nổi trên bề mặt rau câu. Khi thạch đã nguội thì bạn cho vào ngăn máttủ lạnhít nhất là 1 giờ là có thể thưởng thức.', 'Bước 5 - Thành phẩm: Như vậy là đã có ngay món thạch từ dứa có màu vàng tươi rất đẹp. Khi ăn bạn có thể cảm nhận được độ dai giòn của thạch rau câu kết hợp cùng với vị chua chua, ngọt ngọt của dứa tươi mát. Đây là món ăn rất thích hợp để giải nhiệt mùa nắng nóng bạn nhất định phải thử nhé.']","['Xem chi tiết:Cách chọn mua dứa (thơm, khóm) tươi ngon', 'Cách gọt dứa sạch nhanh đơn giảnĐầu tiên bạn cắt phần đáy quả dứa rồi bỏ bớt phần lá trên đầu rồi dựng quả dứa theo chiều dọc và gọt sạch phần vỏ bên ngoài.Sau đó canh các mắt dứa theo hướng xéo rồi dùng dao khứa hai bên hàng mắt dứa tạo hình chữ V rồi cắt bỏ hết phần mắt dứa ra, bạn cắt lượn theo hình xoắn ốc để loại bỏ hết phần mắt dứa quanh quả.Xem chi tiết:5 cách gọt dứa nhanh, đơn giản nhanh chóng', 'Xem thêm:Cách làm thạch nho kyoho - kyoho jelly tại nhà dai dai ăn cực thíchCách làm rau câu lá dứa nước cốt dừa béo, ngon và không tách lớpCách làm rau câu nhãn đậu biếc đẹp lung linh dễ làm']",,dienmayxanh.com
https://www.dienmayxanh.com/vao-bep/2-cach-nau-chao-bang-noi-ap-suat-dien-da-nang-cho-bua-sang-08982,Món Thịt Heo,2 cách nấu cháo bằng nồi áp suất điện đa năng cho bữa sáng dinh dưỡng,Để nạp năng lượng cho một buổi sáng nhưng bạn không muốn ăn quá no hay khó tiêu thìmón cháoluôn là sự lựa chọn hàng đầu. Hôm nay Điện máy XANH sẽ theo bạnvào bếpđể chia sẻ 2 cách nấu cháo bằng nồi áp suất điện đa năng cho bữa sáng vội vã nhưng vẫn đủ chất nhé!,,15 phút + 40 phút + 15 phút + 30 phút,Cho 4 người,,9,"['Gạo lức - 170 gr', 'Gạo nếp - 80 gr', 'Sườn heo - 600 gr', 'Thịt nạc - 150 gr', 'Đậu đỏ - 70 gr', 'Hành tím - 3 củ', 'Hành lá - 2 nhánh', 'Dầu ăn - 1 muỗng canh', 'Gia vị thông dụng - 1 ít ((muối/ đường/ tiêu/ hạt nêm))']","['Bước 1 - Sơ chế và ướp sườn: Bạn pha nước ấm với 1 muỗng cà phê muối rồi cho sườn vào rửa sạch và ngâm khoảng 5 phút rồi rửa lại với nước. Sau đó bạn chặt sườn ra thành các khúc vừa ăn, rửa lại với nước muối thêm lần nữa, để ráo. Hoặc bạn có thể chần sơ với nước sôi để làm sạch bụi bẩn và khử mùi hôi của sườn. Ướp sườn với 1 muỗng canh hạt nêm, 1/2 muỗng canh đường, 1/2 muỗng canh muối, 1 muỗng cà phê tiêu,1 muỗng canh hành tím băm. Trộn đều tất cả các nguyên liệu lại và ướp trong vòng 15 phút cho sườn thấm gia vị. Sườn bạn bóp với muối trong khoảng 2 - 3 phút và rửa lại với nước.Dùng giấm gạo hoặc rượu để rửa cũng sẽ loại bỏ được mùi hôi của sườn.Bạn cũng có thể luộc sơ thịt sườn với nước sôi cho thêm vài lát gừng đập dập, sau đó rửa lại với nước.Xem chi tiết:Tuyệt chiêu khử mùi hôi các loại thịt hay chị em nên biết Xem chi tiết:Tuyệt chiêu khử mùi hôi các loại thịt hay chị em nên biết', 'Sườn bạn bóp với muối trong khoảng 2 - 3 phút và rửa lại với nước.', 'Dùng giấm gạo hoặc rượu để rửa cũng sẽ loại bỏ được mùi hôi của sườn.', 'Bạn cũng có thể luộc sơ thịt sườn với nước sôi cho thêm vài lát gừng đập dập, sau đó rửa lại với nước.', 'Bước 2 - Xào và nấu sườn: Bật nồi áp suất ở chế độ ""Sauté"" với mức nhiệt độ lớn ""More"". Tiếp theo cho vào nồi khoảng 1 muỗng canh dầu ăn, 1/2 muỗng canh hành tím phi thơm. Kế đến bạn cho hết phần sườn đã ướp vào, đảo đều trong khoảng 5 - 7 phút đến khi thịt săn lại. Sau đó cho khoảng 2.5 lít nước ấm cho vào nồi. Bạn đậy nắp lại, không đóng van lại và bật chế độ nấu ""Soup"" với mức nhiệt độ là ""Normal"". Nấu trong khoảng 10 phút thì bạn bấm nút ""Cancel"" để tắt. Mở nắp và vớt bỏ bọt trắng, đồng thời kiểm tra xem sườn đã nấu chín chưa, nếu chưa thì bạn đậy nắp lại và tiếp tục nấu thêm khoảng 5 phút. Còn nếu sườn đã chín thì bạn cho khoảng 70gr đậu đỏ (đã vo sạch) vào nồi. Cuối cùng bạn đậy nắp nồi lại, khóa van và để trong vòng 5 phút. Bạn không cần bật nồi mà sẽ dùng sức nóng bên trong của nồi để ủ đậu đỏ và thịt sườn nhé.', 'Bước 3 - Xay thịt: Cho thịt heo đã rửa sạch vào trong cối xay thịt, cho thêm 1 muỗng canh đường, 1 muỗng canh nước mắm, 1 muỗng cà phê tiêu. Đậy nắp lại và xay nhuyễn thịt ra, bạn nhớ xay thịt vừa phải tránh cho thịt bị vụn hoặc còn quá to nhé.', 'Bước 4 - Nấu cháo: Đầu tiên bạn trộn 80gr gạo nếp với 170gr gạo lứt lại với nhau. Sau đó đem hỗn hợp gạo vo sạch với nước khoảng 2 - 3 lần, rồi chắt bỏ nước, để ráo. Bạn mở nắp van và kiểm tra nồi sườn đậu xem đậu đã chín chưa, nếu chưa bạn đậy nắp lại, khóa van và nấu ở chế độ ""Soup"" với mức độ nhiệt độ ""Normal"" trong khoảng 10 phút để đậu chín mềm. Sau khi các nguyên liệu đã chín hết, bạn mở nắp và cho hỗn hợp gạo vào nồi, đậy nắp lại, khóa van. Bật nồi ở chế độ nấu cháo ""Porridge"" với mức độ ""Normal"", nấu trong khoảng 10 - 15 phút cho cháo chín. Cuối cùng, bạn cho cho thịt băm vào nồi, bật nồi sang chế độ ""Sauté"" và khuấy đều cho thịt băm tách ra, không bị vón cục. Với chế độ này bạn không cần đậy nắp nồi, mà cứ khuấy đều và nấu thêm khoảng 10 phút nữa là bạn có thể múc cháo ra tô và thưởng thức rồi đấy nhé.', 'Bước 5 - Thành phẩm: Cháo sánh sệt với những hạt cháo được nấu mềm vừa phải, thêm chút hương vị bùi bùi của gạo lứt được pha lẫn với gạo nếp. Thịt sườn dai mềm với những phần gân giòn sần sật ăn với đậu đỏ béo bùi lạ miệng. Bạn có thể rắc thêm một ít hành phi, hành lá và tiêu lên trên bề mặt để tăng thêm mùi hương cho món cháo và xịt thêm một chút tương ớt để vị cay nhè nhẹ của tương cân bằng lại vị ngọt, béo bùi của cháo.']","['Xem chi tiết:Mẹo chọn thịt heo ngon, bảo đảm chất lượng', 'Cách sơ chế sườn heo sạch, không bị hôiSườn bạn bóp với muối trong khoảng 2 - 3 phút và rửa lại với nước.Dùng giấm gạo hoặc rượu để rửa cũng sẽ loại bỏ được mùi hôi của sườn.Bạn cũng có thể luộc sơ thịt sườn với nước sôi cho thêm vài lát gừng đập dập, sau đó rửa lại với nước.Xem chi tiết:Tuyệt chiêu khử mùi hôi các loại thịt hay chị em nên biết', 'Mách bạn:Xào sườn trước sẽ giúp sườn tươm mỡ săn lại và thấm gia vị hơn.', 'Xem chi tiết:Cách chọn gà tươi ngon.', 'Lưu ý:Nếu không có thời gian ngâm, bạn cũng có thể nấu trực tiếp cũng được, nhưng thời gian nấu để cháo mềm ngon sẽ lâu hơn khi đã ngâm gạo.Nếu thích bạn cũng có thể đem gạo đi rang hơi vàng giúp tăng mùi vị thơm ngon hơn cho món cháo.', 'Cách sơ chế gà sạch và khử mùi hôiSau khi đã chà xát với muối, bạn có thể dùng hỗn hợp rượu và gừng cắt lát, đập dập rồi vừa chà vừa bóp toàn cánh gà một lần nữa, giúp khử sạch mùi hôi và chất bẩn.Rửa sạch, chờ ráo nước là được. Ngoài ra, bạn cũng có thể cho chanh vào trong nước, cho cánh gà vào ngâm trong 15 - 20 phút. Sau đó vớt ra, xả lại nước lạnh và để ráo.', 'Lưu ý:Cháo bắt đầu chín, bạn nhớ xả van từ từ để hơi nước xả ra từng chút một. Tuyệt đối không được xả ra hết một lần bởi khi nấu cháo bằng nồi áp suất nếu xả ra 1 lần sẽ làm hơi nước văng tung tóe đấy nhé.', 'Xem thêm:2 cách nấu cháo trứng vịt lộn đậu xanh và cải xanh thơm ngon, đơn giảnCách nấu cháo bạch tuộc mềm ngon hấp dẫn dễ làm tại nhàCách nấu cháo sườn bò đậu xanh mềm ngon đơn giản dễ làm tại nhà']",,dienmayxanh.com
https://www.dienmayxanh.com/vao-bep/cach-lam-canh-ga-chien-nuoc-mam-bo-toi-don-gian-thom-ngon-14232,Món Thịt Heo,Cách làm cánh gà chiên nước mắm bơ tỏi đơn giản thơm ngon ngay tại nhà,"Mộtmón chiênmà Điện máy XANH chắc rằng mọi nhà mọi lứa tuổi cũng đều yêu thích chính là món cánh gà chiên nước mắm bơ tỏi với hương vị đậm đà, thơm ngon khó cưỡng.Vào bếpngay để cùng nhau thực hiện món ăn này nhé!",,20 phút + 30 phút,Cho 2 người,,9,"['Cánh gà - 4 cái', 'Bơ lạt - 10 gr', 'Hành tây - 1/2 củ', 'Hành tím - 1 muỗng cà phê ((băm nhuyễn))', 'Tỏi - 1 muỗng cà phê ((băm nhuyễn))', 'Tương ớt - 1 muỗng canh', 'Nước mắm - 2 muỗng canh', 'Dầu ăn - 150 ml', 'Gia vị thông dụng - 1 ít ((muối/ bột ngọt/ đường))']","['Bước 1 - Sơ chế các nguyên liệu: Để khử sạch mùi hôi của cánh gà, bạn dùng 1 ít muối chà xát phần cánh trong khoảng 5 - 10 phút cho ra bớt chất nhớt sau đó rửa sạch lại và để ráo. Cách 1:Bạn hòa giấm và muối theo tỷ lệ 2 muối 1 giấm rồi thoa khắp gà, chà xát nhiều lần sau đó rửa lại thật kỹ bằng nước sạch.Cách 2:Đập dập 1 củ gừng cho vào rượu trắng sau đó cho thịt gà vào và trộn đều rồi ngâm tầm 10 phút. Tiếp đó, vớt cánh gà ra, rửa sạch lại và để ráo.Cách 3:Cắt một vài lát chanh sau đó dùng chanh chà xát lên bề mặt thịt gà rồi rửa lại bằng nước sạch.Xem chi tiết:Mẹo khử hôi thịt gà dễ dàng và hiệu quả Xem chi tiết:Mẹo khử hôi thịt gà dễ dàng và hiệu quả Hành tây lột vỏ, cắt bỏ phần gốc, rửa sạch và cắt múi cau rồi cho ra đĩa.', 'Cách 1:Bạn hòa giấm và muối theo tỷ lệ 2 muối 1 giấm rồi thoa khắp gà, chà xát nhiều lần sau đó rửa lại thật kỹ bằng nước sạch.', 'Cách 2:Đập dập 1 củ gừng cho vào rượu trắng sau đó cho thịt gà vào và trộn đều rồi ngâm tầm 10 phút. Tiếp đó, vớt cánh gà ra, rửa sạch lại và để ráo.', 'Cách 3:Cắt một vài lát chanh sau đó dùng chanh chà xát lên bề mặt thịt gà rồi rửa lại bằng nước sạch.', 'Bước 2 - Chiên cánh gà: Bắc chảo lên bếp và bật lửa vừa, thêm 150ml dầu ăn vào chảo. Dầu nóng thì cho cánh gà vào chiên vàng đều cả 2 mặt trong khoảng 15 phút sau đó vớt ra đĩa để ráo bớt dầu.', 'Bước 3 - Pha nước sốt: Với 4 cánh gà thì bạn cần pha hỗn hợp nước sốt bao gồm: 2 muỗng canh nước mắm, 1.5 muỗng canh đường, 1 muỗng cà phê bột ngọt và 1 muỗng canhtương ớt. Tùy vào khẩu vị của gia đình mà bạn có thể gia giảm cho phù hợp nhé!', 'Bước 4 - Làm cánh gà chiên mắm bơ tỏi: Bắc chảo lên bếp, cho bơ lạt vào đun chảy ở lửa vừa. Đợi bơ tan chảy hoàn toàn thì cho hành tím và tỏi băm nhuyễn vào phi thơm 3 phút, tiếp đó cho hành tây vào xào sơ khoảng 3 phút rồi cho hỗn hợp nước sốt vào để nấu. Dùng đũa khuấy đều hỗn hợp nước sốt ở lửa nhỏ đến khi hỗn hợp sệt lại thì cho cánh gà đã chiên vàng vào đảo đều khoảng 3 phút cho nước sốt áo đều lên cánh gà rồi tắt bếp.', 'Bước 5 - Thành phẩm: Cho cánh gà chiên mắm sốt bơ tỏi ra đĩa và thưởng thức thôi nào. Cánh gà có màu vàng rất đẹp mắt, mùi bơ tỏi thơm lừng, khi ăn có thể cảm nhận được cánh gà ngoài giòn bên trong thơm mềm rất bắt miệng. Với món ăn này bạn có thể dùng kèm với cơm trắng hoặc dùng để nhâm nhi đều phù hợp đó nha.']","['Xem chi tiết:Cách chọn mua cánh gà tươi ngon', 'Mẹo khử hôi thịt gà dễ dàng và hiệu quảCách 1:Bạn hòa giấm và muối theo tỷ lệ 2 muối 1 giấm rồi thoa khắp gà, chà xát nhiều lần sau đó rửa lại thật kỹ bằng nước sạch.Cách 2:Đập dập 1 củ gừng cho vào rượu trắng sau đó cho thịt gà vào và trộn đều rồi ngâm tầm 10 phút. Tiếp đó, vớt cánh gà ra, rửa sạch lại và để ráo.Cách 3:Cắt một vài lát chanh sau đó dùng chanh chà xát lên bề mặt thịt gà rồi rửa lại bằng nước sạch.Xem chi tiết:Mẹo khử hôi thịt gà dễ dàng và hiệu quả', 'Xem thêm:2 cách làm cánh gà chiên xá xị và chiên muối tiêu mới lạ thơm ngon2 cách làm cánh gà chiên tỏi và chiên phô mai thơm ngon hấp dẫn đơn giản2 cách làm cánh gà chiên mật ong và chiên coca giòn rụm, thơm lừng cực ngon']",,dienmayxanh.com
https://www.dienmayxanh.com/vao-bep/cach-lam-cha-gio-tom-thit-khoai-mon-gion-tan-thom-beo-de-lam-08085,Món Thịt Heo,Cách làm chả giò tôm thịt khoai môn giòn tan thơm béo dễ làm tại nhà,"Chả giò tôm thịt khoai môn làmón chiênđã quá quen thuộc và là một sự kết hợp rất độc đáo, hết sức thơm ngon, được rất nhiều gia đình yêu thích. Cùngvào bếpvới Điện máy XANH thực hiện món ngon này nhé!",,30 phút + 25 phút,Cho 4 người,,11,"['Thịt heo bằm - 200 gr', 'Tôm tươi - 100 gr', 'Thịt cua - 50 gr', 'Khoai môn - 1 củ', 'Cà rốt - 1 củ', 'Hành tây - 1/2 củ', 'Trứng gà - 1 quả', 'Miến - 20 gr', 'Bánh tráng bía - 1/2 gói', 'Dầu ăn - 250 ml', 'Gia vị thông dụng - 1 ít ((muối/ đường/ hạt nêm/ tiêu))']","['Bước 1 - Sơ chế nguyên liệu: Tôm mua về rửa sạch, bỏ đầu, bóc vỏ, lấy chỉ sống lưng, tiếp theo rửa lại với nước, để ráo rồi băm nhuyễn. Khoai môn, cà rốt gọt vỏ, rửa sạch, tiếp theo cắt mỏng rồi cắt thành sợi dài. Hành tây bóc vỏ, rửa sạch và cắt hạt lựu. Miến ngâm với nước trong khoảng 10 - 15 phút cho mềm rồi vớt ra để ráo nước sau đó đem cắt khúc khoảng 1 lóng tay.', 'Bước 2 - Ướp gia vị: Cho vào tô các nguyên liệu đã sơ chế gồm: Tôm, thịt heo băm, khoai môn, hành tây, cà rốt, miến, 50gr thịt cua, 1 quả trứng gà, 1 muỗng cà phê muối, 1 muỗng cà phê đường trắng, 1/2 muỗng cà phê tiêu, 1 muỗng cà phê hạt nêm vào và trộn đều cho thấm gia vị.', 'Bước 3 - Cuốn chả giò: Trải bánh tráng bía ra, tiếp theo cho 1 ít hỗn hợp thịt đã ướp lên trên. Sau đó gập mép 2 bên của bánh bía vào trong và cuộn tròn.', 'Bước 4 - Chiên chả giò: Cho khoảng 250ml dầu ăn vào chảo nóng đang bắt trên bếp, đợi dầu sôi cho chả giò vào chiên với lửa trung bình. Đến khi chả giò đã chín, màu ngả vàng đều thì bạn chiên chả giò với lửa lớn cho đến khi chả giò có màu vàng đẹp mắt thì tắt bếp và cho ra đĩa. Mách nhỏ:', 'Sử dụng khăn giấy nấu ăn hoặc giấy thấm dầu lót trên đĩa, để hút bớt đi phần dầu ăn trong chả giò.', 'Sử dụng dầu ăn nhiều để chiên chả giò sẽ được vàng ruộm, giòn ngon. Dầu quá ít sẽ làm chả giò bị cháy và phần vỏ có thể bị dai.', 'Bước 5 - Thành phẩm: Chả giò tôm thịt khoai môn được chiên vàng đều, trông rất bắt mắt, ăn vào giòn tan trong miệng, nhân bên trong thấm đều gia vị, mềm và thơm. Ăn kèm với rau sống vànước mắm tỏi ớt chua ngọtthì hết sẩy.']","['Xem chi tiết:Cách chọn mua tôm tươi ngon', 'Xem chi tiết:Cách chọn mua thịt heo tươi ngon, đảm bảo chất lượng', 'Xem chi tiết:Cách chọn mua khoai môn dẻo ngon, không bị sượng', 'Sử dụng khăn giấy nấu ăn hoặc giấy thấm dầu lót trên đĩa, để hút bớt đi phần dầu ăn trong chả giò.Sử dụng dầu ăn nhiều để chiên chả giò sẽ được vàng ruộm, giòn ngon. Dầu quá ít sẽ làm chả giò bị cháy và phần vỏ có thể bị dai.', 'Xem thêm:Cách làm chả giò khoai môn ngon bùi giòn rụm thơm phứcCách làm chả giò hải sản sốt mayonnaise đơn giản, giòn thơm, béo ngậyCách làm chả giò hạt sen bùi thơm giòn lâu đơn giản mới lạ']",,dienmayxanh.com
https://www.dienmayxanh.com/vao-bep/cach-lam-banh-bo-cao-bang-chuan-vi-dac-san-thom-ngon-dai-mem-23574,Món Thịt Heo,Cách làm bánh bò Cao Bằng chuẩn vị đặc sản thơm ngon dai mềm,"Bạn mê mẩn hương vị đặc trưng của bánh bò Cao Bằng? Cùng Điện máy XANHvào bếphọc cách làm bánh bò Cao Bằng chuẩn vị, mềm xốp, dai dẻo, thơm lừng mùi đường mật mía.Món bánhnày sẽ khiến bạn bất ngờ bởi sự đơn giản mà ngon khó cưỡng!",,2 giờ + 30 phút,Cho 4 - 6 người,,8,"['Bột mì - 200 gr', 'Bột năng - 200 gr', 'Men ngọt - 4 gr', 'Bột nổi - 4 gr', 'Đường mật mía - 80 gr ((hoặc đường đen))', 'Nước - 400 ml', 'Dầu ăn - 1 muỗng canh', 'Bơ - 1 ít']","['Bước 1 - Nấu nước đường mật mía: Bạn cho 80 gr đường mật mía (hoặc đường đen) và 400 ml nước vào nồi. Đặt lên bếp và khuấy đều cho đường tan hoàn toàn. Lưu ý, bạn chỉ cần nấu cho đường tan chứ không cần nấu sôi nước nhé.', 'Bước 2 - Trộn bột và men nở: Trong một tô lớn, bạn cho 200 gr bột mì, 200 gr bột năng và 4 gr men ngọt vào. Sau đó, bạn từ từ đổ phần nước đường đã nấu ở bước 1 vào tô bột, vừa đổ vừa dùng phới lồng khuấy đều cho hỗn hợp hòa quyện. Tiếp đến, dùng rây lọc hỗn hợp bột qua một tô khác để đảm bảo bột thật mịn, không bị vón cục.', 'Bước 3 - Ủ bột làm bánh bò Cao Bằng: Sau khi lọc bột, bạn dùng màng bọc thực phẩm đậy kín tô bột lại. Đem tô bột đi ủ ở nơi ấm áp trong khoảng 2 tiếng đồng hồ. Đây là bước quan trọng để bột nở đều, giúp bánh bò Cao Bằng mềm xốp và dai ngon.', 'Bước 4 - Hoàn thiện bột và chuẩn bị hấp: Sau 2 tiếng, bột đã nở đủ. Bạn mở màng bọc thực phẩm, cho tiếp 4 gr bột nổi và 1 muỗng canh dầu ăn vào tô bột. Dùng phới lồng khuấy thật đều cho bột nổi và dầu ăn tan hoàn toàn, hòa quyện vào hỗn hợp bột. Trong lúc này, bạn hãy đặt một nồi xửng hấp lên bếp, đổ nước và đun cho nước sôi thật già.', 'Bước 5 - Hấp bánh: Dùng cọ phết một lớp bơ mỏng đều khắp lòng khuôn hấp để chống dính, rồi từ từ đổ hỗn hợp bột đã chuẩn bị vào khuôn. Nếu có nhiều bột, bạn có thể dùng nhiều khuôn nhỏ hoặc một khuôn lớn. Đập nhẹ khuôn xuống mặt bàn vài lần để loại bỏ bọt khí, giúp bề mặt bánh bò Cao Bằng đặc sản mịn đẹp hơn. Khi nước trong nồi hấp đã sôi thật già, bạn đặt khuôn bánh vào và hấp trong khoảng 25 phút. Để kiểm tra bánh chín, bạn dùng một cây tăm xiên vào giữa bánh, nếu rút ra thấy tăm khô ráo, không dính bột là bánh đã chín.', 'Bước 6 - Thành phẩm: Sau khi bánh chín, bạn lấy bánh ra khỏi nồi hấp và để nguội hoàn toàn. Khi bánh đã nguội hẳn, bạn mới nhẹ nhàng lấy bánh ra khỏi khuôn để tránh làm bánh bị dính hay vỡ. Để giữ cho mặt bánh luôn bóng đẹp và không bị khô, hãy dùng cọ phết một lớp dầu ăn mỏng lên trên bề mặt bánh. Bánh chín có màu nâu vàng tự nhiên, mặt bánh tròn nhỏ và hơi bóng, bên trong đầy những lỗ khí li ti như tổ ong. Hương thơm mật mía quyện với mùi men ủ tạo nên mùi thơm ngọt dịu, hơi khói đặc trưng. Khi ăn, bánh mềm xốp, dẻo nhẹ, vị ngọt thanh và có chút chua nhẹ của quá trình lên men. Bánh bò Cao Bằng có thể bảo quản ở nhiệt độ phòng trong 2 - 3 ngày mà vẫn giữ được độ mềm ngon.']","['Để món bánh bò Cao Bằng của bạn thêm phần hoàn hảo, việc lựa chọn dụng cụ hấp bánh chất lượng là rất quan trọng.Nồi xửng hấp inox nắp inox 26 cm Green Cook GCST01-26IHsẽ là trợ thủ đắc lực cho bạn trong mọi món hấp.Nồi Green Cookđược làm từ chất liệu inox cao cấp, đảm bảo độ bền bỉ và an toàn tuyệt đối cho sức khỏe khi sử dụng. Thiết kế nắp inox kín giúp giữ nhiệt tốt, làm chín bánh nhanh và đều.Với đường kính 26 cm, nồi có không gian rộng rãi, giúp bạn hấp được một lượng bánh lớn hoặc nhiều loại thực phẩm khác cùng lúc. Tay cầm chắc chắn, cách nhiệt giúp dễ dàng di chuyển và sử dụng.Sản phẩm dễ dàng vệ sinh sau khi sử dụng, giúp tiết kiệm thời gian và công sức cho người nội trợ. Đây là lựa chọn lý tưởng cho căn bếp hiện đại của mọi gia đình.Nồi xửng hấp inox Green Cook GCST01-26IHOnline giá rẻ quá420.000₫588.000₫-28%Xem chi tiết', 'Nếu muốn bánh mịn hơn nữa, bạn có thể lọc bột qua rây thêm một lần nữa.', 'Xem thêm:Cách làm bánh bò thốt nốt nướng bằng nồi chiên không dầu mềm thơmCách làm bánh bò nướng lá dứa thơm ngon, nhiều rễ dai mềm đơn giản dễ3 cách làm bánh bò bông của người Hoa (bánh Phát Tài) xốp mềm đẹp mắt']",,dienmayxanh.com
https://www.dienmayxanh.com/vao-bep/cach-lam-gio-lua-truyen-thong-tai-nha-voi-may-xay-thit-cuc-23577,Món Thịt Heo,Cách làm giò lụa truyền thống tại nhà với máy xay thịt cực đơn giản,"Bạn đang tìm cách làm giò lụa truyền thống thơm ngon, dai giòn cho mâm cỗNgày lễ Tết? Đừng lo! Cùng Điện máy XANHvào bếpkhám phá công thức làm chả lụa hành tiêu tại nhà cực đơn giản, đảm bảo thành công ngay từ lần đầu, không cần hàn the mà vẫn dai ngon tuyệt vời!",,25 phút + 1 giờ 30 phút,Cho 2 đòn,,7,"['Thịt nạc dăm - 1 kg', 'Hành tím - 70 gr', 'Tiêu sọ và tiêu đen - 1 muỗng canh', 'Bột ngọt - 1 muỗng canh', 'Hạt nêm - 1 muỗng canh', 'Muối - 1/2 muỗng cà phê', 'Nước mắm ngon - 2 muỗng canh']","['Bước 1 - Sơ chế thịt và ướp gia vị: Thịt nạc dăm 1kg mua về rửa sạch, để ráo. Cho vào tủ đông khoảng 30 phút để thịt đủ lạnh, giúp chả dai hơn. Cắt thịt thành miếng nhỏ vừa đủ cho máy xay. Hành tím 70gr lột vỏ, băm nhỏ. Cho thịt đã cắt vào thau, nêm 1 muỗng canh tiêu sọ + tiêu đen, 70gr hành tím, 1 muỗng canh hạt nêm, 1 muỗng canh bột ngọt, 1/2 muỗng cà phê muối, 2 muỗng canh nước mắm ngon. Trộn đều cho thịt thấm gia vị.', 'Bước 2 - Xay thịt lần 1 (Quết giò sống): Chia thịt đã ướp thành 3 - 4 phần, cho từng phần vào máy xay. Xay thịt cho đến khi dẻo, mịn. Cho toàn bộ phần chả đã xay vào một cái thau, sau đó cho vào bịch và để vào tủ đông thêm nửa tiếng nữa cho thịt lạnh và cứng lại.', 'Bước 3 - Xay thịt lần 2: Sau nửa tiếng, lấy chả ra khỏi tủ đông. Tiếp tục chia thành từng phần nhỏ và xay lần thứ hai cho đến khi chả mịn màng, dẻo dai hoàn toàn.', 'Bước 4 - Gói chả lụa bằng lá chuối: Lá chuối mua về phơi nắng khoảng 1 tiếng cho dịu, dùng khăn sạch lau khô và cắt miếng vừa phải. Chia phần chả đã xay thành hai phần bằng nhau (khoảng 0.5kg mỗi cây). Đặt chả lên lá chuối, cuộn tròn và gói chặt tay như gói bánh tét. Dùng dây buộc cố định phần giữa trước, sau đó dựng cây chả lên, cắt bỏ phần lá thừa ở hai đầu và bóp gọn lại. Dùng hai miếng lá chuối nhỏ bịt kín hai đầu, sau đó dùng dây buộc chặt cố định toàn bộ đòn chả. Cắt bỏ phần dây thừa cho gọn.', 'Bước 5 - Hấp chả lụa: Xếp các đòn chả đã gói vào nồi hấp. Hấp khoảng 40 phút là chả chín.', 'Bước 6 - Thành phẩm: Sau khi hấp, lấy chả ra để nguội hoàn toàn. Khi chả đã nguội, bóc lá chuối, cắt khoanh vừa ăn. Giò lụa hành tiêu dai ngon, thơm lừng mùi lá chuối và tiêu hành. Bạn có thể ăn kèm muối tiêu chanh hoặc dùng trong các món ăn ngày Tết.']","['Để làm giò lụa tại nhà một cách dễ dàng và hiệu quả, việc sở hữu một chiếc máy xay thịt chất lượng là vô cùng cần thiết.Máy xay thịt đa năng Kangaroo KGM2P1G 300W 2 lít/0.3 lítsẽ là trợ thủ đắc lực giúp bạn có món giò sống mịn dẻo.Máy xay thịt Kangaroođược trang bị động cơ mạnh mẽ 300W, giúp xay thịt nhanh chóng và nhuyễn mịn, đảm bảo độ dẻo dai cho giò lụa.Với hai cối xay dung tích 2 lít và 0.3 lít, bạn có thể linh hoạt xay lượng thịt lớn hoặc nhỏ tùy theo nhu cầu, rất tiện lợi cho việc chuẩn bị nguyên liệu.Thiết kế lưỡi dao sắc bén cùng chất liệu bền bỉ giúp máy hoạt động hiệu quả, an toàn và dễ dàng vệ sinh sau khi sử dụng.Máy xay thịt đa năng Kangaroo KGM2P1G 300W 2 lít/0.3 lít590.000₫790.000₫-25%Xem chi tiết', 'Bước này là bí quyết làm giò lụa dai giòn, có độ dẻo ngon tự nhiên mà không cần bột nở hay hàn the.', 'Xay kỹ lần hai giúp giò sống đạt độ kết dính và đàn hồi tốt nhất, tạo nên món giò lụa truyền thống chất lượng.', 'Gói giò lụa bằng lá chuối sẽ giúp món ăn thơm ngon đặc trưng và giữ được hương vị truyền thống.', 'Đảm bảo nước trong nồi hấp đủ để hấp liên tục trong 40 phút, tránh bị cạn nước giữa chừng.', 'Bảo quản giò lụa trong tủ lạnh để dùng dần trong những ngày Tết, đảm bảo độ tươi ngon.', 'Xem thêm:Cách làm tai heo ủ muối cuộn tròn giòn ngon đẹp mắt với nồi inox FivestarCách làm bắp bò ngâm rau tiến vua giòn ngon sần sật ăn là ghiềnCách làm thịt rán ngũ vị hương với bí quyết giòn bì, thơm lừng chuẩn vị']",,dienmayxanh.com
https://www.dienmayxanh.com/vao-bep/cach-lam-mon-ga-choi-xao-lan-mem-ngon-dam-da-chuan-vi-dam-bao-23575,Món Thịt Heo,"Cách làm món gà chọi xào lăn mềm ngon, đậm đà chuẩn vị đảm bảo hao mồi","Bạn đang tìm kiếm công thức gà chọi xào lăn đậm đà, thơm lừng?Vào bếpngay với bí quyết làm món gà xào lăn sả ớt chuẩn vị, thịt gà săn chắc, thấm đẫm gia vị. Đảm bảo bạn sẽ có ngaymón xàongon khó cưỡng cho cả gia đình!",,25 phút + 40 phút,Cho 4 - 6 người,,11,"['Gà chọi - 1.4 kg ((gà đá))', 'Chanh - 1 trái', 'Hành tây - 1 củ', 'On nước cốt dừa - 1 l ((160ml))', 'Nước dừa tươi - 1 chén', 'Đậu phộng rang - 4 muỗng canh', 'Gia vị thông dụng - 1 ít ((muối/ bột ngọt/ hạt nêm/ đường/ dầu ăn))', 'Bánh mì - 1 ít ((ăn kèm))', 'Sả/ ớt/ tỏi/ hành tím - 1 ít', 'Ngũ vị hương - 1/3 muỗng canh', 'Tương hột - 2 muỗng canh']","['Bước 1 - Sơ chế gà và các nguyên liệu: Cho gà vào thau, thêm 2 muỗng canh muối bọt. Cắt đôi trái chanh, vắt lấy nước cốt chanh vào thau rồi dùng vỏ chanh chà xát đều khắp mình gà. Rửa sạch lại gà với nước, để ráo và chặt gà thành miếng vừa ăn. Tỏi và hành tím đập dập rồi băm nhuyễn. Ớt cắt nhỏ. Hành tây thì chẻ đôi rồi cắt múi cau vừa phải, không quá dày cũng không quá mỏng. Lấy 3 cây sả đập dập phần gần gốc, cắt khúc khoảng 4 - 5cm. Các cây sả còn lại cắt khoanh nhỏ rồi băm nhuyễn. Món gà xào lăn cần nhiều sả băm mới thơm ngon. Cho 4 muỗng canh đậu phộng rang vào cối, dùng chày giã hơi nhuyễn là được.', 'Bước 2 - Ướp thịt gà chọi đậm đà gia vị: Cho gà đã chặt vào thau. Thêm 1.5 muỗng canh tỏi băm, 1.5 muỗng canh hành tím băm, 1.5 muỗng canh sả băm. Tiếp theo, cho 1/2 muỗng canh muối bọt, 1/3 muỗng canh bột ngọt, 1/2 muỗng canh hạt nêm, 2 muỗng canh đường cát và khoảng 1/3 muỗng canh ngũ vị hương. Cuối cùng, thêm 2 muỗng canh tương hột. Đảo đều tất cả các gia vị với thịt gà cho thấm. Ướp khoảng 30 phút.', 'Bước 3 - Xào thịt gà chọi săn chắc: Bắc chảo lên bếp, cho dầu ăn vào. Khi dầu nóng, cho phần sả cây cắt khúc và chẻ đôi vào phi thơm khoảng hơn 1 phút. Tiếp tục cho tỏi và hành tím băm vào phi chung, đảo đều đến khi dậy mùi thơm. Cho phần sả băm còn lại và các lát ớt đã xắt vào, phi thêm khoảng 1 phút nữa. Cho thịt gà đã ướp vào chảo, đảo đều tay. Bạn xào thịt gà khoảng 5 - 6 phút cho thịt gà thật săn lại và thấm sâu gia vị.', 'Bước 4 - Nấu gà với nước cốt dừa: Khi thịt gà đã săn, cho 1 chén nước dừa tươi vào, để lửa riu riu, nấu cho nước dừa cạn dần. Thỉnh thoảng bạn nhớ đảo đều để gà chín và thấm gia vị đều hơn. Sau một thời gian nấu, khi nước đã cạn và thịt gà chín mềm, cho 1 lon nước cốt dừa vào (nhớ để riêng 1 muỗng canh nước cốt để pha nước chấm). Tiếp tục nấu cho nước cốt dừa cạn bớt.', 'Bước 5 - Hoàn thành món gà chọi xào lăn: Khi nước cốt dừa đã cạn dần, cho hành tây cắt múi cau và 2 muỗng canh đậu phộng rang giã vào, đảo đều khoảng 30 giây rồi tắt bếp (hành tây mau chín). Bạn có thể kiểm tra độ chín của gà bằng cách dùng đũa xăm vào miếng thịt.', 'Bước 6 - Pha nước chấm gà xào lăn sả ớt: Cho 2 muỗng canh sả băm và 3 muỗng canh tương hột vào dĩa. Dùng muỗng cà nhuyễn tương hột. Thêm 1/2 muỗng canh đường cát, hơn 1/2 muỗng canh đậu phộng giã và 1 muỗng canh nước cốt dừa. Đảo đều các nguyên liệu. Nếu thích ăn cay, bạn có thể cắt thêm 1 trái ớt xắt nhỏ lên trên.', 'Bước 7 - Thành phẩm: Múc gà đá xào lăn ra dĩa, rắc thêm một ít đậu phộng rang lên trên để trang trí và tăng thêm hương vị hấp dẫn. Thưởng thức món gà chọi xào lăn nóng hổi cùng bánh mì hoặc cơm trắng, chấm kèm nước chấm sả ớt đã pha.']","['Để món gà chọi xào lăn thêm phần hoàn hảo, việc chọn đúng dụng cụ nấu nướng là rất quan trọng.Chảo nhôm sâu chống dính đáy từ 24 cm Elmich Nature EL-5947MG24sẽ là trợ thủ đắc lực cho bạn.Chảo Elmichnổi bật với lớp chống dính cao cấp, giúp bạn xào nấu mà không lo thức ăn bị dính, dễ dàng vệ sinh sau khi sử dụng.Thiết kế đáy từ giúp chảo tương thích với mọi loại bếp, từ bếp gas đến bếp từ, đảm bảo truyền nhiệt nhanh và đều khắp.Với đường kính 24cm và lòng chảo sâu, bạn có thể thoải mái xào lượng lớn thịt gà mà không sợ tràn ra ngoài, giữ trọn hương vị món ăn.Chảo nhôm sâu chống dính đáy từ Elmich EL-5947MG24260.000₫491.000₫-47%Xem chi tiết', 'Khâu ướp rất quan trọng, bạn nên đảo thật kỹ để thịt gà thấm đều gia vị, giúp món gà xào lăn thêm phần đậm đà.', 'Xào gà trên lửa vừa đến lớn để thịt săn nhanh mà không bị ra nước nhiều, giữ được độ dai ngon đặc trưng của gà chọi.', 'Nếu muốn món ăn béo hơn, bạn có thể sử dụng lượng nước cốt dừa nhiều hơn tùy theo khẩu vị.', 'Xem thêm:Cách làm gà xào lá giang chua thanh hấp dẫn cho bữa cơm gia đình ngày mưaCách làm gà xào sả ớt miền Bắc ngon, cay nồng, hấp dẫn và cực đưa cơmCách làm gà xào nấm đùi gà mềm ngon với chảo inox cho bữa cơm thanh đạm']",,dienmayxanh.com
https://www.dienmayxanh.com/vao-bep/cach-lam-mon-ca-bop-nau-la-lot-chua-thanh-thom-ngon-dam-da-23576,Món Thịt Heo,"Cách làm món cá bớp nấu lá lốt chua thanh thơm ngon, đậm đà cực hao cơm","Bạn đang tìm công thức cá bớp nấu lá lốt thơm ngon, bổ dưỡng? Hãy cùngvào bếpvớimón canhcá bớp lá lốt chua thanh, đậm đà, cực kỳ dễ làm. Món canh này không chỉ hấp dẫn mà còn mang lại bữa ăn ấm cúng cho gia đình bạn.",,40 phút,Cho 3 - 4 người,,7,"['Cá bớp - 500 gr', 'Lá lốt - 1 ít ((khoảng 15 - 20 lá))', 'Chanh - 2 quả ((hoặc 2 - 3 muỗng canh mẻ))', 'Giấm - 1 ít ((để sơ chế cá))', 'Gừng - 1 nhánh', 'Ớt sừng - 1 quả', 'Gia vị thông dụng - 1 ít ((muối/ nước mắm/ hạt nêm/ bột ngọt))']","['Bước 1 - Sơ chế cá bớp: Cá bớp nhỏ mua về bạn sẽ làm sạch, bỏ mang, ruột, mật đi. Tiếp đến, cho cá ra thau, rưới nước sôi khoảng 80 độ C lên mình cá cho đến khi nước ngập xăm xắp. Bạn chần sơ cá trong khoảng 30 giây. Dùng dao cạo sạch lớp nhớt trắng trên mình cá đi, dùng kéo cắt bỏ vây và đuôi rồi rửa lại 1 lần nước. Sau cùng, bạn cho 1 muôi giấm ăn và 1 muỗng canh muối hạt vào, mát xa cá với giấm và muối trong 1 - 2 phút rồi mới đem đi rửa sạch.', 'Bước 2 - Sơ chế các nguyên liệu khác: Gừng bạn sẽ rửa sạch, gọt vỏ, thái lát mỏng rồi thái sợi. Ớt sừng thì thái lát chéo. Lá lốt rửa sạch, thái rối. Chanh tươi bạn vắt lấy nước.', 'Bước 3 - Nấu canh cá bớp lá lốt: Bắc nồi lên bếp, cho khoảng 1.5 - 2 lít nước vào nồi, đun sôi. Khi nước sôi thì bạn thả gừng vào, nấu khoảng 1 - 2 phút cho gừng dậy hương thơm. Tiếp đến, bạn nêm vào nước canh 1 muỗng canh nước mắm, 1 muỗng cà phê hạt nêm và 1/2 muỗng cà phê bột ngọt. Khi nước canh sôi trở lại thì bạn mới thả cá bớp vào. Cho luôn nước cốt chanh vào, nêm nếm gia vị lại cho hợp khẩu vị. Thịt cá săn lại thì cho lá lốt cùng ớt sừng vào. Bạn khuấy đều, nấu cho đến khi thấy da cá hơi nứt nhẹ là cá đã chín.', 'Bước 4 - Thành phẩm: Bạn múc canh ra tô và thưởng thức khi canh còn nóng là ngon nhất. Canh cá bớp lá lốt nấu xong sẽ có một hương thơm nồng nàng. Nhờ được sơ chế kĩ và kết hợp gừng với lá lốt mà cá bớp không hề bị tanh. Thịt cá trắng phao, mềm, ngọt nước.']","['Nồi nhôm men sứ chống dính nắp kính 24 cm Elmich Hera II EL-5203GY24là trợ thủ đắc lực cho mọi món canh ngon, giúp bạn dễ dàng thực hiện món cá bớp nấu lá lốt chuẩn vị.Nồi Elmichđược làm từ hợp kim nhôm cao cấp, truyền nhiệt nhanh và giữ nhiệt tốt, giúp món canh cá bớp lá lốt chín đều và giữ trọn hương vị.Lớp chống dính men sứ an toàn tuyệt đối, giúp bạn dễ dàng vệ sinh sau khi nấu và hạn chế cháy dính thức ăn, đảm bảo sức khỏe cho cả gia đình.Nắp kính cường lực trong suốt tiện lợi quan sát quá trình nấu, cùng thiết kế sang trọng làm đẹp thêm căn bếp của bạn, mang lại trải nghiệm nấu ăn tuyệt vời.Nồi nhôm men sứ chống dính Elmich Hera II EL-5203GY24450.000₫815.000₫-44%Xem chi tiết', 'Xem thêm:Cách nấu lẩu cá bớp nấu lá giang chua ngọt đậm đà cực đơn giảnCách nấu canh cá bớp nấu ngót thơm ngon, đơn giản hấp dẫn ai cũng nấu được2 cách làm cá bớp chiên giòn sốt chanh và sốt mận thơm ngon hấp dẫn']",,dienmayxanh.com
https://www.dienmayxanh.com/vao-bep/cach-lam-thit-ga-chien-nuoc-mam-bat-bai-sieu-ton-com-23567,Món Thịt Heo,Cách làm thịt gà chiên nước mắm bất bại siêu tốn cơm,Bạn đang tìm cách làm thịt gà chiên nước mắm ngon bá cháy? Cùngvào bếpbiến tấumón từ gàquen thuộc thành phiên bản đậm đà với sốt nước mắm sánh quyện.Món chiênnày khi thưởng thức cùng cơm trắng thì còn tuyệt vời hơn nữa.,,20 phút + 25 phút,Cho 4 người,,7,"['Má đùi gà (có da - 500 gr', 'Hành tím - 1 củ', 'Tỏi - 3 tép', 'Ớt - 2 trái ((tùy khẩu vị))', 'Nước dừa tươi - 200 ml', 'Giấm - 1 muỗng cà phê', 'Gia vị thông dụng - 1 ít ((hạt nêm/đường/dầu hào/tương ớt/nước mắm/bột ngọt/tiêu/bột ớt Paprika/tương cà))']","['Bước 1 - Sơ chế nguyên liệu: Đầu tiên, phần má đùi gà (còn da và xương) bạn đem rửa sạch với muối và giấm pha loãng, sau đó để thật ráo nước. Hành tím, tỏi và ớt (tùy theo khẩu vị cay mà bạn có thể dùng ớt sừng hoặc bỏ qua) bạn cắt nhỏ rồi cho vào cối giã nhuyễn.', 'Bước 2 - Ướp gà đậm đà hương vị: Cho hết phần hành, tỏi, ớt đã giã nhuyễn vào thố đựng gà. Tiếp theo, thêm 1 muỗng cà phê hạt nêm, 1 muỗng cà phê đường, 2 muỗng cà phê dầu hào, 1 muỗng canh tương ớt, 1 muỗng canh nước mắm và một chút xíu bột ngọt (nếu không ăn được bột ngọt thì bỏ qua). Cuối cùng, rắc thêm 1/4 muỗng cà phê tiêu. Trộn đều tất cả gia vị cho thịt gà ngấm đều. Ướp khoảng 30 phút để gà thấm vị.', 'Bước 3 - Chiên áp chảo gà săn vàng: Bắc chảo lên bếp, cho một lượng dầu ăn vừa đủ để chiên áp chảo. Khi dầu nóng, cho từng miếng gà đã ướp vào chiên. Chiên đến khi da gà vàng đều và săn lại là được. Màu vàng đẹp mắt như thế này là chuẩn rồi nhé!', 'Bước 4 - Pha sốt nước mắm sánh quyện: Trong một chén nhỏ, bạn pha nước sốt để rim gà gồm: 1.5 muỗng canh nước mắm và 1 muỗng canh đường. Khuấy đều cho đường tan hoàn toàn. Để sốt có màu đẹp mắt hơn, bạn thêm 1 muỗng cà phê bột ớt paprika. Nếu không có, bạn có thể thay thế bằng 1 muỗng canh tương ớt hoặc tương cà nhé.', 'Bước 5 - Rim má đùi gà chiên nước mắm thơm lừng: Dùng một cái chảo sâu lòng để rim gà cho dễ. Cho gà đã chiên sơ vào chảo. Đổ hết phần gia vị ướp gà còn lại trong thố vào chảo. Tiếp đến, thêm phần nước sốt đã pha sẵn và 200ml nước dừa tươi hoặc nước lọc. Đậy nắp lại và rim gà trên lửa nhỏ vừa trong khoảng 10 phút đầu. Trong quá trình rim, bạn nhớ trở mặt thịt gà để phần nước sốt được thấm đều nhé. Sau 10 phút, mở nắp và tiếp tục rim cho nước sốt cạn bớt, sánh lại. Khi nước sốt còn một ít và bám đều vào gà là đạt yêu cầu.', 'Bước 6 - Thành phẩm: Trình bày thịt gà đã rim ra đĩa. Rưới thêm một chút nước sốt còn lại và rắc thêm tiêu cho thơm. Món gà chiên nước mắm của chúng ta có màu nâu đỏ đẹp mắt, da gà giòn dai rất ngon, thịt bên trong mềm thơm và thấm vị mặn ngọt vừa phải. Chắc chắn ăn với cơm là ""hết ý"" luôn đó!']","['Xem chi tiết:Cách chọn mua gà ngon và cách sơ chế gà sạch mà không hôi, đơn giản', 'Để món gà chiên nước mắm thêm phần hoàn hảo, việc chọn lựa dụng cụ nấu nướng cũng rất quan trọng.Chảo nhôm chống dính đáy từ 20 cm Elmich Colosseum Y1 EL-3718 Xámlà lựa chọn lý tưởng cho gian bếp của bạn.Vớichảo Elmich, bạn sẽ dễ dàng chiên áp chảo gà mà không lo bị dính, giúp món ăn giữ được độ giòn ngon và màu sắc đẹp mắt.Thiết kế đáy từ giúp chảo tương thích với mọi loại bếp, từ bếp gas, bếp điện đến bếp từ, mang lại sự tiện lợi tối đa cho người dùng.Chất liệu nhôm cao cấp cùng lớp chống dính bền bỉ đảm bảo an toàn cho sức khỏe và dễ dàng vệ sinh sau mỗi lần sử dụng.Chảo nhôm chống dính đáy từ Elmich Colosseum Y1 EL-3718139.000₫260.000₫-46%Xem chi tiết', 'Xem thêm:Cách làm sụn gà chiên nước mắm cực ngon dễ làm tại nhà2 cách làm ức gà chiên xù giòn rụm thơm ngon đơn giản cực hấp dẫn2 cách làm gà chiên bơ tỏi và gà chiên me thơm ngon, hấp dẫn']",,dienmayxanh.com
https://www.dienmayxanh.com/vao-bep/cach-lam-khoai-mi-xay-nuoc-cot-dua-deo-thom-ngon-bat-bai-23572,Món Thịt Heo,Cách làm khoai mì xay nước cốt dừa dẻo thơm ngon bất bại,"Bạn đang tìm kiếm một mónăn vặtdân dã mà cực kỳ cuốn hút? Món khoai mì xay nước cốt dừa dẻo thơm béo ngậy sẽ là lựa chọn hoàn hảo cho chuyên mụcVào bếpcủa bạn. Với công thức cách làm khoai mì xay đơn giản này, đảm bảo ai cũng làm được món khoai mì tươi ngon như mẹ làm!",,1 giờ 30 phút + 50 phút,Cho 4-6 người,,11,"['Khoai mì - 2 kg', 'Nước cốt dừa - 1 lít ((2 lon))', 'Vani - 1 ống', 'Bột năng - 1 muỗng canh', 'Bột bán - 2 muỗng cà phê', 'Lá dứa - 3 lá', 'Hành lá - 1 ít', 'Dầu ăn - 1 ít', 'Mè rang - 1 ít', 'Đậu phộng rang đập dập - 1 ít', 'Gia vị thông dụng - 1 ít ((đường/muối))']","['Bước 1 - Sơ chế và hấp khoai mì: Khoai mì mua về, bạn lột sạch vỏ. Sau đó, rửa sạch lại với nước. Khoai mì thường khá dài, bạn nên cắt thành các khúc ngắn khoảng 5-7cm để hấp nhanh chín và dễ lấy xơ hơn. Sau khi rửa sạch, ngâm khoai mì đã cắt trong nước khoảng 30 phút đến 1 tiếng để loại bỏ bớt độc tố. Cho khoai mì vào nồi xửng hấp. Đặt nồi lên bếp và hấp cho đến khi khoai mì chín mềm. Thời gian hấp tùy thuộc vào độ lớn của khoai, thường khoảng 20-30 phút. Khi khoai chín, lấy ra để nguội bớt.', 'Bước 2 - Xay khoai mì dẻo mịn: Khi khoai mì đã nguội bớt nhưng vẫn còn hơi ấm, bạn dùng dao tách bỏ phần xơ ở giữa củ. Đây là bước quan trọng để món khoai mì xay được dẻo mịn và không bị lợn cợn. Cho khoai mì đã bỏ xơ vào máy xay có đầu quết.', 'Bước 3 - Nấu nước cốt dừa béo ngậy: Đổ 2 lon nước cốt dừa và 1 lon nước lọc vào nồi. Thêm hơn nửa muỗng cà phê muối, 6 muỗng canh đường và 1 ống vani vào. Trong một chén nhỏ, hòa tan 1 muỗng canh bột năng với 3 muỗng canh nước lạnh. Cho 2 muỗng cà phê bột bán (không cần ngâm trước) vào nồi nước cốt dừa. Bắc nồi lên bếp, mở lửa lớn và khuấy đều cho đường tan hết, bột năng và vani hòa quyện. Khi nước cốt dừa gần sôi và bột bán bắt đầu nở, bạn có thể tắt bếp ngay. Nước cốt dừa sẽ tiếp tục sôi nhẹ và bột bán sẽ nở hoàn toàn khi nguội.', 'Bước 4 - Làm mỡ hành và chuẩn bị topping: Bắc chảo lên bếp, cho dầu ăn vào đun nóng. Hành lá rửa sạch, cắt nhỏ. Cho hành lá vào chén, thêm một chút đường và muối, trộn đều. Khi dầu nóng già, từ từ đổ dầu nóng vào chén hành lá, trộn đều để làm mỡ hành thơm lừng. Mè rang và đậu phộng rang đã có sẵn hoặc bạn có thể tự rang và đập dập.', 'Bước 5 - Thành phẩm: Múc khoai mì xay ra đĩa hoặc khay lớn. Rắc đều mè rang và mỡ hành lên trên. Tiếp theo, rắc đậu phộng đập dập và cuối cùng là chan nước cốt dừa béo ngậy lên. Bạn có thể cắt khoai mì thành từng miếng vừa ăn trước khi rắc topping để dễ dàng thưởng thức. Món khoai mì xay nước cốt dừa dẻo thơm, béo ngậy, có vị mặn ngọt hài hòa từ nước cốt, thơm lừng từ mỡ hành và mè rang, giòn bùi từ đậu phộng sẽ khiến cả nhà thích mê!']","['Để món khoai mì xay nước cốt dừa hấp dẫn thêm phần trọn vẹn, việc sở hữu những dụng cụ nấu nướng chất lượng là không thể thiếu.Bộ nồi xửng inox 5 đáy nắp kính 24 cm Sunhouse SHG507-24sẽ là trợ thủ đắc lực cho bạn.Bộ nồi xửng inox 5 đáy nắp kính 24 cm Sunhouse SHG507-24 được làm từ chất liệu inox cao cấp, đảm bảo độ bền vượt trội và an toàn cho sức khỏe khi sử dụng. Thiết kế 5 đáy giúp truyền nhiệt nhanh, tỏa nhiệt đều, giữ món ăn nóng lâu hơn.Nồi xửng Sunhouse này có nắp kính trong suốt, giúp bạn dễ dàng quan sát quá trình hấp mà không cần mở nắp, giữ trọn hương vị và dinh dưỡng của món ăn.Với đường kính 24 cm, nồi xửng này đủ rộng để hấp một lượng lớn khoai mì, phục vụ cho cả gia đình.Đặc biệt,bộ nồi sunhousenày còn có thể sử dụng trên mọi loại bếp, từ bếp gas, bếp điện đến bếp từ, mang lại sự tiện lợi tối đa cho mọi gian bếp.Bộ nồi xửng inox 5 đáy Sunhouse SHG507-24Hàng phải chuyển về350.000₫491.000₫-28%Xem chi tiết', 'Xem thêm:Cách làm khoai mì hấp nước cốt dừa béo thơm đơn giản tại nhàCách làm bánh bằng từ khoai mì giòn rụm thơm ngon đơn giảnCác món bánh làm từ khoai mì - củ sắn thơm ngon đơn giản dễ làm']",,dienmayxanh.com
https://www.dienmayxanh.com/vao-bep/cach-lam-sot-pho-mai-nuong-tom-thom-ngon-beo-ngay-tai-nha-23573,Món Thịt Heo,Cách làm sốt phô mai nướng tôm thơm ngon béo ngậy tại nhà,"Bạn đang tìm kiếm cách làm sốt phô mai nướng tôm ngon chuẩn nhà hàng? Đừng lo, hôm nay Điện máy XANH sẽ bật mí công thức sốt phô mai béo ngậy, sánh mịn để biến món tôm nướng của bạn thành siêu phẩm. CùngVào bếpvà khám pháMón nướnghải sản hấp dẫn này nhé!",,20 phút + 30 phút,Cho 4-6 người,,7,"['Sốt Mayonnaise - 250 gr', 'Sữa tươi không đường - 50 gr', 'Sữa đặc - 30 gr', 'Viên phô mai  bò cười - 4 con', 'Lòng đỏ trứng gà - 2 cái', 'Màu dầu điều - 1 ít', 'Tôm càng - 500 gr']","['Bước 1 - Làm sốt phô mai béo ngậy: Đầu tiên, bạn cho sữa tươi không đường vào máy xay sinh tố trước. Việc này giúp các nguyên liệu lỏng nằm dưới, máy sẽ dễ xay hơn. Tiếp theo, cho lần lượt các nguyên liệu còn lại gồm sốt Mayonnaise, sữa đặc, lòng đỏ trứng gà (nhớ chỉ lấy lòng đỏ, bỏ bớt lòng trắng nha), và một ít màu dầu điều để sốt có màu vàng đẹp mắt. Phô mai con bò cười bạn có thể cắt nhỏ ra hoặc cho nguyên miếng đều được. Tùy theo sở thích, nếu bạn mê phô mai thì có thể tăng lên 5-6 viên nhé. Bật máy xay nhuyễn tất cả hỗn hợp cho đến khi sốt sánh mịn, không còn lợn cợn là đạt yêu cầu.', 'Bước 2 - Sơ chế tôm và chuẩn bị nướng: Tôm càng mua về rửa sạch, cắt bỏ bớt râu và phần chân cho gọn gàng. Dùng kéo cắt dọc phần vỏ lưng tôm, sau đó dùng dao chẻ dọc phần thịt tôm nhưng không cắt đứt hẳn xuống dưới. Mục đích là để tôm có thể tách ra và dễ dàng cho sốt vào bên trong. Đối với những con tôm to, bạn có thể chẻ đôi hoàn toàn. Sau khi chẻ lưng, dùng một miếng tăm tre nhỏ kê vào giữa phần lưng tôm đã chẻ để giữ cho tôm mở ra, giúp sốt thấm đều hơn khi nướng.', 'Bước 3 - Nướng tôm lần 1 với lò nướng: Trước khi nướng, bạn nên khởi động lò nướng ở 220 độ C trước khoảng 15 phút để nhiệt độ ổn định. Xếp tôm đã sơ chế vào khay nướng. Đặt khay ở rãnh dưới cùng của lò. Nướng tôm trong khoảng 10 phút (đối với tôm cỡ trung bình) hoặc 15 phút (đối với tôm lớn) để tôm chín sơ.', 'Bước 4 - Phủ sốt phô mai và nướng lần 2: Sau khi nướng lần 1, lấy tôm ra khỏi lò và gỡ bỏ những que tăm tre. Cẩn thận múc sốt phô mai đã chuẩn bị, cho ngập vào phần thịt tôm đã chẻ. Gạch tôm đỏ au quyện cùng sốt trông thật hấp dẫn! Xếp tôm trở lại lò nướng, lần này bạn nên đặt khay ở rãnh giữa để phần sốt phô mai gần nhiệt hơn, giúp mặt sốt vàng xém đẹp mắt. Nướng thêm khoảng 10 phút nữa là tôm chín tới và sốt phô mai chuyển màu vàng óng, thơm lừng.', 'Bước 5 - Thành phẩm: Tôm nướng sốt phô mai béo ngậy, thơm lừng với lớp sốt vàng xém hấp dẫn đã sẵn sàng để thưởng thức. Món này có thể nướng bằng bếp than, nhưng để có lớp vàng xém trên mặt sốt, bạn cần dùng đèn khò nhé.']","['Để làm món sốt phô mai nướng tôm sánh mịn, không thể thiếu sự hỗ trợ của một chiếcMáy xay sinh tố đa năng Sunhouse SHD5114. Đây là trợ thủ đắc lực giúp bạn hoàn thành món ăn một cách nhanh chóng và dễ dàng.Máy xay sinh tố Sunhousenày sở hữu lưỡi dao sắc bén, công suất mạnh mẽ, giúp xay nhuyễn mọi nguyên liệu chỉ trong tích tắc.Thiết kế nhỏ gọn, dễ dàng tháo lắp và vệ sinh sau khi sử dụng, tiết kiệm thời gian cho người nội trợ.Có 2 tốc độ, 1 nút nhồi giúp trộn nguyên liệu, hạn chế tắc nghẽn. Điều khiển nút xoay thân thiện, dễ sử dụng.Với nhiều chế độ xay khác nhau, bạn có thể linh hoạt chế biến nhiều loại sốt, sinh tố hay thực phẩm khác.Máy xay đa năng Sunhouse SHD5114610.000₫780.000₫-21%Xem chi tiết', 'Sau khi xay xong, bạn có thể cho sốt vào hộp hoặc chai có nắp đậy kín, bảo quản trong ngăn mát tủ lạnh. Sốt có thể dùng được đến 1 tháng, rất tiện lợi cho những bữa tiệc hải sản nướng bất chợt!', 'Lưu ý: Không chẻ sâu vào phần đầu để tránh làm vỡ gạch tôm nhé.', 'Xem thêm:Cách làm món mì Ý sốt phô mai thơm ngon, cực đơn giản tại nhà2 cách làm ức gà sốt phô mai và mật ong thơm ngon, đơn giảnTổng hợp 9 món ăn sốt phô mai béo ngậy, hấp dẫn ăn là ghiền']",,dienmayxanh.com
https://www.dienmayxanh.com/vao-bep/cach-nau-canh-doc-mung-suon-chua-thanh-dam-vi-ngon-kho-cuong-23566,Món Thịt Heo,"Cách nấu canh dọc mùng sườn chua thanh, đậm vị ngon khó cưỡng tại nhà","Bạn đang tìm cách nấu canh dọc mùng sườn chuẩn vị, thanh mát cho bữa cơm gia đình?Vào bếpcùng Điện máy XANH, bạn sẽ có ngaymón canhsườn chua dọc mùng thơm ngon, giải nhiệt, đảm bảo ai cũng tấm tắc khen ngon chỉ với vài bước đơn giản.",,30 phút + 45 phút,Cho 4 người,,7,"['Dọc mùng - 4 cây', 'Dẻ sườn lợn - 400 gr', 'Me chua - 1 muỗng canh ((đã tách hạt))', 'Cà chua - 2 quả', 'Thơm - 1/4 quả ((dứa))', 'Gia vị thông dụng - 1 ít ((muối hạt/ hạt nêm/ nước mắm/ dầu ăn))', 'Hành lá/ Mùi tàu/ Hành khô - 1 ít']","['Bước 1 - Sơ chế dọc mùng và khử ngứa: Dọc mùng sau khi tước bỏ phần vỏ xơ bên ngoài, bạn đem cắt vát thành từng miếng vừa ăn. Cho dọc mùng vào chậu, rắc 1 muỗng canh đầy muối hạt và xóc đều. Ngâm dọc mùng với muối khoảng 15 phút rồi bóp kỹ, vắt ráo nước và rửa sạch nhiều lần dưới vòi nước lạnh để loại bỏ hoàn toàn vị chát và mặn.', 'Bước 2 - Sơ chế sườn non và ninh mềm: Sườn lợn chặt miếng vừa ăn, rửa sạch. Chần sơ sườn qua nước sôi khoảng 2 - 3 phút để loại bỏ bọt bẩn và mùi hôi, sau đó rửa lại bằng nước lạnh. Cho sườn vào nồi áp suất (hoặc nồi hầm), thêm khoảng 1.2 - 1.5 lít nước và 2 - 3 thìa cà phê hạt nêm. Ninh sườn trong 20 - 30 phút cho đến khi sườn mềm nhừ.', 'Bước 3 - Xào cà chua và dứa thơm: Bắc chảo lên bếp, cho 1 - 2 thìa canh dầu ăn vào đun nóng rồi phi thơm hành khô băm nhỏ. Tiếp theo, cho cà chua đã bổ múi cau vào đảo đều. Khi cà chua hơi mềm và ra màu đẹp, bạn cho dứa đã cắt miếng cùng một chút hạt nêm vào xào cùng. Thêm khoảng 1/2 chén nước lọc và một thìa canh nước cốt me chua vào đun sôi hỗn hợp này để tạo vị chua thanh cho món canh.', 'Bước 4 - Nấu canh sườn chua dọc mùng: Đổ hỗn hợp cà chua và dứa đã xào vào nồi nước hầm sườn. Đun cho canh sôi trở lại. Khi canh sôi bùng, bạn thả phần dọc mùng đã vắt ráo nước vào. Nấu thêm một chút cho nước sôi lại rồi nêm nếm lại gia vị với 1 muỗng canh nước mắm và điều chỉnh cho vừa miệng.', 'Bước 5 - Thành phẩm: Thả hành lá và rau mùi tàu đã cắt khúc vào nồi canh rồi tắt bếp ngay để giữ được màu xanh và hương thơm. Múc canh ra tô và thưởng thức nóng cùng với cơm trắng hoặc bún tươi đều rất ngon miệng. Món canh sườn dọc mùng chua thanh này chắc chắn sẽ làm hài lòng cả gia đình bạn.']","['Để món canh dọc mùng sườn của bạn nhanh chóng và tiện lợi hơn, đặc biệt là phần ninh sườn,Nồi áp suất điện Kalite KPC5001 5 lítsẽ là trợ thủ đắc lực trong căn bếp của bạn.Nồi áp suất Kalitegiúp bạn tiết kiệm tối đa thời gian ninh hầm. Sườn sẽ mềm nhừ chỉ trong tích tắc, không cần chờ đợi lâu.Thiết bị này còn giữ trọn vẹn hương vị tự nhiên và dinh dưỡng của thực phẩm. Món canh của bạn sẽ ngon ngọt, đậm đà hơn bao giờ hết.Với nhiều chế độ nấu đa dạng và tính năng an toàn vượt trội, nồi áp suất Kalite KPC5001 mang đến sự tiện lợi và an tâm cho mọi gia đình.Nồi áp suất điện Kalite 5 lítOnline giá rẻ quá2.190.000₫3.290.000₫-33%Xem chi tiết', 'Sau khi rửa sạch, bạn có thể cho dọc mùng vào thau nước đá ngâm khoảng 10-15 phút để dọc mùng giữ được độ giòn ngon.', 'Xem thêm:2 cách nấu bún ốc dọc mùng, bún ốc mọc thơm ngon, thanh mát, dễ làm tại nhàCách nấu bún cá dọc mùng ngon, nước dùng chua thanh, hấp dẫn với nồi nhômBí quyết làm cá nấu dọc mùng miền Bắc thanh mát nhanh gọn cùng nồi lẩu điện']",,dienmayxanh.com
https://www.dienmayxanh.com/vao-bep/cach-nau-chao-ga-nguyen-con-ngot-mem-thit-khong-bi-bo-chao-23568,Món Thịt Heo,"Cách nấu cháo gà nguyên con ngọt mềm, thịt không bị bở, cháo nhanh nhừ","Bạn đang tìm cách nấu cháo gà nguyên con chuẩn vị, nhanh nhừ? Cùngvào bếpkhám phá bí quyết làmmón cháogà thơm ngon, đậm đà, giải cảm hiệu quả. Công thức chi tiết, đảm bảo bạn sẽ có ngay nồi cháo dinh dưỡng cho gia đình!",,40 phút + 40 phút,Cho 4 - 6 người,,11,"['Gà ta - 1 con ((khoảng 2 kg))', 'Gạo tẻ - 1/2 chén', 'Nấm đùi gà/Nấm bào ngư - 1 ít ((hoặc nấm rơm tùy ý))', 'Hành tây to - 1 củ', 'Cà rốt - 1 củ', 'Hành tím - 1 ít', 'Chanh - 3 quả', 'Rau răm/thân chuối/hoa chuối/rau càng cua - 1 ít ((để trộn gỏi))', 'Ớt/tỏi/hành lá - 1 ít', 'Đậu phộng - 1 ít', 'Gia vị thông dụng - 1 ít ((muối/giấm ăn/đường phèn/hạt nêm/đường/nước mắm ngon/tiêu))']","['Bước 1 - Sơ chế gạo: Vo sạch nửa chén gạo tẻ nhiều lần với nước cho đến khi gạo trong. Đổ gạo ra mẹt, dàn đều và mang đi phơi nắng gắt 1 - 2 ngày. Trong quá trình phơi, thỉnh thoảng đảo đều để gạo khô rang.', 'Bước 2 - Sơ chế gà ta: Cho gà vào thau, thêm một ít muối và giấm ăn, massage đều để loại bỏ hết nhớt và mùi hôi của gà. Lấy bỏ máu đông và phần phổi bên trong gà. Rửa sạch gà nhiều lần với nước và để ráo.', 'Bước 3 - Luộc gà và chuẩn bị nước dùng gà: Bắc nồi lên bếp, cho khoảng 3 lít nước vào, thêm 1 muỗng cà phê muối, 1/3 muỗng canh đường phèn, 1/3 muỗng canh hạt nêm và 1 củ hành tây cắt chữ thập. Cho gà vào nồi (có thể chặt đôi nếu muốn gà mau chín). Đun sôi, sau đó giảm lửa nhỏ và vớt bỏ bọt. Luộc gà khoảng 15 - 20 phút tùy kích cỡ. Dùng xiên kiểm tra, nếu gà chín thì vớt ra để nguội. Sau đó vớt bỏ hành tây và hành củ trong nồi nước luộc.', 'Bước 4 - Sơ chế các nguyên liệu khác: Hành củ, hành tây xắt lát mỏng. Cà rốt bào sợi. Cho tất cả vào tô. Thêm 3 muỗng canh đường, 9 muỗng canh giấm gạo, trộn đều và bảo quản trong ngăn mát tủ lạnh trong lúc luộc gà để giảm mùi hăng và nguyên liệu ngấm gia vị. Nấm bào ngư, nấm đùi gà cắt gốc, xé sợi. Ngâm nấm trong nước muối loãng, rửa sạch và để ráo.', 'Bước 5 - Pha nước mắm trộn gỏi và muối ớt chấm gà: Nước mắm trộn gỏi: Cho 2 vá đường, 2 vá nước mắm ngon, 2 vá nước cốt chanh vào tô. Đảo đều cho đường tan, sau đó thêm tỏi ớt băm. Muối ớt chấm gà: Cho 1/2 muỗng canh muối (muối hột), 1 muỗng canh đường và ớt vào cối. Giã nhuyễn. Khi ăn vắt thêm chanh.', 'Bước 6 - Nấu cháo gà nguyên con nhanh nhừ: Gà chín thì bạn vớt ra, đổ nửa chén gạo đã phơi (hoặc rang) vào nồi nước luộc gà. Ninh cháo khoảng 15 phút cho gạo bung mềm. Khi cháo đã nhừ, cho nấm đã sơ chế vào. Nêm 1/2 muỗng canh hạt nêm, 1/3 muỗng canh đường phèn, 1/2 muỗng cà phê muối. Nêm nếm lại cho vừa khẩu vị. Cuối cùng, cho hành lá xắt nhỏ vào.', 'Bước 7 - Xé gà và trộn gỏi gà đậm đà: Gà đã nguội, xé phay thành miếng vừa ăn. Cho cà rốt, hành tây, hành củ đã ngâm giấm (vắt bỏ nước) vào tô lớn. Thêm chuối cây, hoa chuối, rau răm cắt nhỏ. Từ từ cho nước mắm trộn gỏi vào, trộn đều và nếm thử. Điều chỉnh lượng nước mắm cho vừa ăn. Cho gà xé vào, thêm chút nước mắm và rau càng cua. Trộn đều một lần nữa.', 'Bước 8 - Thành phẩm: Múc cháo ra tô, rắc hành ngò, hành phi và tiêu xay. Gỏi gà bày ra đĩa, rắc thêm đậu phộng rang và hành phi. Thưởng thức cháo nóng hổi cùng gỏi gà chua ngọt, đậm đà.']","['Để món cháo gà nguyên con thêm hoàn hảo, việc chọn lựa dụng cụ nấu ăn chất lượng là vô cùng quan trọng.Nồi luộc gà inox 5 đáy nắp kính 28 cm Green Cook GCS243-28IHsẽ là trợ thủ đắc lực cho bạn.Nồi Green Cookđược làm từ chất liệu inox cao cấp, đảm bảo an toàn cho sức khỏe và dễ dàng vệ sinh sau khi sử dụng. Thiết kế 5 đáy giúp truyền nhiệt nhanh và đều, giữ nhiệt tốt.Nắp kính trong suốt tiện lợi giúp bạn dễ dàng quan sát quá trình nấu mà không cần mở nắp nhiều lần, giữ trọn hương vị món ăn. Kích thước 28 cm lý tưởng để luộc gà nguyên con.Sản phẩm tương thích với mọi loại bếp, kể cả bếp từ, mang lại sự tiện lợi tối đa cho mọi gia đình. Đây chắc chắn là sự đầu tư xứng đáng cho căn bếp của bạn.Nồi luộc gà inox 5 đáy Green Cook GCS243-28IHOnline giá rẻ quá450.000₫785.000₫-42%Xem chi tiết', 'Cách phơi gạo này giúp gạo nở bung, nhanh mềm nhừ khi nấu (chỉ khoảng 15 phút), tiết kiệm thời gian nấu cháo. Bảo quản gạo đã phơi trong keo lọ kín, nơi khô ráo. Nếu không có thời gian phơi, bạn có thể rang gạo trên bếp.', 'Nên chọn gà ta để nấu cháo gà nguyên con vì thịt săn chắc, ngọt nước và thơm ngon hơn.', 'Người miền Nam thường ăn cháo loãng hơn, nếu thích đặc hơn có thể tăng lượng gạo.', 'Xem thêm:Cách rang gạo nấu cháo gà, cháo vịt, cháo lòng thơm ngon đơn giản với chảoHướng dẫn sử dụng chế độ nấu cháo của nồi cơm điện Tiger để nấu cháo gàCách làm gỏi gà chua ngọt giòn ngon khó cưỡng mà bạn không thể bỏ qua']",,dienmayxanh.com
https://www.dienmayxanh.com/vao-bep/cach-nau-chao-ca-dia-cho-be-voi-bi-do-khong-bi-tanh-day-dinh-23562,Món Thịt Heo,Cách nấu cháo cá dìa cho bé với bí đỏ không bị tanh đầy dinh dưỡng,"Mẹ bỉm đang tìm công thức cháo cá dìa cho bé ăn dặm thơm ngon, bổ dưỡng?Vào bếpkhám phámón cháocá dìa ngọt béo, dễ làm, giúp bé yêu phát triển khỏe mạnh. Đảm bảo bé sẽ mê tít món cháo này ngay từ muỗng đầu tiên!",,15 phút + 15 phút,Cho 100gr cá dìa tươi,,6,"['Gạo tẻ - 50 gr', 'Cá dìa tươi - 100 gr ((phi lê))', 'Bí đỏ - 40 gr', 'Gừng - 2 lát', 'Dầu ăn cho bé - 2 muỗng cà phê ((dầu oliu/dầu gấc/dầu óc chó))', 'Gia vị thông dụng - 1 ít ((muối/hành tím))']","['Bước 1 - Sơ chế cá dìa tươi ngon: Đầu tiên, bạn rửa sạch cá dìa bằng nước muối pha loãng để loại bỏ mùi tanh và đảm bảo vệ sinh. Sau đó, cho cá vào nồi cùng 1-2 lát gừng, luộc trong khoảng 3-5 phút cho cá vừa chín tới.', 'Bước 2 - Lọc xương và tán nhuyễn thịt cá: Khi cá đã nguội bớt, bạn gỡ thật kỹ phần thịt cá, đảm bảo loại bỏ hoàn toàn xương dăm. Đây là bước quan trọng để bé ăn dặm an toàn. Dùng thìa tán nhuyễn hoặc xay mịn thịt cá tùy theo độ thô mà bé yêu của bạn có thể ăn được.', 'Bước 3 - Nấu cháo cá dìa bí đỏ cho bé: Múc phần cháo trắng đã nấu sẵn vào một nồi nhỏ. Tiếp đến, cho bí đỏ đã hấp/luộc và nghiền nhuyễn cùng với phần cá dìa đã tán nhuyễn vào nồi cháo.', 'Bước 4 - Hoàn thành món cháo ăn dặm: Đun hỗn hợp cháo trên lửa nhỏ khoảng 5-7 phút cho sôi lăn tăn. Khi cháo đã hòa quyện và nóng đều, bạn tắt bếp. Thêm một thìa dầu ăn cho bé (dầu oliu, dầu gấc hoặc dầu óc chó) vào cháo rồi khuấy đều.', 'Bước 5 - Thành phẩm: Múc cháo cá dìa bí đỏ ra bát, đợi nguội bớt là bé có thể thưởng thức ngay món cháo ăn dặm thơm ngon, bổ dưỡng này. Cháo có màu sắc hấp dẫn, vị ngọt tự nhiên từ cá và bí đỏ, chắc chắn sẽ khiến bé thích mê!']","['Xem chi tiết:Cá dìa là cá gì? Có mấy loại? Nấu món gì ngon', 'Để việc nấu cháo cho bé trở nên đơn giản và tiện lợi hơn, một chiếc nồi cơm điện tử chất lượng sẽ là trợ thủ đắc lực.Nồi cơm điện tử Toshiba 1.8 lít RC-18DH2PV(W)là lựa chọn lý tưởng cho mọi gia đình.Nồi cơm điện toshibanổi bật với công nghệ nấu 3D, giúp nhiệt lượng tỏa đều từ mọi phía, đảm bảo hạt gạo chín tới, cháo sánh mịn hoàn hảo.Dung tích 1.8 lít phù hợp cho gia đình có 4-6 thành viên, hoặc để nấu lượng cháo lớn hơn cho bé dùng dần. Lòng nồi chống dính cao cấp giúp vệ sinh dễ dàng sau mỗi lần sử dụng.Với nhiều chế độ nấu cài đặt sẵn, từ nấu cơm, nấu cháo đến hấp, bạn có thể dễ dàng chuẩn bị đa dạng món ăn dinh dưỡng cho bé và cả nhà.Nồi cơm điện tử Toshiba 1.8 lít RC-18DH2PV(W)Online giá rẻ quá1.890.000₫2.180.000₫-13%Quà400.000₫Xem chi tiết', 'Luộc cá riêng sẽ giúp bạn dễ dàng lọc xương hơn và tránh làm cháo bị tanh, giữ được độ ngọt tự nhiên của cá.', 'Nếu muốn cá thơm hơn, bạn có thể xào sơ thịt cá đã tán nhuyễn với một chút dầu ăn cho bé và hành tím băm nhỏ trước khi cho vào cháo.', 'Bí đỏ không chỉ bổ dưỡng mà còn giúp tạo độ sánh tự nhiên cho món cháo, giúp bé dễ ăn hơn.', 'Xem thêm:2 cách nấu cháo nấm rơm thơm ngon bổ dưỡng lại đơn giản cho bé3 cách nấu cháo cá hồi cho bé ăn dặm đơn giản và bổ dưỡng2 cách nấu cháo tôm rau cải ngọt cho bé ăn dặm đầy dinh dưỡng dễ làm']",,dienmayxanh.com
https://www.dienmayxanh.com/vao-bep/cach-lam-dau-bap-kho-nuoc-tuong-thom-ngon-doi-vi-cho-bua-com-14213,Món Chay,Cách làm đậu bắp kho nước tương thơm ngon đổi vị cho bữa cơm gia đình,Đậu bắp có chứa nhiều giá trị dinh dưỡng và rất thích hợp để làm những món ăn chay. Hãy cùngvào bếpvới Điện máy XANH để tham khảo ngay công thức làm món đậu bắp kho nước tương đơn giản nhưng không kém phần hấp dẫn và mời cả nhà cùng thưởng thứcmón chaynày nhé.,,10 phút + 20 phút,Cho 2 người,,9,"['Đậu bắp - 200 gr', 'Hành lá - 3 nhánh', 'Ớt - 4 trái', 'Nước tương - 3 muỗng canh ((1 vá canh))', 'Tương ớt - 1 muỗng cà phê', 'Nước lọc - 300 ml ((4 vá canh))', 'Dầu ăn - 2 muỗng canh', 'Hạt nêm chay - 2 muỗng cà phê', 'Gia vị thông dụng - 1 ít ((Tiêu xay/ muối/ đường))']","['Bước 1 - Sơ chế nguyên liệu: Đầu tiên bạn rửa sạch đậu bắp, tiếp theo để giữ được màu xanh của đậu bắp thì bạn trụng sơ qua với nước sôi khoảng 1 phút. Sau đó bạn gắp ra bỏ ngay vào thau nước lạnh. Kế tiếp, bạn vớt đậu bắp ra, cắt bỏ phần cuống rồi sau đó cắt thành những đoạn vừa ăn khoảng 1 lóng tay. Hành lá rửa sạch rồi cắt phần lá và phần củ riêng ra, phần củ cắt nhỏ để phi thơm còn phần lá bạn cũng cắt nhỏ.', 'Bước 2 - Làm sốt nước tương: Đặt chảo lên bếp, cho vào chảo 2 muỗng canh dầu ăn, sau khi dầu nóng thì bạn cho hành đã cắt nhỏ vào phi thơm. Tiếp theo bạn cho vào 1 vá canh nước tương, 1 vá canh nước lọc rồi nấu trên lửa vừa khoảng 1 phút thì nêm vào 2 muỗng cà phê hạt nêm chay. Sau đó bạn thêm vào chảo 3 vá canh nước lọc, 3 muỗng cà phê đường, 1 muỗng cà phê tương ớt rồi khuấy đều, tiếp tục nấu trên lửa vừa cho đến khi sôi trở lại. Bạn có thể nêm nếm lại một lần nữa cho hợp khẩu vị rồi sau đó đổ phần sốt ra tô.', 'Bước 3 - Làm đậu bắp kho nước tương: Bạn đặt chảo ban nãy lên bếp, sau đó bạn sắp đậu bắp vào chảo, sau khi sắp xong thì bạn đổ từ từ phần nước sốt vào. Bạn kho trên lửa vừa khoảng 3 phút, trong khi kho bạn dùng muỗng lấy phần nước sốt trong chảo rưới lên trên bề mặt để đậu bắp thấm gia vị. Sau cùng bạn cho 4 quả ớt, nêm một ít hành lá và một ít tiêu xay để món ăn thêm đậm vị và thơm hơn. Bạn kho thêm khoảng 1 phút nữa rồi tắt bếp.', 'Bước 4 - Thành phẩm: Vậy là đã hoàn thành xong món đậu bắp kho nước tương vô cùng đơn giản rồi. Khi ăn bạn sẽ cảm nhận được đậu bắp vẫn còn giữ được độ giòn nhất định và thấm vị. Món này bạn có thể ăn cùng với cơm sẽ rất thích hợp đấy.']","['Xem thêm:Cách làm đậu bắp xào nấm chay cực ngon, thanh vị đưa cơmCách làm đậu bắp xào chao thơm ngon lạ miệng cho cả nhà đổi vịCách làm đậu bắp xào cà chua chay thanh đạm hương sắc bắt mắt']",,dienmayxanh.com
https://www.dienmayxanh.com/vao-bep/cach-lam-cu-cai-muoi-xao-chay-thom-ngon-la-vi-cho-bua-com-07329,Món Chay,Cách làm củ cải muối xào chay thơm ngon lạ vị cho bữa cơm thêm phong phú,"Củ cải muối là loại thực phẩm có thể chế biến được rất nhiều món ăn. Trong đó có củ cải muối xào chay làmón chaythơm ngon, sẽ giúp bữa ăn gia đình thêm phần đậm vị và ngon miệng hơn. Để biết thêm công thức của món ăn đơn giản này, mời bạn cùngvào bếptrổ tài nhé!",,10 phút + 10 phút,Cho 2 người,,7,"['Củ cải muối - 100 gr', 'Bột ớt - 1 muỗng cà phê', 'Nước tương - 1 muỗng canh', 'Hành lá - 2 nhánh', 'Ớt - 1 trái', 'Dầu ăn - 1 muỗng cà phê', 'Gia vị thông dụng - 1 ít ((đường/ bột ngọt/ tiêu/ muối))']","['Bước 1 - Sơ chế củ cải: Nhặt bỏ những củ cải muối vàng, úa. Chuẩn bị một cái thau bỏ 1 muỗng cà phê muối, 2 chén nước lạnh. Bỏ củ cải muối vào thau ngâm, bóp củ cải khoảng 2 phút để giảm đi độ mặn trong củ cải muối. Đun một nồi nước sôi khoảng 2 chén nước, bỏ phần củ cải muối vào trụng sơ khoảng 1 phút. Sau khi trụng xong, vớt củ cải ra và cho vào tô đựng nước lạnh để củ cải không bị nhũn.', 'Bước 2 - Sơ chế các nguyên liệu khác: Hành lá bỏ rễ, rửa sạch rồi cắt nhỏ. Ớt bỏ cuống, rửa sạch rồi băm nhuyễn.', 'Bước 3 - Xào củ cải: Bắc chảo lên bếp, thêm 1 muỗng cà phê dầu ăn rồi cho ớt và hành lá vào chảo, đảo đều khoảng 3 phút đến khi ớt và hành lá dậy mùi thơm. Thêm củ cải muối vào trộn đều khoảng 3 phút, đến khi củ cải săn lại. Hạ lửa nhỏ lại, thêm 1 muỗng canh nước tương, 1 muỗng canh đường, 1 muỗng cà phê bột ngọt, 1 muỗng cà phê bột ớt, xào đều thêm 3 phút nữa. Khi củ cải chín và thấm gia vị thì nêm nếm lại cho vừa ăn, tắt bếp và bày ra dĩa.', 'Bước 4 - Thành phẩm: Vậy là chúng ta đã hoàn thành xong món ăn thơm ngon củ cải muối xào chay. Củ cải giòn giòn, được tẩm ướp gia vị vừa ăn khiến món ăn ngon miệng không thua kém gì các món mặn. Thật tuyệt nếu như món ăn này kết hợp cùng cơm trắng ăn kèm. Còn đợi chờ gì nữa, mời bạn cùng vào bếp để thực hiện món ăn này nhé!']","['Xem chi tiết:Cách làm củ cải muối (xá bấu) thơm ngon đơn giản tại nhà', 'Xem thêm:2 cách làm củ cải muối xào sả ớt và chua ngọt lạ miệng đơn giảnCách làm trứng chiên củ cải muối thơm ngon hấp dẫn cực bắt cơm2 cách làm bì cuốn chay từ tàu hũ ky và củ cải muối đơn giản lạ miệng']",,dienmayxanh.com
https://www.dienmayxanh.com/vao-bep/cach-lam-mit-kho-tuong-hot-thom-ngon-don-gian-tai-nha-07314,Món Chay,Cách làm mít kho tương hột thơm ngon đơn giản tại nhà,"Mít non là món đã khá quen thuộc với mỗi gia đình. Nhưng liệu bạn đã thực sự biết hết những món ăn làm từ mít non? Hôm nay hãy cùng Điện máy XANHvào bếpđể thực hiện ngay món mít non kho tương hột, mộtmón khođơn giản nhưng rất thơm ngon và đậm đà đưa cơm nhé!",,40 phút + 30 phút,Cho 4 người,,9,"['Mít non - 1 trái ((700gr))', 'Tương hột - 200 gr', 'Rau răm - 1 ít', 'Hành tím - 3 củ', 'Ớt - 1 trái', 'Chanh - 1/2 quả', 'Hành lá - 1 nhánh ((hoặc hành baro))', 'Dầu ăn - 100 ml', 'Đường/bột ngọt - 1 ít']","['Bước 1 - Sơ chế mít non: Đầu tiên, bạn đun sôi một nồi nước và cho mít vào luộc trong khoảng 30 phút để mít ráo mủ. Sau khi luộc xong, vớt mít ra và cho vào một thau nước để mít mau nguội. Trong lúc đợi mít nguội, chuẩn bị một thau nước và cho vào đó 1/2 quả chanh. Dùng dao gọt sạch phần vỏ mít, sau đó cắt mít thành từng lát vừa phải và cho vào thau nước chanh đã chuẩn bị.', 'Bước 2 - Sơ chế các nguyên liệu khác: Tiếp đến, bạn cắt nhỏ hành tím rồi băm nhuyễn. Hành lá đập dập, sau đó cắt nhỏ. Rau răm chia thành 2 phần, 1/2 giữ lại, 1/2 còn lại đem cắt nhỏ.', 'Bước 3 - Chiên mít: Cho chảo lên bếp thêm vào khoảng 90ml dầu ăn. Đợi chảo nóng thì cho dầu ăn vào sao cho đảm bảo phần mít ngập trong dầu. Đến lúc dầu sôi thì cho mít vào chiên tới khi mít ngả vàng là được.', 'Bước 4 - Kho mít và tương: Cho 10ml dầu ăn cùng hành tím và hành lá đã băm nhuyễn ở trên vào chảo phi đến khi dậy mùi thơm. Tiếp đến, cho hết phần tương hột vào và đảo đều. Cho thêm vào đó 3 muỗng canh đường, (có thể nêm nếm tùy theo khẩu  vị), 1/2 muỗng canh bột ngọt và phần rau răm đã cắt nhỏ. Cho phần mít vào và đảo đều trong khoảng 30 giây cho thấm đều tương và gia vị. Sau khi đảo đều mít, cho thêm vào đó 1 chén nước lọc (khoảng 250ml). Kho mít trong 10 phút thì cho thêm 1 chén nước nữa. Sau đó, để lửa nhỏ và kho tiếp cho tới khi mít mềm. Cắt phần rau răm còn lại và ớt trái vào. Để lửa nhỏ và kho thêm trong 2 – 3 phút nữa là hoàn thành món ăn.', 'Bước 5 - Thành phẩm: Món mít kho tương hột thật thơm ngon hấp dẫn. Mới ngửi mùi thôi đã cảm thấy rất kích thích vị giác. Miếng mít mềm, bùi bùi thấm đều trong tương hột và gia vị. Đây chắc chắn sẽ là món ăn hao cơm đó nha!']","['Xem thêm:2 cách làm món mít kho tàu, mít non kho tộ chay thơm ngon nứt mũi2 Cách làm mít non om chao đỏ và cốt dừa thơm ngon, lạ miệng2 cách làm cá chuồn kho ớt xanh và mít non đơn giản thơm ngon']",,dienmayxanh.com
https://www.dienmayxanh.com/vao-bep/cach-lam-ot-chuong-xao-chay-dinh-duong-thom-ngon-don-gian-cho-14633,Món Chay,Cách làm ớt chuông xào chay dinh dưỡng thơm ngon đơn giản cho gia đình,"Chỉ với ớt chuông và 1 vài nguyên liệu đơn giản khác bạn cũng có thể cho ra đời mộtmón chaycực đơn giản nhưng vô cùng thơm ngon, dinh dưỡng cho những ngày Rằm thêm phần thanh tịnh. Còn chần chờ gì nữa, cùng Điện máy XANH ""xắn tay""vào bếpvà học ngay cách chế biến món ớt chuông xào chay thơm ngon, hấp dẫn bạn nhé!",,15 phút + 30 phút,Cho 4 người,,5,"['Ớt chuông - 3 trái', 'Nấm mỡ - 6 cái ((khoảng 100gr))', 'Tỏi - 2 tép', 'Dầu ăn - 2 muỗng canh', 'Gia vị thông dụng - 1 ít ((đường/ muối/ tiêu/ hạt nêm))']","['Bước 1 - Sơ chế ớt chuông: Ớt chuông mua về các bạn mang rửa sạch, sau đó dùng dao chẻ đôi, bỏ hạt rồi tiếp tục cắt ớt thành các miếng vừa ăn', 'Bước 2 - Sơ chế các nguyên liệu còn lại: Nấm mỡ bạn đem rửa với nước cho sạch, để ráo. Dùng dao cắt nấm thành các lát dày khoảng 1/2 lóng tay nhỏ. Tỏi bóc vỏ, băm nhuyễn.', 'Bước 3 - Xào ớt chuông: Bắc chảo lên bếp, cho 2 muỗng canh dầu ăn vào đun nóng, sau đó cho phần tỏi băm vào phi thơm. Khi tỏi đã dậy mùi, các bạn trút tiếp phần nấm mỡ vào chảo và xào ở lửa vừa khoảng 2 phút cho đến khi nấm vừa chín tới. Tiếp theo, cho ớt chuông vào. Mở lửa lớn, đồng thời cho thêm 1 muỗng cà phê đường, 1/3 muỗng cà phê muối, 1/2 muỗng cà phê tiêu, 1 muỗng cà phê hạt nêm rồi đảo thật đều tay khoảng 2 - 3 phút cho các nguyên liệu thấm đều gia vị thì tắt bếp. Cho ớt chuông xào chay ra dĩa, trang trí lại cho đẹp mắt là hoàn thành. Mách nhỏ:Xào ớt chuông ở lửa lớn khoảng 2 - 3 phút để cho ớt chín đều, giữ được độ giòn và không bị ra nước.', 'Bước 4 - Thành phẩm: Vậy là món ớt chuông xào chay nóng hổi, thơm ngon đã hoàn thành rồi đấy! Ớt chuông giòn giòn thanh mát, nấm mỡ dai giòn quyện cùng gia vị đậm đà tạo nên một món ăn hấp dẫn và đưa cơm. Món này  dùng nóng cùng với cơm trắng và chấm cùng với 1 ít nước tương tỏi ớt thì còn gì bằng!']","['Xem chi tiết:Cách chọn mua ớt chuông tươi ngon', 'Xào ớt chuông ở lửa lớn khoảng 2 - 3 phút để cho ớt chín đều, giữ được độ giòn và không bị ra nước.', 'Xem thêm:Cách làm măng khô xào thập cẩm giòn ngon thanh đạm cho bữa cơm2 Cách làm mực xào ớt chuông giòn dai, ngon ngọt cực hao cơmCách làm món chả cá xào ớt chuông dai giòn ngọt kích thích vị giác']",,dienmayxanh.com
https://www.dienmayxanh.com/vao-bep/cach-nau-canh-rong-bien-chay-ngot-lanh-thanh-dam-cho-bua-com-23515,Món Chay,"Cách nấu canh rong biển chay ngọt lành, thanh đạm cho bữa cơm nhẹ nhàng","Bạn đang tìm cách nấu canh rong biển chay thanh đạm mà vẫn đủ dinh dưỡng?Vào bếpngay với công thức canh rong biển đậu hũ chay này! Đảm bảomón canhgiải nhiệt, không tanh, thơm ngon chỉ trong tích tắc, giúp bữa ăn chay của bạn thêm phần hấp dẫn và bổ dưỡng.",,15 phút,Cho 1 - 2 người,,6,"['Rong biển khô - 15 gr ((loại dùng để nấu canh))', 'Nấm kim châm - 150 gr', 'Đậu hũ non - 100 gr', 'Gừng - 10 gr', 'Gia vị thông dụng - 1 ít ((hạt nêm chay/ muối/ tiêu xay))', 'Ngò rí - 1 ít']","['Bước 1 - Sơ chế rong biển, nấm và đậu hũ non: Đầu tiên, bạn lấy 15gr rong biển khô cho vào tô nước và ngâm trong vài phút cho rong biển nở mềm hoàn toàn. Sau khi rong biển đã nở, bạn vớt ra và dùng kéo cắt thành những miếng nhỏ vừa ăn. Đậu hũ non bạn cắt thành những khối vuông nhỏ vừa miệng. Nấm kim châm cắt bỏ phần gốc, sau đó cắt làm ba khúc và dùng tay tách tơi các sợi nấm ra. Gừng gọt vỏ, rửa sạch và thái thành sợi mỏng.', 'Bước 2 - Nấu canh rong biển đậu hũ chay: Bắc một chiếc nồi lên bếp, cho vào 800ml nước lọc và đun sôi. Khi nước đã sôi, bạn cho phần nấm kim châm đã sơ chế vào trước, tiếp theo là rong biển đã cắt nhỏ. Nấu khoảng 5 - 7 phút để nấm chín và rong biển tiết ra vị ngọt thanh. Sau đó, bạn cho phần đậu hũ non đã cắt hạt lựu và gừng thái sợi vào nồi, khuấy nhẹ tay để đậu hũ không bị nát. Khi nồi canh sôi trở lại, bạn nêm gia vị với 1/2 muỗng cà phê muối và 1 muỗng canh hạt nêm chay. Bạn có thể nếm lại và điều chỉnh gia vị cho vừa với khẩu vị của gia đình mình nhé. Khuấy đều cho gia vị tan hết rồi tắt bếp. Múc canh ra tô, rắc thêm một chút tiêu xay và trang trí với vài cọng ngò rí lên trên.', 'Bước 3 - Thành phẩm: Vậy là bạn đã có ngay một bát canh rong biển chay thanh mát, bổ dưỡng, không tanh và cực kỳ hấp dẫn rồi đấy! Món canh này rất thích hợp để giải nhiệt và bổ sung dinh dưỡng cho cả gia đình.']","['Để món canh rong biển chay của bạn thêm phần hoàn hảo, việc chuẩn bị dụng cụ nấu nướng chất lượng là không thể thiếu.Bộ chảo quánh nhôm chống dính nắp kính Green Cook GCS247-T2sẽ là trợ thủ đắc lực cho bạn.Nồi Green Cookđược làm từ hợp kim nhôm cao cấp, giúp truyền nhiệt nhanh và đều khắp đáy nồi, đảm bảo món canh của bạn chín tới, giữ trọn hương vị.Lớp chống dính bền bỉ giúp bạn dễ dàng nấu nướng mà không lo thức ăn bị dính đáy, đồng thời việc vệ sinh sau khi nấu cũng trở nên nhẹ nhàng hơn.Nắp kính trong suốt tiện lợi giúp bạn dễ dàng quan sát quá trình nấu mà không cần mở nắp, giữ nhiệt tốt và tiết kiệm năng lượng.Bộ chảo quánh nhôm chống dính Green Cook GCS247-T2Online giá rẻ quá390.000₫776.000₫-49%Xem chi tiết', 'Xem thêm:Bí quyết làm tàu hũ chiên giòn rụm, để lâu không bị ỉu, đơn giản tại nhàCách làm súp lơ xào nấm chay giàu dưỡng chất với chảo inox chống dính TefalCách làm nấm đông cô kho tiêu đậm đà, cay nồng cho bữa cơm chay thêm ngon']",,dienmayxanh.com
https://www.dienmayxanh.com/vao-bep/cach-lam-nam-rom-kho-sa-ot-la-mieng-thom-ngon-doi-vi-cho-gia-07250,Món Chay,"Cách làm nấm rơm kho sả ớt lạ miệng, thơm ngon đổi vị cho gia đình","Hôm nay Điện máy XANH sẽ gợi ý cho các bạn mộtmón chaysiêu đơn giản, siêu bắt cơm cho ngày chán thịt cá. Nấm rơm kho sả ớt món ngon không thể chối từ,vào bếpthực hiện cùng chúng mình ngay nhé.",,10 phút + 15 phút,Cho 2 người,,7,"['Nấm rơm - 300 gr', 'Bột ớt khô - 1/2 muỗng cà phê', 'Tỏi băm - 1 muỗng canh', 'Sả băm - 2 muỗng canh', 'Dầu ăn - 2 muỗng canh', 'Bột bắp - 1/2 muỗng canh', 'Gia vị thông dụng - 1 ít ((muối/ đường/ bột ngọt/ hạt nêm))']","['Bước 1 - Sơ chế nấm rơm: Nấm rơm sau khi mua về bạn nhặt sạch rơm, sau đó ngâm với mước muối loãng trong khoảng 30 phút. Dùng dao cạo nhẹ phần vỏ ngoài của nấm, làm như vậy sẽ giúp nấm rơm trắng hơn. Cắt nấm rơm làm đôi làm, ba tùy sở thích.', 'Bước 2 - Làm sốt sả ớt: Cho chảo lên bếp cho vào khoảng 2 muỗng canh dầu ăn, 1 muỗng canh tỏi băm, 2 muỗng canh sả băm, phi vàng thơm các nguyên liệu. Khi tỏi và sả thơm thì bạn cho tiếp 1 muỗng canhmàu dầu điều, 1/2 muỗng cà phê bột ngọt, 1/2 muỗng cà phê muối, 1/2 muỗng cà phê bột ớt khô, 1 muỗng cà phê hạt nêm, 2 muỗng cà phê đường trộn đều và khoảng 150ml nước. Tiếp đó, hòa tan 1/2 muỗng cà phê bột bắp và cho vào chảo, khuấy liên tục cho bột bắp tan đều vào hỗn hợp sốt sả ớt.', 'Bước 3 - Làm nấm rơm kho sả: Đun đến khi sốt sả ớt sệt lại thì bạn cho hết phần nấm rơm đã sơ chế vào, đảo đều tay trên lửa lớn khoảng 5 phút, sau đó hạ lử xuống mức thấp nhất và kho liu riu cho đến khi sệt nước. Bạn nêm nếm lại gia vị cho hợp khẩu vị và tắt bếp, vậy là đã hoàn thành món ăn.', 'Bước 4 - Thành phẩm: Như vậy là đã hoàn thành món nấm rơm xào sả ớt thơm ngon, hấp dẫn. Gấp một miếng nấm rơm cho vào miệng và cảm nhận mùi thơm của sả, tỏi băm, cay cay của ớt đậm đà mặn ngọt của các loại gia vị. Đây là món ăn cực kì hao cơm cho gia đình bạn.']","['Xem chi tiết:Cách chọn mua nấm rơm tươi ngon', 'Xem thêm:5 cách nấu bún nấm chay thơm ngon, đơn giản đổi vị cho gia đình2 cách nấu canh mướp chay với nấm và bồ ngót thanh đạm dễ làm3 cách nấu canh nấm bào ngư nấu sả, mướp hương và chùm ngây thanh đạm']",,dienmayxanh.com
https://www.dienmayxanh.com/vao-bep/bi-quyet-nau-rau-bi-luoc-xanh-muot-don-gian-cho-bua-com-ngon-23510,Món Chay,"Bí quyết nấu rau bí luộc xanh mướt, đơn giản cho bữa cơm ngon thanh đạm","Bạn đang tìm cách luộc rau bí xanh mướt, giòn ngọt cho bữa cơm gia đình?Vào bếpcùng chuyên gia ẩm thực của chúng tôi để khám phá bí quyết sơ chế ngọn bí và luộc rau bí luộc đúng chuẩn, đảm bảomón hấpnày sẽ làm hài lòng cả nhà!",,15 phút + 15 phút,Cho 2 - 3 người,,2,"['Rau bí - 1 bó ((khoảng 500gr))', 'Gia vị thông dụng - 1 ít ((muối/ bột ngọt/ bột canh))']","['Bước 1 - Sơ chế ngọn bí tươi ngon: Đầu tiên, bạn cần nhặt rau bí bằng cách tước bỏ lớp xơ mỏng bên ngoài của cọng và cuống lá để khi ăn rau không bị dai. Đây là mẹo luộc rau xanh ngon mà không bị xơ. Sau đó, bạn ngắt rau thành những đoạn vừa ăn, vò nhẹ phần lá để rau mềm hơn rồi rửa thật sạch với nước và để cho ráo.', 'Bước 2 - Luộc rau bí đúng cách: Bạn bắc một nồi nước lên bếp và đun sôi bùng lên trên lửa lớn. Để rau luộc được xanh và đậm vị hơn, bạn cho vào nồi nước sôi khoảng nửa muỗng cà phê muối. Khi nước đã sôi thật già, bạn cho toàn bộ phần rau bí đã chuẩn bị vào nồi. Dùng đũa nhấn cho rau ngập hoàn toàn trong nước và tiếp tục duy trì lửa lớn, không đậy nắp vung để rau giữ được màu xanh đẹp mắt. Luộc rau trong khoảng 5 phút cho đến khi rau chín tới, thân rau mềm nhưng vẫn giữ được độ giòn là được. Khi rau đã chín, bạn tắt bếp và vớt rau ra đĩa. Phần nước luộc bạn nêm thêm một chút mì chính (bột ngọt) để làm canh.', 'Bước 3 - Thành phẩm: Món rau bí luộc có màu xanh mướt mắt, vị ngọt thanh, giòn giòn. Rau luộc xong bạn có thể chấm cùng nước mắm tỏi ớt cay nồng và ăn kèm với cơm nóng là một bữa ăn đơn giản mà vô cùng ngon miệng.']","['Để món rau bí luộc của bạn thêm phần hoàn hảo, việc sở hữu một bộ dụng cụ nấu ăn chất lượng là vô cùng quan trọng.Bộ 4 nồi chảo quánh nhôm chống dính nắp kính Sunhouse SHG7979MP4sẽ là trợ thủ đắc lực cho mọi căn bếp.Nồi Sunhouseđược làm từ hợp kim nhôm cao cấp, giúp truyền nhiệt nhanh và đều, đảm bảo rau chín tới mà vẫn giữ được màu xanh đẹp mắt.Lòng nồi được phủ lớp chống dính bền bỉ, giúp bạn dễ dàng vệ sinh sau khi sử dụng và an toàn cho sức khỏe.Nắp kính cường lực trong suốt tiện lợi, giúp bạn dễ dàng quan sát quá trình luộc rau mà không cần mở nắp, giữ nhiệt tốt hơn.Bộ 4 nồi chảo quánh nhôm Sunhouse SHG7979MP41.350.000₫1.580.000₫-14%Xem chi tiết', 'Việc tước xơ kỹ càng là bí quyết để món đọt bí luộc của bạn không bị dai.', 'Xem thêm:2 cách nấu canh rau bí tươi ngon, đậm đà cho bữa cơm thêm hấp dẫnCách làm rau bí xào thịt bò thơm ngon, bổ dưỡng và cực đơn giản3 cách làm rau bí xào tỏi và rau bí xào tôm thơm ngon hấp dẫn']",,dienmayxanh.com
https://www.dienmayxanh.com/vao-bep/2-cach-lam-goi-bap-cai-ca-rot-chay-thanh-dam-cho-mam-com-ngay-12653,Món Chay,2 cách làm gỏi bắp cải cà rốt chay thanh đạm cho mâm cơm ngày rằm đơn giản,"Rằm tháng Bảy đang đến rất gần, bạn đã có kế hoạch gì cho mâm cơm gia đình trongngày lễđó chưa? Nếu chưa, hãy cùngvào bếpđể Điện máy XANH mách cho bạn thực hiện một món gỏi chay mới lạ, thanh đạm đơn giản - món gỏi bắp cải chay nhé!",,25 phút + 15 phút + 30 phút + 10 phút,Cho 4 người,,14,"['Bắp cải - 300 gr', 'Cà rốt - 50 gr', 'Ớt sừng - 1 trái', 'Sả - 3 nhánh', 'Chanh - 1 trái', 'Hành tây - 1 củ', 'Đậu hũ chiên - 100 gr ((cắt hạt lựu))', 'Rau răm - 50 gr', 'Đậu phộng - 30 gr ((giã nhuyễn))', 'Hành phi - 20 gr', 'Nước mắm chay - 1 muỗng canh', 'Giấm - 1/2 muỗng canh', 'Muối - 2 muỗng cà phê', 'Đường - 4 muỗng cà phê']","['Bước 1 - Sơ chế bắp cải: Sau khi mua 300gr bắp cải về, bạn dùngdaoxắt thành các miếng nhỏ. Tiếp đến, để bắp cải đã xắt vàotô, lần lượt cho 1muỗngcanh muối và 1 ít nước vào để ngâm bắp cải, tiến hành ngâm trong vòng 1 phút. Sau khi ngâm, vớt bắp cải ra và rửa lại với nước sạch. Cuối cùng, vớt bắp cải rarổvà để ráo nước.', 'Bước 2 - Sơ chế các nguyên liệu khác: Cà rốt, ớt sừng, sả, chanh, hành tây, rau răm sau khi mua về bạn rửa sạch với nước. Đầu tiên, bào 1 củ cà rốt thành các sợi nhỏ. Tiếp đến, cắt 1 trái ớt sừng thành các sợi vừa ăn. Sau đó, 3 nhánh sả cắt lát. Hành tây và rau răm xắt nhỏ.', 'Bước 3 - Ướp bắp cải, cà rốt và hành tây: Sau khi bắp cải ráo nước, vắt 1 trái chanh vào bắp cải, cho 1/2  cà phê muối và 3 muỗng canh đường vào cùng. Tiếp đến, cho cà rốt bào sợi vào, trộn đều với bắp cải và ướp khoảng 10 phút. Đối với hành tây, cho 1/2  muỗng cà phê muối, 1/2  muỗng canh đường và 1/2 muỗng canh giấm vàochénđựng hành tây. Sau đó trộn đều hành tây với gia vị rồi ướp trong khoảng 10 phút. Sau khi ướp xong các nguyên liệu, vắt hỗn hợp bắp cải cà rốt và hành tây cho ráo nước.', 'Bước 4 - Trộn gỏi: Cho hỗn hợp bắp cải cà rốt ra tô, sau đó cho hành tây đã vắt nước vào cùng. Tiếp đến, cho ớt sừng và sả đã sơ chế vào. Cho vào tô gỏi 1 muỗng canh nước mắm chay, 1 muỗng cà phê đường. Cuối cùng, cho rau răm đã cắt nhỏ vào. Trộn đều tất cả nguyên liệu cho ngấm vị.', 'Bước 5 - Thành phẩm: Cho gỏi radĩa, rắc thêm 1 ít hành phi và đậu phộng rang giã nhuyễn lên trên là bạn đã hoàn thành xong món gỏi bắp cải cà rốt chay thanh đạm, dễ làm cho mâm cơm ngày Rằm. Bắp cải cà rốt giòn mềm ngấm vị, hành tây không hăng cùng cùng vị béo béo bùi bùi của đậu phộng và đậu hủ giúp cho dĩa gỏi tăng thêm phần hấp dẫn, kích thích vị giác. Bạn có thể ăn món này với bánh phồng tôm và chấm với nước mắm chua ngọt để thêm phần hấp dẫn nhé.']","['Xem thêm:4 cách làm gỏi xoài chay giòn ngon đơn giản cho ngày chay thanh đạm2 cách làm gỏi đu đủ chay, gỏi đu đủ Thái chay giòn ngon3 cách làm gỏi dưa leo chay đơn giản hấp dẫn cho bữa cơm']",,dienmayxanh.com
https://www.dienmayxanh.com/vao-bep/cach-nau-canh-gia-do-ca-chua-chay-thanh-dam-mat-nguoi-de-an-12515,Món Chay,Cách nấu canh giá đỗ cà chua chay thanh đạm mát người dễ ăn,Canh giá đỗ cà chua với hương vị chua ngọt bắt miệng và cực kỳ dễ làm sẽ là một lựa chọn hoàn hảo nếu bạn đang tìm kiếm mộtmón chaythanh đạm.Vào bếpngay với Điện máy XANH để thực hiệnmón canhnày nhé!,,5 phút + 10 phút,Cho 2 người,,5,"['Giá - 100 gr', 'Cà chua - 2 trái', 'Hành lá - 4 nhánh', 'Hạt nêm chay - 2 muỗng cà phê', 'Gia vị thông dụng - 1 ít ((muối/ tiêu/ bột ngọt))']","['Bước 1 - Sơ chế nguyên liệu: Giá đỗ nhặt bỏ các vỏ đậu, ngâm 10 phút với nước muối pha loãng sau đó rửa sạch lại một lần nữa rồi vớt rarổđể ráo. Cà chua cắt bỏ cuống, rửa sạch rồi cắt múi cau. Hành lá cắt bỏ gốc, phần đuôi hành bị vàng rồi rửa sạch và cắt nhỏ cho rachén.', 'Bước 2 - Nấu canh: Bắcnồilên bếp, cho vào nồi khoảng 600ml nước và đun sôi ở lửa vừa. Khi nước bắt đầu sôi thì hạ nhỏ lửa rồi cho lần lượt phần giá và cà chua đã sơ chế vào nồi. Sau khoảng 5 phút thì nồi canh bắt đầu sôi lại thì nêm canh với 2 muỗng cà phê hạt nêm chay và 1 muỗng cà phê bột ngọt. Dùngvákhuấy cho tan phần gia vị và nêm nếm lại cho vừa khẩu vị. Khi nước canh sôi lại thì rắc hành lá đã cắt nhỏ vào nồi rồi tắt bếp. Cho canh giá đỗ ratô, rắc thêm ít tiêu cho thơm là bạn đã hoàn thành rồi đó.', 'Bước 3 - Thành phẩm: Với cách nấu này, món canh giá đỗ cà chua của bạn sẽ có vị chua nhẹ của cà chua vừa chín tới, khi ăn vào vẫn cảm nhận được độ mềm chứ không hề bị nhũn mềm. Vị ngọt dịu của giá hòa vào nước canh làm cho tô canh của bạn thêm thanh mát. Món canh tuy đơn giản nhưng lại cực kỳ bắt cơm đó.']","['Xem thêm:5 Cách làm giá đỗ đơn giản tại nhà', 'Xem chi tiết:Cách chọn mua cà chua tươi ngon, chất lượng', 'Nếu bạn thích nước canh có vị chua hơn thì có thể xào sơ phần cà chua trước rồi mới cho nước vào nồi để nấu canh.', 'Xem thêm:Cách nấu canh chua khổ qua dọc mùng chay tỏ lòng thành kính mùa Vu lanCách nấu canh chua chay nấm thanh đạm, bắt vị cho bữa cơm chayCách nấu canh bí đao nấu nấm bào ngư ngon ngọt chay mặn đều dùng được']",,dienmayxanh.com
https://www.dienmayxanh.com/vao-bep/cach-lam-suon-non-chay-chien-sa-ot-gion-rum-thom-ngon-de-lam-12262,Món Chay,2 cách làm sườn non chay chiên sả ớt giòn rụm thơm ngon dễ làm,"Nếu bạn là tín đồ của các món ăn chay thì chắc chắn không nên bỏ lỡ sườn non chay chiên sả ớt. Với cách làm đơn giản, hương vị thơm ngon đã khiếnmón chaynày chiếm trọn cảm tình của nhiều người. Cùng bắt tayvào bếphọc ngay 2 cách làm sườn non chay chiên sả ớt với Điện máy XANH nhé!",,15 phút + 10 phút + 1 giờ + 25 phút,Cho 4 người,,8,"['Sườn non chay - 150 gr', 'Sả - 2 cây', 'Tỏi - 1 củ', 'Ớt - 2 trái', 'Tương ớt - 2 muỗng canh', 'Nước mắm chay - 3 muỗng canh', 'Bột ngọt/ đường - 1 ít', 'Dầu ăn - 200 ml']","['Bước 1 - Sơ chế sườn non: Sườn non chay bạn mua về ngâm với nước trong 1 - 2 tiếng cho sườn non chay mềm đi thì bạn rửa sạch lại và vắt cho kiệt nước Tiếp theo, bạn cho dùng tay xé nhỏ miếng sườn non chay thành các sợi vừa ăn có chiều rộng khoảng 1/2 lóng tay.', 'Bước 2 - Chiên sườn non: Bắc chảo lên bếp sau đó cho vào chảo khoảng 200ml dầu ăn và đợi đợi đến khi đầu sôi bạn dùngđũađảo đều cho nhiệt độ của dầu được tản đều rồi cho sườn non chay xé sợi vào. Chiên với lửa vừa khoảng 3 phút cho sườn non chay xé sợi giòn và hơi ngả vàng thì bạn tắt bếp và vớt liền sườn non chay ra, cho vào giấy thấm dầu.', 'Bước 3 - Sơ chế và xào sả ớt: Sả mua về bạn rửa sạch, cắt bỏ đầu, dùngdao bàothành các lát mỏng và băm nhuyễn. Tỏi bạn tách tép, lột vỏ, cắt nhỏ rồi băm nhuyễn. Ớt thì bạn cũng bỏ cuống rửa sạch cắt nhỏ và băm nhuyễn.', 'Bước 4 - Chiên sả ớt: Cho bớt dầu ăn trong chảo ra chỉ chừa lại khoảng 1/2 muỗng canh dầu ăn trongchảosau đó bật bếp lên và đun sôi dầu lần nữa với lửa vừa và cho sả băm và tỏi ớt băm vào. Đảo đều với lửa nhỏ khoảng 3 phút cho hỗn hợp sả ớt tỏi vàng thơm thì bạn cho 3 muỗng canh nước mắm chay, 1/3 muỗng canh bột ngọt, 2 muỗng canh đường và 2 muỗng canh tương ớt vào. Trộn đều và nấu thêm 2 phút đến khi hỗn hợp sả ớt trong chảo sánh lại thì bạn cho sườn non chiên giòn vào, trộn đều với lửa vừa khoảng 1 phút cho những miếng sườn non chay áo đều hỗn hợp sả ớt và khô ráo thì hoàn tất.', 'Bước 5 - Thành phẩm: Sườn non chay chiên sả ớt sau khi hoàn thành sẽ có màu vàng ươm đẹp mắt tỏa ra mùi thơm hấp dẫn của sả ớt. Khi ăn ta sẽ cảm nhận được vị giòn rụm của sườn non chay hòa cùng với vị mặn ngọt được nêm nếm tinh tế. Món ăn này bạn có thể ăn cùng với cơm trắng nóng chấm cùng nước tương, tương cà hoặc tương ớt vô cùng cuốn vị. Nếu như bạn không thể ăn hết món ăn trong ngày bạn có thể cho vào hũ, đậy nắp kín lại và bảo quản ở nhiệt độ phòng.']","['Để sườn chay được chiên giòn và bảo quản được lâu hơn bạn nên xé nhỏ sườn non trước khi chiên nhé!', 'Việc thay nước ngâm giúp sườn giảm mùi hôi của bột.Vắt sạch nước trong miếng sườn thì khi chiên dầu ít bị văng và sườn sẽ giòn hơn.', 'Vớt sườn khi dầu còn thật nóng, vì khi dầu còn nóng thì sườn vớt ra ít bị hút dầu và không nên tắt bếp trước khi vớt sườn.', 'phi ớt tỏi trước, sả băm sau vì sả nhanh cháy hơn.', 'Xem thêm:2 cách làm sườn chay chiên giòn và sườn chay rim nước dừa ngon, đơn giản3 cách làm sườn chay kho nấm thơm ngon bắt cơm dễ làm tại nhàCách làm sườn non chay nướng mè hấp dẫn mới lạ ngon miệng']",,dienmayxanh.com
https://www.dienmayxanh.com/vao-bep/cach-lam-dau-hu-non-sot-xi-dau-theo-2-cong-thuc-hap-chien-mem-23468,Món Chay,"Cách làm đậu hũ non sốt xì dầu theo 2 công thức hấp, chiên mềm mịn, bắt cơm","Bạn đang tìm cách làm đậu hũ non sốt xì dầu thơm ngon, dễ làm tại nhà?Vào bếpcùng mình khám phá 2 công thức đậu hũ non sốt nước tương mềm mịn, đậm đà, từmón hấpthanh đạm đến món chiên xào hấp dẫn. Đảm bảo ai cũng mê!",,15 phút + 10 phút + 10 phút,Cho 2 - 3 người,,8,"['Đậu hũ non - 1 hộp', 'Hành tím - 4 củ', 'Dầu ăn - 1 ít', 'Nước tương - 1 muỗng', 'Dầu hào - 1 muỗng', 'Đường - 1 muỗng', 'Hành lá - 1 ít ((thái nhỏ))', 'Tiêu xay - 1 ít']","['Bước 1 - Sơ chế và hấp đậu hũ non mềm mịn: Cẩn thận lấy đậu hũ non ra khỏi hộp, đặt lên đĩa sâu lòng. Đem đĩa đậu hũ đi hấp cách thủy trong khoảng 5 phút.', 'Bước 2 - Phi thơm hành tím: Trong lúc đợi đậu hũ hấp, bạn thái mỏng hành tím. Đun nóng lượng dầu ăn vừa đủ ngập hành trong chảo. Cho hành tím đã thái vào và phi ở lửa vừa. Đảo đều tay cho đến khi hành chuyển sang màu vàng nâu đẹp mắt và giòn rụm. Vớt hành phi ra để riêng cho ráo dầu.', 'Bước 3 - Pha chế nước sốt xì dầu: Giữ lại khoảng 1 - 2 muỗng canh dầu hành vừa phi trong chảo. Cho vào chảo theo thứ tự: 1 muỗng nước tương, 1 muỗng dầu hào, 1 muỗng đường và 2 - 3 muỗng nước lọc. Đun sôi nhẹ và khuấy đều cho các gia vị tan hết, hòa quyện vào nhau tạo thành hỗn hợp sốt sánh mịn.', 'Bước 4 - Hoàn thành món đậu hũ non sốt xì dầu: Sau khi hấp xong, cẩn thận chắt bỏ phần nước thừa mà đậu hũ đã tiết ra. Việc này giúp đậu hũ không bị loãng và món ăn sẽ đậm đà hơn khi rưới sốt. Rưới đều phần nước sốt đã nấu lên trên mặt đậu hũ. Rắc đều hành phi vàng giòn, hành lá thái nhỏ và một chút tiêu trắng xay lên trên cùng.', 'Bước 5 - Thành phẩm: Món đậu hũ non sốt xì dầu đã hoàn thành với vẻ ngoài hấp dẫn, hương thơm nức mũi. Đậu hũ mềm mịn tan chảy trong miệng, hòa quyện cùng vị sốt đậm đà, hành phi giòn rụm và hành lá thơm mát. Đây chắc chắn là một món chay hoặc món ăn vặt dễ làm mà lại thơm ngon khó cưỡng.']","['Bạn muốn món đậu hũ non sốt xì dầu của mình hoàn hảo hơn? Hãy đểlò chiên không dầu kết hợp hấp Kalite STEAM STAR 15 líttrở thành trợ thủ đắc lực trong căn bếp của bạn.Với khả năng hấp cách thủy chuyên nghiệp, lò giúp món đậu hũ non của bạn giữ trọn độ mềm mịn và dinh dưỡng. Không chỉ hấp, bạn còn có thể chiên không dầu các món khác, mang lại bữa ăn lành mạnh.Thiết kế dung tích 15 lít nhỏ gọn nhưng đa năng, phù hợp với mọi không gian bếp. Lò tích hợp nhiều chức năng, giúp việc chế biến món ăn trở nên nhanh chóng và tiện lợi hơn bao giờ hết.Lò chiên không dầu kết hợp hấp Kalite STEAM STAR 15 lítHết hàng tạm thời6.245.000₫Xem chi tiết', 'Phần dầu còn lại sau khi phi hành rất thơm, bạn có thể giữ lại để dùng xào nấu các món ăn khác, tăng thêm hương vị cho các món chay hoặc món ăn vặt.', 'Để món đậu hũ non sốt xì dầu thêm phần hoàn hảo, một chiếc chảo chống dính chất lượng nhưchảo nhôm chống dính đáy từ 24 cm Elmich EL5985BE24là trợ thủ đắc lực không thể thiếu trong căn bếp của bạn.Chảo Elmichđược làm từ hợp kim nhôm cao cấp, giúp truyền nhiệt nhanh và đều, đảm bảo món ăn chín tới hoàn hảo mà không lo cháy dính.Lớp chống dính bền bỉ, an toàn tuyệt đối cho sức khỏe, giúp bạn dễ dàng chiên đậu hũ vàng giòn mà không cần nhiều dầu.Đáy từ tiện lợi, phù hợp với mọi loại bếp, từ bếp gas, bếp hồng ngoại đến bếp từ, mang lại sự linh hoạt tối đa khi nấu nướng.Chảo nhôm chống dính đáy từ Elmich EL5985BE24240.000₫390.000₫-38%Xem chi tiết', 'Xem thêm:2 cách làm đậu hũ non sốt cà chua, rau củ hấp dẫn cho bữa cơm gia đình2 Cách làm đậu hũ non sốt cay thơm phưng phức2 Cách làm đậu hũ non chiên giòn và chiên trứng muối thơm béo']",,dienmayxanh.com
https://www.dienmayxanh.com/vao-bep/2-cach-lam-nuoc-mam-chay-tu-thom-dua-dam-vi-thom-ngon-cham-gi-14870,Món Chay,2 Cách làm nước mắm chay từ thơm và dứa đậm vị thơm ngon chấm gì cũng hợp,"Không thể phủ nhận sự góp phần không hề nhỏ của chén nước chấm khi thưởng thức cùng cácmón chay. Hiểu được điều đó, nên hôm nay mời bạn cùngvào bếpvới Điện máy XANH điểm qua 2 cách làm nước mắm chay từ thơm - dứa đơn giản nhưng lại khiến ai ăn rồi cũng mê đắm.",,40 phút + 35 phút + 40 phút + 30 phút,Cho 4 người,,4,"['Thơm - 850 gr ((1 trái))', 'Nước màu dừa - 2 muỗng canh', 'Muối hạt - 100 gr', 'Đường - 80 gr']","['Bước 1 - Sơ chế và nấu nước thơm: Đầu tiên, với 1 trái thơm mua về bạn tiến hành bỏ cuống, gọt vỏ và mắt, rồi dùngdaocắt nhỏ. Kế đến, bạn bắcnồilênbếpcùng 1.5 lít nước đun với lửa lớn. Nước lăn tăn sôi bạn cho số thơm vừa cắt, 80gr đường và 100gr muối hạt vào, đậy nắp lại nấu khoảng 30 phút.', 'Bước 2 - Nấu nước mắm chay: Thấy phần nước chuyển sang vàng tức thơm đã ra nước cốt, thì bạn cho 2 muỗng canhnước màu dừavào, dùngmuỗngđảo đều rồi đậy nắp lại, tiếp tục nấu thêm 5 phút với lửa vừa. Kế đến, bạn nêm nếm gia vị vừa ăn rồi tắt bếp, để nguội 15 - 25 phút. Cuối cùng, bạn dùngrâytiến hành lọc bỏ thịt thơm, cho phần nước mắm rachénhoặc bảo quản bằnghũ đựng thực phẩmđặt ở ngăn máttủ lạnhthôi nhé!', 'Bước 3 - Thành phẩm: Nước mắm chay từ thơm mang màu vàng dịu nhẹ thật cuốn hút, đã thế còn có vị ngọt tự nhiên từ thơm, chút mặn nhè nhẹ từ muối hạt nữa chứ! Khi thưởng thức, bạn có thể kết hợp cùng ớt hiểm để chấm cùng các món chay được trọn vẹn hơn nha!']",['Xem thêm:Cách làm nước mắm chay từ nấm đơn giản dễ làm ai cũng làm đượcCông thức cách pha nước mắm chay thanh đạm cho món ăn tròn vịCách làm nước mắm tắc thơm ngon đơn giản tại nhà'],,dienmayxanh.com
https://www.dienmayxanh.com/vao-bep/cach-lam-tuong-dau-nanh-tuong-hot-ngon-nhanh-chay-man-deu-07177,Món Chay,Cách làm tương đậu nành (tương hột) ngon nhanh chay mặn đều dùng được,"Tương đậu nành (tương hột) là mộtmón ăn chaykhông thể thiếu trong bữa cơm rằm của người Việt Nam. Món ăn nổi bật nhờ sự kết hợp hoàn hảo giữa cảm giác mềm béo của đậu và hương thơm đặc trưng của thính, nước tương. Hôm nay, hãy cùngvào bếpđể thực hiện món ăn này nha.",,20 phút + 3 giờ 30 phút,Cho 6 người,,5,"['Đậu nành khô - 250 gr', 'Gạo - 40 gr', 'Muối - 2/3 muỗng canh', 'Đường nâu - 150 gr', 'Nước tương - 100 ml']","['Bước 1 - Ngâm đậu: Rửa 250gr đậu nành khô thật sạch, loại bỏ những hạt đậu hư hoặc nấm mốc. Sau đó tiến hành ngâm đậu trong nước lạnh trong khoảng 8 giờ. Đậu nành sau khi ngâm qua đêm sẽ nở to khoảng 500gr và mềm hơn.', 'Bước 2 - Nấu đậu: Sau 1 đêm, bạn vớt đậu nành ra, rửa sơ lại với nước lạnh và để ráo. Bắc nồi lên bếp, cho đậu đã được rửa sạch vào. Sau đó cho thêm 3 lít nước và nấu trên lửa nhỏ 3 tiếng đến khi đậu nành mềm. Trong thời gian đợi đậu chín, thường xuyên vớt sạch phần bọt trên mặt để nước trong hơn.', 'Bước 3 - Làm thính: Bắc chảo lên bếp, để lửa nhỏ liu riu. Đổ gạo vào và rang đến khi hạt gạo hơi ngả vàng. Sau đó, sử dụng máy xay sinh tố để xay nhuyễn phần gạo vừa rang.', 'Bước 4 - Làm tương đậu nành: Khi đậu đã mềm, cho lần lượt 100ml nước tương, 2/3 muỗng canh muối và 150 gr đường nâu (có thể thay bằng đường trắng) vào và khuấy đều. Đậy nắp vung lại, để lửa vừa. Trong khi đợi, bạn hòa tan thính với 3 muỗng canh nước. Để yên 3 phút để thính nở ra. Cho từ từ hỗn hợp thính vào và đảo nhẹ. Nêm nếm lại tương đậu nành cho vừa với khẩu vị gia đình bạn. Nấu đến khi tương đậu sôi và có độ sền sệt bạn mong muốn thì tắt bếp. Sau khi tương nguội thì bạn bỏ vào hũ, để dành ăn dần dần.', 'Bước 5 - Thành phẩm: Tương đậu nành sau khi làm xong sẽ có màu nâu đậm bắt mắt, vị ngọt và bùi của đậu nành sẽ giúp bữa ăn gia đình bạn thêm phần ngon miệng, hấp dẫn. Món ăn thích hợp để ăn kèm với cơm, chấm rau củ quả luộc hoặc dùng để chế biến các món chay thơm ngon khác.']","['Để nồi đậu không bị trào, trong khi nấu bạn nên để lửa vừa nhé. Để tương đậu có thể bảo quản được lâu thì bạn nên nêm nếm hơi đậm vị.', 'Xem thêm:Cách làm gà kho tương hột thơm ngon hấp dẫn, đổi vị cho gia đình.Cách làm món cá chép chưng tương hột bún tàu thơm ngon đơn giản.Cách làm cá tai tương chưng tương đậm vị Nam Bộ thơm ngon đơn giản.']",,dienmayxanh.com
https://www.dienmayxanh.com/vao-bep/3-cach-lam-bi-do-kho-chay-hap-dan-thom-ngon-don-gian-cho-bua-12780,Món Chay,3 cách làm bí đỏ kho chay hấp dẫn thơm ngon đơn giản cho bữa cơm,"Bí đỏ là một loại nguyên liệu bổ dưỡng được sử dụng khá phổ biến trong các món ăn mặn cũng như cácmón chay. Hôm nay, với nguyên liệu này, Điện máy XANH sẽ hướng dẫn bạn 3 cách làm bí đỏ kho chay với ba mùi vị khác nhau tha hồ mà thưởng thức nhé.Vào bếpthôi nào!",,10 phút + 15 phút + 10 phút + 25 phút + 30 phút + 25 phút,Cho 3 người,,9,"['Bí - 1 quả', 'Đậu Hà Lan - 300 gr', 'Gừng - 1 nhánh', 'Rau ngổ - 3 nhánh', 'Ngò gai - 3 nhánh', 'Hành boa rô khô - 1 ít', 'Dầu ăn - 2 muỗng canh', 'Nước tương - 1 muỗng canh', 'Gia vị thông dụng - 1 ít ((Tiêu xay/ muối/ hạt nêm))']","['Bước 1 - Sơ chế rau củ: Bí đỏ mua về gọt bỏ vỏ rồi đem đi rửa sạch. Sau đó, chẻ bí làm đôi, dùngdaocạo bỏ ruột rồi cắt miếng vừa ăn. Gừng gọt bỏ vỏ, đập dập rồi băm nhuyễn. Đậu Hà Lan mua về rửa sạch rồi để ráo. Rau ngổ và ngò gai rửa sạch, để ráo rồi cắt nhỏ.', 'Bước 2 - Kho bí đỏ: Bắcchảolênbếp, vặn lửa vừa, cho vào chảo 2 muỗng canh dầu ăn. Đợi dầu nóng cho hành boa rô khô và gừng băm nhuyễn vào xào đều tay từ 2 - 3 phút. Cho bí và đậu Hà Lan vào đảo đều. Sau đó, nêm vào nồi 1/2 muỗng cà phê muối, 1 muỗng cà phê hạt nêm, 1/2 muỗng cà phê tiêu xay rồi đảo đều thêm 2 phút nữa thì cho một ít nước lọc vào vừa ngập hết bề mặt bí. Tiếp theo, đậy nắp lại và đun 20 phút. Khi đun được 10 phút thì mở nắp ra, trở mặt bí rồi đậy lại và đun thêm 10 phút nữa. Sau khi hết 20 phút, lúc này bí và đậu Hà Lan đã nhừ, bạn cho vào chảo 1 muỗng canh nước tương, rau ngổ và ngò gai cắt nhỏ đảo đều tay thêm 1 phút nữa rồi tắt bếp và cho tất cả radĩa.', 'Bước 3 - Thành phẩm: Vậy là món bí đỏ kho chay với đậu Hà Lan đã hoàn thành mang một mùi thơm nhẹ của rau ngổ và ngò gai. Bí đỏ và đậu Hà Lan được kho chín mềm có vị bùi bùi, gia vị được nêm nếm rất vừa ăn. Món này mà ăn kèm với cơm nóng cũng rất ngon đấy. Thử liền nhé!']","['Xem chi tiết:Tổng hợp 13 cách làm chả chay thơm ngon đơn giản tại nhà', 'Xem thêm:2 cách làm bí đỏ hấp và bí đỏ hầm chay thơm ngon dinh dưỡng2 cách nấu súp bí đỏ chay thanh đạm thơm ngon hấp dẫn cho gia đìnhCách nấu canh bí đỏ đậu phộng ngon ngọt béo bùi chay mặn đều dùng được']",,dienmayxanh.com
https://www.dienmayxanh.com/vao-bep/3-cach-lam-kimbap-chay-thanh-dam-thom-ngon-don-gian-tai-nha-13481,Món Chay,3 cách làm kimbap chay thanh đạm thơm ngon đơn giản tại nhà,"Kimbap chay bạn đã thử cách làm chưa? Hôm nay, Điện máy XANH sẽ mách bạn 3 cách làm kimbap chay thanh đạm thơm ngon đơn giản tại nhà. Cùngvào bếpđể thực hiện ngay cách làmmón chaynày để bổ sung thực đơn ẩm thực nhà mình nha!",,10 phút + 10 phút + 10 phút + 15 phút + 10 phút + 10 phút,Cho 4 người,,8,"['Cơm trắng - 1 chén ((chén ăn cơm))', 'Măng tây - 8 cây', 'Cà rốt - 1 củ', 'Dưa leo - 1 trái', 'Bắp bao tử - 100 gr ((bắp non))', 'Mè trắng rang - 2 muỗng canh', 'Lá rong biển - 8 miếng', 'Bột canh - 1/2 muỗng canh']","['Bước 1 - Trộn cơm: Cho cơm vào tô, thêm 2 muỗng canh mè trắng rang, 1/2 muỗng canh bột canh. Sau đó, bạn trộn đều hỗn hợp cơm.', 'Bước 2 - Sơ chế và chần rau củ: Măng tây cắt bỏ phần gốc già, cà rốt gọt vỏ cắt sợi dài độ dày khoảng 1/3 lóng tay, bắp bao tử chẻ dọc làm 4, tất cả rửa sạch. Dưa leo bạn rửa sạch, chẻ dọc độ dày giống chẻ cà rốt nha! Bắc 1 nồi nước lên bếp nấu sôi lần lượt cho các loại rau vào măng tây và bắp bao tử luộc chín, cà rốt chần sơ trên lửa lớn thì vớt ra.', 'Bước 3 - Cuộn cơm: Trải rong biển lên bàn hoặc thớt, sau đó cho lượng cơm trải đều khoảng 3/4 bề mặt rong biển, sau đó lần lượt cho măng tây, dưa leo, bắp bao tử, cà rốt lên trên. Dùng tay cuộn lại chặt vừa, không để lỏng vì khi cắt nhân sẽ rơi ra. Cuộn xong lăn lại vài lần để đảm bảo độ chắc và dính của cơm. Cuối cùng dùng dao thật bén cắt kimbap thành những miếng nhỏ vừa ăn là hoàn thành nha!', 'Bước 4 - Thành phẩm: Kimbap chay rau củ vừa ngon vừa bắt mắt. Kimbap thanh đạm dễ ăn có thể ăn kèmsốt mayonnaiseđẻ món ăn thêm phần đậm đà nha.']","['Xem chi tiết:Cách chọn mua cà rốt tươi ngon', 'Xem chi tiết:Cách chọn mua măng tây tươi ngon, chất lượng', 'Xem chi tiết:Cách chọn mua nấm bào ngư tươi ngon', 'Xem thêm:Cách làm bắp cải cuộn chay thanh ngọt và đầy chất dinh dưỡngCách làm rong biển cuộn miến chay chiên xù thơm ngon cho rằm tháng 7Cách làm chả giò khoai lang chay giòn rụm, thơm ngon, ăn là ghiền']",,dienmayxanh.com
https://www.dienmayxanh.com/vao-bep/cach-lam-muoi-vung-lac-don-gian-cho-bua-an-chay-dam-bac-07763,Món Chay,Cách làm muối vừng lạc (muối mè đậu phộng) đơn giản cho bữa ăn chay đạm bạc,"Muối vừng lạc là một món muối chấm vô cùng thơm ngon và hấp dẫn với vị bùi, thơm của đậu phộng cùng với vị mặn vừa ăn. Đây là món ngon khi kết hợp ăn cùng với các món như: xôi, cơm trắng, bánh khoai mì hấp,.. Cùngvào bếpvới Điện máy XANH và thực hiện ngaymón chaynày nào!",,10 phút + 30 phút,Cho 6 người,,3,"['Đậu phộng sống - 200 gr', 'Mè trắng - 100 gr', 'Muối hột - 2 muỗng canh']","['Bước 1 - Rang mè: Cho mè trắng vào chảo rang, đảo đều với lửa nhỏ khoảng 10 phút cho mè thơm, vàng nâu thì bạn tắt bếp, để nguội.', 'Bước 2 - Rang muối: Rang muối trong chảo với lửa vừa khoảng 3 phút cho muối thơm, giòn thì tắt bếp', 'Bước 3 - Rang và đãi vỏ đậu phộng: Bắc chảo lên bếp, đợi đến khi chảo nóng bạn cho đậu phộng vào, rang kết hợp đảo đều với lửa nhỏ khoảng 15 phút cho đậu vàng, chín đều, vỏ nứt ra thì bạn tắt bếp. Để nguội rồi dùng rỗ có lỗ to đãi đều cho đậu phộng bong hết vỏ.', 'Bước 4 - Giã nguyên liệu: Cho đậu phộng đã đãi vỏ vào túi zip thực phẩm và dùng chày giã nhuyễn. Tiếp theo bạn cho muối và mè đã rang vào túi zip, rồi giã nhuyễn. Lưu ý:', 'Để khi ăn cảm nhận được độ bùi thơm ngon của đậu phộng bạn không nên giã đậu phộng quá nhuyễn.', 'Nếu bạn không thích dùng chày giã bạn có thể dùngmáy xay đa năngđể xay.', 'Bước 5 - Hoàn thành: Bạn cho đậu phộng giã nhuyễn và muối mè vào tô và trộn đều vào nhau. Sau khi muối mè và đậu phộng đã trộn lẫn vào nhau bạn cho vàohũ thủy tinhđể bảo quản. Khi ăn chỉ cần lấy ra 1 lượng vừa đủ rồi đóng kín nắp để tránh bị hở gió.', 'Bước 6 - Thành phẩm: Muối vừng lạc (đậu phộng muối mè) sau khi hoàn thành sẽ có mùi thơm của mè rang và đậu phộng rang. Ăn vào thì sẽ có cảm giác bùi, ngọt, thơm cùng một chút mặn mặn dễ ăn. Đây sẽ là một món ăn vô cùng ngon phù hợp cho những người ăn chay, người bị gout cần kiêng thịt.']","['Xem chi tiết:Cách chọn mua đậu phộng (lạc) ngonTác dụng của đậu phộng', 'Lưu ý:Để tránh đậu phộng sau khi rang bị lì bạn nên đợi cho chảo nóng rồi mới cho đậu vào rang nhé!', 'Lưu ý:Để khi ăn cảm nhận được độ bùi thơm ngon của đậu phộng bạn không nên giã đậu phộng quá nhuyễn.Nếu bạn không thích dùng chày giã bạn có thể dùngmáy xay đa năngđể xay.', 'Xem thêmCách làm muối sả ớt ăn cùng cơm cực ngon đơn giản dễ làmCách làm tỏi phi vàng giòn, không bị đắng, bảo quản được lâu cực dễ tại nhàCách làm sả sấy khô giòn ngon để được lâu đơn giản tại nhà']",,dienmayxanh.com
https://www.dienmayxanh.com/vao-bep/cach-lam-dau-hu-kho-moi-la-gion-ngon-hap-dan-ai-cung-lam-duoc-12782,Món Chay,Cách làm đậu hũ khô mới lạ giòn ngon hấp dẫn ai cũng làm được,"Bạn đã biết làm đậu hũ khô chưa? Đậu hũ khô là nguyên liệu thơm ngon, hấp dẫn trongmón chaymà cách làm lại cực kì đơn giản. Cùng Điện máy XANHvào bếplàm ngay đậu hũ khô cho thực đơn món chay của bạn nhé.",,15 phút + 30 phút,Cho 3 người,,8,"['Đậu hũ trắng - 500 gr', 'Tỏi - 3 tép', 'Ớt - 2 trái', 'Dầu ăn - 1 ít', 'Hành lá - 3 nhánh', 'Tương ớt - 1 muỗng cà phê', 'Nước mắm chay - 1 muỗng canh', 'Gia vị thông dụng - 1 ít']","['Bước 1 - Sơ chế đậu hũ: Đậu hũ mua về bạn rửa sơ qua với nước rồi để ráo đậu. Tiếp đến, bạn cắt đậu hũ thành từng miếng thật mỏng để phơi nhanh khô nhé.', 'Bước 2 - Phơi đậu hũ: Cho đậu hũ cắt lát lên khay, rổ hay vĩ. Dàn đều và không chồng lên nhau để đậu hũ nhanh khô. Tiếp đến, bạn phủ lên khuôn đậu lớp vải lưới mỏng để tránh các con côn trùng bám vào. Phơi đậu hũ 1 nắng gắt, khoảng 5 - 7 tiếng để đậu hũ khô ráo, săn, dẻo lại thì bạn đem đậu hũ vào. Phần đậu hũ này bạn có thể để vào hộp kín và ăn dần trong 2 - 3 tháng.', 'Bước 3 - Chiên đậu hũ: Cho dầu ăn vào chảo, bật lửa lớn cho dầu nóng già. Khi dầu nóng già, bạn cho từng miếng khuôn đậu vào chiên với lửa nhỏ vừa cho miếng đậu nở, giòn xốp, vàng đều thì vớt ra.', 'Bước 4 - Làm sốt và hoàn thành: Cho một ít dầu ăn vào chảo đun với lửa vừa, khi dầu nóng đều bạn cho hành lá cắt nhỏ cùng ớt cắt nhỏ vào đảo đều cho thơm vàng. Thêm tiếp 1 muỗng cà phê nước mắm chay, 1 muỗng cà phê tương ớt, 1 muỗng cà phê đường và 1 muỗng cà phê hạt nêm. Đảo đều cho phần sốt hòa quyện và sệt lại. Khi phần sốt sệt lại, cho phần đậu hũ chiên vào đảo đều để phần sốt áo đều đậu hũ. Đảo đều trong 2 phút sau đó bạn tắt bếp và cho ra đĩa.', 'Bước 5 - Thành phẩm: Đậu hũ khô giòn xốp ngọt ngọt mặn mặn ăn cùng với cơm nóng rất ngon. Món này còn có thể dùng làm đồ ăn vặt rất tuyệt vời đấy, bạn hãy thử xem.']","['Xem chi tiết:Cách chọn mua đậu hũ trắng tươi ngon', 'Cắt càng mỏng thì đậu hũ sau khi phơi khô và chiên lên sẽ giòn ngon hơn.', 'Xong bước này bạn có thể cho đậu hũ khô vào túi bóng hay hũ đậy kín để sử dụng dần nhé. Bảo quản nơi khô thoáng tránh ánh nắng mặt trời trực tiếp nhé.', 'Xem thêm:2 cách nấu canh rau ngót chay đậu hũ thơm ngon thanh mát đơn giảnCách làm đậu hũ chiên sả ớt giòn rụm thơm ngon chay mặn đều dùng đượcCách làm bún tàu xào nấm mối cực bắt vị, chuẩn món ngon nhà hàng']",,dienmayxanh.com
https://www.dienmayxanh.com/vao-bep/2-cach-lam-com-dua-kho-chay-voi-tieu-va-nuoc-tuong-beo-thom-07546,Món Chay,2 cách làm cơm dừa kho chay với tiêu và nước tương béo thơm đậm đà,"Cơm dừa kho chay với tiêu và nước tương là mộtmón chayhấp dẫn và cực kì thơm ngon, béo bùi. Hôm nay bạn hãyvào bếpcùng Điện máy XANH để chế biến món ăn ngon - bổ - rẻ này nhé!",,10 phút + 10 phút + 10 phút + 10 phút,Cho 2 người,,8,"['Cơm dừa - 200 gr', 'Hành tím - 3 củ', 'Ớt - 1 trái', 'Dầu ăn - 1 ít', 'Nước mắm chay - 2 muỗng canh', 'Hạt nêm chay - 1 muỗng cà phê', 'Tương ớt - 1 ít', 'Tiêu xay/ Đường - 1 ít']","['Bước 1 - Sơ chế nguyên liệu: 200gr cơm dừa tươi bạn mang thái sợi dày 1/2 lóng tay. Hành tím lột vỏ và ớt bạn thái lát mỏng.', 'Bước 2 - Kho dừa: Cho 1 muỗng canh dầu ăn vào chảo, khi dầu nóng cho 1 muỗng canh đường và thắng đường đến khi nước màu chuyển màu cánh gián là hoàn thành. Sau đó, bạn cho 1 ít hành tím, 1 ít ớt, 2 muỗng canh nước mắm chay, 2 muỗng cà phê đường, 1 muỗng cà phê hạt nêm chay, 1 ít tiêu xay, 1 ít tương ớt, đảo đều đến khi các nguyên liệu thấm đều nhau. Tiếp đến, cho cơm dừa vào kho dưới lửa nhỏ, đảo đều khoảng 3 - 5 phút là có thể tắt bếp.', 'Bước 3 - Thành phẩm: Vậy là món cơm dừa kho tiêu thơm ngon hấp dẫn đã hoàn thành. Cơm dừa có màu vàng nâu rất đẹp, ăn vào có vị béo, mặn, ngọt và vị cay của ớt, nồng của tiêu. Nếu bạn ăn cùng với cơm trắng rất phù hợp đấy.']","['Xem thêm:Cách làm đậu hũ kho chay đơn giản thơm ngon và nhanh chóngCách làm món rau củ kho chay đậm đà, giải ngấy cho gia đình3 cách làm bầu kho chay với tiêu, đậu hũ và nấm rơm ngon, đậm vị đơn giản']",,dienmayxanh.com
https://www.dienmayxanh.com/vao-bep/cach-lam-oc-dau-chay-chien-gion-la-mieng-thom-ngon-doi-vi-10089,Món Chay,"Cách làm óc đậu chay chiên giòn lạ miệng, thơm ngon đổi vị ngày chay","Nếu bạn là một tín đồ của cácmón chaythanh đạm thì không nên bỏ qua món óc đậu chiên giòn vô cùng mới lạ với hương vị thơm ngon. Hôm nay, hãy cùngvào bếpvới Điện máy XANH xem ngay các làm món ăn này nhé!",,15 phút + 30 phút,Cho 4 người,,11,"['Óc đậu - 150 gr', 'Hành tây - 1/4 củ', 'Nấm đông cô - 3 cái', 'Nấm đùi gà - 1 cây', 'Bột gạo - 50 gr', 'Bột năng - 10 gr', 'Bột chiên giòn - 200 gr', 'Nước tương - 1 muỗng canh', 'Dầu ăn - 6 muỗng canh', 'Hạt nêm chay - 1 muỗng cà phê', 'Đường/ tiêu - 1 ít']","['Bước 1 - Trộn bột, nấm và óc đậu: Đầu tiên bạn rửa sạch và cắt bỏ phần chân nấm đông cô, nấm đùi gà rồi xắt hạt lựu. Hành tây lột sạch vỏ rồi cùng xắt hạt lựu tương tự. Tiếp theo bạn trộn 50gr bột gạo và 10gr bột năng lại với nhau trong 1 cái chảo. Sau đó, thêm vào hỗn hợp bột 1/2 muỗng cà phê đường, 1 muỗng canh nước tương, 1 muỗng cà phê hạt nêm chay, hành tây, nấm đông cô, nấm đùi gà xắt hạt lựu cùng 2 muỗng canh dầu ăn và 150gr óc đậu. Lúc này bạn tiến hành trộn nhẹ nhàng và đều tay để hỗn hợp óc đậu được hòa lẫn với nhau.', 'Bước 2 - Khuấy hỗn hợp óc đậu: Sau khi trộn xong hỗn hợp óc đậu khô thì bạn cho từ từ 2 muỗng canh nước vào rồi khuấy nhẹ nhàng, cho phần hỗn hợp óc đậu tan nhẹ chuyển thành dạng sánh lỏng. Tiếp đến, bạn cho chảo óc đậu lên bếp, khuấy hỗn hợp này trên lửa nhỏ liên tục đều tay, cho đến khi hỗn hợp đặc quánh lại. Cho vào trong hỗn hợp óc đậu 1 muỗng cà phê hạt tiêu rồi tắt bếp.', 'Bước 3 - Đổ khuôn và làm lạnh hỗn hợp óc đậu: Bây giờ bạn đổ hỗn hợp óc đậu vào khuôn đã được lót sẵn 1 lớp giấy nến rồi để cho nguội bớt. Khi hỗn hợp óc đậu đã nguội bạn lấy phần còn lại của giấy nến đậy kín mặt trên lại và cho vào ngăn mát tủ lạnh từ 1 - 1,5 tiếng. Sau khoảng thời gian để trongtủ lạnh, óc đậu đã đông lại thành khối.', 'Bước 4 - Tẩm bột và chiên óc đậu: Trước tiên cắt khối óc đậu thành từng miếng vuông, rồi đem lăn qua bột chiên giòn để bột áo hết lên óc đậu. Chuẩn bị 1 cái chảo chống dính, bạn cho 4 muỗng canh dầu ăn vào và đun nóng dầu. Khi cho đũa vào dầu và thấy dầu nổi bọt li ti, bạn cho óc đậu vào chiên giòn trên lửa vừa trong 3 - 5 phút đến khi miếng óc đậu chín vàng vừa tới thì vớt ra để trên giấy thấm dầu cho ráo dầu. Cuối cùng cho óc đậu chiên giòn lên đĩa trang trí và thưởng thức.', 'Bước 5 - Thành phẩm: Óc đậu chiên giòn vàng ươm bắt mắt, ở ngoài giòn xốp, bên trong mềm dẻo. Khi ăn óc đậu như phập phồng trong miệng. Hương vị mới lạ thơm ngon nhờ sự hòa quyện giữa vị béo của óc đậu và giòn dai của các loại nấm thêm vào đó là gia vị nêm nếm rất vừa phải. Khi ăn cùng tương ớt nữa thì ngon không cưỡng lại. Đây là một món ăn ngon mà không chỉ khi ăn chay mà ngay cả ăn mặn cũng nên đặc biệt thưởng thức.']","['Xem chi tiết:Cách chọn mua nấm đùi gà tươi ngon', 'Xem chi tiết:Cách chọn mua nấm đông cô tươi ngon', 'Xem thêm:Cách nấu bún nước lèo chay chuẩn vị, thơm ngon hấp dẫn2 cách nấu lẩu nấm chay và lẩu thái chay tham đạm đơn giảnTổng hợp 12 cách làm các món ăn chay từ đậu hũ cho ngày Lễ Phật Đản']",,dienmayxanh.com
https://www.dienmayxanh.com/vao-bep/cach-nau-canh-rau-ngot-khong-rau-ngot-chay-thanh-dam-ma-dua-13650,Món Chay,Cách nấu canh rau ngót không - rau ngót chay thanh đạm mà đưa cơm,"Rau ngót là loại rau có nhiều chất dinh dưỡng tốt cho sức khỏe như khoáng chất, vitamin, chất xơ,... và với vị mềm ngọt đặc trưng nên được nhiều người ưa thích. Hôm nay các bạn hãy cùngvào bếpvới Điện máy XANH nấumón canhrau ngót nấu chay vô cùng đơn giản mà thanh mát, giải nhiệt cực tốt nhé!",,5 phút + 10 phút,Cho 2 người,,4,"['Rau ngót - 1 bó ((khoảng 300gr))', 'Hạt nêm chay - 1.5 muỗng canh', 'Muối - 1/2 muỗng cà phê', 'Bột ngọt - 1/3 muỗng cà phê']","['Bước 1 - Sơ chế rau ngót: Rau ngót mua về tuốt lấy lá rồi cho vào thau rửa qua 2 lần nước. Ở lần rửa thứ 2 thì vừa rửa vừa bóp cho rau nát nhẹ, sau đó vớt rau rarổ, để ráo.', 'Bước 2 - Nấu canh rau ngót chay: Cho vàonồi500ml nước và 1/2 muỗng cà phê muối, 1.5muỗngcanh hạt nêm chay, 1/3 muỗng cà phê bột ngọt. Bắc nồi lênbếp, bật lửa lớn, khuấy cho tan gia vị và đun sôi. Tiếp đến, cho rau ngót vào, khuấy đều và hạ lửa vừa, khi nước sôi lại thì nêm nếm lại vừa ăn, nấu thêm khoảng 3 - 5 phút rau ngót chín mềm, tắt bếp là hoàn tất.', 'Bước 3 - Thành phẩm: Rau ngót nấu không (nấu chay) thật giản dị mà giữ được nguyên vẹn vị ngọt mềm của rau ngót, nước canh thanh ngọt tự nhiên giúp cho bữa cơm chay thêm phần hấp dẫn.']","['Để rau không bị mềm nhũn và thấm đều gia vị, thì nên nêm gia vị trước khi cho rau, rồi nêm lại lần cuối trước khi tắt bếp.', 'Xem thêm:2 cách nấu canh rau ngót chay đậu hũ thơm ngon thanh mát đơn giản2 Cách nấu canh rau ngót mướp và nấm thơm ngon thanh nhiệtCách nấu canh rau ngót với tôm ngọt nước thơm ngon thanh nhiệt']",,dienmayxanh.com
https://www.dienmayxanh.com/vao-bep/2-cach-lam-bun-tron-chay-thom-ngon-don-gian-thanh-dam-cho-bua-08509,Món Chay,2 cách làm bún trộn chay thơm ngon đơn giản thanh đạm cho bữa ăn,"Bạn là một tín đồ thích cácmón chaythanh đạm. Hôm nay, Điện máy XANH sẽ mách bạn 2 công thức làm bún trộn chay thơm ngon cho bữa ăn gia đình. Cùngvào bếpđể thực hiện ngay bạn nha!",,10 phút + 10 phút + 1 giờ + 10 phút,Cho 3 người,,16,"['Bún tươi - 500 gr', 'Đậu hũ chiên sẵn - 300 gr', 'Gừng - 5 lát', 'Tương ớt - 1 muỗng canh', 'Ớt băm nhuyễn - 1 muỗng cà phê', 'Dưa leo cắt sợi - 1 trái', 'Cà rốt cắt sợi - 1/2 củ', 'Xà lách cắt nhỏ - 100 gr', 'Giá đỗ - 100 gr', 'Rau thơm - 1 ít ((tía tô/ húng lũi/  diếp cá/ ...))', 'Nước mắm chay - 2 muỗng canh', 'Nước tương - 2 muỗng canh', 'Giấm tiều - 1/2 muỗng canh', 'Dầu hào chay - 1 muỗng canh', 'Dầu ăn - 1 muỗng canh', 'Đường - 1 muỗng canh']","['Bước 1 - Rim đậu hũ: Đậu hũ bạn cắt thành thanh dài, độ dày khoảng nữa lóng tay. Bạn bắt chảo lên bếp, cho vào 4 muỗng canh nước, tiếp theo cho vào 1 muỗng canh nước mắm chay, 1 muỗng canh nước tương, 1 muỗng canh dầu hào chay, 5 lát gừng cắt mỏng cuối cùng là đậu hũ. Bạn rim đậu hũ ở lửa vừa khoảng 4 - 5 phút,  trong quá trình rim bạn nên đảo để đậu hũ thấm đều gia vị. Khi thấy nước rim đã sắp sắp khô, bạn cho 1 muỗng canh dầu ăn vào, đảo đều rồi tắt bếp.', 'Bước 2 - Làm sốt trộn: Bạn cho vào chén 1 muỗng canh nước mắm chay, 1 muỗng canh nước tương, 1 muỗng canh đường, 1/2 muỗng canh giấm tiều, 1 muỗng cà phê ớt băm và 1 muỗng canh tương ớt. Bạn khuấy tan sốt trộn.', 'Bước 3 - Hoàn thành: Bạn cho bún vào tô, sau đó cho vào khoảng 2 muỗng canh nước rim đậu hũ vào bún trộn đều. Sau đó cho 1 ít bún ra tô khác, thêm ít xà lách cắt nhỏ, 1 ít dưa leo cắt sợi, 1 ít giá đỗ, 1 ít cà rốt cắt sợi, 1 ít rau thơm các loại, bạn tiếp tục xếp đậu hũ lên trên bún. Cuối cùng bạn rưới 1 nước sốt trộn lên trên bún và thưởng thức nào.', 'Bước 4 - Thành phẩm: Món bún trộn chay đậu hũ, màu sắc đẹp và bắt mắt. Đậu hũ rim mềm vừa ăn, bún trộn có vị chua nhẹ của giấm tiều, cay cay của ớt, nước sốt đặc biệt ăn kèm với các loại rau sẽ rất ngon.']","['Xem chi tiết:Cách làm đậu hũ tại nhà an toàn, thơm ngon', 'Nếu thích ăn cay, bạn có thể cho 1 trái ớt hiểm vào đậu hũ rim nhé.', 'Xem thêm:Cách chọn mua các loại nấm thông dụng tươi ngon', 'Xem thêm:Cách chọn mua cà rốt tươi ngon', 'Cách ngâm nấm đông cô đúng cách:Bạn ngâm nấm trong 30 phút đến vài tiếng để nấm mềm, không ngâm ít hơn 30 phút để tránh nấm chưa mềm đều, nấu ăn không ngon.Để nấm nhanh mềm, bạn nên ngâm nguyên cây nấm, không thái lát, cắt nhỏ trước khi ngâm.Sau khi ngâm nên để nấm trong rổ để nấm nhanh ráo nước, khi nấu nấm sẽ giữ nguyên được hình dáng, kết cấu, không bị nhão, mềm quá mức.', 'Để sợi bún được khô và tơi ra, bạn nên trụng sơ bún tươi qua nước sôi, sau đó rửa lại với nước lạnh nhé!Tùy thuộc vào bạn thích ăn rau nhiều hay ít bạn cân đối nhé!', 'Xem thêm:Cách làm món bún xào chay thơm ngon không dính chùm, không nát2 cách làm mì xào chay và phở xào chay đơn giản, thanh đạm cho cả gia đìnhThực đơn 3 món chay đủ chất cho ngày lễ Phật Đản']",,dienmayxanh.com
https://www.dienmayxanh.com/vao-bep/cach-lam-hu-tieu-bo-kho-chay-thom-ngon-du-chat-cho-bua-sang-10277,Món Chay,"Cách làm hủ tiếu bò kho chay thơm ngon, đủ chất cho bữa sáng","Nhữngmón chayngày càng được nhiều gia đình ưa chuộng bởi sự thanh đạm, đầy đủ chất dinh dưỡng và vô cùng hấp dẫn chẳng thua kém gì món mặn. Hôm nay, cùng Điện máy XANHvào bếpvà học ngay món hủ tiếu bò kho chay thơm ngon, đủ chất cho bữa sáng ấm áp bên gia đình bạn nhé!",,15 phút + 40 phút,Cho 5 người,,15,"['Hủ tiếu khô - 200 gr', 'Nấm rơm - 200 gr ((còn nguyên búp))', 'Đậu hũ chiên - 2 miếng', 'Cà rốt - 2 củ', 'Sắn - 3 củ ((củ đậu))', 'Hành tím - 100 gr ((khoảng 10 củ))', 'Ớt hiểm - 1 ít', 'Nước tương - 2 muỗng canh', 'Màu dầu điều - 2 muỗng canh', 'Đường phèn - 5 gr ((khoảng 1 viên nhỏ))', 'Bột cà ri - 1 muỗng canh', 'Hạt nêm chay - 1 muỗng canh', 'Dầu ăn - 6 muỗng canh', 'Rau thơm ăn kèm - 1 ít ((ngò gai/húng quế/rau ôm/hẹ/giá))', 'Muối/đường - 1 ít']","['Bước 1 - Trụng hủ tiếu: Bắc mộtnồinước lên bếp và đun sôi, sau đó cho 1 muỗng canh dầu ăn vào khuấy đều. Kế đến cho hủ tiếu vào, trụng ở lửa vừa khoảng 3 - 5 phút cho đến cọng hủ tiếu nở mềm thì vớt rarổ. Mách nhỏ:Cho một ít dầu ăn vào nước trụng hủ tiếu giúp cho cọng hủ tiếu được bóng đẹp và không bị dính vào nhau.', 'Bước 2 - Sơ chế các nguyên liệu khác: Nấm rơm mua về các bạn gọt sạch phần gốc, sau đó mang nấm đi ngâm với nước muối hoặc nước vo gạo khoảng 10 phút, sau đó vớt ra rửa sạch, để ráo. Dùngdaocắt nấm làm 2 hoặc 4 tùy vào kích thước. Không nên rửa nấm rơm quá kĩ, vì sẽ khiến nấm sẽ dễ bị ngấm nước và ăn không ngon.Ngâm rửa nấm rơm trong nước pha ít bột năng hoặc ngâm trong nước vo gạo, không ngâm rửa trong nước muối nếu không nấm sẽ bị xốp không ngon.Xem chi tiết:Cách sơ chế nấm rơm đơn giản, đúng cách Xem chi tiết:Cách sơ chế nấm rơm đơn giản, đúng cách Đậu hủ chiên khi mua về các bạn mang xả sơ qua nước sau đó dùng dao cắt thành các lát nhỏ vừa ăn. Hành tím bóc sạch vỏ, lấy khoảng 4 - 5 củ to mang đi cắt lát, phần còn lại đập dập rồi băm nhuyễn. Củ sắn gọt sạch vỏ, mang đi rửa sạch rồi cắt sợi. Cà rốt gọt vỏ, mang đi rửa sạch với nước. Lấy 1 củ mang đi tỉa hoa rồi cắt thành các lát mỏng, củ còn lại cắt làm đôi dùng để nấu nước dùng. Các loại rau ăn kèm như ngò gai, ngò ôm, hẹ, húng quế, giá đỗ các bạn mang đi ngâm với nước muối pha loãng khoảng 10 phút sau đó vớt ra xả sạch, để ráo.', 'Không nên rửa nấm rơm quá kĩ, vì sẽ khiến nấm sẽ dễ bị ngấm nước và ăn không ngon.', 'Ngâm rửa nấm rơm trong nước pha ít bột năng hoặc ngâm trong nước vo gạo, không ngâm rửa trong nước muối nếu không nấm sẽ bị xốp không ngon.', 'Bước 3 - Nấu nước dùng củ quả: Bắc nồi lên bếp, cho khoảng 1.5 - 2 lít nước vào, rồi tiếp hành đun sôi. Khi nước bắt đầu sôi, các bạn cho cà rốt nguyên củ và phần củ sắn cắt sợi vào. Vặn nhỏ lửa và hầm khoảng 30 phút - 1 giờ để phần nước dùng được thanh ngọt. Kế đến, bạn lọc nước dùng quarâyđể loại bỏ hết phần xác cà rốt và củ sắn.', 'Bước 4 - Xào nấm và đậu hũ: Bắcchảolên bếp, cho 2 muỗng canh dầu ăn vào đun nóng sau đó cho phần hành tím băm vào phi thơm. Khi hành đã dậy mùi, các bạn trút nấm rơm vào xào ở lửa vừa khoảng 5 - 7 phút cho nấm chín. Kế đến, cho tiếp đậu hũ vào, đảo nhẹ tay khoảng 1 - 2 phút. Thêm vào chảo 1/2 muỗng canh hạt nêm chay, 1 muỗng canh nước tương, 1/2 muỗng canh đường, 1 muỗng canh bột cà ri sau đó đảo đều và tiếp tục xào thêm khoảng 2 phút nữa cho các nguyên liệu thấm gia vị. Mách nhỏ:Khi cho đậu hũ vào chảo, các bạn nên đảo nhẹ nhàng để tránh làm nát đậu.', 'Bước 5 - Nấu bò kho chay: Cho tiếp vào nồi nước hầm rau củ 1 viên đường phèn (khoảng 5gr) sau đó trút phần nấm và đậu hũ xào vào. Mở lửa vừa và đun cho nước trong nồi sôi. Khi nước bắt đầu sôi, các bạn vặn nhỏ lửa, sau đó thêm tiếp 1/2 muỗng canh muối , 1/2 muỗng canh hạt nêm hạt nêm chay, 1 muỗng canh nước tương, 2 muỗng canh dầu màu điều vào khuấy đều cho các gia vị tan hoàn toàn. Cuối cùng, cho cà rốt tỉa hoa vào nồi, tiến hành nấu đến khi nước trong nồi sôi trở lại thì nêm nếm cho vừa ăn rồi tắt bếp.', 'Bước 6 - Hoàn thành: Bắc chảo lên bếp, cho 3 muỗng canh dầu ăn vào đun nóng, sau đó trút hành tím vào chảo và phi vàng thơm thì vớt ra ngoài, để ráo dầu. Cách phi hành tím giòn ngon: Xem chi tiết:Cách làm hành phi giòn ngon, đơn giản tại nhà Xếp hủ tiếu ra tô, cho giá, hẹ và 1 ít hành tím phi lên trên sau đó chan nước dùng lên trên, dùng kéo cắt 1 ít ngò gai, húng quế, rau ôm và ớt lên trên sau đó trang trí lại cho đẹp mắt là hoàn thành.', 'Bạn nên dùng chảo bằng nhôm để nhiệt độ lúc phi hành được ổn định, giúp hành được giòn và vàng đều hơn', 'Dùng muối giúp hành nhanh giòn, nhiệt độ hành ổn định, thêm 1 ít bột mì để hành dày và giữ hành được nguyên tép, không bị bể nát trong lúc phi.', 'Chỉ nên phi cho hành vừa chuyển vàng và dậy mùi thơm thì vớt hành ra ngay, vì nhiệt độ của dầu sẽ tiếp tục làm hành chín và giòn hơn.', 'Tránh phi đến khi hành vàng hoàn toàn, điều này có thể làm hành bị cháy khét', 'Để hành giòn đều hơn bạn nên chia hành từng phần nhỏ để phi nhé.', 'Bước 7 - Thành phẩm: Chỉ với vài bước đơn giản bạn đã có ngay tô hủ tiếu bò kho chay nóng hổi, thơm nức rồi. Món ăn hút hồn thực khách bởi nước dùng ngọt thanh cùng các topping nấm rơm dai dai, đậu hũ bùi béo giòn ăn kèm rau sống tươi mát. Còn chần chờ gì nữa, vào bếp và thực hiện ngay nhé!']","['Xem chi tiết:Cách chọn mua nấm rơm ngon', 'Xem chi tiết:Cách chọn mua cà rốt tươi ngon ngon', 'Cho một ít dầu ăn vào nước trụng hủ tiếu giúp cho cọng hủ tiếu được bóng đẹp và không bị dính vào nhau.', 'Cách sơ chế nấm rơm đúng cáchKhông nên rửa nấm rơm quá kĩ, vì sẽ khiến nấm sẽ dễ bị ngấm nước và ăn không ngon.Ngâm rửa nấm rơm trong nước pha ít bột năng hoặc ngâm trong nước vo gạo, không ngâm rửa trong nước muối nếu không nấm sẽ bị xốp không ngon.Xem chi tiết:Cách sơ chế nấm rơm đơn giản, đúng cách', 'Khi cho đậu hũ vào chảo, các bạn nên đảo nhẹ nhàng để tránh làm nát đậu.', 'Cách phi hành tím giòn ngon:Bạn nên dùng chảo bằng nhôm để nhiệt độ lúc phi hành được ổn định, giúp hành được giòn và vàng đều hơnDùng muối giúp hành nhanh giòn, nhiệt độ hành ổn định, thêm 1 ít bột mì để hành dày và giữ hành được nguyên tép, không bị bể nát trong lúc phi.Chỉ nên phi cho hành vừa chuyển vàng và dậy mùi thơm thì vớt hành ra ngay, vì nhiệt độ của dầu sẽ tiếp tục làm hành chín và giòn hơn.Tránh phi đến khi hành vàng hoàn toàn, điều này có thể làm hành bị cháy khétĐể hành giòn đều hơn bạn nên chia hành từng phần nhỏ để phi nhé.Xem chi tiết:Cách làm hành phi giòn ngon, đơn giản tại nhà', 'Xem thêm:2 cách làm canh bún chay thanh đạm thơm ngon hấp dẫn dễ làmCách nấu mì ramen miso chay ngọt bùi, thơm ngon cho ngày chay thêm hấp dẫnCách làm bún riêu chay đơn giản đậm đà cho lễ Vu Lan']",,dienmayxanh.com
https://www.dienmayxanh.com/vao-bep/cach-lam-suon-non-chay-don-gian-thom-ngon-ngay-tai-nha-13461,Món Chay,"Cách làm sườn non chay đơn giản, thơm ngon ngay tại nhà","Ngày nay, sườn non chay làmón chayđược rất nhiều người ưa chuộng vì sự thanh đạm, dễ ăn và vô cùng thơm ngon, hấp dẫn. Vậy sườn non chay làm bằng gì? Bạn đã biết chưa? Điện máy XANH xin giới thiệu đến bạn công thức cách làm sườn non chay đơn giản, ngay tại nhà, chuẩn bị nguyên liệu và bắt tayvào bếpngay thôi nào!",,5 phút + 50 phút,Cho 4 người,,6,"['Đậu nành - 300 gr', 'Bột mì đa dụng - 250 gr', 'Bột năng - 150 gr', 'Bột bắp - 150 gr', 'Men nở - 20 gr', 'Muối - 1 muỗng canh']","['Bước 1 - Ngâm và xay nhuyễn đậu nành: Đậu nành mua về bạn vo sạch, loại bỏ những hạt bị hư rồi đem ngâm với nước khoảng 2 giờ. Sau khi đậu nành đã được ngâm nở thì bạn cho đậu nành vào máy xay sinh tố, thêm 1000ml nước lọc, bạn bấm xay nhuyễn khoảng 5 phút rồi đổ ra tô lớn, thêm 1 muỗng canh muối trộn đều.', 'Bước 2 - Trộn bột sườn non chay: Bạn cho 250gr bột mì đa dụng, 150gr bột bắp, 150gr bột năng vào tô đậu nành xay, rồi dùng phới trộn đều hỗn hợp. Tiếp đó bạn thêm 20gr men nở, tiếp tục trộn cho hỗn hợp hòa quyện sau đó đậy nắp tô và ủ 60 phút cho bột nghỉ.', 'Bước 3 - Hấp bột sườn non: Khi đủ thời gian ủ bột, bạn dùng phới trộn nhẹ nhàng theo 1 chiều rồi đổ hỗn hợp bột vào khuôn. Bắc nồi xửng hấp lên bếp, thêm 1 lít nước nấu sôi, khi nước sôi bạn cho khuôn bột vào xửng, đậy nắp và hấp khoảng 30 phút rồi tắt bếp, mở nắp nồi để sườn nguội.', 'Bước 4 - Sấy sườn non: Khi sườn đã nguội bớt, bạn cho sườn ra khỏi khuôn, dùng dao cắt sườn thành những miếng vừa ăn, tiếp đó xếp vào khay sấy và cho khay vào sấy ở nhiệt độ 70 độ C trong 4 tiếng.', 'Bước 5 - Thành phẩm: Sườn non chay khi sấy xong có màu vàng đẹp mắt, sườn có độ dẻo, dai rất ngon. Với sườn non chay, bạn có thể chế biến thành nhiều món ngon khác nhau nhưsườn non chay chiên sả ớt,sườn non chay kho tiêu,sườn non chay rim mặn,... Sau khi hoàn thành bạn có thể cho sườn non vào túi buộc kín và bảo quản nơi khô tháng có thể dùng được 1 tuần đấy.']","['Xem thêm:Đậu nành - đậu tương là đậu gì? Công dụng của đậu nành đối với sức khỏe', 'Nếu nhà bạn không có máy sấy, bạn có thể xếp sườn non vào mâm hoặc rá, tiếp đó mang sườn non ra phơi nắng, bạn phơi khoảng 2 nắng là sườn đã khô rồi đó!', 'Xem thêm:2 cách làm sườn chay chiên giòn và sườn chay rim nước dừa ngon, đơn giản2 cách làm sườn non chay kho tiêu, kho sả ớt đậm đà hao cơm ngày rằm3 cách làm sườn chay kho nấm thơm ngon bắt cơm dễ làm tại nhà']",,dienmayxanh.com
https://www.dienmayxanh.com/vao-bep/cach-lam-dau-phu-bang-nuoc-chua-don-gian-de-lam-13343,Món Chay,Cách làm đậu phụ bằng nước chua đơn giản dễ làm,"Đậu phụ (đậu hũ) là một nguyên liệu rất quen thuộc trong thực đơnmón chay. Không gì bằng nếu chúng ta tự tay làm đậu phụ cho bữa ăn của gia đình. Do đó, ngay bây giờ hãy cùngvào bếpcùng Điện máy XANH tìm hiểu ngay cách làm đậu phụ bằng nước chua nhé.",,45 phút + 30 phút,Cho 5 người ăn,,6,"['Đậu nành - 700 gr', 'Nước chua - 700 ml', 'Nước - 7 lít', 'Chanh - 2 quả', 'Muối - 2 muỗng cà phê', 'Dầu ăn - 1 ít']","['Bước 1 - Xay đậu tương - đậu nành: Đậu tương - đậu nành sau khi mùa về thì lựa bỏ những hạt bị hư, vo sạch. Sau đó đem đi ngâm với nước lạnh từ 8 - 10 tiếng. Chia đậu thành 7 phần đều nhau (mỗi phần 100gr). Cho 1 phần đậu và 500ml nước vào máy xay sinh tố, xay ở tốc độ số 1 khoảng 5 phút, sau đó xay ở tốc độ số 2 trong 40 giây. Bạn có thể xay đậu bằng máy xay hạt trước, sau đó mới xay bằng máy sinh tố để đậu mịn hơn.', 'Bước 2 - Lọc nước sữa đậu: Tiến hành lọc từng phần đậu vừa xay. Đổ hỗn hợp vừa xay vào túi lọc, sau đó bóp nhẹ túi lọc để lấy phần nước sữa đậu. Sau khi lọc lần 1, nếu nước sữa vẫn còn đặc thì tiếp tục xay lần 2 với 500ml nước. Thường thì phải lọc 2 lần để lấy hết chất đậu. Sau 2 lần lọc sẽ thu được 1 lít nước đậu. Với 700gr đậu thì sẽ thu được 7 lít nước đậu.', 'Bước 3 - Pha nước chua: Pha 700ml nước chua với 20ml nước cốt chanh, 2 muỗng cà phê muối, khuấy đều hỗn hợp. Sau đó đem hỗn hợp đi đun ấm.', 'Bước 4 - Nấu nước sữa đậu tương: Sau khi có nước sữa đậu, bạn đổ vào nồi để đem nấu. Lúc đầu nấu với lửa lớn, sau 10 phút thì giảm lửa và khuấy liên tục cho đến nước sữa đậu sôi. Khi sữa đậu đạt nhiệt độ khoảng 80 độ, cho từ từ 1/3 nước chua đã pha vào quanh thành nồi, khuấy đều và đậy nắp 3 phút. Sau 3 phút, tiếp tục cho vào 1/3 nước chua, khuấy nhẹ 1 - 2 vòng, tiếp tục đậy nắp 3 phút. Cuối cùng, đổ hết phần nước chua còn lại và thực hiện như 2 lần trước để nước đậu kết tủa hết. Sau đó tắt bếp. Phải cho nước chua vào từ từ theo giai đoạn. Vì nếu cho vào hết 1 lần thì đậu phụ làm ra sẽ bị cứng.Nếu nước chua đã pha không đủ để nước sữa đậu kết tủa hết thì có thể pha thêm nước sôi với chanh hoặc nước ấm với chanh. Tuyệt đối không pha nước lạnh.Từ lúc cho nước chua vào đến khi nước đậu kết tủa hết phải đảm bảo nhiệt độ nước đậu luôn ở 80 - 90 độ.', 'Phải cho nước chua vào từ từ theo giai đoạn. Vì nếu cho vào hết 1 lần thì đậu phụ làm ra sẽ bị cứng.', 'Nếu nước chua đã pha không đủ để nước sữa đậu kết tủa hết thì có thể pha thêm nước sôi với chanh hoặc nước ấm với chanh. Tuyệt đối không pha nước lạnh.', 'Từ lúc cho nước chua vào đến khi nước đậu kết tủa hết phải đảm bảo nhiệt độ nước đậu luôn ở 80 - 90 độ.', 'Bước 5 - Ép đậu phụ: Sau khi sữa đậu đã kết tủa hết thì tiến hành ép đậu phụ. Vớt lấy phần nước chua trong nồi sữa đậu ra. Nước này thường được lên men để làm nước chua. Lấy 1 miếng vải mỏng để lên khuôn đậu, sau đó đổ phần đậu đã kết tủa vào khuôn. Dùng muỗng để ép và dàn đậu ra khắp khôn. Kéo phần vải còn dư bọc kín đậu. Lấy một miếng gỗ ép nhẹ lên đậu để cho ra hết nước. Lấy 1 vật nặng đặt ép lên miếng đậu để nước thoát hết ra ngoài và đậu kết thành miếng. Sau 10 - 15 phút thì kiểm tra đậu 1 lần, ép đến khi nào bạn thấy đậu cứng đúng theo ý muốn của bạn.', 'Bước 6 - Chiên đậu phụ: Ngay sau khi đậu đã cứng, cắt đậu thành từng miếng vừa. Bắc chảo chống dính lên bếp và cho dầu ăn vào đến khi dầu nóng. Sau đó bỏ từng miếng đậu phụ vào, chiên với lửa nhỏ đến khi các mặt vàng đều.', 'Bước 7 - Thành phẩm: Đậu phụ có màu trắng đẹp mắt, vừa mịn vừa có độ mềm vừa phải. Đậu phụ được làm hoàn toàn bằng nguyên liệu tự nhiên, không bỏ thêm hóa chất nên rất an toàn. Sau khi chiên, đậu phụ có màu vàng đều, bên trong vẫn giữ được độ mềm.']","['Xem thêm:Tại sao cần ngâm đậu, hạt ngũ cốc trước khi chế biến', 'Phải cho nước chua vào từ từ theo giai đoạn. Vì nếu cho vào hết 1 lần thì đậu phụ làm ra sẽ bị cứng.Nếu nước chua đã pha không đủ để nước sữa đậu kết tủa hết thì có thể pha thêm nước sôi với chanh hoặc nước ấm với chanh. Tuyệt đối không pha nước lạnh.Từ lúc cho nước chua vào đến khi nước đậu kết tủa hết phải đảm bảo nhiệt độ nước đậu luôn ở 80 - 90 độ.', 'Xem thêm:Cách bảo quản đậu phụ (đậu hũ) lâu vẫn tươi, ngon và không bị chua', 'Xem thêm:Cách làm đậu phụ sốt bơ đậu phộng ngon bùi béo cho ngày chay ngon miệng2 cách làm đậu hũ (đậu phụ) sốt thịt bằm thơm ngon đơn giảnCách làm chả đậu phụ chùm ngây chay thơm ngon, đơn giản']",,dienmayxanh.com
https://www.dienmayxanh.com/vao-bep/cach-lam-ca-mai-nau-canh-chua-ngon-thanh-nhiet-de-lam-tai-nha-11721,Món Canh,Cách làm cá mai nấu canh chua ngon thanh nhiệt dễ làm tại nhà,"Món canhlà món quen thuộc trong mỗi bữa ăn hàng ngày của gia đình. Hôm nay, chuyên trangVào bếpcủa Điện máy XANH sẽ hướng dẫn bạn cách làm cá mai nấu canh chua thơm ngon, hấp dẫn và giúp thanh nhiệt cho mùa hè để chiêu đãi cả nhà nhé!",,20 phút + 30 phút,Cho 2 người,,10,"['Cá mai - 600 gr', 'Dưa chua - 300 gr', 'Cà chua - 2 quả', 'Hành lá - 3 nhánh', 'Rau thơm - 1 ít', 'Gừng - 1 ít', 'Tỏi/ hành tím - 2 tép', 'Nước mắm - 2 muỗng canh', 'Dầu ăn - 1 muỗng canh', 'Gia vị thông dụng - 1 ít ((muối/ đường/ bột ngọt/ hạt nêm))']","['Bước 1 - Sơ chế cá mai: Cá bạn mua về, bạn đánh sạch vảy, làm sạch bên trong ruột, rồi cắt bỏ đầu. Để khử mùi tanh của cá, bạn dùng 1 ít muối chà xát trực tiếp trong và ngoài cá, sau đó đem rửa lại với nước sạch và để ráo nước. Cách 1:Bạn có thể khử mùi tanh cá bằng cách dùng nước vo gạo. Sau khi sơ chế cá xong, bạn cho cá vào nước vo gạo ngâm trong khoảng 15 - 20 phút, sau đó vớt ra, rửa lại với nước sạch và để ráo.Cách 2:Trong lúc rửa cá, bạn cho vài muỗng canh rượu trắng hoặc giấm vào nước, ngâm cá trong 5 phút, sau đó vớt ra, rửa sạch lại với nước.Xem chi tiết:7 mẹo giúp khử mùi tanh của cá dễ dàng và hiệu quả Xem chi tiết:7 mẹo giúp khử mùi tanh của cá dễ dàng và hiệu quả', 'Cách 1:Bạn có thể khử mùi tanh cá bằng cách dùng nước vo gạo. Sau khi sơ chế cá xong, bạn cho cá vào nước vo gạo ngâm trong khoảng 15 - 20 phút, sau đó vớt ra, rửa lại với nước sạch và để ráo.', 'Cách 2:Trong lúc rửa cá, bạn cho vài muỗng canh rượu trắng hoặc giấm vào nước, ngâm cá trong 5 phút, sau đó vớt ra, rửa sạch lại với nước.', 'Bước 2 - Sơ chế các nguyên liệu khác: Dưa chua bạn rửa lại với nước, rồi vắt khô và dùng dao cắt thành khúc vừa ăn dài khoảng 2 đốt tay. Cà chua bạn rửa sạch sau đó cắt múi cau. Rau thơm bạn cắt từng khúc nhỏ khoảng 1/2 đốt tay. Tỏi, hành tím bạn lột vỏ và băm nhỏ. Gừng làm sạch vỏ và thái nhỏ.', 'Bước 3 - Nấu canh chua cá mai: Bạn cho 1 muỗng canh dầu vào nồi và phi thơm gừng, tỏi, hành tím. Sau khi đã dậy mùi, bạn cho cà chua vào xào, thêm 1 chút đường để tạo màu cho cà chua. Tiếp theo, bạn thêm vào nồi 50ml nước lọc và cho dưa chua vào xào chín. Nêm vào nồi 1 muỗng cà phê bột ngọt, 1 muỗng cà phê hạt nêm rồi đảo đều. Sau đó, cho 200ml nước vào nồi. Đợi nước sôi lại, bạn cho cá mai vào. Nêm vào nồi 2 muỗng canh nước mắm và đảo nhẹ cho gia vị hoà tan. Cuối cùng, bạn cho rau thơm vào, để canh sôi thêm lần nữa thì tắt bếp và cho canh ra tô trang trí.', 'Bước 4 - Thành phẩm: Canh chua cá mai thanh mát, thơm ngon. Thịt cá mai được sơ chế kĩ càng, săn chắc hoà quyện với nước canh đậm đà hương vị, vừa ăn. Thời tiết nóng bức thế này, có một tô canh chua cá mai chấm kèm với một chén nước mắm ớt cay thì rất tuyệt đấy!']","['Xem chi tiết:Cách chọn mua cá mai tươi ngon', 'Xem thêm:Cách làm dưa chua vàng giòn, thơm ngon cực chuẩn', 'Xem chi tiết:Cách chọn mua cà chua tươi ngon', 'Cách khử mùi tanh cá hiệu quảCách 1:Bạn có thể khử mùi tanh cá bằng cách dùng nước vo gạo. Sau khi sơ chế cá xong, bạn cho cá vào nước vo gạo ngâm trong khoảng 15 - 20 phút, sau đó vớt ra, rửa lại với nước sạch và để ráo.Cách 2:Trong lúc rửa cá, bạn cho vài muỗng canh rượu trắng hoặc giấm vào nước, ngâm cá trong 5 phút, sau đó vớt ra, rửa sạch lại với nước.Xem chi tiết:7 mẹo giúp khử mùi tanh của cá dễ dàng và hiệu quả', 'Xem thêm:Cách nấu canh chua lá me cá nục ngon, thanh vị cho bữa cơm gia đình hấp dẫnCách nấu canh chua cá bạc má măng chua ngon ngọt thanh mát cho bữa cơm3 cách nấu canh chua cá bớp thanh mát thơm ngon đơn giản ai cũng mê']",,dienmayxanh.com
https://www.dienmayxanh.com/vao-bep/cach-nau-canh-ca-tim-nau-xuong-heo-ngon-ngot-la-mieng-doi-mon-12804,Món Canh,Cách nấu canh cà tím nấu xương heo ngon ngọt lạ miệng đổi món cho bữa cơm,"Canh cà tím nấu xương heo ngon ngọt lạ miệng đổi món cho bữa cơm bạn đã biết công thức nấu chưa? Hôm nay, Điện máy XANH sẽvào bếphướng dẫn bạn nấumón canhhấp dẫn này nha!",,10 phút + 25 phút,Cho 3 người,,6,"['Xương heo - 300 gr', 'Cà tím - 2 trái', 'Hành lá - 2 nhánh', 'Hành tím - 2 củ', 'Dầu ăn - 1/2 muỗng canh', 'Gia vị thông dụng - 1 ít ((muối/ hạt nêm/ bột ngọt/ tiêu xay))']","['Bước 1 - Sơ chế và ướp xương: Để khử mùi hôi của xương heo, sau khi mua về bạn rửa qua rồi đem ngâm xương heo với nước muối loãng trong 15 phút. Sau đó, vớt xương heo ra, rửa lại với nước sạch và để ráo. Ướp xương với 2 củ hành tím băm, 1 muỗng cà phê muối, 1/2 muỗng cà phê bột ngọt, 1 muỗng cà phê hạt nêm. Để khoảng 30 phút cho xương thấm gia vị. Cách sơ chế xương heo sạch, không hôi:', 'Cách 1:Sau khi chặt xương heo xong, bạn dùng giấm cùng 1 ít gừng đã giã nhuyễn chà xát lên miếng xương khoảng 5 phút, sau đó rửa lại với nước.', 'Cách 2:Cho xương heo vào ngâm với nước vo gạo trong khoảng 15 - 20 phút, rồi rửa lại với nước, như vậy miếng xương sẽ không còn hôi nữa.', 'Bước 2 - Sơ chế các nguyên liệu khác: Cà tím rửa sạch, cắt thành từng miếng vừa ăn có độ dày khoảng 1 lóng tay. Để cà không bị thâm đen thì ngay sau khi cắt xong, bạn đem cà ngâm vào nước muối pha loãng. Sau khi đã cắt hết số cà thì vớt ra, để ráo. Hành lá bỏ rễ và lá héo, rửa sạch, để ráo rồi cắt nhỏ. Hành tím bóc bỏ vỏ, rửa sạch băm nhỏ.', 'Bước 3 - Nấu canh: Bắc nồi lên bếp, cho vào nồi 1/2 muỗng canh dầu ăn. Dầu nóng thì bạn cho hết xương đã ướp vào, xào sơ khoảng 2 phút cho xương săn lại. Thêm vào nồi 1.5 lít nước, đậy nắp và đun sôi. Nước sôi bạn vớt bọt và hạ lửa nhỏ, hầm xương trong khoảng 20 phút. Sau 20 phút, cho cà tím cùng 1/2 muỗng canh hạt nêm, 1 muỗng cà phê muối vào nồi. Đun thêm 5 phút nữa, cà tím đã chín thì bạn nêm nếm lại cho vừa ăn và tắt bếp. Múc canh ra tô, rắc thêm 1 ít hành lá cắt nhỏ, tiêu xay cho dậy mùi thơm là có thể thưởng thức ngay.', 'Bước 4 - Thành phẩm: Canh cà tím nấu xương heo ngon ngọt, thanh mát. Xương và cà tím đều chín tới mềm, ngọt, nước canh nêm nếm vừa ăn hấp dẫn. Thưởng thức món này kèm cơm trắng thì ngon hết sẩy. Vào bếp làm thử bạn nhé!']","['Xem chi tiết:Cách chọn mua cà tím tươi ngon', 'Cách sơ chế xương heo sạch, không hôi:Cách 1:Sau khi chặt xương heo xong, bạn dùng giấm cùng 1 ít gừng đã giã nhuyễn chà xát lên miếng xương khoảng 5 phút, sau đó rửa lại với nước.Cách 2:Cho xương heo vào ngâm với nước vo gạo trong khoảng 15 - 20 phút, rồi rửa lại với nước, như vậy miếng xương sẽ không còn hôi nữa.', 'Xem thêm:3 cách nấu canh cà tím thơm ngon dễ làm cho bữa cơm gia đìnhCách nấu canh xương hầm khoai tây cà rốt ngon ngọt đơn giản tại nhàCách nấu canh cải thìa nấu xương heo ngon ngọt thanh mát đơn giản tại nhà']",,dienmayxanh.com
https://www.dienmayxanh.com/vao-bep/cach-nau-duoi-heo-ham-dau-phong-ngot-thom-beo-bui-hap-dan-08975,Món Canh,Cách nấu đuôi heo hầm đậu phộng ngọt thơm béo bùi hấp dẫn,"Đuôi heo hầm đậu phộng là một món canh vừa bổ dưỡng cho người bị đau nhức chân tay, mỏi gối và bị phong thấp vừa có hương vị ngọt ngon, thơm béo vô cùng hấp dẫn. Cùngvào bếpvới Điện máy XANH và thực hiện ngaymón nướcsiêu ngon này nhé!",,35 phút + 1 giờ 25 phút,Cho 4 người ăn,,6,"['Đuôi heo - 500 gr', 'Đậu phộng sống - 100 gr', 'Hành tím băm - 1 muỗng canh', 'Nước mắm - 2 muỗng canh', 'Dầu ăn - 1 muỗng canh', 'Gia vị thông dụng - 1 ít ((đường/muối/bột ngọt))']","['Bước 1 - Sơ chế đuôi heo: Đuôi heo mua về, bạn rửa sạch với nước rồi cho vào nước muối loãng ngâm khoảng 10 phút. Sau đó, rửa lại với nước sạch và dùng dao chặt nhỏ thành từng miếng dày khoảng 1 lóng tay. Tiếp theo bạn cho đuôi heo vào nồi chần sơ với nước sôi khoảng 3 phút rồi vớt ra. Bước 1:Giã nhuyễn gừng trong cối sau đó cho 100ml rượu trắng vào, trộn đều.Bước 2:Trụng đều đuôi heo trong nước nóng 70 độ C khoảng 5 phút thì dùng dao cạo sạch lông và chất dơ trên đuôi heo đi.Bước 3:Dùng muối hột chà xát vào đuôi heo khoảng 5 phút cho đến khi muối tan, bạn rửa sạch lại với nước.Bước 4:Ngâm đuôi heo vừa rửa sạch trong hỗn hợp rượu gừng khoảng 3 phút, vớt ra rửa lại với nước sạch.', 'Bước 1:Giã nhuyễn gừng trong cối sau đó cho 100ml rượu trắng vào, trộn đều.', 'Bước 2:Trụng đều đuôi heo trong nước nóng 70 độ C khoảng 5 phút thì dùng dao cạo sạch lông và chất dơ trên đuôi heo đi.', 'Bước 3:Dùng muối hột chà xát vào đuôi heo khoảng 5 phút cho đến khi muối tan, bạn rửa sạch lại với nước.', 'Bước 4:Ngâm đuôi heo vừa rửa sạch trong hỗn hợp rượu gừng khoảng 3 phút, vớt ra rửa lại với nước sạch.', 'Bước 2 - Xào đuôi heo với đậu phộng: Cho 1 muỗng canh dầu ăn, 1 muỗng canh hành tím băm vào nồi, phi đều cho hành thơm thì bạn cho đuôi heo vào xào. Đảo đều với lửa vừa khoảng 3 phút cho đuôi heo săn lại thì cho đậu phộng vào. Xào thêm 3 phút với lửa vừa sao cho vỏ đậu phộng hơi nhăn lại là được.', 'Bước 3 - Đun đuôi heo và đậu phộng: Sau khi xào đuôi heo và đậu phộng xong bạn cho 1 lít nước lọc vào nồi, đun với lửa vừa khoảng 15 phút cho nước trong nồi sôi lên bạn dùng vá vớt bọt ra. Sau khi vớt bọt xong bạn cho 1/2 muỗng canh đường, 2 muỗng canh nước mắm vào nồi, hầm với lửa vừa khoảng 70 phút cho thịt đuôi heo mềm rồi nêm nếm lại gia vị cho vừa ăn và tắt bếp.', 'Bước 4 - Thành phẩm: Đuôi heo hầm đậu phộng sau khi hoàn tất sẽ dậy mùi thơm hấp dẫn, hương vị canh thì ngọt, mặn vừa ăn. Đuôi heo mềm, ngon kết hợp cùng vị béo, bùi của đậu phộng. Ăn cùng với cơm trắng trong bữa cơm thì tuyệt vời quá đúng không nào?']","['Cách sơ chế đuôi heo sạch, không bị hôi:Bước 1:Giã nhuyễn gừng trong cối sau đó cho 100ml rượu trắng vào, trộn đều.Bước 2:Trụng đều đuôi heo trong nước nóng 70 độ C khoảng 5 phút thì dùng dao cạo sạch lông và chất dơ trên đuôi heo đi.Bước 3:Dùng muối hột chà xát vào đuôi heo khoảng 5 phút cho đến khi muối tan, bạn rửa sạch lại với nước.Bước 4:Ngâm đuôi heo vừa rửa sạch trong hỗn hợp rượu gừng khoảng 3 phút, vớt ra rửa lại với nước sạch.', 'Để nước dùng được trong và ngon hơn bạn nên vớt bọt thường xuyên trong lúc đun đuôi heo và đậu phộng.', 'Xem thêm:Cách nấu bánh canh đuôi heo thơm ngon, bổ dưỡng chiêu đãi gia đình2 cách làm canh củ sen hầm đuôi heo và giò heo nóng hổi, hấp dẫnCách nấu lẩu đuôi heo thuốc bắc nóng hổi, thơm phức, siêu hấp dẫn']",,dienmayxanh.com
https://www.dienmayxanh.com/vao-bep/cach-nau-canh-ga-kieu-trung-quoc-chuan-vi-thom-ngon-bo-duong-12922,Món Canh,"Cách nấu canh gà kiểu Trung Quốc chuẩn vị, thơm ngon, bổ dưỡng cho gia đình","Nếu bạn đang tìm kiếm mộtmón canhngon giàu dinh dưỡng để bồi bổ cho các thành viên trong gia đình thì hãy thử ngay món canh gà kiểu Trung Quốc siêu ngon, hấp dẫn này nhé! Cùngvào bếpthực hiện ngay nào!",,15 phút + 20 phút,Cho 4 người,,8,"['Thịt gà - 1 kg ((1/2 con))', 'Rượu gạo - 1 lít', 'Gừng cắt lát - 1 củ', 'Dầu mè - 1.5 muỗng canh', 'Kỷ tử - 50 gr', 'Chanh - 1 trái', 'Nước lọc - 1 lít', 'Muối - 1 ít']","['Bước 1 - Sơ chế thịt gà: Thịt gà mua về để khử đi mùi hôi bạn dùng hỗn hợp muối và nước cốt và xác của 1 trái chanh chà sát đều xung quanh thân gà đến khi thịt gà sạch, hết hôi thì bạn rửa lại với nước rồi vớt ra để ráo. Dùng dao chặt thành các miếng nhỏ vừa ăn có chiều dài khoảng 1.5 - 2 lóng tay rồi rửa thêm lần nữa với nước và để ráo. Cách sơ chế thịt gà sạch, không bị hôiCách 1:Thoa đều thịt gà bằng hỗn hợp giấm muối khoảng 3 - 5 phút sau đó rửa lại nhiều lần với nước sạch và để ráo.Cách 2:Dùng muối và vài lát chanh chà sát lên thịt gà khoảng 5 phút cho đến khi muối tan hết thì bạn rửa lại thật sạch bằng nước lạnh. Cách sơ chế thịt gà sạch, không bị hôi', 'Cách 1:Thoa đều thịt gà bằng hỗn hợp giấm muối khoảng 3 - 5 phút sau đó rửa lại nhiều lần với nước sạch và để ráo.', 'Cách 2:Dùng muối và vài lát chanh chà sát lên thịt gà khoảng 5 phút cho đến khi muối tan hết thì bạn rửa lại thật sạch bằng nước lạnh.', 'Bước 2 - Sơ chế nguyên liệu phụ: Gừng bạn rửa sạch, để ráo rồi dùng dao cắt thành các lát mỏng vừa ăn. Kỷ tử bạn ngâm trong nước khoảng 5 phút cho kỷ tử nở thì bạn rửa lại với nước sạch và để ráo.', 'Bước 3 - Xào thịt gà với nguyên liệu: Cho 1.5 muỗng canh dầu mè vào chảo, đun với lửa vừa khoảng 1 phút cho dầu mè nóng thì bạn cho gừng cắt lát mỏng vào. Đảo đều khoảng 1 phút cho gừng dậy mùi thơm thì bạn cho thịt gà và kỷ tử đã ráo nước vào. Xào với lửa vừa thêm 5 phút nữa cho đến khi thịt gà vừa chín tới và dậy mùi thơm thì bạn tắt bếp.', 'Bước 4 - Nấu canh: Cho lần lượt thịt gà đã xào săn cùng các nguyên liệu xào cùng và 1 lít nước lọc vào nồi sau đó nấu các nguyên liệu lên với lửa lớn khoảng 2 phút cho đến khi nước trong nồi sôi lên thì bạn hạ lửa vừa và nấu khoảng 10 phút cho thịt gà chín mềm. Nếu bạn không ăn quen hương vị truyền thống của món canh Trung Hoa này bạn có thể nên thêm 1 ít muối để tăng thêm hương vị và phù hợp với khẩu vị hơn.Để nước canh được trong và ngon hơn bạn nên vớt bỏ đi lớp bọt trên bề mặt khi canh đang sôi nhé!', 'Nếu bạn không ăn quen hương vị truyền thống của món canh Trung Hoa này bạn có thể nên thêm 1 ít muối để tăng thêm hương vị và phù hợp với khẩu vị hơn.', 'Để nước canh được trong và ngon hơn bạn nên vớt bỏ đi lớp bọt trên bề mặt khi canh đang sôi nhé!', 'Bước 5 - Hoàn thành: Sau khi đã nấu gà chín mềm rồi thì bạn cho tiếp 1 lít rượu gạo vào nồi, trộn đều và nấu tiếp với lửa vừa khoảng 2 phút cho tới khi nước trong nồi sôi lên lại thì bạn tắt bếp. Múc ra tô và thưởng thức thôi!', 'Bước 6 - Thành phẩm: Canh gà kiểu Trung Quốc sau khi nấu xong sẽ có mùi thơm hấp dẫn của gừng và dầu mè. Khi ăn ta sẽ cảm nhận được vị ấm nồng của gừng và có chút vị ngọt thơm của rượu gạo hòa cùng với thịt gà được nấu mềm ngon chắc thịt vô cùng hấp dẫn. Đảm bảo món ăn này vừa giàu dinh dưỡng, vừa giúp bạn giải cảm và đổi vị cũng cực tốt luôn. Chờ gì mà không vào bếp thử ngay nào!']","['Xem chi tiết:Cách chọn mua thịt gà tươi ngon', 'Cách sơ chế thịt gà sạch, không bị hôiCách 1:Thoa đều thịt gà bằng hỗn hợp giấm muối khoảng 3 - 5 phút sau đó rửa lại nhiều lần với nước sạch và để ráo.Cách 2:Dùng muối và vài lát chanh chà sát lên thịt gà khoảng 5 phút cho đến khi muối tan hết thì bạn rửa lại thật sạch bằng nước lạnh.', 'Nếu bạn không ăn quen hương vị truyền thống của món canh Trung Hoa này bạn có thể nên thêm 1 ít muối để tăng thêm hương vị và phù hợp với khẩu vị hơn.Để nước canh được trong và ngon hơn bạn nên vớt bỏ đi lớp bọt trên bề mặt khi canh đang sôi nhé!', 'Lưu ý:Khi cho rượu vào nấu bạn nên nấu cho đến khi nước canh sôi là tắt bếp liền tránh để trường hợp nấu sôi quá làm bay mất đi mùi thơm đặc trưng của rượu.', 'Xem thêm:Cách nấu canh gà lá giang ngon nhất, vị chua dịu, thịt gà dai thơm đậm đàCách làm canh gà nấu vải thanh mát, bổ dưỡng, cực kì đơn giảnCách nấu canh gà hầm ngũ quả thơm ngon, bổ dưỡng tại nhà']",,dienmayxanh.com
https://www.dienmayxanh.com/vao-bep/cach-nau-canh-chua-bong-so-dua-voi-ca-loc-thanh-mat-cho-bua-23487,Món Canh,Cách nấu canh chua bông so đũa với cá lóc thanh mát cho bữa cơm ngon miệng,"Bạn đang tìm kiếm công thức canh chua bông so đũa chuẩn vị miền Tây?Vào bếpngay với hướng dẫn chi tiết này! Dù bạn yêu thích món xào haymón canh, hương vị chua ngọt thanh mát của đặc sản này chắc chắn sẽ chinh phục mọi giác quan, mang đến bữa ăn ngon miệng cho cả gia đình.",,20 phút + 25 phút,Cho 4 người,,11,"['Cá lóc - 1 con ((500 - 700gr))', 'Bông so đũa - 200 gr', 'Cà chua - 2 quả', 'Dứa - 1/4 quả ((thơm))', 'Bạc hà - 50 gr ((dọc mùng))', 'Đậu bắp - 50 gr', 'Me vắt - 50 gr', 'Rau nêm - 1 ít ((ngò gai/ rau om))', 'Ớt - 1 ít', 'Tỏi băm - 1 ít', 'Gia vị thông dụng - 1 ít ((đường/ muối/ bột ngọt/ nước mắm/ dầu ăn))']","['Bước 1 - Sơ chế nguyên liệu: Đầu tiên, bạn cần chuẩn bị kỹ các loại rau củ. Với bông so đũa, hãy lặt bỏ phần nhụy hoa màu vàng bên trong để khi ăn không bị đắng rồi rửa sạch. Cá lóc sau khi làm sạch vảy và ruột, bạn dùng muối chà xát nhẹ để khử mùi tanh rồi rửa lại và cắt thành từng khúc vừa ăn. Tiếp đến, bạn rửa sạch đậu bắp và cà chua, cắt xéo đậu bắp và bổ múi cau cho cà chua. Các loại rau thơm và ớt cũng được rửa sạch và thái nhỏ để sẵn.', 'Bước 2 - Luộc cá và chuẩn bị nước dùng: Bạn bắc một nồi lớn lên bếp và đun sôi khoảng 2.5 lít nước. Khi nước bắt đầu sôi lăn tăn, hãy nêm vào nồi 2 muỗng cà phê muối cùng 1 muỗng canh nước mắm để nước luộc cá thêm đậm đà. Sau đó, nhẹ nhàng cho các khúc cá lóc vào luộc trong khoảng 7 phút cho cá chín tới. Trong quá trình luộc, bạn nhớ hớt bọt nổi lên để nước canh được trong và ngon hơn, sau đó vớt cá ra một đĩa riêng.', 'Bước 3 - Nấu canh chua: Để tạo vị chua đặc trưng, bạn lấy 100gr me vắt cho vào tô, múc một ít nước đang sôi trong nồi vào rồi dùng muỗng dằm nát để me tan ra. Tiếp theo, bạn lọc qua rây để lấy phần nước cốt me và đổ trở lại vào nồi. Nêm nếm gia vị cho nồi nước dùng với 4 muỗng cà phê đường, 1 muỗng cà phê muối, 1 muỗng cà phê hạt nêm và thêm 1 muỗng canh nước mắm, khuấy đều rồi nếm thử để điều chỉnh cho hợp khẩu vị gia đình. Khi nước dùng đã vừa vị, bạn cho phần đậu bắp và cà chua đã chuẩn bị vào nấu trước. Khoảng 2-3 phút sau, khi đậu bắp và cà chua vừa chín tới, bạn cho hết phần bông so đũa vào nồi. Vì bông so đũa rất mau chín, bạn chỉ cần đợi nước sôi lại một lần nữa là có thể tắt bếp ngay để giữ được độ giòn ngon.', 'Bước 4 - Thành phẩm: Múc canh chua bông so đũa ra tô, rắc rau nêm và ớt cắt lát lên trên. Món canh có hương vị chua ngọt hài hòa, thanh mát, cá lóc ngọt thịt, bông so đũa giòn nhẹ, rất thích hợp ăn kèm với cơm trắng hoặc bún. Đây chắc chắn là món ăn miền Tây không thể thiếu trong bữa cơm gia đình bạn.']","['Để món canh chua bông so đũa thêm phần hoàn hảo, việc lựa chọn dụng cụ nấu nướng chất lượng là vô cùng quan trọng.Bộ nồi quánh inox nắp kính Tefal Optispace G7376S44sẽ là trợ thủ đắc lực cho mọi căn bếp.Nồi Tefalđược làm từ chất liệu inox cao cấp, đảm bảo độ bền vượt trội và an toàn cho sức khỏe khi nấu ăn.Thiết kế đáy nồi dày dặn giúp truyền nhiệt nhanh và giữ nhiệt lâu, giúp món canh của bạn chín đều và thơm ngon hơn.Nắp kính tiện lợi giúp bạn dễ dàng quan sát quá trình nấu, đồng thời thiết kế quánh nhỏ gọn phù hợp để nấu các món canh, súp.Bộ nồi quánh inox Tefal Optispace G7376S441.720.000₫2.347.000₫-26%Xem chi tiết', 'Xem thêm:Cách nấu canh mọc nấm hương ngọt thanh chuẩn vị cho mâm cỗ Tết Hà NộiCách nấu canh cua đồng cà chua thanh mát, nước dùng đậm đà dễ làm tại nhàCách làm cá chép nấu măng chua thanh mát bằng nồi nhôm đúc nguyên khối']",,dienmayxanh.com
https://www.dienmayxanh.com/vao-bep/cach-lam-canh-la-lot-nau-thit-heo-thom-ngon-dua-com-23480,Món Canh,Cách làm canh lá lốt nấu thịt heo thơm ngon đưa cơm,"Bạn đang tìm công thức canh lá lốt nấu thịt heo ngọt thanh, chuẩn vị?Vào bếpcùng Điện máy XANH để khám phá cách công thức đơn giản.Món canhnày sẽ mang đến bữa cơm ấm cúng, đậm đà hương vị cho gia đình bạn.",,20 phút + 20 phút,Cho 200gr thịt heo bằm,,5,"['Lá lốt - 1 bó ((khoảng 80-100gr))', 'Thịt heo nạc bằm - 200 gr', 'Hành tím - 2 củ', 'Nước vo gạo để ngâm lá lốt - 1 ít', 'Gia vị thông dụng - 1 ít ((hạt nêm/nước mắm/tiêu xay/dầu ăn/muối hạt))']","['Bước 1 - Sơ chế nguyên liệu: Lặt lấy phần lá, bỏ cuống. Ngâm lá lốt vào thau nước vo gạo để lá sạch, xanh và bớt hăng. Sau đó rửa với muối hạt, rồi rửa lại 1–2 lần nước sạch. Để ráo và cắt miếng vừa ăn (có thể cắt nhỏ hoặc lớn tùy thích). Ướp thịt heo bằm với 1/2 muỗng cà phê hạt nêm, 1/2 muỗng cà phê nước mắm, chút hành tím băm, chút tiêu xay. Ướp trong 15 phút để thịt thấm vị.', 'Bước 2 - Cách nấu canh lá lốt thịt heo bằm: Bắc nồi lên bếp, cho dầu ăn vào. Phi thơm hành tím băm rồi cho thịt heo bằm vào xào. Đảo đều đến khi thịt săn và tơi ra. Đổ khoảng 1 lít nước vào nồi. Đậy nắp và nấu sôi. Khi nước sôi, giảm lửa vừa và nấu thêm 5 phút để nước canh ngọt tự nhiên. Cho lá lốt đã cắt vào nồi, bật lửa lớn để nước sôi nhanh trở lại. Lá lốt vừa chín sẽ tỏa mùi thơm rất đặc trưng. Nếm nước canh và điều chỉnh với 1 muỗng cà phê bột canh, chút hạt nêm (nếu cần), chút nước mắm cho dậy mùi. Khuấy đều rồi tắt bếp.', 'Bước 3 - Thành phẩm: Tô canh lá lốt thịt heo bằm nóng hổi, thơm lừng mùi lá lốt, nước trong ngọt tự nhiên từ thịt. Lá lốt xanh mướt, thịt bằm mềm thấm vị, hòa quyện tạo nên món canh thanh nhẹ, cực kỳ đưa cơm.']","['Để nấu được món canh lá lốt thịt heo tròn vị, ngoài nguyên liệu tươi ngon thì dụng cụ nấu phù hợp cũng góp phần quan trọng.Bộ nồi quánh inox nắp kính Tefal Optispace G7376S44chính là lựa chọn hỗ trợ bạn chế biến món ăn dễ dàng và hiệu quả hơn.Nồi Tefalsử dụng chất liệu inox chất lượng cao, chống gỉ sét và chịu nhiệt tốt, giúp nồi luôn bền đẹp theo thời gian và an toàn cho sức khỏe. Phần đáy nồi được cấu tạo nhiều lớp giúp nhiệt lan tỏa nhanh, giữ nhiệt ổn định, nhờ đó thức ăn được nấu chín đều, không bị cháy khét.Nắp kính trong suốt cho phép quan sát món ăn mà không cần mở nắp, giữ trọn hơi nóng và dưỡng chất. Tay cầm chắc chắn, cách nhiệt tốt, giúp bạn thao tác trong bếp an toàn hơn.Bộ nồi cũng có khả năng sử dụng trên mọi loại bếp, từ bếp gas đến bếp từ, mang lại sự tiện lợi và linh hoạt cho mọi căn bếp gia đình.Bộ nồi quánh inox Tefal Optispace G7376S441.720.000₫2.347.000₫-26%Xem chi tiết', 'Xem thêm:Cách nấu canh thịt bò lá lốt thơm ngon dễ làm bổ dưỡng2 cách nấu canh chuối xanh lá lốt thơm ngon béo bùi dễ làm3 cách nấu canh mít non với nghệ, tôm lá lốt và sườn thơm ngon, bổ dưỡng']",,dienmayxanh.com
https://www.dienmayxanh.com/vao-bep/cong-thuc-nau-canh-duong-sinh-nhat-ban-de-thanh-loc-boi-bo-co-23459,Món Canh,"Công thức nấu canh dưỡng sinh Nhật Bản để thanh lọc, bồi bổ cơ thể tại nhà","Bạn đang tìm kiếmmón canhdưỡng sinh bổ dưỡng? Cùngvào bếpkhám phá cách nấu canh dưỡng sinh Nhật Bản huyền thoại, giúp thanh lọc cơ thể, tăng cường sức khỏe. Đảm bảo bạn sẽ có ngay bí quyết sống khỏe mỗi ngày với món canh này!",,12 giờ,Cho 3 - 4 người,,5,"['Cà rốt - 125 gr', 'Củ cải trắng - 250 gr', 'Lá củ cải trắng - 125 gr', 'Ngưu bàng tươi - 125 gr', 'Nấm đông cô khô - 30 gr ((khoảng 3 - 4 tai lớn))']","['Bước 1 - Sơ chế rau củ và nấm đông cô: Rửa thật sạch tất cả các loại rau củ (cà rốt, củ cải trắng, lá củ cải trắng, ngưu bàng) và nấm đông cô. Tuyệt đối không gọt vỏ để giữ trọn vẹn dưỡng chất. Bạn có thể dùng nước rửa rau củ chuyên dụng hoặc ngâm rau củ trong nước muối loãng khoảng 10 phút rồi rửa lại thật sạch. Đối với nấm đông cô khô, ngâm cho mềm hoàn toàn, rửa lại bằng nước muối cho sạch rồi cắt lát vừa ăn. Cắt ngưu bàng, cà rốt và củ cải trắng thành từng khúc khoảng 1.5 cm. Lá củ cải trắng cắt dài khoảng 3 cm.', 'Bước 2 - Nấu canh dưỡng sinh: Cho toàn bộ rau củ và nấm đã sơ chế vào nồi nấu chậm. Đổ lượng nước lọc gấp 3 lần tổng lượng rau củ đã cho vào nồi. (Ví dụ: nếu rau củ chiếm 1 phần thể tích, thì nước là 3 phần). Đậy nắp và bật chế độ nấu cao nhất (High) trên nồi nấu chậm. Nấu trong khoảng 12 tiếng hoặc để qua đêm. Nếu không có nồi nấu chậm, bạn có thể dùng nồi sành sứ hoặc thủy tinh thông thường. Sau khi nước sôi, vặn lửa nhỏ liu riu và nấu trong 1 tiếng rưỡi.Bạn cũng có thể sử dụng chế độ nấu Slow Cook trên nồi cơm điện để hầm canh.', 'Nếu không có nồi nấu chậm, bạn có thể dùng nồi sành sứ hoặc thủy tinh thông thường. Sau khi nước sôi, vặn lửa nhỏ liu riu và nấu trong 1 tiếng rưỡi.', 'Bạn cũng có thể sử dụng chế độ nấu Slow Cook trên nồi cơm điện để hầm canh.', 'Bước 3 - Thành phẩm: Sau 12 tiếng, bạn sẽ thu được nước canh dưỡng sinh trong, thơm và đậm đà. Lọc bỏ phần bã rau củ. Bạn có thể uống nóng hoặc để nguội, bảo quản trong tủ lạnh để dùng dần. Mỗi lần uống khoảng 50 - 60ml trước bữa ăn, như một tách trà dưỡng sinh.']","['Để món canh dưỡng sinh phát huy tối đa công dụng, việc lựa chọn dụng cụ nấu phù hợp là rất quan trọng.Nồi nấu chậm Unie 3 lít USC308là trợ thủ đắc lực giúp bạn dễ dàng chế biến món canh bổ dưỡng này.Nồi nấu chậm Unie 3 lít USC308giúp giữ trọn vẹn dưỡng chất của rau củ nhờ khả năng nấu ở nhiệt độ thấp và ổn định, mang đến hương vị ""nguyên bản"" nhất cho món canh dưỡng sinh.Với dung tích 3 lít, nồi lý tưởng để nấu lượng canh đủ dùng cho 1 - 2 ngày, hoặc bạn có thể tăng gấp đôi, gấp ba nguyên liệu để dự trữ.Chất liệu nồi bằng sành sứ hoặc thủy tinh chịu nhiệt cao, đảm bảo an toàn và không làm biến đổi chất lượng món canh.Nồi nấu chậm Unie 3 lít USC308Online giá rẻ quá949.000₫1.330.000₫-28%Xem chi tiết', 'Nếu không có nồi nấu chậm, bạn có thể dùng nồi sành sứ hoặc thủy tinh thông thường. Sau khi nước sôi, vặn lửa nhỏ liu riu và nấu trong 1 tiếng rưỡi.Bạn cũng có thể sử dụng chế độ nấu Slow Cook trên nồi cơm điện để hầm canh.', 'Nếu nấu nước cốt đậm đặc (ít nước hơn), khi uống bạn có thể pha 50ml nước cốt với 150ml nước ấm.', 'Xem thêm:Cách nấu canh cua đồng cà chua thanh mát, nước dùng đậm đà dễ làm tại nhàCách làm củ hủ dừa hầm xương với nước canh ngọt thanh cho bữa cơm nhàCách nấu canh cải xanh với gừng thanh mát, ấm nóng, cho những ngày se lạnh']",,dienmayxanh.com
https://www.dienmayxanh.com/vao-bep/cach-nau-canh-cai-thao-ca-chua-thom-ngon-cho-bua-com-thanh-17866,Món Canh,"Cách nấu canh cải thảo cà chua thơm ngon, cho bữa cơm thanh mát","Canh cải thảo cà chua làmón canhchua ngọt bắt vị, thơm ngon hấp dẫn lại có tính giải nhiệt rất cao và thích hợp cho mâm cơm của gia đình. Hôm nay cùng Điện máy XANHvào bếpnấu ngay món ăn hấp dẫn này để thưởng thức ngay nhé.",,20 phút + 30 phút,Cho 4 người,,7,"['Cải thảo - 200 gr', 'Cà chua - 1 quả', 'Tỏi - 2 tép', 'Hành ngò - 1 ít', 'Dầu ăn - 1 muỗng canh', 'Nước lọc - 700 ml', 'Gia vị thông dụng - 1 ít ((muối/ đường/ tiêu xay/ bột ngọt/ hạt nêm))']","['Bước 1 - Sơ chế nguyên liệu: Cải thảo tách từng bẹ, rửa sạch với nước và để ráo. Sau đó, cắt cải thảo thành từng khúc vừa ăn. Cà chua bỏ cuống, rửa sạch rồi cắt múi cau. Tỏi bóc sạch vỏ, băm nhỏ. Hành lá, ngò rí cắt bỏ gốc và phần lá úng, rửa sạch, để ráo rồi cắt nhỏ.', 'Bước 2 - Nấu canh: Bắcnồilênbếp, cho vào nồi 1muỗngcanh dầu ăn và làm nóng với lửa vừa. Sau đó cho tỏi băm vào phi thơm. Khi tỏi vừa dậy mùi thơm, bạn cho cà chua vào đảo đều khoảng 2 phút. Tiếp đến, đổ vào nồi 700ml nước lọc, đun với lửa vừa lớn cho nước sôi lên. Lúc nước vừa sôi, ta nêm vào nồi canh hỗn hợp gia vị gồm: 1 muỗng canh hạt nêm, 1/2 muỗng cà phê muối, 1 muỗng cà phê đường, 1/2 muỗng cà phê bột ngọt, 1/2 muỗng cà phê tiêu xay. Tiếp tục đun cho nước sôi lại thì cho cải thảo vào nấu đến khi chín. Cuối cùng, bạn nêm nếm canh lại cho vừa miệng rồi cho hành ngò vào, sau đó tắt bếp.', 'Bước 3 - Thành phẩm: Canh cải thảo cà chua thơm ngon, vô cùng vừa ăn và có vị ngọt thanh tự nhiên. Cải thảo chín mềm nhưng vẫn giữ được độ giòn kết hợp với cà chua chua ngọt sẽ tuyệt lắm đấy! Cùng vào bếp thử ngay nhé!']","['Xem chi tiết:Cách chọn mua cải thảo tươi ngon', 'Xem chi tiết:Cách chọn mua cà chua tươi ngon', 'Xem thêm:Cách nấu canh cải thảo thịt bằm thơm ngon, thanh đạmCách nấu canh cải thảo tôm khô ngon ngọt thanh mát cho bữa cơm ấm cúngCách nấu canh cải thảo thịt bò ngon ngọt hấp dẫn đơn giản tại nhà']",,dienmayxanh.com
https://www.dienmayxanh.com/vao-bep/cach-nau-canh-cai-xanh-voi-gung-thanh-mat-am-nong-cho-nhung-23447,Món Canh,"Cách nấu canh cải xanh với gừng thanh mát, ấm nóng, cho những ngày se lạnh","Bạn đang tìmmón canhvừa ngon, vừa giải cảm hiệu quả?Vào bếpcùng Điện máy XANH với công thức canh cải nấu gừng chuẩn vị, ấm nóng. Món canh rau cải gừng này không chỉ ngon mà còn cực tốt cho sức khỏe, giúp xua tan mệt mỏi. Đảm bảo thành công ngay lần đầu!",,15 phút + 20 phút,Cho 3 - 4 người,,5,"['Cải bẹ xanh - 600 gr', 'Thịt heo - 300 gr ((nạc))', 'Gừng - 1 nhánh', 'Hành lá - 1 ít', 'Gia vị thông dụng - 1 ít ((đường/ muối/ tiêu/ nước mắm/ hạt nêm))']","['Bước 1 - Sơ chế nguyên liệu: Cải bẹ xanh mua về bạn cắt bỏ gốc, rửa sơ qua với nước để loại bỏ đất cát. Để cải không bị đắng khi nấu canh, bạn hãy lặt bỏ đi phần lá non nằm trong cùng. Sau đó, rửa cải lại thật sạch với nước và cắt thành những miếng vừa ăn, khoảng 3 - 4 cm. Bạn có thể cắt nhỏ hoặc to hơn tùy thích nhé. Gừng tươi bạn gọt vỏ, cắt lát mỏng rồi thái sợi nhỏ. Đây là nguyên liệu quan trọng giúp món canh cải nấu gừng của chúng ta thêm phần ấm nóng và thơm ngon. Phần hành lá còn lại dùng để nêm, bạn cũng cắt nhỏ.', 'Bước 2 - Sơ chế thịt heo và ướp gia vị: Thịt heo (nạc) bạn cắt làm đôi hoặc làm ba nếu miếng thịt quá to, sau đó thái mỏng thành những miếng nhỏ vừa ăn. Cắt thêm một ít hành lá nhỏ để ướp chung với thịt. Ướp thịt với 1 muỗng cà phê đường, 1/2 muỗng cà phê muối, 1/2 muỗng cà phê tiêu và 2 muỗng cà phê nước mắm. Trộn đều tất cả các gia vị với thịt, sau đó để thịt nghỉ khoảng 15 phút cho thấm đều trước khi nấu.', 'Bước 3 - Xào thịt và nấu canh rau cải gừng: Đặt một cái nồi vừa lên bếp, cho một ít dầu ăn vào. Đợi dầu nóng thì cho phần thịt đã ướp vào xào săn lại cho đến khi thịt chín tái. Sau đó, cho khoảng 1/3 lít nước vào nồi. Đun với lửa lớn để nước mau sôi. Khi nước sôi, bạn sẽ thấy có nhiều bọt nổi lên. Hãy dùng muỗng hớt bỏ phần bọt này đi để nước canh được trong và đẹp mắt hơn nhé. Tiếp tục nấu phần nước thịt này trong khoảng 5 phút. Sau 5 phút, cho hết phần gừng cắt sợi vào nồi, đun thêm khoảng 2 phút nữa để gừng tiết ra hương thơm đặc trưng. Nêm vào nồi canh 1 muỗng canh hạt nêm, 1/2 muỗng đường và một tí xíu muối (nếu bạn ăn lạt thì có thể bỏ qua phần muối này). Khuấy đều để các gia vị được hòa tan hoàn toàn. Cuối cùng, cho toàn bộ rau cải đã sơ chế vào nồi, trộn đều. Đợi nồi canh sôi lại là món ăn đã hoàn thành.', 'Bước 4 - Thành phẩm: Nêm thêm một ít hành lá cắt nhỏ và một ít tiêu xay vào nồi canh để tăng thêm hương vị. Múc canh ra tô, rắc thêm một chút tiêu và hành lá lên trên để món ăn trông đẹp mắt hơn. Món canh cải nấu gừng nóng hổi, với vị đăng đắng tươi mát của cải bẹ xanh hòa quyện cùng hương thơm cay nồng, ấm nóng từ gừng. Đây không chỉ là một món ăn bổ dưỡng mà còn là phương thuốc quý, đặc biệt rất tốt trong việc trị cảm cúm, đầy bụng khó tiêu.']","['Để món canh cải nấu gừng thêm phần hoàn hảo, việc lựa chọn dụng cụ nấu ăn chất lượng là rất quan trọng.Bộ 2 nồi inox 3 đáy nắp kính Sunhouse Mama SHG702sẽ là trợ thủ đắc lực cho mọi căn bếp.Nồi Sunhouseđược làm từ chất liệu inox cao cấp, đảm bảo an toàn cho sức khỏe và dễ dàng vệ sinh sau khi sử dụng.Thiết kế 3 đáy giúp truyền nhiệt nhanh và đều, giữ nhiệt tốt, giúp món canh chín tới mà không lo cháy khét.Nắp kính trong suốt tiện lợi quan sát quá trình nấu, đồng thời giữ hơi và dinh dưỡng món ăn hiệu quả.Bộ 2 nồi inox 3 đáy Sunhouse Mama SHG702740.000₫1.070.000₫-30%Xem chi tiết', 'Xem thêm:Cách nấu canh cải bẹ xanh lòng gà thanh mát ngon ngọt cho bữa cơmCách nấu canh cải bẹ xanh thịt viên đơn giản cho bữa cơm gia đìnhCách nấu canh cải bẹ xanh cá thác lác ngọt nước thanh mát cho cả nhà']",,dienmayxanh.com
https://www.dienmayxanh.com/vao-bep/2-cach-nau-suon-heo-va-suon-bo-ham-du-du-ngon-ngot-hap-dan-09402,Món Canh,2 cách nấu sườn heo và sườn bò hầm đu đủ ngon ngọt hấp dẫn đơn giản tại nhà,"Canhlà món không thể thiếu trong mỗi bữa ăn của gia đình. Với nhiều cách chế biến đa dạng và độc đáo, hôm nay Điện máy XANH sẽ giới thiệu đến bạn 2 cách nấu sườn heo và sườn bò hầm đu đủ ngon. Nào cùngvào bếpđể thực hiện nhé!",,20 phút + 1 giờ + 15 phút + 1 giờ 5 phút,Cho 4 người,,8,"['Sườn heo - 500 gr', 'Đu đủ xanh - 1 quả', 'Hành lá - 3 nhánh', 'Hành tím băm nhuyễn - 1 muỗng canh', 'Tỏi băm nhuyễn - 1 muỗng canh', 'Dầu ăn - 1 muỗng canh', 'Nước mắm - 1/2 muỗng canh', 'Gia vị thông dụng - 1 ít ((muối/ bột ngọt/ tiêu))']","['Bước 1 - Rửa và trụng sườn heo: Cho sườn vào 1 cái thau rồi cho vào 1 muỗng canh muối, xoa bóp đều trong 3 - 5 phút rồi rửa lại với nước lạnh cho sạch. Sau đó, chặt sườn thành từng khúc vừa ăn. Chuẩn bị một nồi nước, đun đến khi sôi thì bạn bỏ sườn vào trụng sơ trong 2 phút rồi vớt ra để ráo.', 'Bước 2 - Sơ chế các nguyên liệu khác: Hành lá rửa sạch, phần lá bạn đem cắt khúc, phần đầu hành thì cắt và để sang một bên. Đu đủ xanh mua về dùng dao khứa nhiều vết trên vỏ đu đủ xanh, sao cho đu đủ ra hết nhựa trắng, rửa sạch. Sau đó gọt bỏ phần vỏ, bỏ hạt rồi cắt thành từng miếng vuông vừa ăn. Ngâm đu đủ trong nước muối loãng khoảng 15 phút để sạch mủ.', 'Bước 3 - Ướp và xào sườn heo: Cho vào trong sườn heo 1 muỗng cà phê muối, 1 muỗng cà phê bột ngọt, 1 muỗng cà phê tiêu rồi trộn đều lên và ướp trong 10 phút. Bắc nồi lên bếp, cho vào đó 1 muỗng canh dầu ăn đến khi dầu sôi bạn cho tỏi và hành tím băm nhỏ vào phi thơm. Tiếp theo, bạn cho sườn đã ướp vào xào sơ trên lửa vừa trong 3 phút đến khi sườn săn lại.', 'Bước 4 - Hầm đu đủ với sườn heo: Tiếp đó, bạn cho một lượng nước vừa đủ vào trong phần sườn heo xào và hầm trên lửa nhỏ trong 20 phút. Sau 20 phút, bạn cho hết đu đủ vào hầm trên lửa nhỏ thêm 5 phút nữa. Cuối cùng nêm thêm 1/2 muỗng canh nước mắm cho vừa ăn và 3 nhánh đầu hành cho thơm rồi tắt bếp.', 'Bước 5 - Thành phẩm: Món sườn heo hầm đu đủ tỏa ra mùi thơm hấp dẫn. Khi ăn sẽ cảm nhận được sườn heo săn chắc đậm đà, cùng với đu đủ ngọt thanh mềm ngon kết hợp với nước dùng được nêm nếm vừa phải tạo nên một hương vị ngon tuyệt cho bữa ăn. Với các bước thực hiện chi tiết mà Điện máy XANH giới thiệu đến bạn ở trên, bạn sẽ hoàn thành được món canh đu đủ nấu sườn heo ngay tại nhà. Cùng vào bếp và tham khảo thêm công thức khác nấu món canh thơm ngon này để tìm được cách nấu phù hợp cho mình nhé! Xem chi tiết:Cách nấu canh đu đủ nấu sườn non cực đơn giản ngay tại nhà']","['Với các bước thực hiện chi tiết mà Điện máy XANH giới thiệu đến bạn ở trên, bạn sẽ hoàn thành được món canh đu đủ nấu sườn heo ngay tại nhà. Cùng vào bếp và tham khảo thêm công thức khác nấu món canh thơm ngon này để tìm được cách nấu phù hợp cho mình nhé!Xem chi tiết:Cách nấu canh đu đủ nấu sườn non cực đơn giản ngay tại nhà', 'Xem thêm:2 Cách nấu canh sườn bò Hàn Quốc và sườn heo kim chi thơm ngon, đúng điệuCách làm canh sườn hầm hạt sen bổ dưỡng đơn giản tại nhàCách làm món sườn nấu lagu tại nhà đơn giản, thơm ngon ngất ngây']",,dienmayxanh.com
https://www.dienmayxanh.com/vao-bep/bi-quyet-lam-ca-chep-gion-nau-canh-chua-thanh-mat-ca-khong-23438,Món Canh,"Bí quyết làm cá chép giòn nấu canh chua thanh mát, cá không nát, chuẩn vị","Bạn đang tìm công thức cá chép giòn nấu canh chua thanh mát?Món canhchua cá chép giòn này sẽ là lựa chọn tuyệt vời cho bữa cơm gia đình. Cùngvào bếpvới Điện máy XANH để khám phá cách chế biến chuẩn vị, đảm bảo ai cũng mê tít!",,25 phút + 25 phút,Cho 3 - 4 người,,12,"['Cá chép - 1.5 kg', 'Dọc mùng - 100 gr', 'Cà chua - 2 quả', 'Dứa - 1/2 quả ((thơm))', 'Hành khô - 10 gr', 'Hành lá và rau ngổ - 1 ít', 'Hành lá/ rau ngổ/ thì là - 1 ít', 'Ớt - 1 quả', 'Hành phi - 5 gr', 'Mẻ - 50 ml', 'Giấm - 1 ít', 'Gia vị thông dụng - 1 ít ((bột canh/ đường trắng/ bột ngọt/ hạt nêm/ nước mắm/ muối/ dầu ăn))']","['Bước 1 - Sơ chế nguyên liệu: Đầu tiên, cá chép bạn đánh vảy, làm sạch ruột. Sau đó, dùng muối và giấm chà xát kỹ khắp thân cá để loại bỏ nhớt và mùi tanh hiệu quả. Rửa sạch lại với nước và dùng giấy thấm khô hoàn toàn. Cắt cá thành từng khúc vừa ăn. Phần đầu và đuôi cá có thể để dành chế biến món khác nhé. Với dọc mùng, bạn tước vỏ rồi thái vát xéo. Cà chua rửa sạch, thái múi cau. Dứa xanh gọt vỏ, bỏ mắt và thái lát. Hành khô bóc vỏ, băm nhỏ. Hành lá, rau ngổ, thì là nhặt và rửa sạch, thái nhỏ. Ớt thì thái lát mỏng.', 'Bước 2 - Rán cá chép giòn: Bắc chảo lên bếp, cho dầu ăn vào đun nóng già. Khi dầu đã nóng, nhẹ nhàng cho từng khúc cá chép vào chiên vàng đều hai mặt ở lửa lớn. Mẹo nhỏ là chiên lửa lớn sẽ giúp cá định hình nhanh, không bị nát khi nấu và có màu vàng cánh gián đẹp mắt, đồng thời khử mùi tanh rất tốt. Khi cá đã vàng giòn, vớt ra đĩa để riêng. Chắt bớt dầu trong chảo ra, chỉ để lại một lượng nhỏ vừa đủ để tiếp tục nấu canh.', 'Bước 3 - Nấu nước canh chua: Dùng lại chảo vừa rán cá, cho hành khô băm nhỏ vào phi thơm. Tiếp theo, cho cà chua thái múi cau vào xào cho đến khi nhuyễn. Bạn có thể giữ lại khoảng 3 miếng cà chua để trang trí sau này cho đẹp mắt. Thêm một chút nước trong quá trình xào để cà chua nhanh mềm và không bị cháy nhé. Khi cà chua đã nhuyễn, đổ khoảng 1.5 lít nước vào nồi và đun sôi. Nêm gia vị gồm: 5gr hạt nêm, 20ml nước mắm, 3gr bột canh, 5gr đường, 3gr bột ngọt và 50ml mẻ. Khuấy đều cho gia vị tan hết.', 'Bước 4 - Hoàn thiện món canh chua: Khi nước dùng sôi lại, bạn nếm thử và điều chỉnh gia vị cho vừa với khẩu vị gia đình mình. Sau đó, nhẹ nhàng cho các khúc cá chép đã rán vào nồi. Om cá trong khoảng 3 - 5 phút để cá ngấm đều gia vị và thịt cá săn chắc. Trong lúc om, bạn tranh thủ vớt bọt để nước canh được trong và đẹp mắt hơn. Sau khi om cá khoảng 3 phút, bạn cho dứa thái lát vào đun thêm khoảng 30 giây. Tiếp đến, cho dọc mùng đã thái vào. Đun thêm khoảng 30 giây nữa cho dọc mùng vừa chín tới là được. Nếu không thích ăn dọc mùng, bạn hoàn toàn có thể thay thế bằng giá đỗ nhé. Tắt bếp.', 'Bước 5 - Thành phẩm: Vớt dọc mùng và dứa ra bát trước, sau đó xếp các khúc cá lên trên. Trang trí món canh chua cá chép giòn bằng hành lá, thì là, rau ngổ, ớt thái lát và một ít hành phi lên trên. Trần sơ 3 miếng cà chua đã giữ lại rồi xếp lên trên bát để tạo điểm nhấn hấp dẫn. Cuối cùng, chan nước dùng nóng hổi đang sôi sùng sục lên trên bát và thưởng thức cùng cơm nóng. Món canh chua cá chép đạt yêu cầu là cá không bị vỡ nát, vẫn giữ được độ ngọt tự nhiên. Nước canh chua thanh mát, không quá đậm cũng không quá nhạt, thơm mùi mẻ, rau ngổ, thì là và hành phi.']","['Bạn muốn nấu món canh chua cá chép giòn thật ngon mà không lo cháy dính? Hãy đểbộ 4 nồi chảo quánh nhôm chống dính nắp kính Sunhouse SHG7979MP4trở thành trợ thủ đắc lực trong căn bếp của bạn.Nồi Sunhouseđược làm từ hợp kim nhôm cao cấp, giúp truyền nhiệt nhanh và đều, rút ngắn thời gian nấu nướng, tiết kiệm năng lượng hiệu quả.Lòng nồi chảo phủ lớp chống dính bền bỉ, an toàn cho sức khỏe, giúp bạn chiên rán cá mà không lo bị dính hay nát, dễ dàng vệ sinh sau khi sử dụng.Bộ sản phẩm còn kèm nắp kính cường lực trong suốt, tiện lợi quan sát quá trình nấu và giữ nhiệt tốt, giúp món canh luôn nóng hổi.Bộ 4 nồi chảo quánh nhôm Sunhouse SHG7979MP41.350.000₫1.580.000₫-14%Xem chi tiết', 'Xem thêm:Cách xào cá chép giòn với hành tây đơn giản bằng chảo inox chống dínhCách làm cá chép giòn xào ớt chuông bắt mắt bằng chảo inox chống dínhCách làm món cá chép kho dưa chua thơm mềm, không tanh, chuẩn vị miền Bắc']",,dienmayxanh.com
https://www.dienmayxanh.com/vao-bep/cach-lam-ca-loc-nau-canh-bau-thanh-mat-ca-khong-tanh-don-gian-23432,Món Canh,"Cách làm cá lóc nấu canh bầu thanh mát, cá không tanh đơn giản tại nhà","Bạn đang tìm công thức cá lóc nấu canh bầu ngọt thanh, chuẩn vị?Vào bếpcùng Điện máy XANH để khám phá cách làm canh bầu nấu cá lóc thơm ngon, không tanh, bổ dưỡng cho cả gia đình.Món canhnày sẽ mang đến bữa cơm ấm cúng, đậm đà hương vị.",,20 phút + 25 phút,Cho 3 - 4 người,,6,"['Cá lóc - 500 gr', 'Bầu - 400 gr ((khoảng 1 quả))', 'Hành lá - 30 gr', 'Hành tím - 4 củ', 'Tỏi - 4 tép', 'Gia vị thông dụng - 1 ít ((hạt nêm/ bột ngọt/ đường/ nước mắm/ muối/ tiêu xay))']","['Bước 1 - Sơ chế nguyên liệu: Đầu tiên, cá lóc sau khi mua về, bạn hãy sơ chế thật sạch, bóp kỹ với muối để loại bỏ nhớt và rửa lại nhiều lần với nước cho sạch. Sau đó, cắt cá thành từng lát dày khoảng 2 - 3cm để khi nấu không bị nát và dễ thấm gia vị. Ướp cá với 1/2 muỗng hạt nêm, 1/3 muỗng bột ngọt, 1 muỗng đường, 1 muỗng nước mắm, một ít tiêu xay và 1/2 phần hành tím, tỏi băm. Trộn đều và để cá thấm gia vị trong khoảng 20 phút. Bầu gọt vỏ, rửa sạch phần mủ, sau đó cắt thành khúc rồi chẻ lát có độ dày vừa phải, không quá mỏng để bầu không bị nát khi nấu. Hành lá rửa sạch, cắt nhỏ. Hành tím và tỏi bóc vỏ, băm nhỏ.', 'Bước 2 - Nấu canh cá: Đặt nồi lên bếp, cho một ít dầu ăn vào. Khi dầu nóng, cho 1/2 phần hành tím và tỏi băm còn lại vào phi thơm cho đến khi vàng đều. Tiếp theo, cho 1.2 lít nước vào nồi. Đậy nắp và đun sôi để chuẩn bị nấu canh. Khi nước trong nồi sôi bùng, bạn mở nắp và cho hết phần đầu cá lóc đã ướp vào nấu trước. Dùng muỗng nhấn nhẹ cho cá ngập nước, sau đó đậy nắp lại và đun cho nước sôi lên lần nữa. Khi nước sôi, bạn dùng muỗng vớt bỏ hết lớp bọt nổi lên trên để nước canh được trong và không bị tanh. Sau khi vớt bọt, cho bầu đã cắt vào nồi, trộn đều cho bầu ngập nước sôi. Đậy nắp lại và tiếp tục đun cho canh sôi lên lần nữa. Trong lúc nấu, bạn hãy vớt bỏ bọt để nước canh trong và sạch hơn. Sau khi vớt bọt, giảm lửa nhỏ lại. Nêm vào nồi 1/2 muỗng hạt nêm, 1/4 muỗng muối, 1/4 muỗng bột ngọt, 1 muỗng đường và một ít tiêu xay. Khuấy nhẹ cho gia vị tan đều, sau đó nêm nếm lại cho vừa khẩu vị gia đình bạn. Cuối cùng, cho hành lá đã cắt nhỏ vào nồi, khuấy nhẹ rồi tắt bếp ngay để hành lá giữ được màu xanh tươi và hương thơm.', 'Bước 3 - Thành phẩm: Múc canh bầu cá lóc ra tô, rắc thêm một ít tiêu xay lên trên để món ăn thêm phần hấp dẫn và dậy mùi thơm. Món canh nóng hổi, ngọt thanh đã sẵn sàng để thưởng thức cùng cơm nóng.']","['Để món canh bầu cá lóc thêm phần hoàn hảo, việc lựa chọn dụng cụ nấu nướng chất lượng là rất quan trọng.Bộ nồi quánh inox nắp kính Tefal Optispace G7376S44sẽ là trợ thủ đắc lực cho mọi căn bếp.Nồi Tefalđược làm từ chất liệu inox cao cấp, đảm bảo độ bền bỉ và an toàn tuyệt đối cho sức khỏe. Thiết kế đáy dày giúp truyền nhiệt nhanh và giữ nhiệt lâu, món ăn chín đều và thơm ngon hơn.Nắp kính trong suốt tiện lợi giúp bạn dễ dàng quan sát quá trình nấu mà không cần mở nắp. Tay cầm cách nhiệt chắc chắn, an toàn khi di chuyển nồi.Bộ nồi này còn tương thích với mọi loại bếp, kể cả bếp từ, mang lại sự linh hoạt tối đa cho người dùng.Bộ nồi quánh inox Tefal Optispace G7376S441.720.000₫2.347.000₫-26%Xem chi tiết', 'Xem thêm:2 cách làm mắm cá lóc chưng thịt tóp mỡ cực hao cơm với nồi xửng hấpCách làm canh rau đắng cá lóc đậm đà thơm ngon cực đơn giản tại nhàCách nấu bánh canh cá lóc nước cốt dừa đậm đà, thơm béo cho cả nhà']",,dienmayxanh.com
https://www.dienmayxanh.com/vao-bep/cach-nau-canh-moc-nam-huong-ngot-thanh-chuan-vi-cho-mam-co-23415,Món Canh,Cách nấu canh mọc nấm hương ngọt thanh chuẩn vị cho mâm cỗ Tết Hà Nội,"Tết nàyvào bếptrổ tài vớimón canhmọc nấm hương chuẩn vị Hà Nội, thêm hạt sen thanh mát. Học cách làm canh mọc nấm hương thơm ngon, bổ dưỡng, đảm bảo ai cũng tấm tắc khen ngợi. Món canh truyền thống này sẽ làm mâm cỗNgày lễ Tếtnhà bạn thêm phần trọn vẹn!",,45 phút + 25 phút,Cho 4 người,,9,"['Giò sống - 300 gr', 'Thịt vai băm - 200 gr', 'Nước dùng lợn - 2 lít', 'Mộc nhĩ băm - 30 gr', 'Hạt sen khô - 50 gr', 'Nấm hương khô - 70 gr', 'Hành khô - 30 gr', 'Rau mùi - 1 ít', 'Gia vị thông dụng - 1 ít ((hạt nêm/ mì chính/ muối tinh/ nước mắm/ tiêu))']","['Bước 1 - Sơ chế và chuẩn bị nguyên liệu: Nấm hương khô rửa sạch, sau đó ngâm nước nóng già cho mềm. Rửa sạch lại lần nữa và lọc lấy phần nước ngâm nấm trong để dùng. Chọn những cánh nấm tròn đều để bao giò, vắt thật khô. Phần nấm còn lại và mộc nhĩ đã ngâm nở, vắt ráo rồi băm nhỏ. Hành khô bóc vỏ, băm thật nhỏ. Thịt vai băm nếu chưa nhuyễn, hãy băm lại cho mịn. Nếu dùng sen khô, ngâm nở trước. Nước dùng lợn (từ xương sườn hoặc xương bay) nên được ninh trước khoảng 3 tiếng và lọc thật trong.', 'Bước 2 - Trộn và quết mọc thịt: Cho thịt băm, hành khô băm, nấm hương băm và mộc nhĩ băm vào một cái bát lớn. Thêm khoảng 100gr giò sống vào hỗn hợp. Nêm 1 thìa cà phê hạt nêm, 2gr mì chính (bột ngọt) và 1 thìa cà phê tiêu. Nếu không dùng giò sống, bạn có thể nêm khoảng nửa thìa cà phê gia vị thông thường. Trộn đều các nguyên liệu, sau đó dùng tay hoặc thìa quết/đập thật dẻo khoảng 10 phút. Quết càng dẻo, mọc càng dai và ngon.', 'Bước 3 - Tạo hình mọc viên và mọc bao nấm: Lấy những cánh nấm hương tròn đã vắt khô. Dùng thìa hoặc tay ướt múc giò sống (có thể trộn thêm chút tiêu trắng để đẹp mắt) phết đều lên mặt nấm, miết nhẹ nhàng xuống phần thành nấm để giò bám chắc, không bị bung khi nấu. Chia phần mọc thịt còn lại thành các viên nhỏ xinh, khoảng 20gr mỗi viên. Khi vê mọc, hãy làm ướt tay bằng nước lọc (tuyệt đối không dùng dầu) để mọc không bị váng mỡ và có hình dáng đẹp. Múc một lượng nước dùng lợn vừa đủ ra một nồi riêng để luộc mọc. Nêm lại vị cho nước luộc mọc với 1 thìa cà phê hạt nêm và khoảng 1/2 thìa cà phê muối tinh nếu thấy nhạt. Khi nước sôi, nhẹ nhàng thả từng viên mọc bao nấm vào. Đun khoảng 3 - 4 phút cho mọc nổi lên và chín. Vớt mọc ra và ngâm ngay vào bát nước lọc có đá để mọc giữ được màu trắng đẹp và độ dai ngon. Tiếp tục dùng nồi nước vừa luộc mọc bao nấm để luộc mọc viên. Đun khoảng 3 - 4 phút cho mọc nổi lên và chín. Vớt mọc ra và ngâm vào nước lạnh tương tự.', 'Bước 4 - Nấu nước canh mọc nấm hương: Cho 1 lít nước dùng lợn đã ninh trong vào nồi. Thêm nước ngâm nấm hương đã lọc trong và nước hạt sen (nếu dùng) sao cho tổng lượng nước dùng khoảng 1.5 lít. Thả vài cánh nấm hương nguyên vào nồi để tăng hương vị. Đun sôi, hớt bớt váng mỡ và bọt, sau đó hạ nhỏ lửa. Nêm nếm gia vị khoảng 1/2 thìa canh hạt nêm (5gr), 1/2 thìa canh nước mắm để dậy mùi thơm và đậm đà, cùng 1/2 thìa canh mì chính (5gr). Nếm lại vị canh, đảm bảo ngọt mát từ xương thịt và thơm mùi nấm đặc trưng.', 'Bước 5 - Thành phẩm: Khi chuẩn bị bày ra bát, bạn trần hạt sen (nếu dùng) và các viên mọc (bao nấm và mọc thịt) vào nồi nước canh nóng cho ấm. Xếp hạt sen và mọc vào bát theo phong cách ""cỗ đóng bốn"" truyền thống (thường là 4 viên mọc thịt và 4 viên mọc bao nấm). Chan nước canh trong veo, màu hổ phách nhẹ đều quanh bát. Cuối cùng, rắc một chút rau mùi thái nhỏ lên trên để tăng hương thơm và màu sắc. Thưởng thức món canh mọc nấm hương nóng hổi, thanh mát và đậm đà hương vị cỗ Tết.']","['Để món canh mọc nấm hương thêm phần trọn vẹn và việc nấu nướng trở nên dễ dàng hơn, việc sở hữu bộ nồi chảo chất lượng là vô cùng cần thiết.Bộ 4 nồi chảo quánh nhôm chống dính nắp kính Sunhouse SHG7979MP4sẽ là trợ thủ đắc lực cho mọi căn bếp.Nồi Sunhouseđược làm từ hợp kim nhôm cao cấp, giúp truyền nhiệt nhanh và đều khắp đáy nồi. Điều này đảm bảo món canh của bạn sôi đều, mọc chín tới và nước dùng giữ được độ trong, ngọt tự nhiên.Lòng nồi được phủ lớp chống dính Whitford (USA) bền bỉ, giúp bạn dễ dàng sơ chế nguyên liệu mà không lo bị dính. Việc vệ sinh sau khi nấu cũng trở nên đơn giản hơn rất nhiều, tiết kiệm thời gian cho bạn.Bộ sản phẩm bao gồm nhiều kích cỡ nồi, chảo và quánh khác nhau, đáp ứng mọi nhu cầu nấu nướng từ ninh xương, luộc mọc đến xào nấu. Nắp kính cường lực trong suốt giúp bạn dễ dàng quan sát quá trình nấu mà không cần mở nắp, giữ nhiệt hiệu quả.Bộ 4 nồi chảo quánh nhôm Sunhouse SHG7979MP41.350.000₫1.580.000₫-14%Xem chi tiết', 'Xem thêm:Cách làm mọc vân ám Hà Nội chuẩn vị tại nhà bằng xửng hấpCách nấu canh bóng mọc son cho mâm cỗ ngày Tết miền Bắc với nồi chống dính3 Cách làm bún măng sườn, mọc và bò mới lạ thơm ngon cho bữa sáng']",,dienmayxanh.com
https://www.dienmayxanh.com/vao-bep/cach-nau-canh-kho-qua-trung-don-gian-thanh-mat-giai-nhiet-cho-23408,Món Canh,"Cách nấu canh khổ qua trứng đơn giản, thanh mát, giải nhiệt cho ngày oi ả","Bạn đang tìm cách nấu canh khổ qua trứng thanh mát cho bữa cơm gia đình?Vào bếpngay với công thức đơn giản này!Món canhtrứng khổ qua dễ làm, giúp giải nhiệt và cực kỳ đưa cơm, đảm bảo ai cũng mê. Đây là món canh bổ dưỡng mà bạn nên thử.",,20 phút,Cho 2 người,,5,"['Khổ qua - 500 gr', 'Trứng gà - 2 quả', 'Hành lá - 1 ít', 'Nước mắm - 1 muỗng canh', 'Hạt nêm/ bột ngọt - 1 ít ((có thể bỏ qua))']","['Bước 1 - Sơ chế khổ qua giảm đắng: Khổ qua rửa sạch dưới vòi nước, sau đó bổ đôi theo chiều dọc và dùng muỗng loại bỏ hết phần ruột trắng bên trong. Dùng dao bào hoặc dao thái mỏng khổ qua thành từng lát vừa ăn. Để giảm vị đắng đặc trưng của khổ qua, bạn hãy ngâm khổ qua đã bào mỏng vào nước muối loãng khoảng 10 - 15 phút rồi vớt ra, rửa lại với nước sạch và để ráo nhé!', 'Bước 2 - Chuẩn bị trứng gà và gia vị: Đập 2 quả trứng gà vào tô, dùng đũa hoặc phới đánh tan nhuyễn. Hành lá rửa sạch, cắt nhỏ để riêng, dùng để rắc lên món canh trứng khổ qua khi hoàn thành.', 'Bước 3 - Nấu canh khổ qua trứng thanh mát: Cho 1 lít nước lọc vào nồi, đun sôi. Khi nước sôi, cho toàn bộ khổ qua đã sơ chế vào nồi. Đun cho đến khi nước sôi lại và khổ qua chín tới. Từ từ đổ trứng đã đánh vào nồi, vừa đổ vừa dùng đũa hoặc vá quậy nhẹ nhàng để trứng tan nhỏ thành sợi. Nêm vào nồi 1 muỗng canh nước mắm và gia vị cho vừa ăn. Bạn có thể điều chỉnh gia vị cho phù hợp với khẩu vị gia đình.', 'Bước 4 - Thành phẩm: Múc canh khổ qua nấu trứng ra tô, rắc hành lá đã cắt nhỏ lên trên để tăng thêm hương vị và màu sắc. Thưởng thức món canh khổ qua trứng thanh mát, bổ dưỡng ngay khi còn nóng cùng cơm trắng. Chúc bạn ngon miệng!']","['Để món canh khổ qua trứng thêm phần trọn vị và quá trình nấu nướng trở nên dễ dàng hơn, bạn có thể tham khảonồi nhôm men sứ chống dính nắp kính 24 cm Elmich Hera II EL-5203GY24. Đây là trợ thủ đắc lực cho mọi căn bếp Việt.Nồi Elmichđược làm từ hợp kim nhôm cao cấp, giúp truyền nhiệt nhanh và đều khắp đáy nồi, tiết kiệm thời gian nấu ăn đáng kể. Lớp men sứ chống dính bền bỉ giúp bạn dễ dàng vệ sinh sau khi sử dụng mà không lo thức ăn bám dính.Thiết kế sang trọng với nắp kính trong suốt tiện lợi, giúp bạn dễ dàng quan sát quá trình nấu nướng mà không cần mở nắp. Tay cầm cách nhiệt an toàn, chống nóng hiệu quả, đảm bảo an toàn khi di chuyển nồi.Sản phẩm phù hợp với mọi loại bếp, từ bếp gas, bếp hồng ngoại đến bếp điện từ. Đảm bảo mang đến trải nghiệm nấu ăn tiện nghi và an toàn cho gia đình bạn, giúp bạn tự tin chế biến nhiều món ngon.Nồi nhôm men sứ chống dính Elmich Hera II EL-5203GY24450.000₫815.000₫-44%Xem chi tiết', 'Xem thêm:Cách nấu lẩu khổ qua cá rô phi siêu ngon, chuẩn vị dễ làm tại nhaCách làm khổ qua xào trứng béo thơm thanh mát dễ làmCách làm khổ qua hấp trứng sốt dầu hào lạ miệng lại đầy dinh dưỡng']",,dienmayxanh.com
https://www.dienmayxanh.com/vao-bep/cach-nau-mon-ca-chim-trang-nau-canh-chua-thom-ngon-don-gian-14099,Món Canh,Cách nấu món cá chim trắng nấu canh chua thơm ngon đơn giản cực bắt cơm,"Canh chua cá chim trắng thơm ngon và siêu hấp dẫn chính là lựa chọn hoàn hảo cho mâm cơm hôm nay của bạn. Vậy thì còn chần chừ gì nữa mà không cùng Điện máy XANHvào bếpvà nấu ngaymón canhnày để chiêu đãi cả nhà ngay thôi nào, đảm bảo cả nhà ai cũng thích đó.",,20 phút + 40 phút,Cho 4 người,,11,"['Cá chim trắng - 300 gr ((khoảng 3 khúc))', 'Cà chua - 2 trái', 'Thơm - 1/2 trái ((khóm/ dứa))', 'Rau muống - 300 gr', 'Rau tần - 1 ít ((húng chanh))', 'Ớt trái - 2 quả', 'Tỏi - 2 tép', 'Hành tím - 2 củ', 'Nước mắm - 2 muỗng cà phê', 'Gia vị thông dụng - 1 ít ((hạt nêm/ muối/ đường/ bột ngọt))', 'Dầu ăn - 1 muỗng canh']","['Bước 1 - Sơ chế nguyên liệu: Cá chim trắng sau khi mua về để khử mùi tanh bạn lấy hết nội tạng bỏ, rửa sạch máu cá rồi chà xát với 1 ít muối trong 2 - 3 phút, sau đó xả lại với nước sạch. Để ráo cá rồi cho cá vàotô, ướp với 2 muỗng cà phê nước mắm, 1 trái ớt cắt lát trong 10 - 15 phút. Thơm gọt vỏ, bỏ mắt, rau muống nhặt lấy phần cộng non, rau tần nhặt lấy lá rồi mang tất cả nguyên liệu đi rửa sạch, để ráo nước. Cà chua bạn cắt múi cau, thơm cắt miếng vừa ăn, rau tần cắt nhỏ. Hành tím và tỏi bạn bóc vỏ rồi băm nhuyễn.', 'Bước 2 - Nấu canh chua cá chim: Cho vàonồi1 muỗng canh dầu ăn, đun nóng dầu rồi cho hành tỏi băm vào phi đến khi thơm vàng thì vớt 1/2 số hành tỏi ra, để riêng. Tiếp tục cho thơm và cà chua vào xào nhanh trên lửa vừa trong 5 phút thì cho thêm 1 lít nước vào, đun sôi với lửa lớn trong khoảng 5 phút. Khi nước sôi bạn hạ lửa nhỏ rồi cho cá chim trắng vào, nấu thêm 30 phút cho cá chín. Sau đó nêm nếm thêm: 1 muỗng cà phê muối, 2 muỗng cà phê hạt nêm, 1/2 muỗng cà phê bột ngọt và 2 muỗng cà phê đường. Khuấy nhẹ cho các gia vị hoàn quyện vào nhau.', 'Bước 3 - Hoàn thành: Cuối cùng để tạo hương thơm cho canh bạn cho rau tần vào, tiếp đến là rau muống, nấu với lửa vừa cho đến khi rau chín. Nêm nếm lại gia vị cho vừa ăn rồi tắtbếp. Múc canh ra tô, cho hết số hành tỏi phi đã chừa lại lúc nãy và cắt lát thêm một cái ớt cho vào là có thể thưởng thức.', 'Bước 4 - Thành phẩm: Món cá chim trắng nấu canh chua với hương thơm từ rau tần và hành tỏi phi sẽ khiến cho cả nhà thấy đói bụng ngay. Nước canh thanh ngọt, có vị chua nhẹ rất hài hòa. Cá chim trắng với thịt thơm và ngọt sẽ làm cho bữa ăn của bạn thêm đưa cơm.']","['Xem chi tiết:Cách chọn mua cá chim trắng tươi ngon', 'Xem chi tiết:Cách chọn mua thơm (dứa) tươi ngon', 'Xem chi tiết:Cách chọn mua cà chua tươi ngon', 'Xem thêm:2 Cách nấu canh chua cá diêu hồng chuẩn vị, đậm đà thanh mátCách nấu canh chua cá nục thơm ngon, không bị tanh, đổi vị cho gia đình2 cách làm cá dìa nấu canh chua thanh nhiệt hấp dẫn dễ làm tại nhà']",,dienmayxanh.com
https://www.dienmayxanh.com/vao-bep/cach-lam-ca-kho-sung-la-mieng-doc-dao-vua-thom-ngon-vua-don-18072,Món Kho,Cách làm cá kho sung lạ miệng độc đáo vừa thơm ngon vừa đơn giản,"Cá kho là một trong nhữngmón khodân dã nhưng lại đậm đà, thơm ngon và cực hao cơm. Nếu bạn đã quá quen với các cách kho cá thông thường thì hôm nay hãy cùng Điện máy XANH xắn tayvào bếpvà học ngay cách thực hiện món cá kho sung lạ miệng độc đáo vừa thơm ngon vừa đơn giản nhé!",,15 phút + 45 phút,Cho 4 người,,11,"['Thịt cá chép - 200 gr', 'Sung nếp - 6 trái', 'Mỡ heo - 50 gr', 'Nghệ - 1/2 củ', 'Gừng - 1/4 củ', 'Hành lá - 4 nhánh', 'Ớt - 1 trái', 'Nước mắm - 3 muỗng canh', 'Ớt bột - 1 ít', 'Nước màu - 1 ít', 'Gia vị thông dụng - 1 ít ((bột ngọt/muối/tiêu xay))']","['Bước 1 - Sơ chế nguyên liệu và chiên sơ cá: Cá chép mua về các bạn cạo sạch vảy, cắt bỏ đầu, đuôi và phần nội tạng bên trong, mang ngâm với nước muối loãng khoảng 15 - 20 phút rồi rửa lại với nước sạch, để ráo. Cách sơ chế cá sạch, khử mùi tanh hiệu quảCách 1: Cá sau khi làm sạch thì cắt khúc vừa ăn rồi ngâm vào nước vo gạo khoảng 15 - 20 phút rồi vớt ra rửa sạch lại bằng nước là khử tanh rồi đó.Cách 2: Ngâm cá khoảng 5 phút trong nước có pha vài muỗng canh rượu hoặc giấm trắng rồi rửa sạch lại bằng nước.Cách 3: Ngâm cá vào nước có vài lát gừng đã đập dập, cắt lát khoảng 5 phút rồi rửa sạch lại với nước để khử mùi tanh.Dùng dao cắt cá thành các miếng vừa ăn. Mỡ heo mang ngâm với nước muối khoảng 15 phút, rửa sạch lại với nước sau đó cắt miếng vừa ăn dày khoảng 1 lóng tay.Gừng gọt vỏ, rửa sạch, cắt lát. Nghệ rửa sạch sau đó băm nhuyễn hoặc đập dập. Hành lá cắt bỏ rễ, rửa sạch với nước sau đó cắt khúc. Sung cắt làm 4, ngâm nước muối loãng và rửa sạch cho hết hạt.Bắc nồi lên bếp, cho mỡ heo vào thắng trên lửa vừa cho ra mỡ. Kế đến, cho đầu hành và 1 trái ớt vào xào thơm. Khi hành ớt đã dậy mùi, cho cá vào chiên sơ 2 mặt cho săn lại thì tắt bếp.Mách nhỏ:Nên áp chảo cá trước khi ướp kho giúp thịt cá săn chắc, không bị nát, đồng thời thấm đều gia vị trong quá trình kho. Cách 1: Cá sau khi làm sạch thì cắt khúc vừa ăn rồi ngâm vào nước vo gạo khoảng 15 - 20 phút rồi vớt ra rửa sạch lại bằng nước là khử tanh rồi đó.Cách 2: Ngâm cá khoảng 5 phút trong nước có pha vài muỗng canh rượu hoặc giấm trắng rồi rửa sạch lại bằng nước.Cách 3: Ngâm cá vào nước có vài lát gừng đã đập dập, cắt lát khoảng 5 phút rồi rửa sạch lại với nước để khử mùi tanh. Dùng dao cắt cá thành các miếng vừa ăn. Mỡ heo mang ngâm với nước muối khoảng 15 phút, rửa sạch lại với nước sau đó cắt miếng vừa ăn dày khoảng 1 lóng tay. Gừng gọt vỏ, rửa sạch, cắt lát. Nghệ rửa sạch sau đó băm nhuyễn hoặc đập dập. Hành lá cắt bỏ rễ, rửa sạch với nước sau đó cắt khúc. Sung cắt làm 4, ngâm nước muối loãng và rửa sạch cho hết hạt. Bắc nồi lên bếp, cho mỡ heo vào thắng trên lửa vừa cho ra mỡ. Kế đến, cho đầu hành và 1 trái ớt vào xào thơm. Khi hành ớt đã dậy mùi, cho cá vào chiên sơ 2 mặt cho săn lại thì tắt bếp. Mách nhỏ:Nên áp chảo cá trước khi ướp kho giúp thịt cá săn chắc, không bị nát, đồng thời thấm đều gia vị trong quá trình kho.', 'Cách 1: Cá sau khi làm sạch thì cắt khúc vừa ăn rồi ngâm vào nước vo gạo khoảng 15 - 20 phút rồi vớt ra rửa sạch lại bằng nước là khử tanh rồi đó.', 'Cách 2: Ngâm cá khoảng 5 phút trong nước có pha vài muỗng canh rượu hoặc giấm trắng rồi rửa sạch lại bằng nước.', 'Cách 3: Ngâm cá vào nước có vài lát gừng đã đập dập, cắt lát khoảng 5 phút rồi rửa sạch lại với nước để khử mùi tanh.', 'Bước 2 - Ướp cá: Tiếp đến ướp cá với 3 muỗng canh nước mắm, 1 muỗng cà phê bột ngọt, 1 ít tiêu xay, 1 ít ớt bột, 1 xíu nước màu. Trộn đều và ướp cá khoảng 20 phút cho thấm gia vị.', 'Bước 3 - Nấu cá kho sung: Cho sung và nghệ cắt nhuyễn vào nồi cá, đảo đều. Bắc nồi cá lên bếp, mở lửa to và nấu khoảng 15 phút cho các nguyên liệu săn lại. Tiếp theo cho 2 chén nước sôi vào nồi, vặn nhỏ lửa và tiếp tục kho thêm khoảng 45 phút nữa cho đến khi nước trong nồi cạn sánh lại là hoàn thành.', 'Bước 4 - Thành phẩm: Cá kho sung sau khi hoàn thành sẽ có màu nâu bắt mắt cùng mùi thơm cuốn hút mời gọi thực khách. Khi ăn, bạn sẽ cảm nhận được độ mềm, béo thịt cá, thấm vị đậm đà, kết hợp cùng vị ngọt, giòn chát của sung vô cùng lạ miệng. Món này mà ăn kèm với cơm nóng, chấm với rau luộc sẽ vô cùng tuyệt vời đấy nhé!']","['Xem chi tiết:Cách chọn mua cá chép tươi ngon', 'Xem chi tiết:Cách chọn mua sung tươi ngon chất lượng', 'Cách sơ chế cá sạch, khử mùi tanh hiệu quảCách 1: Cá sau khi làm sạch thì cắt khúc vừa ăn rồi ngâm vào nước vo gạo khoảng 15 - 20 phút rồi vớt ra rửa sạch lại bằng nước là khử tanh rồi đó.Cách 2: Ngâm cá khoảng 5 phút trong nước có pha vài muỗng canh rượu hoặc giấm trắng rồi rửa sạch lại bằng nước.Cách 3: Ngâm cá vào nước có vài lát gừng đã đập dập, cắt lát khoảng 5 phút rồi rửa sạch lại với nước để khử mùi tanh.', 'Nên áp chảo cá trước khi ướp kho giúp thịt cá săn chắc, không bị nát, đồng thời thấm đều gia vị trong quá trình kho.', 'Xem thêm:2 Cách làm cá ngừ sốt cà chua ngon thơm hấp dẫn ngay tại nhàCách làm cá ngừ kho tỏi ớt đậm đà, bắt vị cho bữa cơmCách nấu cá ngừ kho thơm cà chua đậm đà hấp dẫn cực bắt cơm']",,dienmayxanh.com
https://www.dienmayxanh.com/vao-bep/cach-nau-ca-chep-kho-khe-chua-ngot-thom-ngon-dam-da-cuc-bat-14230,Món Kho,Cách nấu cá chép kho khế chua ngọt thơm ngon đậm đà cực bắt cơm,"Cá chép là một loại cá nước ngọt chứa nhiều dưỡng chất đặc biệt rất tốt sức khỏe. Ngoài ra, cá chép còn có thể chế biến thành nhiều món ăn ngon nhưmón kho,món cháo,... Hôm nay, hãy cùng Điện máy XANHvào bếpthực hiện món cá chép kho khế chua ngọt, đậm đà để thay đổi khẩu vị cho bữa cơm gia đình nhé!",,15 phút + 30 phút,Cho 4 người,,9,"['Cá chép - 2 miếng ((khoảng 700gr))', 'Khế - 4 trái', 'Hành tím - 2 củ', 'Ớt - 2 trái', 'Nghệ tươi - 4 lát', 'Rượu trắng - 1 ít', 'Dầu ăn - 4 muỗng canh', 'Nước mắm - 3 muỗng canh', 'Gia vị thông dụng - 1 ít ((Muối/ bột ngọt/ tiêu xay))']","['Bước 1 - Sơ chế các nguyên liệu: Để khử mùi tanh của cá chép, bạn dùng một ít rượu trắng để ngâm cá trong vòng 5 - 10 phút. Sau đó, rửa lại cá cho sạch và để ráo nước. Cách 1:Ướp cá với hỗn hợp muối và nước cốt chanh trong khoảng 5 - 10 phút sau đó rửa lại cho sạch, để ráo và bắt đầu chế biến như bình thường.Cách 2:Dùng muối chà xát lên thịt cá để cá ra bớt chất nhớt sau đó rửa sạch lại rồi mới bắt đầu chế biến.Cách 3:Nếu không có rượu trắng, bạn cũng có thể ngâm cá cùng với một ít nước muối loãng và 1 ít gừng đập dập cũng rất hiệu quả đó nha! Tiếp theo, cắt bỏ 2 phần đầu rồi cắt thành các miếng theo múi khế và lọc bỏ phần hạt. Hành tím lột vỏ, cắt bỏ phần rễ rồi cắt lát mỏng cho ra chén. Ớt trái bạn cũng rửa sạch và cắt lát mỏng luôn nhé!', 'Cách 1:Ướp cá với hỗn hợp muối và nước cốt chanh trong khoảng 5 - 10 phút sau đó rửa lại cho sạch, để ráo và bắt đầu chế biến như bình thường.', 'Cách 2:Dùng muối chà xát lên thịt cá để cá ra bớt chất nhớt sau đó rửa sạch lại rồi mới bắt đầu chế biến.', 'Cách 3:Nếu không có rượu trắng, bạn cũng có thể ngâm cá cùng với một ít nước muối loãng và 1 ít gừng đập dập cũng rất hiệu quả đó nha!', 'Bước 2 - Chiên và ướp cá: Bắc chảo lên bếp, bật lửa lớn và cho vào chảo 4 muỗng canh dầu ăn, dầu nóng thì bỏ cá vào chiên vàng đều 2 mặt khoảng 10 phút với lửa nhỏ rồi gắp cá ra đĩa để ráo bớt dầu. Xếp lần lượt vào nồi 1/2 số khế đã cắt, cá chép chiên vàng rồi cho số khế còn lại cùng với nghệ, hành tím và ớt cắt lát lên trên mặt. Sau đó, ướp cá cùng với 3 muỗng canh nước mắm, 1 muỗng cà phê bột ngọt, 1/2 muỗng cà phê muối và 1/2 muỗng cà phê tiêu xay. Trộn đều và ướp cá khoảng 1 tiếng cho thấm gia vị.', 'Bước 3 - Kho cá chép với khế: Sau khi đã ướp cá được 1 tiếng thì bắc nồi cá lên bếp, thêm 2 chén (chén ăn cơm) nước lọc vào và đun sôi ở lửa vừa. Khi thấy nước sôi thì hạ nhỏ lửa rồi tiếp tục kho cá trong 1 tiếng 30 phút đến khi thấy nước kho cạn xuống bớt thì nêm nếm lại gia vị cho vừa ăn rồi tắt bếp.', 'Bước 4 - Thành phẩm: Múc cá chép kho khế ra đĩa rồi thưởng thức thôi nào. Cá kho thơm lừng và được nêm nếm rất vừa ăn, thịt cá béo mềm, không bị tanh chút nào, vị khế chua chua ngọt ngọt càng làm cho món ăn thêm phần hấp dẫn. Xem chi tiết:Cách làm cá chép kho khế thơm ngon đậm đà hương vị Xem chi tiết:Cách làm cá chép kho khế thơm ngon đậm đà hương vị']","['Xem chi tiết:Cách chọn mua cá chép tươi ngon', 'Mẹo khử tanh thịt cá dễ dàng và hiệu quảCách 1:Ướp cá với hỗn hợp muối và nước cốt chanh trong khoảng 5 - 10 phút sau đó rửa lại cho sạch, để ráo và bắt đầu chế biến như bình thường.Cách 2:Dùng muối chà xát lên thịt cá để cá ra bớt chất nhớt sau đó rửa sạch lại rồi mới bắt đầu chế biến.Cách 3:Nếu không có rượu trắng, bạn cũng có thể ngâm cá cùng với một ít nước muối loãng và 1 ít gừng đập dập cũng rất hiệu quả đó nha!', 'Điện máy XANH gợi ý cho bạn công thức món cá chép kho khế cũng vô cùng thơm ngon, hấp dẫn và đơn giản để chiêu đãi gia đình. Hy vọng với những gợi ý trên bạn sẽ có bữa cơm trọn vẹn bên cạnh gia đình mình nhé!Xem chi tiết:Cách làm cá chép kho khế thơm ngon đậm đà hương vị', 'Xem thêm:Cách nấu cá chép kho nghệ thơm ngon hấp dẫn cho bữa cơm gia đìnhCách làm món cá chép om dưa đậm đà đưa cơm ngày mưaCách làm cá chép giòn nướng muối ớt thơm lừng, hấp dẫn, ai ăn cũng thích']",,dienmayxanh.com
https://www.dienmayxanh.com/vao-bep/cach-lam-ca-doi-kho-thom-dua-chua-ngot-dam-da-cho-bua-com-gia-09023,Món Kho,Cách làm cá đối kho thơm (dứa) chua ngọt đậm đà cho bữa cơm gia đình,"Cá đối là một loài cá có thịt ngon, chứa hàm lượng dinh dưỡng cao. Vàmón khovới cá đối cực kỳ ngon và bắt cơm. Cùng Điện máy XANHvào bếphọc ngay cách làm cá đối kho thơm chua ngọt đậm đà cho cả nhà thưởng thức nhé!",,20 phút + 40 phút,Cho 4 người,,11,"['Cá đối - 1 kg', 'Thơm - 1 quả ((dứa))', 'Tỏi - 5 tép', 'Hành lá - 5 nhánh', 'Ớt sừng - 2 trái', 'Nước dừa tươi - 500 ml', 'Chanh - 1 quả', 'Đường mía - 3 miếng ((khoảng 50 gr))', 'Nước mắm - 2 muỗng canh', 'Hạt nêm - 1 muỗng canh', 'Muối hạt - 1 muỗng canh']","['Bước 1 - Sơ chế cá đối: Cá mua về bạn dùng kéo cắt bỏ vây, đuôi, mang, loại bỏ phần ruột rồi rửa sơ với nước cho sạch. Để cá sạch nhớt và bớt mùi tanh, bạn cho 1 muỗng canh muối hòa tan cùng 1 lít nước, vắt thêm vào nước 1 quả chanh rồi cho cá đối vào ngâm trong 10 phút, bạn dùng tay chà xát quanh mình cá. Rửa sạch lại cá với nước rồi để ráo. Cách khử mùi tanh cá đối Xem chi tiết:Cách khử mùi tanh cá hiệu quả', 'Dùng muối hoặc nước vo gạo: Cá sau khi làm sạch bạn có thể chà xát với muối hay ngâm với nước vo gạo trong khoảng 15 phút để khử tanh mùi cá.', 'Dùng chanh và giấm: Bạn có thể pha loãng giấm với nước lạnh hay chanh với nước lạnh. Sau đó cho cá vào ngâm khoảng 5 phút sẽ khử mùi tanh nhanh chóng. Cách này rất hữu ích với các loại cá da trơn.', 'Dùng rượu trắng: Dùng rượu trắng pha loãng, ướp với thịt cá khoảng 2 phút rồi lau khô, cá sẽ bớt tanh đi rất nhiều.', 'Bước 2 - Sơ chế các nguyên liệu khác: Để tiết kiệm thời gian, bạn có thể nhờ người bán gọt vỏ và loại bỏ mắt thơm. Về nhà, bạn chỉ cần rửa sơ qua nước, rồi dùng dao cắt làm bốn theo chiều dọc của trái. Sau đó, loại bỏ phần cùi thơm bên trong và cắt thơm thành từng lát. Tỏi lột vỏ, ớt cắt lát. Hành lá, cắt bỏ gốc, rửa sạch, cắt khúc, để riêng đầu hành và lá hành. Cách gọt thơm (dứa) nhanh không cần cắt mắt Xem thêm:5 cách để gọt thơm đơn giản, dễ làm không tốn nhiều thời gian.', 'Đầu tiên bạn cắt quả thơm theo chiều dọc chia làm 4 phần bằng nhau.', 'Tiếp tục cắt xuôi theo chiều dài của miếng thơm, rồi dừng lại ở phần cuối của quả và cắt mạnh để lấy phần thịt và bỏ phần vỏ.', 'Không nên cắt quá gần phần vỏ để tránh còn lẫn mắt thơm nhé. Cuối cùng là cắt lại thành từng miếng nhỏ theo nhu cầu sử dụng là được.', 'Bước 3 - Ướp cá: Lần lượt cho vào cối các nguyên liệu sau: ớt cắt lát, tỏi, đường mía khô, gốc hành lá, 1 muỗng canh muối hạt rồi dùng chày giã nhuyễn tạo hỗn hợp ướp cá. Sau đó, bạn cho hỗn hợp đã giã vào tô cá, đảo đều để cá ướp trong 20 phút để cá thấm gia vị.', 'Bước 4 - Kho cá đối: Cho 500ml nước dừa vào nồi, thêm 100ml nước lọc, bắc nồi lên bếp, bật bếp lửa vừa đun sôi. Khi nước sôi cho thơm vào đun khoảng 5 phút cho thơm ra chất ngọt, bạn cho cá đối đã ướp vào, đậy nắp lại kho trong 30 phút. Nêm với 2 muỗng canh nước mắm, 1 muỗng canh hạt nêm, dùng muỗng khuấy nhẹ nước kho để gia vị tan đều rồi kho thêm 10 phút nữa cho nước kho hơi sệt lại. Nêm nếm lại cho vừa ăn, thêm hành lá vào và tắt bếp.', 'Bước 5 - Thành phẩm: Cá đối kho thơm với thịt cá mềm ngon, thấm vị chua chua ngọt ngọt cay cay, thấm vị rất hấp dẫn, ăn chung với cơm nóng bắt cơm vô cùng nhé!']","['Xem chi tiết:Cách chọn mua cá tươi ngon, chất lượng', 'Xem chi tiết:Cách chọn mua thơm (dứa) tươi ngon chất lương', 'Cách khử mùi tanh cá đốiDùng muối hoặc nước vo gạo: Cá sau khi làm sạch bạn có thể chà xát với muối hay ngâm với nước vo gạo trong khoảng 15 phút để khử tanh mùi cá.Dùng chanh và giấm: Bạn có thể pha loãng giấm với nước lạnh hay chanh với nước lạnh. Sau đó cho cá vào ngâm khoảng 5 phút sẽ khử mùi tanh nhanh chóng. Cách này rất hữu ích với các loại cá da trơn.Dùng rượu trắng: Dùng rượu trắng pha loãng, ướp với thịt cá khoảng 2 phút rồi lau khô, cá sẽ bớt tanh đi rất nhiều.Xem chi tiết:Cách khử mùi tanh cá hiệu quả', 'Cách gọt thơm (dứa) nhanh không cần cắt mắtĐầu tiên bạn cắt quả thơm theo chiều dọc chia làm 4 phần bằng nhau.Tiếp tục cắt xuôi theo chiều dài của miếng thơm, rồi dừng lại ở phần cuối của quả và cắt mạnh để lấy phần thịt và bỏ phần vỏ.Không nên cắt quá gần phần vỏ để tránh còn lẫn mắt thơm nhé. Cuối cùng là cắt lại thành từng miếng nhỏ theo nhu cầu sử dụng là được.Xem thêm:5 cách để gọt thơm đơn giản, dễ làm không tốn nhiều thời gian.', 'Xem thêm:Cách làm cá kho làng Vũ Đại thơm ngon nức tiếng, đơn giản tại nhà2 cách làm cá lăng kho tộ và kho khóm ngon miệng hấp dẫn đậm đà đưa cơmCách làm cá trê kho tộ thơm ngon đậm đà hấp dẫn cực đưa cơm']",,dienmayxanh.com
https://www.dienmayxanh.com/vao-bep/cach-lam-kho-quet-khong-thit-voi-nuoc-mam-set-dam-da-cham-rau-23511,Món Kho,"Cách làm kho quẹt không thịt với nước mắm sệt đậm đà, chấm rau củ luộc","Kho quẹt luôn làmón khoquen thuộc trong những bữa cơm giản dị, đặc biệt khi chấm cùng rau củ luộc nóng hổi. Nếu bạn muốn tìm một phiên bản thanh đạm nhưng vẫn đủ đậm đà, thì hôm nay hãy cùngvào bếpthực hiện món kho quẹt không thịt với nước mắm sệt thơm ngon, cực kỳ đưa cơm.",,15 phút,Cho 2 người,,8,"['Nước mắm - 6 muỗng canh', 'Đường - 3 muỗng canh', 'Tương ớt - 1 muỗng cà phê', 'Bột ngọt - 1 muỗng cà phê', 'Tiêu - 1 muỗng cà phê', 'Tiêu hạt/ớt xanh/ ớt đỏ - 1 ít', 'Hành tím - 1 củ', 'Dầu ăn - 1 muỗng canh']","['Bước 1 - Nấu mắm kho quẹt: Trước tiên, bạn hãy thái hành tím thành các lát mỏng. Bắc chảo lên bếp, cho vào chảo 1 muỗng canh dầu ăn rồi cho hành tím vào, phi thơm. Tiếp đến, bạn cho các gia vị gồm 6 muỗng canh nước mắm, 3 muỗng canh đường, 1 muỗng cà phê tương ớt, 1 muỗng cà phê bột ngọt, 1 muỗng cà phê tiêu, 1 ít tiêu hạt/ớt xanh. Bật bếp ở lửa nhỏ, đun liu riu cho đến khi nước mắm sệt lại, thơm lừng.', 'Bước 2 - Thành phẩm: Cách làm mắm kho quẹt này tuy không có thịt hay tôm khô nhưng hương vị vẫn rất ngon. Món này ngon nhất là khi dùng để ăn cùng cơm nóng, chấm với ít rau củ luộc thì hết ý.']","['Để làm món kho quẹt không thịt nhanh chóng và tiện lợi, một chiếc chảo chống dính chất lượng là không thể thiếu.Chảo nhôm chống dính 16 cm Lock&Lock LHD1163sẽ là trợ thủ đắc lực cho bạn trong căn bếp.Chảo Lock&Lockcó lớp chống dính cao cấp, giúp thức ăn không bị bám dính, dễ dàng vệ sinh sau khi sử dụng.Kích thước 16 cm nhỏ gọn, lý tưởng để chế biến các món kho, xào hoặc chiên lượng nhỏ, tiết kiệm không gian bếp.Chất liệu nhôm truyền nhiệt nhanh và đều, giúp món ăn chín tới hoàn hảo, giữ trọn hương vị.Chảo nhôm chống dính 16 cm Lock&Lock LHD1163Online giá rẻ quá139.000₫255.000₫-45%Xem chi tiết', 'Xem thêm:Bí quyết làm tôm rim thịt ba rọi đậm đà, chuẩn vị cơm nhà với chảo sâu lòngCách làm vịt kho nước dừa tươi thơm mềm, ngọt thịt tại nhà cực đơn giảnCách làm thịt xá xíu người Hoa thơm mềm, chuẩn vị chỉ với chảo chống dính']",,dienmayxanh.com
https://www.dienmayxanh.com/vao-bep/cach-lam-kho-quet-tom-thit-dam-da-hao-com-ngon-chuan-vi-mien-23503,Món Kho,"Cách làm kho quẹt tôm thịt đậm đà hao cơm, ngon chuẩn vị miền Tây","Bạn đang tìm cách làm kho quẹt tôm thịt thơm ngon, đậm đà cho bữa cơm gia đình?Món khoquẹt dân dã này sẽ là lựa chọn hoàn hảo cho những ngày bận rộn. CùngVào bếpkhám phá bí quyết chế biến món kho quẹt tôm khô chuẩn vị, đảm bảo ai cũng mê!",,20 phút + 35 phút,Cho 3 - 4 người,,9,"['Thịt ba chỉ heo - 500 gr', 'Tôm khô - 50 gr', 'Hành khô - 6 nhánh', 'Tỏi - 5 nhánh', 'Đầu hành trắng - 3 nhánh', 'Hành lá - 3 nhánh', 'Tiêu xanh - 4 nhánh', 'Ớt tươi - 2 trái', 'Gia vị thông dụng - 1 ít ((dầu ăn/ muối/ tiêu xay/ nước mắm/ đường/ nước tương/ tương ớt/ giấm táo))']","['Bước 1 - Sơ chế thịt ba chỉ heo: Thịt ba chỉ mua về rửa sạch, cho vào túi nilông thực phẩm rồi đặt vào ngăn đông tủ lạnh khoảng hơn 1 tiếng đồng hồ để thịt săn lại, dễ thái hơn. Lọc bỏ phần da heo (bạn có thể giữ lại nếu thích ăn da, nhưng da sẽ không mềm như khi kho thịt lâu). Thái thịt thành miếng dày khoảng 1cm, cỡ bằng hai đốt ngón tay hoặc nhỏ hơn. Cắt đều tay để khi rang cháy cạnh, thịt chín vàng đều.', 'Bước 2 - Sơ chế các nguyên liệu khác: Hành lá thái nhỏ để rắc lên món ăn sau cùng. Đầu hành trắng làm dập, sau đó thái nhỏ và băm nhuyễn. Hành khô và tỏi khô cũng làm dập trước khi băm nhuyễn hoặc xay bằng máy. Ớt tươi và tiêu xanh rửa sạch, để nguyên hoặc thái lát tùy thích độ cay. Tôm khô rửa sạch nhiều lần với nước lạnh để loại bỏ bụi bẩn. Sau đó, ngâm tôm trong nước ấm khoảng 10 - 15 phút cho tôm mềm. Phần nước ngâm tôm sạch này có thể giữ lại để pha nước sốt, giúp tăng hương vị cho món kho quẹt tôm thịt. Trong một bát lớn, cho 6 muỗng canh nước mắm, 6 muỗng canh đường, 1 muỗng canh nước tương, 1 muỗng canh giấm táo và 1 muỗng canh tương ớt. Cuối cùng, cho 200 ml nước lọc hoặc nước ngâm tôm đã chuẩn bị vào. Khuấy đều hỗn hợp cho đến khi các gia vị hòa quyện vào nhau.', 'Bước 3 - Làm kho quẹt tôm thịt: Đặt chảo lên bếp, làm nóng chảo rồi cho một chút dầu ăn vào (để thịt không bị cháy trước khi ra mỡ). Dàn đều thịt ba chỉ đã thái vào chảo. Để yên khoảng 1 - 2 phút cho thịt bắt đầu ra mỡ và chuyển màu. Khi thấy có khói nhẹ bốc lên, lật mặt thịt. Sau đó, dùng đũa đảo đều để thịt vàng đều các mặt. Khi thịt đã vàng đều, cho phần đầu hành băm nhỏ vào xào cùng. Khi thịt đã đạt độ vàng mong muốn, xúc thịt ra đĩa. Giữ bếp vẫn nóng để các miếng thịt còn lại trong chảo không bị hút thêm mỡ. Giữ lại khoảng 2 muỗng canh mỡ nước trong chảo. Cho phần hành tỏi băm nhuyễn vào phi thơm cho đến khi chuyển vàng. Tiếp theo, cho tôm khô đã ngâm mềm vào đảo nhanh tay. Sau đó, đổ toàn bộ phần nước sốt đã pha vào. Rim tôm trong khoảng 1 - 2 phút để tôm thấm gia vị và không bị cứng. Sau đó, cho phần thịt ba chỉ đã rang cháy cạnh vào. Nếu bạn thích ăn cay, có thể cho ớt tươi và tiêu xanh vào ngay lúc này. Rim thịt và tôm trên lửa vừa, đảo đều cho đến khi nước sốt sánh kẹo lại và có độ mặn vừa ý. Cuối cùng, cho phần ớt tươi và tiêu xanh còn lại vào, rắc thêm một muỗng cà phê tiêu xay lên bề mặt món ăn (món kho quẹt dùng nhiều tiêu xay sẽ rất thơm ngon). Rắc hành lá thái nhỏ lên trên và tắt bếp.', 'Bước 4 - Thành phẩm: Vậy là món kho quẹt tôm thịt thơm ngon, đậm đà đã hoàn thành! Múc kho quẹt ra chén, bạn sẽ thấy nước kho quẹt sánh mịn, không bị đọng mỡ trên bề mặt. Thưởng thức kho quẹt với rau luộc, cơm trắng nóng hổi hoặc cơm cháy giòn rụm đều rất tuyệt vời. Bạn cũng có thể trộn một chút nước kho quẹt tôm khô và thịt lên cơm, ăn kèm dưa leo ướp lạnh sẽ rất hao cơm đấy!']","['Để món kho quẹt tôm thịt được chế biến hoàn hảo, việc lựa chọn dụng cụ nấu nướng phù hợp là rất quan trọng.Chảo nhôm chống dính đáy từ 24 cm Elmich EL5985BE24sẽ là trợ thủ đắc lực cho bạn trong căn bếp.Chảo Elmichđược làm từ hợp kim nhôm cao cấp, giúp truyền nhiệt nhanh và đều, đảm bảo thịt ba chỉ rang cháy cạnh vàng giòn mà không bị cháy xém. Lớp chống dính bền bỉ giúp bạn dễ dàng đảo và làm sạch sau khi nấu.Thiết kế đáy từ của chảo Elmich tương thích với mọi loại bếp, từ bếp gas đến bếp từ, mang lại sự tiện lợi tối đa. Tay cầm chắc chắn, cách nhiệt giúp thao tác an toàn và thoải mái.Với đường kính 24cm, chiếc chảo này lý tưởng để rang thịt, xào tôm và rim kho quẹt cho cả gia đình. Giúp món ăn của bạn luôn thơm ngon, hấp dẫn.Chảo nhôm chống dính đáy từ Elmich EL5985BE24240.000₫390.000₫-38%Xem chi tiết', 'Việc thêm nước tương và giấm táo sẽ giúp món kho quẹt mềm vị hơn và không cần dùng thêm nước màu đường. Pha nước sốt trước giúp bạn dễ dàng điều chỉnh liều lượng gia vị theo khẩu vị gia đình.', 'Xem thêm:Công thức làm bánh khoai mì chiên giòn để làm món ăn vặt ngon bất bạiHọc ngay món gỏi bò khoai môn chiên giòn lạ miệng, giòn rụm cực hấp dẫnCông thức thịt kho củ cải khô ngon quên lối về cho bữa cơm gia đình đậm vị']",,dienmayxanh.com
https://www.dienmayxanh.com/vao-bep/bi-quyet-lam-thit-lon-nau-gia-cay-ngon-dam-vi-que-cho-bua-com-23490,Món Kho,Bí quyết làm thịt lợn nấu giả cầy ngon đậm vị quê cho bữa cơm thêm ấm cúng,"Món thịt lợn nấu giả cầy từ chân giò là hương vị đậm đà của quê nhà, khiến ai cũng phải xuýt xoa.Vào bếpcùng Điện máy XANH khám phá cách nấu giả cầy thịt lợn miền Bắc chuẩn vị, đảm bảo bạn sẽ cómón khothơm lừng, hao cơm khó cưỡng, mang cả vị nhà vào bữa ăn!",,25 phút + 1 giờ 10 phút,Cho 4 - 6 người,,13,"['Thịt chân giò heo - 2 kg ((hoặc thịt ba chỉ))', 'Riềng lớn - 1 củ', 'Sả - 6 nhánh', 'Hành khô - 2 nhánh', 'Ớt cay - 1/2 quả', 'Nghệ nhỏ - 1 củ', 'Hạt tiêu sọ - 1/2 muỗng cà phê', 'Mẻ - 1 muỗng canh', 'Mắm tôm - 1 muỗng canh', 'Nước mắm - 2 muỗng canh', 'Phở Hạt nêm - 1/2 thìa', 'Rượu trắng/ dầu ăn/ nước màu - 1 ít', 'Gia vị thông dụng - 1 ít ((đường/ hạt nêm/ mì chính))']","['Bước 1 - Sơ chế và thui chân giò: Đầu tiên, chiếc chân giò 2kg mua về bạn rửa sạch. Để món giả cầy có màu vàng ruộm và mùi thơm đặc trưng, chúng ta sẽ thui chân giò. Nếu có rơm, bạn hãy thui bằng rơm. Nếu không có rơm, bạn có thể dùng bã mía hoặc khò gas để thui đều các mặt cho đến khi da chân giò săn lại và có màu vàng nâu đẹp mắt. Đây là bước quan trọng tạo nên hương vị giả cầy thịt lợn miền Bắc chuẩn vị. Sau khi thui xong, bạn cạo sạch phần da bị cháy sém, rửa lại một lần nữa cho thật sạch. Bây giờ, chúng ta sẽ bắt đầu cắt và lọc thịt. Dùng dao lọc phần thịt ra khỏi xương, sau đó chặt thịt thành những miếng vừa ăn. Phần móng giò thì bạn chặt nhỏ hơn một chút so với phần thịt để dễ thấm gia vị và nhanh mềm hơn khi nấu.', 'Bước 2 - Giã nhuyễn gia vị ướp giả cầy: Để có món giả cầy lợn đậm đà, phần gia vị ướp là linh hồn của món ăn. Bạn chuẩn bị riềng, sả, ớt, hành khô và nghệ. Thái riềng thành miếng vừa rồi cho vào cối giã nhuyễn. Tiếp theo, cho nghệ, 2 nhánh hành khô, 1/2 quả ớt cay, 6 nhánh sả đã thái nhỏ và 1/2 muỗng cà phê hạt tiêu sọ vào giã thật nhuyễn cùng riềng.', 'Bước 3 - Ướp thịt chân giò: Cho toàn bộ phần thịt chân giò đã chặt vào một chiếc bát lớn. Thêm 1/2 hỗn hợp gia vị vừa giã nhuyễn vào. Tiếp theo, cho 1 muỗng canh mẻ, 1 ít nước màu, 2 muỗng canh nước mắm, 1 chút mì chính, 1/2 muỗng canh hạt nêm và 1/2 muỗng canh. Đặc biệt, không thể thiếu 1 thìa phở mắm tôm để món giả cầy có mùi vị đặc trưng. Trộn đều tất cả các nguyên liệu và gia vị, sau đó để thịt ướp khoảng 15 phút cho ngấm.', 'Bước 4 - Nấu giả cầy thịt lợn: Bắc nồi lên bếp, cho một chút dầu ăn vào. Khi dầu nóng, cho 1/2 phần gia vị giã nhuyễn còn lại vào phi thơm. Khi gia vị đã dậy mùi, cho toàn bộ phần thịt chân giò đã ướp vào xào. Trong quá trình xào, bạn nhớ cho thêm một chút rượu trắng vào để món ăn thêm nồng nàn và hấp dẫn hơn. Xào thịt trong khoảng 5 phút cho miếng thịt săn lại và các gia vị quyện đều, ngấm sâu vào từng thớ thịt. Khi thịt đã săn, bạn đổ nước sôi vào nồi, sao cho nước ngập mặt thịt. Lưu ý quan trọng là phải dùng nước sôi, không dùng nước lạnh, vì nước lạnh sẽ làm thịt bị tanh và mất đi hương vị thơm ngon của món ăn. Khi nước trong nồi đã sôi trở lại, bạn đậy vung và ninh (om) giả cầy trong khoảng 60 phút.', 'Bước 5 - Thành phẩm: Sau 1 tiếng ninh, món thịt lợn nấu giả cầy chân giò đã hoàn thành với miếng thịt mềm nhừ, da giòn sần sật, nước sốt sánh đậm, thơm lừng mùi riềng, sả, mắm tôm đặc trưng. Món này ăn kèm với bún hay cơm nóng đều vô cùng hợp, đảm bảo ""hao cơm"" lắm đó!']","['Để món giả cầy chân giò thêm hoàn hảo, việc lựa chọn dụng cụ nấu nướng phù hợp là vô cùng quan trọng.Bộ nồi quánh inox nắp kính Tefal Optispace G7376S44sẽ là trợ thủ đắc lực cho bạn.Nồi TefalOptispace được thiết kế thông minh, tối ưu không gian bếp và mang lại hiệu quả nấu nướng vượt trội. Chất liệu inox cao cấp đảm bảo độ bền và an toàn cho sức khỏe.Đáy nồi dày dặn giúp truyền nhiệt đều, giữ nhiệt tốt, giúp món giả cầy ninh mềm nhừ mà không lo cháy khét. Nắp kính trong suốt tiện lợi quan sát quá trình nấu.Tay cầm cách nhiệt chắc chắn, an toàn khi di chuyển. Bộ nồi này không chỉ dùng để nấu giả cầy mà còn phù hợp cho nhiều món kho, món hầm khác trong gia đình bạn.Bộ nồi quánh inox Tefal Optispace G7376S441.720.000₫2.347.000₫-26%Xem chi tiết', 'Bạn chỉ dùng 1/2 hỗn hợp gia vị đã giã để ướp thịt, 1/2 còn lại sẽ dùng để xào thơm ở bước sau nhé!', 'Để món giả cầy mềm nhừ và đậm đà hơn, bạn có thể ninh bằng nồi đất hoặc nồi áp suất. Nếu muốn ăn mềm hơn nữa, bạn có thể ninh thêm 10 - 15 phút tùy sở thích.', 'Xem thêm:Cách làm nộm thịt lợn siêu ngon, ăn hoài không ngấy với riềng, sả, ớtCách làm thịt ba chỉ chiên sả ớt thơm giòn đậm đà hao cơm với chảo sâu lòngCách làm thịt ba chỉ thái mỏng chiên giòn chấm nước sốt ớt bằng chảo chiên']",,dienmayxanh.com
https://www.dienmayxanh.com/vao-bep/cach-nau-ca-ri-ga-mien-tay-an-banh-mi-thom-beo-chuan-vi-de-23483,Món Kho,Cách nấu cà ri gà miền Tây ăn bánh mì thơm béo chuẩn vị để đãi khách,"Bạn đang tìm cách nấu cà ri gà miền Tây thơm béo, đậm đà chuẩn vị đãi khách?Vào bếpcùng Điện máy XANH để khám phá công thức độc đáo, đảm bảo món cà ri gà của bạn sẽ thành công 100%, chinh phục mọi thực khách khó tính nhất! Đây làmón từ gàkhông thể thiếu trong các dịp đặc biệt.",,30 phút + 1 giờ 10 phút,Cho 6 - 8 người,,16,"['Thịt gà - 1.8 kg', 'Mề gà - 300 gr', 'Nước dừa dão - 1.5 lít', 'Cốt dừa đậm đặc - 500 ml', 'Sữa đặc - 130 ml', 'Khoai lang - 500 gr', 'Khoai môn - 500 gr', 'Cà ri lớn - 1 gói ((hiệu Nam Ấn))', 'Cà ri nhỏ - 1 gói ((10gr))', 'Sả - 3 cây', 'Sốt cà ri dầu - 1.5 muỗng canh', 'Tỏi băm - 1 muỗng canh', 'Hành tím băm - 1 muỗng canh', 'Đường - 4 muỗng canh', 'Bột ngọt - 1 muỗng canh', 'Muối - 2 muỗng canh']","['Bước 1 - Sơ chế gà và ướp gia vị đậm đà: Thịt gà và mề gà sau khi mua về, bạn rửa sạch, chặt thành khúc vừa ăn. Cho gà vào tô lớn, thêm một ít bột ngọt, một ít đường, một ít muối, 1.5 muỗng canh sốt cà ri dầu. Sốt này sẽ giúp cà ri thơm và lên màu đẹp. Tiếp theo, cho hết 2 gói bột cà ri (gói lớn và gói nhỏ 10gr), 1 muỗng canh tỏi băm và 1 muỗng canh hành tím băm vào. Trộn đều tất cả nguyên liệu và ướp trong khoảng 20 phút để thịt gà thấm gia vị.', 'Bước 2 - Chuẩn bị khoai lang, khoai môn và chiên sơ: Khoai lang và khoai môn gọt vỏ, rửa sạch, cắt thành miếng hơi to một chút. Việc cắt to sẽ giúp khoai không bị nát khi nấu lâu. Bắc chảo lên bếp, cho một ít dầu ăn vào. Khi dầu nóng, cho toàn bộ khoai lang và khoai môn vào chiên sơ đến khi các mặt hơi vàng nhẹ. Sau đó, vớt khoai ra để ráo dầu. Bước này giúp khoai giữ được độ bùi và không bị nát khi hầm.', 'Bước 3 - Hầm gà với nước dừa dão: Đặt nồi lên bếp, cho một ít dầu ăn vào. Khi dầu nóng, cho 3 cây sả đã đập dập và cắt khúc vào xào thơm. Khi sả đã dậy mùi, cho toàn bộ phần thịt gà đã ướp vào nồi. Đảo đều tay để thịt gà săn lại và thấm đều gia vị. Khi thịt gà đã săn, đổ 1.5 lít nước dừa dão và 1 lít nước lọc vào nồi. Nêm nếm phần gia vị còn lại gồm đường, bột ngọt, muối và 130ml sữa đặc vào nồi. Khuấy nhẹ để gia vị tan đều. Ban đầu, bạn hãy mở lửa lớn để nồi cà ri nhanh sôi. Khi nước sôi, dùng vá hớt bỏ lớp bọt nổi lên trên để nước cà ri được trong và đẹp mắt hơn. Sau đó, giảm lửa xuống mức vừa, tiếp tục hầm từ từ để thịt gà mềm và thấm gia vị.', 'Bước 4 - Thêm khoai vào hầm cho chín mềm: Kiểm tra thấy thịt gà vừa mềm tới (không quá mềm vì còn nấu tiếp với khoai), bạn cho toàn bộ khoai lang và khoai môn đã chiên sơ vào nồi. Tiếp tục hầm cho đến khi khoai chín mềm. Thời gian hầm có thể khác nhau tùy loại gà, bạn nên kiểm tra độ mềm của gà và khoai để điều chỉnh. Khi khoai đã chín mềm, cho 500ml nước cốt dừa đậm đặc và phần sữa đặc còn lại vào nồi. Đun cho nồi cà ri sôi lại một lần nữa thì tắt bếp. Lúc này, món cà ri gà miền Tây của bạn sẽ dậy mùi thơm lừng và có độ béo ngậy đặc trưng.', 'Bước 5 - Thành phẩm: Món cà ri gà miền Tây thơm ngon, sánh mịn, màu sắc hấp dẫn đã hoàn thành. Nước sốt béo ngậy từ nước cốt dừa và sữa đặc hòa quyện với vị ngọt của khoai, thịt gà mềm thấm vị. Thưởng thức ngay cùng bún tươi hoặc bánh mì nóng giòn để cảm nhận trọn vẹn hương vị truyền thống này nhé!']","['Để món cà ri gà thêm hoàn hảo, việc lựa chọn dụng cụ nấu nướng chất lượng là vô cùng quan trọng.Bộ nồi quánh inox nắp kính Tefal Optispace G7376S44sẽ là trợ thủ đắc lực cho bạn.Nồi TefalOptispace được làm từ inox cao cấp, bền bỉ, giúp truyền nhiệt nhanh và đều, giữ trọn hương vị món ăn. Thiết kế đáy dày tương thích mọi loại bếp, kể cả bếp từ.Nắp kính tiện lợi giúp bạn dễ dàng quan sát quá trình nấu mà không cần mở nắp, giữ nhiệt tốt, tiết kiệm năng lượng. Tay cầm chắc chắn, chống nóng, an toàn khi sử dụng.Đặc biệt, khả năng xếp chồng thông minh giúp tiết kiệm không gian bếp, phù hợp với mọi gia đình. Vệ sinh dễ dàng, mang lại sự tiện lợi tối đa cho người nội trợ.Bộ nồi quánh inox Tefal Optispace G7376S441.720.000₫2.347.000₫-26%Xem chi tiết', 'Xem thêm:Cách nấu chè kiểm miền Tây béo ngon ngọt lành đơn giản tại nhà với nồi inoxCách nấu gà hấp hèm lạ miệng, ngon chuẩn vị miền Tây tại nhà cực dễCách làm mắm chưng miền Tây đậm đà, chuẩn bị với nồi xửng hấp']",,dienmayxanh.com
https://www.dienmayxanh.com/vao-bep/cach-lam-gio-heo-kho-nuoc-dua-dam-da-mem-ruc-hap-dan-cho-com-23475,Món Kho,"Cách làm giò heo kho nước dừa đậm đà, mềm rục hấp dẫn cho cơm nhà thêm ngon","Nếu bạn đang tìm mộtmón khothơm béo, đậm đà để đổi vị cho bữa cơm nhà, thì giò heo kho nước dừa chính là gợi ý hoàn hảo. Hãy cùngvào bếpchế biến món kho hấp dẫn này – nơi vị béo mềm của giò heo hòa quyện cùng vị ngọt thanh của nước dừa, tạo nên món ăn khó cưỡng cho cả gia đình.",,30 phút + 1 giờ,Cho 4 người,,9,"['Giò heo - 1.2 kg', 'Sả - 5 cây', 'Ớt sừng - 1 trái', 'Hành tím và tỏi - 1 ít', 'Nước dừa - 1 lít', 'Sa tế - 20 gr', 'Tương ớt - 20 gr', 'Nước màu - 20 gr', 'Gia vị thông dụng - 1 ít ((nước mắm/ đường/ hạt nêm/ muối))']","['Bước 1 - Sơ chế giò heo và các nguyên liệu: Giò heo mua về rửa sạch, ngâm nước muối khoảng 15 - 20 phút để loại bỏ chất bẩn và mùi hôi. Sau đó, trụng sơ qua nước sôi khoảng 5 phút, rửa lại thật sạch rồi để ráo. Lấy 1/3 lượng sả đem băm nhỏ, phần còn lại đập dập. Ớt sừng thái lát mỏng. Hành tím và tỏi bóc vỏ, băm nhỏ.', 'Bước 2 - Ướp giò heo đậm đà: Cho giò heo đã sơ chế vào tô lớn. Thêm vào 1/2 muỗng cà phê hạt nêm, 1/2 muỗng cà phê đường, 1/4 muỗng cà phê muối, 1 muỗng canh sa tế, 1 muỗng canh tương ớt và 1 muỗng canh nước màu. Trộn đều tất cả các gia vị để giò heo thấm đều. Dùng màng bọc thực phẩm bọc kín tô lại và cho vào ngăn mát tủ lạnh ướp khoảng 30 - 45 phút.', 'Bước 3 - Kho giò heo nước dừa: Đặt nồi lên bếp, cho một ít dầu ăn vào. Khi dầu nóng, cho sả băm, hành tím băm và tỏi băm vào phi thơm. Khi các nguyên liệu đã dậy mùi, cho phần sả đập dập và ớt sừng thái lát vào xào cùng cho đến khi sả hơi vàng và có mùi thơm nồng. Cho toàn bộ phần giò heo đã ướp vào nồi, đảo đều tay để thịt săn lại và thấm đều gia vị. Sau đó, đổ 1 lít nước dừa tươi vào nồi, thêm một chút nước mắm (khoảng 1 muỗng canh) để tăng thêm hương vị đậm đà. Đun sôi, sau đó hạ lửa vừa, đậy nắp và kho. Nếu bạn thích ăn giò heo giòn gân, kho khoảng 30 - 45 phút. Nếu muốn giò heo mềm rục, hãy kho khoảng 1 tiếng. Trong quá trình kho, thỉnh thoảng trở đều miếng giò heo, đặc biệt khi nước kho cạn dần để tránh bị cháy dưới đáy nồi.', 'Bước 4 - Thành phẩm: Khi nước kho đã sánh lại, giò heo mềm theo ý muốn và có màu vàng nâu cánh gián đẹp mắt là món ăn đã hoàn thành. Bạn có thể nêm nếm lại cho vừa khẩu vị và thêm vài lát ớt tươi nếu muốn ăn cay hơn. Món giò heo kho nước dừa đậm đà, thơm lừng sả ớt, mềm rục hấp dẫn, ăn kèm cơm nóng là ngon nhất.']","['Trong quá trình chế biến món giò heo kho nước dừa thơm ngon, việc sở hữu một chiếc nồi chất lượng là vô cùng quan trọng.Nồi nhôm chống dính nắp kính 24 cm Sunhouse SHG2024MMAsẽ là trợ thủ đắc lực cho bạn.Nồi Sunhouseđược làm từ hợp kim nhôm cao cấp, giúp truyền nhiệt nhanh và đều, giữ nhiệt tốt, cho món kho chín mềm hoàn hảo.Lớp chống dính bền bỉ giúp bạn dễ dàng đảo thịt mà không lo cháy dính, đồng thời việc vệ sinh sau khi nấu cũng trở nên đơn giản hơn.Nắp kính cường lực trong suốt tiện lợi giúp bạn dễ dàng quan sát quá trình kho thịt mà không cần mở nắp, giữ trọn hương vị món ăn.Nồi nhôm chống dính Sunhouse SHG2024MMA280.000₫500.000₫-44%Xem chi tiết', 'Việc sơ chế kỹ lưỡng giúp giò heo sạch hoàn toàn, không còn mùi hôi, đảm bảo món kho sẽ thơm ngon và hấp dẫn hơn.', 'Thời gian ướp đủ lâu sẽ giúp giò heo ngấm trọn gia vị, khi kho sẽ đậm đà và thơm ngon hơn.', 'Nước dừa tươi không chỉ làm món kho có vị ngọt thanh tự nhiên mà còn giúp giò heo lên màu cánh gián rất đẹp mắt và hấp dẫn.', 'Xem thêm:Cách làm giò heo nấu giả cầy miền Bắc theo kiểu truyền thống bằng nồi inoxCách nấu bún riêu giò heo chuẩn vị miền Tây đậm đà, thơm ngon tại nhàCách nấu chân giò hầm hạt sen nấm hương thơm mềm, hợp đãi tiệc gia đình']",,dienmayxanh.com
https://www.dienmayxanh.com/vao-bep/cach-lam-pha-lau-long-heo-ngon-don-gian-dai-thay-co-ngay-20-14395,Món Kho,Cách làm phá lấu lòng heo ngon đơn giản đãi thầy cô ngày 20/11,Ngày lễ20/11 này lớp bạn đã có dự định tặng cho thầy cô món quà nào chưa? Nếu chưa thì hãy cùng Điện máy XANHvào bếpxem ngay cách làm phá lấu lòng heo siêu ngon chuẩn vị này để thưởng thức cùng thầy cô và bạn bè nhé!,,45 phút + 50 phút,Cho 8 người,,21,"['Bao tử heo - 500 gr', 'Lòng heo - 500 gr', 'Dồi trường - 200 gr', 'Tim heo - 500 gr', 'Cật heo - 500 gr', 'Hoa hồi - 2 cái', 'Thảo quả - 1 quả', 'Quế - 1 nhánh', 'Tỏi - 6 tép', 'Hành tím - 4 củ', 'Gừng - 1 nhánh', 'Màu thực phẩm - 1 muỗng cà phê ((màu đỏ))', 'Bột cà ri - 1 muỗng cà phê', 'Giấm ăn - 1 ít', 'Rượu trắng - 5 muỗng canh', 'Nước dừa tươi - 300 ml ((1 quả))', 'Nước cốt dừa - 150 ml', 'Màu dầu điều - 2 muỗng canh', 'Nước tương - 2 muỗng canh', 'Muối/ hạt nêm - 1 ít', 'Rau quế/ ngò gai - 1 ít']","['Bước 1 - Sơ chế bao tử và lòng heo: Bao tử và lòng heo là 2 bộ phận có mùi nặng nhất, để khử đi mùi hôi của 2 nguyên liệu này, bạn cần rửa sơ lòng và bao tử với nước muối loãng. Sau đó dùng hỗn hợp muối và giấm ăn chà xát đều xung quanh rồi xả lại với nước. Thực hiện thao tác này khoảng 3 - 4 lần cho lòng và bao tử sạch hoàn toàn thì bạn để ráo. Cách sơ chế bao tử và lòng heo không hôi tanh', 'Cách 1:Dùng bột mì cùng một ít muối chà bóp bao tử, lòng heo khoảng 5 - 10 phút sau đó rửa lại với nước và tiếp tục dùng chanh hoặc giấm ăn chà xát phần lòng heo, bao tử thêm 5 phút nữa rồi rửa sạch lại với nước sạch.', 'Cách 2:Dùng hỗn hợp muối và nước cốt chanh xoa bóp khoảng 5 phút, rửa lại với nước sạch rồi chần sơ bao tử, lòng heo trong nước sôi cùng 1/3 chén giấm khoảng  2 - 3 phút rồi rửa lại với nước.', 'Cách 3:Xoa bóp lòng heo và bao tử bằng hỗn hợp muối và chanh rồi rửa sạch. Sau đó, đảo sơ phần bao tử, lòng heo trong khoảng 4 muỗng canh nước mắm đun sôi khoảng 3 phút đến khi bao tử và lòng săn lại thì rửa lại với nước sạch.', 'Bước 2 - Sơ chế tim cật lưỡi heo: Tim, cật và heo bạn dùng muối và giấm ăn chà xát đều xung quanh khoảng 2- 3 lần rồi rửa lại với nước và để ráo. Cật heo để khử đi mùi hôi sau khi đã ráo nước bạn bổ đôi quả cật ra và cắt bỏ đi phần lõi bên trong (nguyên nhân gây mùi hôi). Đầu tiên, bạn dùng muối chà xát đều tim, cật và lưỡi heo rồi rửa lại thật sạch với nước.Tiếp theo, đun sôi nước và chần sơ tim, cật và lưỡi heo khoảng 5 phút cho các nguyên liệu săn lại rồi vớt ra. Đối với lưỡi heo bạn dùng dao cạo bỏ lớp màng trắng bên ngoài lưỡi rồi rửa lại với nước sạch.Kế đó, bạn dùng chanh và một ít muối hạt chà xát đều xung quanh tim, cật, lưỡi heo sau đó rửa lại với nước sạch khoảng 1 - 2 lần rồi vớt ra, để ráo.', 'Đầu tiên, bạn dùng muối chà xát đều tim, cật và lưỡi heo rồi rửa lại thật sạch với nước.', 'Tiếp theo, đun sôi nước và chần sơ tim, cật và lưỡi heo khoảng 5 phút cho các nguyên liệu săn lại rồi vớt ra. Đối với lưỡi heo bạn dùng dao cạo bỏ lớp màng trắng bên ngoài lưỡi rồi rửa lại với nước sạch.', 'Kế đó, bạn dùng chanh và một ít muối hạt chà xát đều xung quanh tim, cật, lưỡi heo sau đó rửa lại với nước sạch khoảng 1 - 2 lần rồi vớt ra, để ráo.', 'Bước 3 - Sơ chế dồi trường heo: Dồi trường heo mua về bạn cũng rửa sơ qua với nước, lộn mặt trong dồi trường ra, dùng muối và giấm ăn chà xát đều xung quanh dồi trường khoảng 2 - 3 lần rồi rửa lại với nước sạch. Cách sơ chế dồi trường không hôi tanh', 'Bước 1:Bạn rửa sơ dồi trường với nước, lấy hết mỡ màng và lộn mặt trong của dồi lại và rửa sạch dưới vòi nước rồi để ráo.', 'Bước 2:Bắc nồi lên bếp, cho vào nồi muối, vài lát gừng tươi, rượu trắng và nước cho ngập qua mặt dồi trường rồi chần sơ trong nước sôi khoảng 3 - 5 phút.', 'Bước 3:Dồi trường sau khi được chần xong bạn cho vào tô nước lạnh có pha chút phèn chua (hoặc giấm trắng) ngâm trong khoảng 10 phút rồi rửa lại với nước thêm 1 - 2 lần rồi để ráo.', 'Bước 4 - Luộc lòng: Hành tím bạn lột vỏ, lấy 2 củ cắt lát. Gừng bạn rửa sạch, cắt lát và đập dập. Tiếp đó, bắc nồi lên bếp gas, cho vào nồi 1.5 lít nước, đun sôi với lửa vừa khoảng 3 phút cho sôi rồi cho hành tím và gừng cắt lát cùng 1 muỗng canh muối vào. Khuấy đều tay sau đó cho bao tử, lòng heo, tim heo, lưỡi heo, cật heo và dồi trường vào, chần sơ với lửa vừa khoảng 10 phút cho các nguyên liệu săn lại. Bạn cho tiếp 5 muỗng canh rượu trắng vào, nấu thêm 3 phút nữa rồi tắt bếp, xả lại các nguyên liệu với nước để giữ độ giòn và để ráo. Riêng lưỡi heo sau khi chần sơ xong bạn dùng lưỡi heo cạo sạch lớp màng trắng đóng trên bề mặt lưỡi rồi rửa lại với nước.', 'Bước 5 - Rang gia vị: Bắc chảo lên bếp, cho vào chảo 2 nhánh quế, 2 hoa hồi và 1 quả thảo quả sau đó rang đều trên lửa vừa khoảng 1 - 2 phút đến khi dậy mùi hương thì bạn tắt bếp. 2 củ hành tím còn lại và tỏi lột vỏ bạn đem đi băm nhỏ.', 'Bước 6 - Lấu lòng heo: Bắc nồi lên bếp, cho vào nồi 2 muỗng canh dầu ăn, đun khoảng 1 phút với lửa vừa cho đến khi dầu nóng bạn cho hành, tỏi băm vào. Phi đều cho tới khi hành tỏi dậy mùi thơm bạn cho các bộ phần lòng heo vào. Đảo đều rồi cho 2 muỗng canh nước tương, 1/2 muỗng canh hạt nêm và 1 muỗng cà phê màu thực phẩm đỏ vào. Trộn đều cho các gia vị vừa thêm, áo đều nguyên liệu, bạn cho tiếp 2 muỗng canh màu dầu điều vào. Tiếp tục, trộn đều tay với lửa liu riu khoảng 3 phút cho lòng heo đều màu và nước gia vị ở dưới đã sôi lên. Bạn cho hoa hồi, thảo quả và quế đã rang thơm vào, trộn đều và nấu trong 15 phút cho các phần trong lòng heo thấm đều gia vị. Bạn cho tiếp nước dừa tươi của 1 quả dừa vào nồi, sao cho nước dừa được cho dâng lên xấp xấp bề mặt, bạn cho thêm 1 muỗng cà phê bột cà ri và 250ml nước lọc vào. Đảo đều tay, đậy nắp lại nấu với lửa vừa khoảng 30 phút cho lòng heo được thấm gia vị và nước trong nồi sôi lên. Bạn cho khoảng 150ml nước cốt dừa vào. Trộn đều thêm lần nữa, đậy nắp lại hầm thêm 15 phút nữa cho lòng heo thấm đều nước cốt dừa beo béo thì bạn tắt bếp.', 'Bước 7 - Thành phẩm: Cuối cùng, bạn chỉ cần gắp phần lòng heo bạn yêu thích dùng dao cắt mỏng cho vào chén, múc thêm ít nước phá lấu vào ăn kèm với rau quế,rau thơmlà xuất sắc. Món ăn này sau khi nấu xong sẽ có màu đỏ nâu đẹp mắt, khi ăn ta sẽ cảm nhận được vị lòng heo giòn ngon, béo béo của lòng heo và nước cốt dừa . Mùi hương của ngũ vị hương, quế và hoa hồi dậy mùi hấp dẫn. Dùngbánh mìchấm ăn cùng dám chắc bạn và thầy cô, bạn bè thích mê với hương vị ngất ngây của nó đấy!']","['Xem chi tiết:Cách chọn mua lưỡi heo và cách làm sạch lưỡi heo đơn giản tại nhà', 'Xem chi tiết:Cách chọn mua cật heo tươi ngon', 'Xem chi tiết:Cách chọn mua dồi trường ngon', 'Bao tử và lòng heo có mùi nặng nên nếu rửa chung các nguyên liệu khác sẽ làm các nguyên liệu này bị bám mùi hôi.', 'Cách sơ chế bao tử và lòng heo không hôi tanhCách 1:Dùng bột mì cùng một ít muối chà bóp bao tử, lòng heo khoảng 5 - 10 phút sau đó rửa lại với nước và tiếp tục dùng chanh hoặc giấm ăn chà xát phần lòng heo, bao tử thêm 5 phút nữa rồi rửa sạch lại với nước sạch.Cách 2:Dùng hỗn hợp muối và nước cốt chanh xoa bóp khoảng 5 phút, rửa lại với nước sạch rồi chần sơ bao tử, lòng heo trong nước sôi cùng 1/3 chén giấm khoảng  2 - 3 phút rồi rửa lại với nước.Cách 3:Xoa bóp lòng heo và bao tử bằng hỗn hợp muối và chanh rồi rửa sạch. Sau đó, đảo sơ phần bao tử, lòng heo trong khoảng 4 muỗng canh nước mắm đun sôi khoảng 3 phút đến khi bao tử và lòng săn lại thì rửa lại với nước sạch.', 'Cách sơ chế tim cật lưỡi heo không hôi tanhĐầu tiên, bạn dùng muối chà xát đều tim, cật và lưỡi heo rồi rửa lại thật sạch với nước.Tiếp theo, đun sôi nước và chần sơ tim, cật và lưỡi heo khoảng 5 phút cho các nguyên liệu săn lại rồi vớt ra. Đối với lưỡi heo bạn dùng dao cạo bỏ lớp màng trắng bên ngoài lưỡi rồi rửa lại với nước sạch.Kế đó, bạn dùng chanh và một ít muối hạt chà xát đều xung quanh tim, cật, lưỡi heo sau đó rửa lại với nước sạch khoảng 1 - 2 lần rồi vớt ra, để ráo.', 'Cách sơ chế dồi trường không hôi tanhBước 1:Bạn rửa sơ dồi trường với nước, lấy hết mỡ màng và lộn mặt trong của dồi lại và rửa sạch dưới vòi nước rồi để ráo.Bước 2:Bắc nồi lên bếp, cho vào nồi muối, vài lát gừng tươi, rượu trắng và nước cho ngập qua mặt dồi trường rồi chần sơ trong nước sôi khoảng 3 - 5 phút.Bước 3:Dồi trường sau khi được chần xong bạn cho vào tô nước lạnh có pha chút phèn chua (hoặc giấm trắng) ngâm trong khoảng 10 phút rồi rửa lại với nước thêm 1 - 2 lần rồi để ráo.', 'Xem thêm:4 cách làm nước uống tốt cho thanh quản tặng thầy cô nhân ngày 20/11Cách làm hoa khô không mất màu dễ dàng, đẹp mắt để tặng quà ngày 20/11Cách nấu phá lấu bò nước dừa thơm ngon, béo ngậy, ăn quên lối về']",,dienmayxanh.com
https://www.dienmayxanh.com/vao-bep/cong-thuc-thit-kho-cu-cai-kho-ngon-quen-loi-ve-cho-bua-com-23472,Món Kho,Công thức thịt kho củ cải khô ngon quên lối về cho bữa cơm gia đình đậm vị,"Nhắc đến những món ăn dân dã, không thể bỏ qua hương vị đậm đà củamón kho. Hôm nay, hãy cùngvào bếpthực hiện thịt kho củ cải khô - món ăn kết hợp vị béo mềm của thịt ba chỉ và vị mằn mặn, giòn giòn của củ cải khô, mang đến cảm giác ngon miệng khó quên.",,25 phút + 40 phút,Cho 4 - 6 người,,4,"['Thịt ba chỉ heo - 1 kg', 'Củ cải khô - 100 gr', 'Gia vị thông dụng - 1 ít ((đường/ bột canh/ mì chính/ nước mắm))', 'Hành lá - 1 ít ((tùy ý))']","['Bước 1 - Sơ chế củ cải khô giòn ngọt: Củ cải khô đem ngâm với nước trong khoảng 30 phút cho mềm. Sau khi củ cải đã mềm, rửa lại thật sạch với nước nhiều lần để loại bỏ bụi bẩn. Dùng tay vắt thật ráo nước rồi cắt thành các khúc vừa ăn, dài khoảng 7cm.', 'Bước 2 - Sơ chế và ướp thịt ba chỉ đậm đà: Thịt ba chỉ mua về rửa sạch, thái thành những miếng to, dày khoảng 3 - 4cm để khi kho không bị nát. Đun một nồi nước sôi rồi cho thịt vào chần sơ qua khoảng 2 - 3 phút để loại bỏ tạp chất và mùi hôi. Vớt thịt ra, rửa lại một lần nữa với nước sạch và để ráo hoàn toàn. Ướp thịt với 2 thìa canh bột canh và một ít mì chính, trộn đều và để khoảng 15 - 20 phút cho thịt ngấm gia vị.', 'Bước 3 - Thắng nước màu và kho thịt ba chỉ: Cho 3 thìa canh đường vào nồi, đun ở lửa vừa cho đến khi đường tan chảy và chuyển sang màu cánh gián đẹp mắt. Cho phần thịt đã ướp vào nồi, đảo đều cho thịt săn lại và thấm màu. Thêm nước lọc sao cho xâm xấp mặt thịt. Đun sôi rồi hạ nhỏ lửa, kho liu riu trong khoảng 20 phút để thịt bắt đầu mềm. Sau 20 phút, cho phần củ cải khô đã sơ chế vào nồi thịt, đảo đều. Tiếp tục kho cho đến khi nước trong nồi gần cạn thì cho thêm 1 thìa canh đường vào, đảo nhẹ. Nếu thích ăn mặn thì bạn có thể cho thêm 1 muỗng canh nước mắm vào. Kho thêm vài phút nữa cho đến khi phần nước sốt sệt lại, thịt chín mềm và củ cải giòn ngọt thì tắt bếp.', 'Bước 4 - Thành phẩm: Món thịt kho củ cải khô hoàn thành có màu sắc cánh gián hấp dẫn, thịt mềm thấm vị, củ cải giòn dai ngọt tự nhiên. Bạn có thể múc ra đĩa và thưởng thức cùng cơm nóng.']","['Bạn có thể sử dụngnồi nhôm men sứ chống dính nắp kính 24 cm Elmich Hera II EL-5203GY24để chế biến món thịt kho củ cải khô thơm ngon. Chiếc nồi này sẽ giúp món ăn của bạn chín đều và giữ trọn hương vị.Nồi Elmichđược làm từ hợp kim nhôm cao cấp, phủ men sứ chống dính bền bỉ, giúp bạn kho thịt không lo cháy dính.Thiết kế nắp kính tiện lợi cho phép bạn dễ dàng quan sát quá trình kho mà không cần mở nắp, giữ nhiệt hiệu quả.Đáy nồi phẳng, hấp thụ nhiệt nhanh và tỏa đều, giúp thịt và củ cải chín mềm, thấm vị nhanh chóng.Nồi nhôm men sứ chống dính Elmich Hera II EL-5203GY24450.000₫815.000₫-44%Xem chi tiết', 'Vắt thật ráo nước sẽ giúp củ cải giòn hơn khi kho và dễ thấm gia vị.', 'Xem thêm:Cách làm củ cải khô trộn mặn ngọt thơm ngon, lạ miệng cho bữa cơmCách làm thịt kho ruốc sả thơm lừng nức mũi, đậm đà ăn hao cơm với nồi gangCách làm thịt kho rệu miền Tây lên màu vàng nâu đẹp mắt bằng nồi nhôm']",,dienmayxanh.com
https://www.dienmayxanh.com/vao-bep/cach-lam-thit-soc-gia-cay-khong-hoi-tai-nha-sieu-dam-da-23452,Món Kho,Cách làm thịt sóc giả cầy không hôi tại nhà siêu đậm đà,"Bạn đang tìm cách nấu thịt sóc giả cầy đậm đà, thơm lừng mà không lo mùi hôi?Vào bếpcùng tôi khám phá bí quyết biếnmón khonày thành đặc sản. Đảm bảo món thịt sóc giả cầy của bạn sẽ khiến cả nhà trầm trồ!",,30 phút + 1 giờ,Cho 3-4 người,,6,"['Sóc - 4 con ((khoảng 1 - 1.2 kg thịt))', 'Mắm tôm - 2 muỗng canh', 'Riềng - 1 ít', 'Sả - 1 ít', 'Mẻ - 1 muỗng canh', 'Gia vị thông dụng - 1 ít ((đường/muối/bột ngọt/tiêu/ớt))']","['Bước 1 - Sơ chế thịt sóc và khử mùi hôi hiệu quả: Sóc sau khi mua về, bạn làm sạch lông, mổ bụng, bỏ nội tạng. Để loại bỏ mùi hôi đặc trưng của sóc và giúp thịt thơm ngon hơn, bạn có thể thui sơ qua lửa (dùng bếp ga hoặc đèn khò) cho đến khi da sóc chuyển màu vàng xém và có mùi thơm nhẹ. Sau khi thui, cạo sạch phần cháy đen, rửa lại thật kỹ với nước sạch và một chút rượu trắng hoặc gừng đập dập để khử mùi hoàn toàn. Chặt sóc thành từng miếng vừa ăn.', 'Bước 2 - Ướp thịt sóc nấu giả cầy đậm đà: Riềng, sả bóc vỏ, rửa sạch rồi băm nhỏ. Mẻ lọc qua rây để lấy nước cốt. Cho thịt sóc đã chặt vào tô lớn. Thêm riềng, sả băm, nước mẻ, 2 muỗng canh mắm tôm, 1 muỗng cà phê đường, 1/2 muỗng cà phê bột ngọt, 1/2 muỗng cà phê tiêu và một ít ớt (nếu thích cay). Trộn đều tất cả các nguyên liệu, dùng tay bóp nhẹ để gia vị thấm sâu vào thịt. Ướp thịt trong khoảng 30 phút để thịt ngấm gia vị.', 'Bước 3 - Chế biến món thịt sóc giả cầy thơm ngon: Đặt chảo lên bếp ga, bật lửa vừa. Cho một ít dầu ăn vào, phi thơm phần riềng sả còn lại. Khi riềng sả đã thơm vàng, cho thịt sóc đã ướp vào xào săn. Đảo đều tay cho thịt săn lại và ngấm gia vị. Sau khi thịt đã săn, bạn đổ thêm một lượng nước sôi vừa đủ xâm xấp mặt thịt. Đun sôi rồi hạ nhỏ lửa, đậy nắp và hầm thịt sóc cho đến khi thịt mềm nhừ. Thỉnh thoảng kiểm tra và đảo đều để thịt chín đều. Nêm nếm lại gia vị cho vừa ăn. Món giả cầy thường có vị đậm đà, hơi cay và thơm mùi riềng mẻ mắm tôm đặc trưng.', 'Bước 4 - Thành phẩm: Món thịt sóc nấu giả cầy sau khi hoàn thành sẽ có màu vàng nâu đẹp mắt, thịt mềm nhừ nhưng vẫn giữ được độ dai nhẹ, thơm lừng mùi riềng, sả, mắm tôm và mẻ. Hương vị đậm đà, cay nhẹ, rất thích hợp để ăn kèm cơm nóng hoặc bún.']","['Để món thịt sóc nấu giả cầy của bạn thêm phần hoàn hảo, một chiếc bếp ga chất lượng là không thể thiếu.Bếp ga đơn Sunhouse SHB212KGsẽ là trợ thủ đắc lực cho mọi món ăn ngon.Với thiết kế nhỏ gọn,bếp ga Sunhousedễ dàng lắp đặt và phù hợp với mọi không gian bếp. Mặt bếp làm từ kính cường lực cao cấp, chịu nhiệt tốt và dễ dàng vệ sinh sau mỗi lần nấu nướng.Hệ thống đánh lửa Magneto tiên tiến giúp bật bếp nhanh chóng và an toàn. Đầu đốt bằng đồng thau bền bỉ, cho ngọn lửa xanh đều, tiết kiệm ga hiệu quả, giúp món ăn chín đều và giữ trọn hương vị.Núm vặn điều khiển linh hoạt giúp bạn dễ dàng điều chỉnh nhiệt độ, từ lửa nhỏ liu riu cho món kho đến lửa lớn để xào nhanh. Chân đế chống trượt đảm bảo bếp luôn vững chắc trong quá trình sử dụng.Bếp ga đơn Sunhouse SHB212KGOnline giá rẻ quá480.000₫540.000₫-11%Xem chi tiết', 'Xem thêm:Cách nấu ngan giả cầy mềm ngon theo hương vị miền Bắc với nồi inoxCách nấu thịt thỏ giả cầy thơm ngon, đưa cơm đơn giản tại nhàCách làm giò heo giả cầy lạ miệng, thơm lừng cực đơn giản']",,dienmayxanh.com
https://www.dienmayxanh.com/vao-bep/cach-lam-suon-rim-nuoc-mam-dam-da-ngon-mieng-de-lam-tai-nha-10314,Món Kho,Cách làm sườn rim nước mắm đậm đà ngon miệng dễ làm tại nhà,"Nếu bạn đang băn khoăn không biết nấu món gì cho bữa cơm thì món sườn rim nước mắm sẽ là một lựa chọn cực hấp dẫn, mang hương vị đậm đà và dễ làm.Vào bếpcùng Điện máy XANH thực hiệnmón khothơm ngon này nhé!",,15 phút + 40 phút,Cho 4 người,,9,"['Sườn non - 500 gr', 'Tỏi - 3 tép', 'Ớt hiểm - 1 trái', 'Hành tím - 1 củ', 'Tương ớt - 1 muỗng cà phê', 'Nước mắm - 3 muỗng canh', 'Đường cát vàng - 3 muỗng canh', 'Dầu ăn - 2 muỗng canh', 'Gia vị thông dụng - 1 ít ((muối/ tiêu/ hạt nêm))']","['Bước 1 - Sơ chế sườn: Để sơ chế sườn sạch và bớt mùi hôi, bạn đem chặt sườn thành các miếng nhỏ vừa ăn, đem chần sườn qua nước sôi trong khoảng 3 phút, sau đó rửa lại với vài lần nước sạch rồi để ráo. Cách sơ chế sườn sạch, khử mùi hôi Xem chi tiết:Cách khử mùi hôi sườn heo', 'Để khử mùi sườn heo, trước khi chế biến bạn chần sườn heo trong nước sôi khoảng 3 phút, sau đó rửa lại sườn với nước lạnh rồi mang đi chế biến tiếp, thịt sẽ không còn mùi hôi nữa và thức ăn sẽ thơm ngon hơn.', 'Ngoài ra, bạn cũng có thể sử dụng giấm hoặc chanh, rượu thoa đều lên miếng sườn khoảng 5 phút rồi đem rửa sạch lại.', 'Sử dụng hành tím, tỏi để ướp sườn cũng là cách khử mùi hôi vô cùng hiệu quả lại đem đến hương vị thơm ngon cho món ăn.', 'Bước 2 - Sơ chế các nguyên liệu khác: Bạn cho tỏi, hành tím và ớt vào máy xay, sau đó xay nhuyễn hỗn hợp. Mách nhỏ:Nếu bạn không có sẵn máy xay thì bạn cũng có thể giã hoặc băm bằng tay đều được.', 'Bước 3 - Ướp sườn: Đem ướp sườn với 1/2 muỗng cà phê muối, 1 muỗng cà phê hạt nêm, 1 muỗng canh nước mắm, 1/2 muỗng canh hỗn hợp xay nhuyễn, 1 muỗng canh đường cát vàng, sau đó trộn đều rồi để sườn thấm gia vị trong 30 phút.', 'Bước 4 - Pha nước chấm: Cho vào chén các hỗn hợp gồm: 1 muỗng canh đường cát vàng, 2 muỗng canh nước mắm, 1/2 muỗng cà phê hạt nêm, 2 muỗng canh nước lọc, 1/3 muỗng cà phê tiêu, 1 muỗng cà phêtương ớt, sau đó trộn đều.', 'Bước 5 - Rim sườn: Bắc nồi lên bếp và cho vào nồi 1 muỗng canh nước lọc, 1 muỗng canh đường cát vàng, 2 muỗng canh dầu ăn, sau đó đun nấu đến khi hỗn hợp sôi và chuyển sang màu nâu cánh gián, bạn sẽ có được nước màu. Mách nhỏ:Bạn cũng có thể mua nước màu bán sẵn để tiết kiệm thời gian, bạn có thể tìm mua nước màu được bán sẵn tạibachhoaxanh.com Bật lửa vừa và cho 1 muỗng canh hỗn hợp xay nhuyễn vào nồi và phi thơm hỗn hợp, sau đó cho sườn vào rồi chỉnh lửa lớn, đảo đều trong khoảng 3 - 4 phút cho sốt thấm đều thịt. Chỉnh lửa nhỏ và đậy nắp nồi lại, kho sườn đến khi sườn chín mềm thì chỉnh lửa lớn, nấu đến khi nước trong nồi cạn lại. Mở nắp nồi, tiếp tục cho vào 1 muỗng canh tỏi, ớt và hành tím băm và nước chấm đã pha vào, hạ lửa trung bình rồi đậy nắp nồi lại, rim sườn trong khoảng 10 - 15 phút đến khi nước sốt cạn sệt lại thì tắt bếp, bày ra dĩa.', 'Bước 6 - Thành phẩm: Sườn rim nước mắm hứa hẹn sẽ gây ghiền từ cái nhìn đầu tiên bởi vẻ ngoài bắt mắt và óng ánh của phần nước sốt bên ngoài. Khi cắn vào bạn sẽ cảm nhận được vị ngọt mềm và đậm đà của thịt cùng với hương thơm của hành tỏi và vị the cay của ớt. Hãy ăn sườn rim cùng cơm nóng, cà chua hoặc dưa leo, đồng thời chan ít nước sốt vào để món ăn được thưởng thức một cách trọn vẹn nhé!']","['Xem chi tiết:Cách chọn mua sườn heo tươi ngon, an toàn', 'Cách sơ chế sườn sạch, khử mùi hôiĐể khử mùi sườn heo, trước khi chế biến bạn chần sườn heo trong nước sôi khoảng 3 phút, sau đó rửa lại sườn với nước lạnh rồi mang đi chế biến tiếp, thịt sẽ không còn mùi hôi nữa và thức ăn sẽ thơm ngon hơn.Ngoài ra, bạn cũng có thể sử dụng giấm hoặc chanh, rượu thoa đều lên miếng sườn khoảng 5 phút rồi đem rửa sạch lại.Sử dụng hành tím, tỏi để ướp sườn cũng là cách khử mùi hôi vô cùng hiệu quả lại đem đến hương vị thơm ngon cho món ăn.Xem chi tiết:Cách khử mùi hôi sườn heo', 'Nếu bạn không có sẵn máy xay thì bạn cũng có thể giã hoặc băm bằng tay đều được.', 'Bạn cũng có thể mua nước màu bán sẵn để tiết kiệm thời gian, bạn có thể tìm mua nước màu được bán sẵn tạibachhoaxanh.com', 'Xem thêm:Cách làm sườn rim nước dừa mềm ngon thơm béo dễ làm cho bữa cơmCách làm sườn rim mặn ngọt ngon đậm đà cực hao cơm đơn giản tại nhà2 cách làm sườn rim mắm tỏi và sả ớt đậm đà ngon miệng dễ làm']",,dienmayxanh.com
https://www.dienmayxanh.com/vao-bep/cach-lam-ca-loc-kho-tieu-dam-da-chac-thit-keo-nuoc-bat-com-vo-10657,Món Kho,Cách làm cá lóc kho tiêu đậm đà chắc thịt kẹo nước bắt cơm vô cùng,Đậm đà hương vị như chính tình thương của bạn dành cho gia đình qua món cá lóc kho tiêu quen thuộc nhưng luôn luôn là món ăn hấp dẫn trong mâm cơm mỗi gia đình. Bạn hãy cùngvào bếpvới Điện máy XANH thực hiệnmón khonày nhé!,,15 phút + 30 phút,Cho 4 người,,5,"['Cá lóc - 700 gr', 'Ớt sừng - 1 quả', 'Nước mắm - 3 muỗng canh', 'Dầu ăn - 3 muỗng canh', 'Gia vị thông dụng - 1 ít ((tiêu xay/ bột ngọt/ đường/ muối))']","['Bước 1 - Sơ chế nguyên liệu: Với 700gr cá lóc sau khi mua về, bạn đánh sạch vảy, cắt bỏ vay và loại bỏ phần nội tạng bên trong, sau đó rửa sạch, để ráo rồi cắt thành từng khúc dày khoảng 1 đốt ngón tay. Cách sơ chế cá lóc sạch, không tanh: Với 1 quả ớt sừng, bạn rửa sạch, nhặt bỏ cuống lá rồi tiến hành cắt thành từng lát mỏng.', 'Cách 1:Bạn dùng muối để chà xát lên cả trong lẫn ngoài thân cá khoảng 3 phút, sau đó rửa sạch lại với nước và để ráo rồi thực hiện các bước chế biến tiếp theo như bình thường.', 'Cách 2:Bạn cho cá vào ngâm trong nước cốt chanh pha loãng cùng nước ấm trong khoảng 5 phút, kết hợp mát xa lên thân cá, sau đó rửa lại với nước sẽ giúp khử mùi tanh cá hiệu quả.', 'Cách 3:Ngâm cá trong nước vo gạo cũng sẽ giúp cá bớt mùi hôi tanh, bạn chỉ cần ngâm trong 20 phút, sau đó rửa sạch lại cá dưới vòi nước chảy mạnh nhé!', 'Bước 2 - Ướp cá: Cho cá vàotôcùng 3muỗngcanh nước mắm, 1 muỗng canh đường, 1 muỗng cà phê bột ngọt, 1 muỗng cà phê muối, 2 muỗng cà phê tiêu xay, 1 muỗng canh dầu ăn, bạn trộn đều ướp trong khoảng 30 - 40 phút để cá thấm gia vị.', 'Bước 3 - Kho cá: Đầu tiên, mình sẽ tự làm nước màu để cá kho có màu đẹp và mùi vị ngon hơn. Bắcnồilênbếp, cho vào 2 muỗng canh dầu ăn, 1 muỗng canh đường, để lửa vừa cho đường tan dần. Sau đó, bạn dùngđũakhuấy đều cho đường tan hết, tiếp tục đun cho đến khi đường chuyển sang màu nâu cánh gián là được. Mách nhỏ:Ngoài cách làm nước màu như trên, bạn có thể tham khảo thêm cách làm nước màu do Điện máy XANH chia sẻ để dùng dần nhé. Xem chi tiết:Cách làm nước màu - nước hàng cho món kho Khi nước màu đã làm xong, bạn cho phần cá đã ướp vào nồi và đảo đều trong 3 phút cho cá săn lại. Tiếp theo, cho khoảng 1.5chénnước (chén ăn cơm) vào nồi vừa đủ ngập mặt cá, bật lửa lớn và nấu đến khi nước sôi lại. Lúc này, bạn đậy nắp, vặn lửa vừa và kho cá trong khoảng 20 - 30 phút. Sau đó, mở nắp rồi nêm nếm lại gia vị cho vừa ăn, tiếp tục kho cho đến khi gần cạn bớt nước thì cho ớt sừng cắt lát và tiêu xay vào rồi tắt bếp.', 'Bước 4 - Thành phẩm: Vậy là món cá lóc kho tiêu đã hoàn thành. Khi ăn, bạn sẽ cảm nhận được mùi thơm của cá, thịt cá săn chắc và hương vị đậm đà của cá ngấm đều gia vị xen lẫn vị cay nồng của tiêu và ớt. Cá lóc kho tiêu sẽ ngon hơn khi dùng lúc còn nóng, ăn kèm với cơm trắng hoặc cháo. Khi ăn với cơm, bạn có thể dùng kèm với rau sống, dưa leo hoặc rau luộc cũng ngon.']","['Xem chi tiết:Cách chọn mua cá lóc tươi ngon', 'Cách sơ chế cá lóc sạch, không tanh:Cách 1:Bạn dùng muối để chà xát lên cả trong lẫn ngoài thân cá khoảng 3 phút, sau đó rửa sạch lại với nước và để ráo rồi thực hiện các bước chế biến tiếp theo như bình thường.Cách 2:Bạn cho cá vào ngâm trong nước cốt chanh pha loãng cùng nước ấm trong khoảng 5 phút, kết hợp mát xa lên thân cá, sau đó rửa lại với nước sẽ giúp khử mùi tanh cá hiệu quả.Cách 3:Ngâm cá trong nước vo gạo cũng sẽ giúp cá bớt mùi hôi tanh, bạn chỉ cần ngâm trong 20 phút, sau đó rửa sạch lại cá dưới vòi nước chảy mạnh nhé!', 'Ngoài cách làm nước màu như trên, bạn có thể tham khảo thêm cách làm nước màu do Điện máy XANH chia sẻ để dùng dần nhé.Xem chi tiết:Cách làm nước màu - nước hàng cho món kho', 'Xem thêm:Cách làm cá lóc kho bầu đậm đà ngon ngọt, đơn giản tại nhàCách nấu cá quả (cá lóc) kho riềng đậm đà, thơm ngon2 cách làm khô cá lóc sốt me và sốt bơ tỏi thơm ngon dễ làm tại nhà']",,dienmayxanh.com
https://www.dienmayxanh.com/vao-bep/cach-lam-ga-kho-mang-dam-da-hap-dan-doi-vi-cho-bua-com-gia-09783,Món Kho,"2 cách làm gà kho măng thơm ngon, bắt vị cho bữa cơm thêm sum vầy","Nếu bạn đã trót đem lòng mê đắm hương vị thơm ngon của cácmón ngon từ gàthì hôm nay hãy nhanh tay bỏ túi thêm 2 cách làm gà kho măng hấp dẫn, đơn giản giúp bữa cơm trở nên thú vị hơn nhé! Nào cùng bắt tayvào bếpvới Điện máy XANH thực hiệnmón khotuyệt vời ấy thôi nào!",,30 phút + 40 phút + 15 phút + 15 phút,Cho 4 người,,8,"['Thịt gà - 700 gr', 'Măng tươi - 500 gr', 'Hành lá - 2 nhánh', 'Ớt sừng - 1 trái', 'Tỏi - 5 tép', 'Nước mắm - 2.5 muỗng canh', 'Dầu ăn - 5 muỗng canh', 'Gia vị thông dụng - 1 ít ((Hạt nêm/ muối/ đường/ bột ngọt))']","['Bước 1 - Sơ chế và ướp thịt gà: Đầu tiên, với 700gr thịt gà mua về bạn lấy ít muối chà xát lên toàn bộ bề mặt thịt 3 phút, rồi đem rửa lại vài lần với nước sạch, để ráo, dùng dao cắt thành các khúc vừa ăn. Kế đến, bạn cho phần thịt gà vừa sơ chế ra tô cùng 1 muỗng canh hạt nêm và 1/2 muỗng cà phê bột ngọt, dùng muỗng trộn đều rồi để thịt gà được thấm gia vị trong vòng 5 - 10 phút.', 'Bước 2 - Sơ chế các nguyên liệu khác: Với 500gr măng tươi mua về bạn gọt vỏ, rửa sơ với nước cho sạch, để ráo, rồi dùng dao cắt khúc vừa ăn. Hành lá bạn bỏ rễ, rửa trực tiếp dưới vòi nước cho sạch, để ráo, cắt nhuyễn. Còn tỏi bạn lột vỏ, băm nhuyễn là được. Ớt sừng thì bỏ cuống, cắt xéo mỏng. Đồng thời, bạn bắc nồi lên bếp cùng 700ml nước và 1 muỗng cà phê muối, tiến hành đun sôi với lửa lớn. Kế đến, bạn cho toàn bộ phần măng tươi vừa cắt vào, chần sơ khoảng 3 - 4 phút. Thấy nước sôi trở lại bạn tắt bếp, rồi vớt ra tô nước lạnh ngâm khoảng 2 phút, rửa lại lần nữa cho sạch thì để ráo. Cách sơ chế măng đúng cách', 'Sau khi măng đã gọt vỏ, cắt đôi thì đem đi luộc với nước nóng, sau đó cho vào nước vo gạo ngâm trong 12 tiếng hoặc để qua đêm sẽ giúp khử nhựa đắng của măng và giữ cho măng được độ trắng, giòn.', 'Bóc vỏ, ngâm măng với nước vôi trong khoảng 30 phút sau đó cho vào nồi luộc 2 - 3 lần cho tới khi nước trong nồi trong, không còn đục của nước vôi trong thì mang măng đi chế biến.', 'Luộc măng với bồ ngót, khi măng đã chín thì chắt hết nước đi, bỏ lá bồ ngót, đổ nước lạnh vào rửa sạch sau đó xả lại với nước là có thể mang đi chế biến.', 'Bước 3 - Kho gà: Chuẩn bị nguyên liệu xong, bạn bắc chảo lên bếp cùng 3 muỗng canh dầu ăn đun với lửa vừa. Dầu lăn tăn sôi bạn cho phần gà đã ướp vào chiên khoảng 5 - 7 phút. Thấy thịt gà săn lại thì bạn tắt bếp, cho gà ra dĩa. Cũng với chảo đó, bạn tiếp tục cho 1/2 số tỏi băm vào phi thơm. Sau đó, bạn thêm toàn bộ phần măng đã ráo, 1 muỗng cà phê hạt nêm và 1/2 muỗng cà phê bột ngọt vào, dùng đũa đảo đều 5 phút. Khi măng thấm đều gia vị thì bạn tắt bếp, cho măng ra dĩa. Kế đến, bạn bắc nồi khác lên bếp cùng 2 muỗng canh dầu ăn và 1/2 muỗng canh đường vào, tiến hành đun với lửa nhỏ khoảng 2 - 3 phút. Thấy đường tan và cũng chuyển sang màu vàng cánh gián thì bạn cho phần thịt gà đã chiên sơ vào, tăng lên lửa vừa, rồi dùng đũa đảo đều 2 phút. Sau đó, bạn thêm phần măng tươi vào, tiếp tục xào đều 2 phút, rồi bạn nêm 2.5 muỗng canh nước mắm, 1 muỗng cà phê hạt nêm và 1/2 muỗng cà phê bột ngọt vào, đảo đều rồi thêm 1 chén nước lọc (loại chén ăn cơm) vào, tiến hành kho với lửa nhỏ khoảng 20 - 30 phút. Đến khi phần nước đã cạn dần thì bạn nêm nếm gia vị vừa ăn, thêm nốt phần tỏi băm còn lại, hành lá và ớt sừng vào nữa thì tắt bếp, thưởng thức ngay thôi!', 'Bước 4 - Thành phẩm: Gà kho măng tươi có màu sắc từ các nguyên liệu thật bắt mắt, vừa nhìn vào đã phải lập tức bị lôi cuốn ngay rồi! Đã thế, khi thưởng thức bạn sẽ cảm nhận được từng thớ thịt gà săn chắc, mềm mềm, đậm vị quyện cùng măng tươi hấp dẫn, thêm chút hương thơm thoang thoảng nhè nhẹ từ hành lá, tỏi nữa quả là thích mê lắm đấy!']","['Xem chi tiết:Cách chọn mua thịt gà tươi ngon', 'Xem chi tiết:Cách chọn mua măng khô ngon, chất lượng', 'Cách sơ chế măng đúng cáchSau khi măng đã gọt vỏ, cắt đôi thì đem đi luộc với nước nóng, sau đó cho vào nước vo gạo ngâm trong 12 tiếng hoặc để qua đêm sẽ giúp khử nhựa đắng của măng và giữ cho măng được độ trắng, giòn.Bóc vỏ, ngâm măng với nước vôi trong khoảng 30 phút sau đó cho vào nồi luộc 2 - 3 lần cho tới khi nước trong nồi trong, không còn đục của nước vôi trong thì mang măng đi chế biến.Luộc măng với bồ ngót, khi măng đã chín thì chắt hết nước đi, bỏ lá bồ ngót, đổ nước lạnh vào rửa sạch sau đó xả lại với nước là có thể mang đi chế biến.', 'Ngoài ra, nếu lo sợ khi thắng nước đường không đúng cách sẽ ảnh hưởng đến hương vị của món ăn, bạn có thể sử dụng thay thế bằngnước màu dừacũng được nhé!', 'Mẹo sơ chế thịt gà hiệu quảCách 1:Bạn có thể sử dụng nước cốt chanh pha loãng cùng muối, rồi tiến hành chà xát lên phần thịt gà vài phút là được.Cách 2:Ngoài ra, bạn cũng có thể dùng hỗn hợpgiấmpha loãng cùng muối rồi thực hiện cách thức khử mùi giống hệt như trên nhé!Xem chi tiết:Mẹo sơ chế thịt gà hiệu quả', 'Để loại bỏ các chất không tốt của măng khô, cứ cách vài tiếng thì bạn nên thay nước 1 lần nhé!', 'Xem thêm:Cách làm gà nấu măng tươi hấp dẫn thơm ngon quên lối về đơn giản tại nhàCách làm thịt gà xào măng tươi thơm ngon, giòn ngọt, đậm đà hương vịCách làm món gà nấu măng khô giòn ngon hấp dẫn cực dễ tại nhà']",,dienmayxanh.com
https://www.dienmayxanh.com/vao-bep/cong-thuc-thit-bo-om-dua-chua-ngot-dam-da-chuan-vi-va-vo-cung-23406,Món Kho,"Công thức thịt bò om dưa chua ngọt đậm đà, chuẩn vị và vô cùng đưa cơm","Món thịt bò om dưa chua đậm đà, thơm lừng là lựa chọn hoàn hảo cho bữa cơm gia đình. Trong chuyên mụcVào bếphôm nay, cùng khám phá cách làm bò om dưa mềm tan, dưa cải giòn sần sật, chuẩn vị. Đảm bảomón khonày ai cũng mê!",,25 phút + 45 phút,Cho 3 - 4 người,,11,"['Thịt bò - 700 gr', 'Dưa cải chua - 400 gr', 'Cà chua - 4 quả', 'Hành tây - 1 củ', 'Rau mùi/ hành lá - 1 ít', 'Hành tím - 2 củ', 'Tỏi - 2 tép', 'Ớt tươi - 2 trái', 'Gừng - 1 nhánh', 'Bột gia vị kho bò - 1 gói', 'Gia vị thông dụng - 1 ít ((hạt nêm/ bột ngọt/ dầu ăn/ đường...))']","['Bước 1 - Sơ chế thịt bò: Thịt bò mua về rửa sạch, thái miếng vuông vừa ăn. Để khử mùi hôi và làm sạch thịt, bạn đun sôi một nồi nước có đập dập vài lát gừng. Cho thịt bò vào chần sơ qua khoảng 2 - 3 phút cho đến khi thịt săn lại và nổi bọt bẩn. Vớt thịt bò ra, rửa lại thật kỹ với nước sạch rồi để vào rổ cho ráo nước.', 'Bước 2 - Xào thịt bò đậm đà: Bắc một chiếc nồi lớn lên bếp, cho một ít dầu ăn vào. Khi dầu nóng, cho hỗn hợp gừng, tỏi, hành khô đã băm nhỏ vào phi cho thật thơm. Cho phần thịt bò đã ráo nước vào nồi và xào cho thịt săn lại. Nêm vào nồi một ít hạt nêm, sau đó cho toàn bộ gói bột gia vị kho bò vào. Dùng đũa đảo đều tay cho gia vị áo đều lên từng miếng thịt. Khi thịt đã ngấm gia vị và lên màu đẹp, bạn đổ nước vào nồi sao cho ngập mặt thịt. Đậy nắp lại và bắt đầu hầm thịt. Hầm ở lửa nhỏ trong khoảng 45 - 60 phút (hoặc lâu hơn tùy độ dai của thịt) cho đến khi thịt bò chín mềm.', 'Bước 3 - Chuẩn bị dưa chua và cà chua: Trong lúc chờ hầm thịt bò, bạn bắc một chiếc chảo lớn lên bếp. Cho một ít dầu ăn và phi thơm hành, tỏi, gừng băm. Cho dưa cải muối chua (đã rửa qua cho bớt mặn nếu cần) vào xào cho săn lại và dậy mùi thơm. Nêm một chút đường để cân bằng vị chua gắt của dưa. Gạt dưa sang một bên chảo, cho cà chua đã thái múi cau vào phần chảo còn trống để xào. Dằm nhẹ cho cà chua mềm và ra nước màu. Khi cà chua đã nhuyễn, bạn trộn đều tất cả với dưa chua trên chảo.', 'Bước 4 - Hoàn thành món bò om dưa chua: Khi nồi thịt bò đã được hầm mềm, bạn trút toàn bộ phần dưa chua và cà chua đã xào ở Bước 3 vào nồi. Đảo đều, đậy nắp và tiếp tục đun sôi ở lửa nhỏ thêm khoảng 10 - 15 phút nữa để các hương vị hòa quyện vào nhau. Lúc này, bạn nêm nếm lại gia vị lần cuối cho vừa ăn, có thể thêm mì chính (bột ngọt) nếu thích. Trước khi tắt bếp khoảng 2 phút, cho hành tây đã thái múi cau vào, đảo nhẹ. Hành tây chín tái sẽ giữ được độ giòn ngọt. Cuối cùng, cho hành lá và rau mùi đã cắt nhỏ vào, đảo đều rồi tắt bếp.', 'Bước 5 - Thành phẩm: Món bò kho dưa chua đã hoàn thành. Múc ra bát tô, trang trí thêm vài cọng rau mùi lên trên và thưởng thức nóng cùng với cơm trắng hoặc bún đều rất ngon.']","['Để món bò om dưa thêm phần hoàn hảo, một chiếc nồi chất lượng là không thể thiếu. Hôm nay, mình giới thiệu đến các bạnnồi nhôm men sứ chống dính nắp kính 24 cm Elmich Hera II EL-5203GY24- trợ thủ đắc lực cho mọi căn bếp.Nồi Elmichnày được làm từ hợp kim nhôm cao cấp, phủ men sứ chống dính siêu bền, giúp bạn nấu ăn dễ dàng mà không lo cháy dính. Đặc biệt, lớp chống dính an toàn cho sức khỏe, không chứa PFOA.Thiết kế nắp kính trong suốt tiện lợi giúp bạn dễ dàng quan sát quá trình nấu mà không cần mở nắp, giữ nhiệt và hương vị món ăn tốt hơn. Tay cầm cách nhiệt chắc chắn, an toàn khi di chuyển.Với đường kính 24 cm, nồi phù hợp để chế biến các món om, kho, súp cho gia đình 3-5 người. Đáy nồi phẳng, truyền nhiệt nhanh và đều, giúp món ăn chín tới và giữ trọn dưỡng chất.Nồi nhôm men sứ chống dính Elmich Hera II EL-5203GY24450.000₫815.000₫-44%Xem chi tiết', 'Chần sơ thịt bò giúp loại bỏ tạp chất và mùi hôi, làm món bò om dưa thơm ngon hơn.', 'Hầm thịt bò ở lửa nhỏ giúp thịt mềm đều, không bị dai và giữ được độ ngọt tự nhiên.', 'Xào dưa chua riêng giúp dưa dậy mùi thơm và nêm nếm dễ hơn. Thêm đường để vị chua ngọt hài hòa.', 'Xem thêm:Cách làm món cải thảo xào thịt bò bóng đẹp với chảo chống dính hai quaiCách làm củ hũ dừa xào thịt bò giòn ngon hấp dẫn đậm đà bằng chảo nhôm lớnCách làm lá cách xào thịt bò mềm ngon, thơm phức chỉ bằng chảo chống dính']",,dienmayxanh.com
https://www.dienmayxanh.com/vao-bep/bi-quyet-lam-tom-rim-thit-ba-roi-dam-da-chuan-vi-com-nha-voi-23395,Món Kho,"Bí quyết làm tôm rim thịt ba rọi đậm đà, chuẩn vị cơm nhà với chảo sâu lòng","Món tôm rim thịt ba rọi đậm đà, thơm ngon luôn là lựa chọn hàng đầu cho bữa cơm gia đình.Vào bếpcùng Điện máy XANH khám phá cách làm tôm rim thịt ba rọi ngon chuẩn vị, đảm bảo ai cũng mê mẩnmón khonày ngay từ lần thử đầu tiên!",,30 phút + 25 phút,Cho 3 -  4 người,,6,"['Thịt ba rọi - 400 gr', 'Tôm - 200 gr', 'Tỏi - 3 tép', 'Hành tím - 2 củ', 'Hành lá - 1 ít', 'Gia vị thông dụng - 1 ít ((nước mắm/ bột nêm/ đường/ dầu ăn))']","['Bước 1 - Sơ chế nguyên liệu: Thịt ba rọi rửa sạch, thái miếng vuông vừa ăn. Tôm tươi rửa sạch, bỏ đầu (hoặc giữ lại tùy thích), lột vỏ (nếu muốn) và rút chỉ đen. Hành tím, tỏi bóc vỏ, băm nhỏ. Hành lá cắt bỏ gốc, rửa sạch, thái khúc vừa ăn.', 'Bước 2 - Ướp thịt ba rọi và tôm: Cho phần thịt ba rọi đã thái và tôm đã sơ chế sạch (bỏ đầu) vào một tô lớn. Ướp cùng 1 muỗng canh nước mắm và 1 muỗng canh bột nêm. Trộn đều các nguyên liệu, ướp trong 15 - 20 phút để gia vị thấm vào tôm và thịt. Sau đó, bạn tách riêng phần thịt và tôm ra hai tô khác nhau để tiện cho các bước chế biến tiếp theo.', 'Bước 3 - Thắng nước màu và rang thịt ba rọi: Đặt chảo lên bếp, cho 2 muỗng canh dầu ăn vào. Khi dầu nóng, cho 2 muỗng canh đường vào để thắng nước màu. Đảo đều tay cho đường tan chảy và chuyển sang màu cánh gián đẹp mắt. Khi nước màu đã đạt độ đẹp, cho phần thịt ba rọi đã ướp vào chảo, xào săn. Đảo đều để thịt thấm màu và săn lại. Tiếp theo, cho phần hành tím băm, tỏi băm và một ít gốc hành lá vào, đảo đều cho dậy mùi thơm.', 'Bước 4 - Rim tôm và hoàn thiện món ăn đậm đà: Khi thịt đã săn và dậy mùi thơm nức mũi, cho phần tôm đã ướp vào chảo. Đổ 100 ml nước lọc vào. Nêm thêm 1 muỗng canh bột nêm, 1/2 muỗng canh đường và 2 muỗng canh nước mắm. Đảo đều các nguyên liệu, hạ nhỏ lửa và rim cho đến khi nước sốt sệt lại, tôm và thịt chín đều, thấm vị đậm đà. Cuối cùng, rắc hành lá cắt khúc lên trên. Tắt bếp.', 'Bước 5 - Thành phẩm: Dọn món tôm rim thịt ba rọi ra đĩa. Món ăn có màu sắc đẹp mắt, hương thơm hấp dẫn, thịt ba chỉ mềm béo, tôm tươi ngọt, nước sốt đậm đà, rất bắt cơm.']","['Để món tôm rim thịt ba rọi thêm phần hoàn hảo, việc sử dụng một chiếc chảo chất lượng là điều không thể thiếu.Chảo nhôm sâu chống dính vân đá đáy từ 26 cm Inochi Omi Simple HIN.CHSL.VD26sẽ là trợ thủ đắc lực cho bạn.Chảo Inochiđược làm từ hợp kim nhôm cao cấp, giúp truyền nhiệt nhanh và đều, đảm bảo món ăn chín tới, giữ trọn hương vị.Lòng chảo phủ lớp chống dính vân đá bền bỉ, giúp bạn rim tôm thịt mà không lo cháy dính, dễ dàng vệ sinh sau khi nấu.Thiết kế đáy từ tiện lợi, phù hợp với mọi loại bếp, từ bếp gas đến bếp từ, mang lại sự linh hoạt tối đa cho căn bếp của bạn.Chảo nhôm sâu chống dính vân đá đáy từ Inochi Omi Simple HIN.CHSL.VD26Chỉ bán online330.000₫402.000₫-17%Xem chi tiết', 'Nếu bạn đã có sẵn nước màu dừa, có thể bỏ qua bước này để tiết kiệm thời gian nhé!', 'Xem thêm:Công thức chế biến súp lơ xào tôm ngon chuẩn nhà hàng tại gia với chảo nhômCách làm tôm chiên giòn sốt mayonnaise mù tạc siêu thơm ngonCách làm món tôm rim tỏi thơm lừng cực hao cơm với chảo sâu lòng chống dính']",,dienmayxanh.com
https://www.dienmayxanh.com/vao-bep/cach-lam-thit-heo-kho-rieng-me-don-gian-cho-gia-dinh-thom-17865,Món Kho,"Cách làm thịt heo kho riềng mẻ đơn giản cho gia đình, thơm ngon miễn bàn","Món kholà món ăn không thể thiếu trong mâm cơm gia đình Việt. Nếu bạn đã ngán với những món kho quen thuộc, vậy hãy cùng Điện máy XANH học ngay thịt heo kho riềng mẻ để đổi vị nhé. Cùngvào bếpthôi nào!",,30 phút + 30 phút,Cho 3 người,,11,"['Thịt heo - 400 gr ((ba rọi hoặc nạc dăm))', 'Mẻ - 2 muỗng canh', 'Riềng - 1 củ ((băm hoặc xay nhuyễn))', 'Sả - 2 cây', 'Tỏi - 2 tép ((băm nhuyễn))', 'Màu dừa - 1 muỗng cà phê', 'Mắm tôm - 1 muỗng canh', 'Hành lá - 1 ít ((cắt khúc dài bằng đốt ngón tay))', 'Hành tím - 2 củ ((băm nhuyễn))', 'Dầu ăn - 1 ít', 'Gia vị thông dụng - 1 ít ((hạt nêm/ đường/ tiêu xay))']","['Bước 1 - Sơ chế nguyên liệu: Đầu tiên, bạn lọc mẻ quarâycho mịn. Tiếp theo, rửa thịt heo, cắt thành miếng vừa ăn và cho vàotô. Sau đó, cho thêm vào tô: mẻ, 1muỗngcanh mắm tôm, 1/2 muỗng canh hạt nêm, 1 muỗng canh đường, 1 ít tiêu xay, 1 muỗng cà phê màu dừa. Trộn đều hỗn hợp thịt và ướp trong ngăn máttủ lạnhkhoảng 15 phút cho thấm gia vị.', 'Bước 2 - Kho thịt: Làm nóngchảotrênbếpcùng 1 ít dầu ăn, cho hành tím, tỏi, sả riềng đã băm nhuyễn vào phi thơm. Tiếp đến, cho phần thịt đã ướp vào đảo đều cho săn lại. Sau đó, kho với lửa nhỏ cho thịt chín hoàn toàn. Cuối cùng, cho hành lá cắt khúc vào là hoàn tất. Nếu bạn ăn cay thì có thể cho thêm ớt nhé.', 'Bước 3 - Thành phẩm: Thịt heo kho riềng mẻ ăn cùng cơm nóng rất ngon. Thịt chín tới có độ mềm, thấm đẫm gia vị, thơm mùi sả riềng cùng vị chua nhẹ của mẻ, rất kích thích vị giác. Chúc mọi người thành công.']","['Xem chi tiết:Cách chọn mua thịt lợn tươi ngon', 'Nếu là nội trợ bận rộn, bạn có thể mua thịt cá, rau củ, gia vị các loại mua ởBách Hoá Xanh onlinerất tiện lợi. Giao hàng nhanh chóng, đồ ăn tươi ngon, đóng gói chắc chắn.', 'Xem thêm:Tổng hợp 32 cách kho thịt ngon đơn giản dễ làm đậm đà hương vịCách làm thịt ba chỉ kho tiêu thơm ngon đậm đà dễ làm cho bữa cơmCách làm thịt kho sấu thơm ngon lạ miệng, bắt vị mà bạn nên thử']",,dienmayxanh.com
https://www.dienmayxanh.com/vao-bep/cach-lam-tep-kho-rim-man-ngot-dam-da-bat-com-bang-chao-inox-23387,Món Kho,Cách làm tép khô rim mặn ngọt đậm đà bắt cơm bằng chảo inox,"Tép khô rim mặn ngọt là món ăn dân dã nhưng lại cực kỳ ""hao cơm"" và cuốn hút.Vào bếpđể khám phá cách làm tép khô rim mặn ngọt thơm lừng, đậm đà vị mặn ngọt, giòn rụm.Món khonày chắc chắn sẽ làm phong phú thêm bữa cơm gia đình bạn!",,15 phút + 25 phút,Cho 500 gr tép khô,,10,"['Tép khô - 500 gr ((ruốc khô))', 'Hành tím - 1 củ', 'Tỏi - 4 tép', 'Ớt - 3 trái ((hoặc ớt khô))', 'Chanh - 1 trái', 'Hành lá - 1 ít', 'Đường - 4 muỗng canh', 'Nước mắm - 6 muỗng canh', 'Nước lọc - 3 muỗng canh', 'Dầu ăn - 1 ít']","['Bước 1 - Sơ chế tép khô và chuẩn bị nguyên liệu: Đầu tiên, bạn cho 500 gr tép khô (ruốc khô) vào tô, ngâm với nước khoảng 10-15 phút để loại bỏ bụi bẩn và tạp chất. Sau đó, vớt tép ra rổ, để ráo nước hoàn toàn. Hành tím, tỏi bóc vỏ, băm nhuyễn. Ớt (nếu dùng ớt tươi) rửa sạch, băm nhỏ. Hành lá rửa sạch, cắt khúc phần gốc và phần lá riêng. Chanh vắt lấy nước cốt, bỏ hạt.', 'Bước 2 - Chiên tép khô vàng giòn: Bắc chảo lên bếp, cho một lượng dầu ăn vừa đủ để chiên tép. Khi dầu nóng, cho tép khô đã ráo vào chiên vàng giòn. Bạn nên chiên từng mẻ nhỏ để tép được giòn đều và không bị dính vào nhau. Sau khi tép vàng giòn, vớt ra đĩa có lót giấy thấm dầu để loại bỏ bớt dầu thừa.', 'Bước 3 - Pha nước mắm rim đậm đà: Trong một cái tô khác, bạn cho 4 muỗng canh đường, 6 muỗng canh nước mắm và 3 muỗng canh nước lọc vào. Dùng muỗng khuấy đều cho đường tan hoàn toàn và các nguyên liệu hòa quyện vào nhau. Sau đó, cho nước cốt của 1 trái chanh vào (điều chỉnh lượng chanh tùy độ chua mong muốn và lượng nước của chanh). Cuối cùng, thêm tỏi băm và ớt băm (hoặc ớt khô) vào, trộn đều. Bạn có thể nếm thử và gia giảm gia vị cho hợp khẩu vị gia đình nhé.', 'Bước 4 - Rang tép khô mặn ngọt với nước mắm: Sử dụng lại chảo vừa chiên tép (chắt bớt dầu nếu còn nhiều), cho hành tím băm vào phi thơm cho đến khi vàng. Tiếp theo, cho tỏi băm vào phi cùng cho dậy mùi. Sau đó, cho phần gốc hành lá vào phi thơm. Khi các nguyên liệu đã thơm lừng, bạn cho tép khô đã chiên giòn vào, đảo đều khoảng 2 phút để tép ráo dầu và thơm hơn. Cuối cùng, từ từ đổ phần nước mắm tỏi ớt đã pha vào chảo. Hạ nhỏ lửa, đảo đều tay liên tục để tép thấm đều gia vị và nước mắm keo lại, bám đều vào từng con tép.', 'Bước 5 - Thêm hành lá và hoàn thành món tép khô rim mặn ngọt: Khi nước mắm đã keo lại và tép đã thấm đều, bạn cho phần hành lá đã cắt khúc vào, đảo nhanh tay thêm khoảng 30 giây rồi tắt bếp. Mùi thơm của tép khô rim mặn ngọt cùng hành lá xanh mướt sẽ lan tỏa khắp căn bếp.', 'Bước 6 - Thành phẩm: Món tép khô rim mặn ngọt đã hoàn thành với màu sắc bắt mắt, tép giòn rụm, thấm đẫm vị mặn ngọt hài hòa. Bạn có thể thưởng thức món này cùng cơm nóng, cuốn bánh tráng hoặc ăn kèm bún tươi đều rất ngon. Chúc bạn thành công với cách làm tép khô rim mặn ngọt này nhé!']","['Để món tép khô rim mặn ngọt được giòn ngon và thấm vị, việc sử dụng một chiếc chảo chất lượng là không thể thiếu.Chảo inox nguyên khối đáy từ 26 cm Elmich Trimax EL-2838IN26sẽ là trợ thủ đắc lực cho bạn.Chảo Elmichđược làm từ inox nguyên khối cao cấp, giúp truyền nhiệt nhanh và đều khắp bề mặt chảo, đảm bảo tép được chiên vàng giòn hoàn hảo.Đáy từ của chảo tương thích với mọi loại bếp, từ bếp gas, bếp hồng ngoại đến bếp từ, mang lại sự tiện lợi tối đa cho mọi gia đình.Với kích thước 26cm, chảo lý tưởng để chiên tép hoặc rim các món kho, giúp bạn dễ dàng thao tác mà không lo tép bị dính hay cháy.Chảo inox nguyên khối đáy từ Elmich Trimax EL-2838IN26420.000₫720.000₫-41%Xem chi tiết', 'Xem thêm:2 cách làm bắp xào tép khô thơm ngon đậm đà đơn giản dễ làm tại nhàCách làm ruốc tép khô dễ dàng nhanh chóng đơn giản tại nhàCách làm bắp xào tép khô, thơm béo chuẩn vị ăn là ghiền ngay thôi']",,dienmayxanh.com
https://www.dienmayxanh.com/vao-bep/cach-nau-ca-ngu-kho-thom-ca-chua-dam-da-hap-dan-cuc-bat-com-15534,Món Kho,Cách nấu cá ngừ kho thơm cà chua đậm đà hấp dẫn cực bắt cơm,"Nếu bạn đang băn khoăn không biết phải nấumón khongon cho cả nhà thưởng thức và đổi vị thì hãy để Điện máy XANH gợi ý cho bạn món cá ngừ kho thơm cà chua siêu ngon, bắt vị này nhé! Cùngvào bếpvà thực hiện ngay món ăn này nào!",,15 phút + 20 phút,Cho 4 người,,9,"['Cá ngừ - 500 gr', 'Thơm - 1/2 quả', 'Cà chua - 4 quả', 'Hành lá - 1 nhánh', 'Tỏi - 2 tép', 'Ớt - 1 trái', 'Dầu ăn - 120 ml', 'Nước mắm - 5 muỗng canh', 'Gia vị thông dụng - 1 ít ((bột ngọt/ hạt nêm/ đường/ tiêu))']","['Bước 1 - Sơ chế cá ngừ: Để khử đi mùi tanh của cá ngừ, sau khi sơ chế bạn dùng muối chà xát đều quanh cá ngừ rồi rửa lại với nước sạch và để ráo.', 'Bước 2 - Sơ chế các nguyên liệu khác: Cà chua mua về bạn rửa sạch với nước và cắt thành múi cau. Thơm để đơn giản bạn có thể mua thơm đã gọt ở siêu thị hoặc nhờ người bán gọt vỏ giúp, khi về nhà bạn chỉ cần rửa lại với nước rồi cắt theo đường gọt của quả thành các miếng nhỏ vừa ăn. Hành lá sau khi bỏ rễ, rửa sạch thì bạn dùngdaocắt nhỏ chúng ra. Ớt bạn chỉ cần cắt lát. Tỏi thì lột vỏ và băm nhỏ.', 'Bước 3 - Chiên sơ cá: Bắc chảo lênbếp gasau đó cho khoảng 100ml dầu ăn cùng 1/2 số tỏi đã băm nhỏ vào rồi phi thơm với lửa vừa khoảng 1 phút cho đến khi tỏi thơm. Bạn cho cá đã ráo nước vào và chiên khoảng 5 phút cho cá ngừ chín vàng cả 2 mặt thì bạn tắt bếp và gắp cá ra dĩa. Tiếp theo, bạn lấy một chiếcchảokhác to hơn rồi cho 20ml dầu ăn cùng 1/2 số tỏi băm nhỏ còn lại vào và phi đều khoảng 1 phút cho tới khi tỏi dậy mùi thơm thì bạn cho cà chua và thơm vào. Sau đó, xào qua xào lại cho tới khi cà chua và thơm săn lại thì bạn cho nước lọc (khoảng 300ml) vào đến khi ngập cà chua và thơm thì dừng lại.', 'Bước 4 - Kho cá ngừ với thơm và cà chua: Sau khi bạn nước ngập cà chua và thơm thì bạn gắp cá ngừ đã chiên vàng 2 mặt vào và kho với lửa vừa khoảng 3 phút cho đến khi nước kho sôi lên. Bạn cho 5 muỗng canh nước mắm, 2muỗngcanh đường, 1 muỗng canh bột ngọt và 1 muỗng canh hạt nêm vào rồi nấu tiếp tầm khoảng 10 - 15 phút với lửa liu riu để cá thấm đều gia vị. Cuối cùng bạn chỉ cần nêm nếm lại gia vị cho vừa ăn rồi tắt bếp. Múc món cá ngừ kho thơm cà chua của bạn radĩatrang trí thêm ít hành lá cắt nhỏ, ớt cắt lát và 1 ít xíu tiêu xay vào là có thể mời mọi người cùng thưởng thức rồi!', 'Bước 5 - Thành phẩm: Cá ngừ kho thơm cà chua sau khi hoàn tất sẽ có mùi thơm vô cùng hấp dẫn. Khi ăn ta sẽ cảm nhận được thịt cá mềm ngon, thấm vị kết hợp cùng cà chua và thơm có vị chua ngọt bắt vị. Hương thơm của tiêu xay và chút ớt làm món ăn the the. Chan nước kho cá vào cơm để ăn cùng nữa thì ngon bá cháy. Đảm bảo bạn và cả nhà sẽ không thể cưỡng lại!']","['Xem chi tiết:Cách chọn mua cá ngừ tươi ngon', 'Xem chi tiết:Cách chọn mua cà chua tươi ngon', 'Để nước kho được trong và hấp dẫn hơn, bạn nên thường xuyên vớt bọt (nếu có) nhé!', 'Xem thêm:Cách làm cá ngừ kho cải chua - dưa chua ngon, đậm vị cực bắt cơmCách kho cá ngừ kho tiêu ngon hết sẩy, thơm lừng cực đưa cơmCách nấu cá ngừ kho thơm đậm đà hấp dẫn, cực đơn giản']",,dienmayxanh.com
https://www.dienmayxanh.com/vao-bep/cach-lam-thit-xa-xiu-nguoi-hoa-thom-mem-chuan-vi-chi-voi-chao-23377,Món Kho,"Cách làm thịt xá xíu người Hoa thơm mềm, chuẩn vị chỉ với chảo chống dính","Bạn đang tìm cách làm thịt xá xíu người Hoa chuẩn vị ngay tại nhà? Đừng lo, Điện máy XANH sẽ hướng dẫn bạn món xá xíu quay chảo mềm thơm, đậm đà hương vị Quảng Đông. Cùngvào bếpvà khám phá bí quyết để cómón khongon như nhà hàng này nhé!",,1 giờ,Cho 6 - 8 người,,13,"['Thịt nạc dăm - 2 kg', 'Sốt xá xíu - 150 gr', 'Rượu mai quế lộ - 30 gr', 'Dầu hào - 20 gr', 'Tỏi và hành tím băm - 20 gr', 'Bơ đậu phộng - 50 gr', 'Dầu mè - 5 gr', 'Bột soda - 5 gr', 'Màu đỏ cam - 1 gr ((màu gạch tôm))', 'Bột sa cương - 3 gr', 'Bột cam thảo - 3 gr', 'Bột ngũ vị hương - 3 gr', 'Gia vị thông dụng - 1 ít ((nước tương/ muối/ đường/ bột ngọt/ tiêu xay/ dầu ăn))']","['Bước 1 - Sơ chế thịt heo và làm mềm thịt: Đầu tiên, bạn thái thịt nạc dăm thành các miếng dài, có độ dày đồng đều khoảng 3 - 4cm để khi quay thịt chín đều và đẹp mắt. Trong một bát lớn, hòa tan 5gr bột soda vào 400gr nước lọc. Đây là bí quyết giúp thịt mềm và có độ giòn nhẹ đặc trưng của món xá xíu. Cho thịt đã thái vào hỗn hợp nước bột soda và ngâm khoảng 20 phút. Sau 20 phút, vớt thịt ra và rửa sạch lại với nước lạnh để loại bỏ hoàn toàn bột soda, sau đó để ráo. Dùng dụng cụ xăm hoặc nĩa xăm đều các mặt của miếng thịt. Việc này giúp gia vị thấm sâu hơn vào từng thớ thịt, tạo nên món xá xíu đậm đà.', 'Bước 2 - Pha sốt ướp xá xíu đậm đà: Cho tất cả các nguyên liệu khô gồm: 20gr bột ngọt, 40gr đường, 20gr bột thịt gà, 2gr tiêu xay, 3gr bột sa cương, 3gr bột cam thảo, 3gr bột ngũ vị hương vào một bát lớn. Tiếp theo, thêm các nguyên liệu sốt ướp: 20gr nước tương (xì dầu), 30gr rượu mai quế lộ, 20gr dầu hào, 150gr sốt xá xíu, 20gr tỏi băm, 20gr hành tím băm, 50gr bơ đậu phộng. Đừng quên thêm 5gr dầu mè và 1gr màu đỏ cam (màu gạch tôm) để tạo nên màu đỏ xá xíu đặc trưng, hấp dẫn. Trộn thật đều tay cho đến khi tất cả các gia vị hòa quyện thành một hỗn hợp sốt sệt và mịn.', 'Bước 3 - Ướp thịt thấm vị: Đổ toàn bộ phần sốt vừa pha vào thau thịt đã sơ chế. Thêm 50 gr dầu ăn vào và trộn đều. Dầu ăn không chỉ giúp thịt không bị khô khi chế biến mà còn tạo độ bóng đẹp cho miếng xá xíu. Dùng tay hoặc đũa trộn đều để sốt áo đều lên từng miếng thịt. Ướp thịt trong khoảng 1 giờ ở nhiệt độ phòng.', 'Bước 4 - Quay thịt xá xíu bằng chảo: Bắc chảo lên bếp, đun nóng và cho một ít dầu ăn vào tráng đều lòng chảo, sau đó đổ dầu thừa ra. Cho lại một ít dầu ăn vào chảo, mở lửa nhỏ. Xếp từng miếng thịt đã ướp vào chảo. Áp chảo cho thịt săn lại các mặt, chuyển sang màu vàng nhẹ. Phần nước sốt ướp còn lại trong thau, bạn cho thêm khoảng 50gr nước lọc vào tráng qua và đổ hết vào chảo. Nấu sôi lại. Đậy nắp lại, hạ lửa nhỏ và đun liu riu trong khoảng 15 phút cho thịt chín mềm từ bên trong. Sau 15 phút, mở nắp ra, tăng lửa lớn hơn một chút và đảo đều tay. Nấu cho đến khi nước sốt cạn, sệt lại và bám đều, tạo thành một lớp áo bóng đẹp trên miếng thịt là hoàn thành.', 'Bước 5 - Thành phẩm: Gắp thịt xá xíu ra đĩa. Để thịt nguội bớt rồi thái thành những lát mỏng vừa ăn. Trang trí thêm rau thơm hoặc dưa chuột, cà chua tùy thích và thưởng thức món xá xíu quay chảo thơm ngon, mềm mọng cùng cơm nóng hoặc mì.']","['Để món xá xíu quay chảo của bạn đạt đến độ hoàn hảo, việc sở hữu một chiếc chảo chất lượng là vô cùng quan trọng.Chảo thép sâu chống dính 28 cm Green cook GCW257-28IHchính là trợ thủ đắc lực giúp bạn thực hiện món ăn này dễ dàng hơn bao giờ hết.Chảo Green Cookđược thiết kế với lớp chống dính bền bỉ, giúp thịt không bị dính hay cháy xém trong quá trình áp chảo và làm sốt. Bề mặt chống dính cũng giúp việc vệ sinh sau khi nấu trở nên nhanh chóng và tiện lợi.Với đường kính 28 cm và lòng chảo sâu, chiếc chảo này lý tưởng để quay thịt xá xíu, đảm bảo nhiệt độ được phân bổ đều khắp miếng thịt. Điều này giúp thịt chín vàng đều, mềm mọng từ trong ra ngoài và có màu sắc hấp dẫn.Chảo còn có khả năng giữ nhiệt tốt, giúp quá trình nấu sốt cạn và sánh lại diễn ra hiệu quả, làm cho món xá xíu của bạn thêm phần đậm đà và thơm ngon.Chảo thép sâu chống dính đáy từ Green Cook GCW257-28IH300.000₫441.000₫-31%Xem chi tiết', 'Nếu có thời gian, bạn có thể bọc kín thau thịt và để trong ngăn mát tủ lạnh qua đêm. Thịt sẽ thấm gia vị sâu hơn, mềm hơn và khi quay sẽ có lớp vỏ giòn ngon hơn rất nhiều.', 'Xem thêm:Cách làm thịt nạc nọng heo nướng chao tại nhà bằng nồi chiên không dầuCách làm món sườn kinh đô thơm ngon chuẩn vị người Hoa bằng chảo chống dínhCách nấu hủ tiếu mì người hoa thơm ngon đậm đà lạ miệng đơn giản']",,dienmayxanh.com
https://www.dienmayxanh.com/vao-bep/cach-lam-oc-huong-xao-bo-toi-cham-banh-mi-thom-ngon-bat-bai-23560,Món Xào,Cách làm ốc hương xào bơ tỏi chấm bánh mì thơm ngon bất bại tại nhà,"Bạn đang tìm cách làm ốc hương xào bơ tỏi chấm bánh mì ngon chuẩn vị quán? Đừng lo! Chuyên mụcVào bếpnày sẽ bật mí bí quyết sơ chế ốc hương và công thứcmón xàongon bá cháy, đảm bảo bạn sẽ mê mẩn từ miếng đầu tiên!",,20 phút + 10 phút,Cho 1-2 người,,8,"['Ốc hương - 500 gram', 'Bơ động vật - 1 muỗng canh', 'Nước vo gạo - 1 ít', 'Ớt tươi - 5 trái', 'Sả - 3 cây', 'Tỏi lớn - 1 củ', 'Rau răm - 1 ít', 'Gia vị thông dụng - 1 ít ((Muối/đường/hạt nêm))']","['Bước 1 - Sơ chế ốc hương sạch sẽ: Đầu tiên, bạn ngâm ốc hương với nước vo gạo khoảng 3 tiếng hoặc ngâm nước thường với vài lát ớt trong 1 tiếng để ốc nhả hết cát, sạn. Sau đó, bạn vớt hết ốc ra và rửa sạch lại ốc nhiều lần dưới vòi nước.', 'Bước 2 - Luộc ốc hương: Bạn bắc một nồi nước lên bếp, nêm vào nồi gồm 1 muỗng cà phê hạt nêm và 1 muỗng cà phê muối. Khi nước sôi, cho ốc vào luộc khoảng 1 phút 30 giây rồi vớt ốc ra rổ cho ráo.', 'Bước 3 - Sơ chế tỏi, ớt, sả: Tỏi bạn bóc vỏ và băm thật nhuyễn. Ớt nếu bạn không ăn được cay nhiều thì bỏ hạt, sau đó băm nhuyễn. Sả thì bạn bỏ đi 3 lớp vỏ ngoài, chỉ dùng phần lõi non bên trong. Băm thật nhuyễn để sốt không bị lợn cợn khi ăn. Phần lõi sả không chỉ thơm mà còn mềm, rất hợp để nấu các loại sốt nhanh mà không cần ninh lâu.', 'Bước 4 - Xào ốc hương với bơ tỏi: Đầu tiên, bạn bắc chảo lên bếp, đợi đến khi chảo nóng thì cho bơ vào. Khi bơ tan chảy và nóng, cho tỏi băm, sả băm và ớt băm vào phi thơm đến khi dậy mùi. Cho ốc đã luộc vào chảo. Nêm 3 muỗng cà phê đường, 1 muỗng cà phê hạt nêm và 1/2 muỗng cà phê muối. Nếu bạn thích mùi nồng hơn, có thể thay muối bằng một xíu nước mắm. Đảo đều cho gia vị tan và thấm vào ốc. Thêm một chút nước vào để làm sốt có độ sánh. Đảo nhanh tay đến khi sốt bám đều vào ốc.', 'Bước 5 - Thành phẩm: Cho ốc hương xào bơ tỏi ra đĩa, trang trí thêm ít rau răm cho đẹp mắt. Món này mà chấm miếng bánh mì với cái sốt bơ tỏi thơm lừng thì thật là tuyệt! Ốc chín tới không bị teo tóp, sốt vừa mằn mặn ngòn ngọt thơm bơ, đảm bảo ngon đúng chuẩn vị ngoài quán.']","['Xem chi tiết:Cách bảo quản ốc hương qua đêm tươi lâu dễ dàng và đơn giản nhất', 'Bạn đang tìm kiếm một chiếc chảo đa năng để chế biến món ốc hương xào bơ tỏi và nhiều món ngon khác?Chảo nhôm chống dính vân đá đáy từ 30 cm Green Cook GCP221-30IHchính là lựa chọn hoàn hảo cho căn bếp của bạn.Vớichảo green cook, bạn có thể yên tâm về chất lượng và độ bền bỉ. Lớp chống dính vân đá cao cấp giúp thức ăn không bị bám dính, dễ dàng vệ sinh sau mỗi lần sử dụng.Đáy từ giúp chảo tương thích với mọi loại bếp, từ bếp gas đến bếp từ, mang lại hiệu quả truyền nhiệt nhanh và đều, giúp món ăn chín tới hoàn hảo.Kích thước 30 cm lý tưởng để xào nấu lượng lớn thức ăn, phù hợp cho gia đình đông người hoặc khi bạn muốn chiêu đãi bạn bè.Chảo nhôm chống dính vân đá đáy từ Green Cook GCP221-30IHNgừng kinh doanhXem đặc điểm nổi bậtChảo Green Cookcó kiểu dáng gọn đẹp, lòng chảo được phủ chống dính men vân đá bắt mắt.Đường kính chảo 30 cm, có thể chiên được khoảng 5 khoanh cá cùng lúc.Thànhchảolàm từ hợp kim nhôm dày 3.105 mm,đáy inoxbắt từ nhanh, tản nhiệt đều,tiết kiệm thời gian.Thiết kế tay cầm bọc nhựa cách nhiệt, được tán đinh chắc chắn,dễ dàng sử dụng hàng ngày.Bề mặt chảo phủ 5 lớp chống dính men vân đá,tăng khả năng chống dính, hạn chế trầy xước.Chảo 30 cm Greencook GCP221-30IHdùng được trên cả bếp từ,bếp ga và bếp hồng ngoại.Thương hiệu Green Cook - Việt Nam, sản xuất tại Trung Quốc.Xem chi tiết', 'Việc luộc nhanh như vậy để ốc không bị teo thịt vì một lát sau ốc còn được xào.', 'Xem thêm:Cách nướng ốc hương bằng nồi chiên không dầu thơm ngọt đơn giảnCách làm ốc hương xào bơ bắp thơm béo hấp dẫn ngay tại nhàCách làm ốc hương nướng muối ớt thơm ngon đậm đà cay cay dễ làm']",,dienmayxanh.com
https://www.dienmayxanh.com/vao-bep/cach-lam-gio-xao-bang-chai-nhua-don-gian-de-thuc-hien-cho-mua-23547,Món Xào,Cách làm giò xào bằng chai nhựa đơn giản dễ thực hiện cho mùa Tết,"Bạn đang tìm cách làm giò xào bằng chai nhựa đơn giản mà ngon chongày lễ Tết? Đừng lo, với hướng dẫn bên dưới, dù xa nhà hay không có khuôn, bạn vẫn có thể tự tayvào bếplàm món giò thủ truyền thống giòn sần sật.",,25 phút + 20 phút,Cho 1 cây giò (khoảng 4-6 người ăn),,7,"['Thịt thủ - 500 gr', 'Thịt nạc vai - 500 gr ((hoặc thịt chân giò))', 'Mộc nhĩ khô - 20 gr', 'Nấm hương khô - 20 gr', 'Hành khô - 1 củ', 'Gia vị thông dụng - 1 ít ((nước mắm/hạt tiêu/bột cay))', 'Vỏ chai Coca - 1 cái ((loại 1.5L hoặc 2L))']","['Bước 1 - Sơ chế nguyên liệu và chuẩn bị khuôn ép giò tự chế: Thịt thủ và thịt nạc rửa sạch, thái thành miếng nhỏ, mỏng vừa ăn. Mộc nhĩ và nấm hương đã ngâm mềm, rửa sạch, thái sợi nhỏ. Cắt chai Coca Cola thành khuôn ép giò bằng chai nhựa. Cắt bỏ phần đầu và đáy chai, giữ lại phần thân trụ.', 'Bước 2 - Xào thịt giò thủ thơm lừng: Phi thơm hành khô băm nhỏ trong chảo. Cho thịt thủ và thịt nạc vào xào săn trên lửa vừa. Khi thịt đã chín tới, cho mộc nhĩ và nấm hương thái sợi vào xào cùng. Nêm nếm gia vị với nước mắm và một chút bột cay (nếu có). Đặc biệt, đừng quên cho hạt tiêu xay vào để món giò xào thêm dậy mùi.', 'Bước 3 - Cách ép giò xào bằng chai nhựa chắc tay: Cho hỗn hợp thịt đã xào vào đầy chai Coca Cola đã cắt sẵn. Dùng muôi, trầy hoặc một chai khác để nén chặt thịt xuống. Đây là bước quan trọng để làm giò xào bằng chai nhựa được chắc và giòn. Khi thịt đã được nén chặt, dùng nắp chai hoặc một vật nặng tương tự đặt lên trên và ấn hết sức để giò kết dính. Cắt bỏ phần viền thừa của chai nhựa để dễ dàng lấy giò ra sau này. Dùng dây buộc chặt bên ngoài chai để giữ hình dáng và độ nén của giò. (Hồi xưa, sinh viên xa nhà còn dùng cả dây giày để buộc đấy!)', 'Bước 4 - Thành phẩm: Sau khi giò đã đông chặt, cẩn thận cắt bỏ phần chai nhựa và lấy cây giò ra. Cắt giò thành từng khoanh vừa ăn. Bạn sẽ thấy miếng giò xào bằng chai nhựa không hề thua kém giò gói lá chuối hay khuôn inox về độ chặt và giòn. Thưởng thức giò xào kèm dưa món chua ngọt và nước mắm pha hạt tiêu cay nồng. Đây chắc chắn là món ăn ngày Tết không thể thiếu trong mâm cơm gia đình bạn!']","['Để món giò xào thêm phần trọn vẹn, việc xào thịt và các nguyên liệu cần một chiếc chảo chất lượng.Chảo nhôm sâu chống dính vân đá đáy từ 26 cm Green Cook GCP226-26IHsẽ là trợ thủ đắc lực cho bạn.Chảo Green Cookvới lớp chống dính vân đá cao cấp giúp xào nấu không lo dính, dễ dàng vệ sinh sau khi sử dụng.Thiết kế lòng sâu 26 cm lý tưởng để xào lượng lớn thịt, đảm bảo nguyên liệu chín đều và thơm ngon.Đáy từ tương thích mọi loại bếp, truyền nhiệt nhanh và đều, giúp tiết kiệm thời gian nấu nướng hiệu quả.Chảo nhôm sâu chống dính vân đá đáy từ Green Cook GCP226-26IH150.000₫220.000₫-31%Xem chi tiết', 'Hãy nêm nhạt một chút vì giò xào thường ăn kèm nước mắm chấm.', 'Để giò xào bằng chai nhựa đạt độ chắc và giòn tối đa, hãy để nguội hoàn toàn rồi cho vào tủ lạnh qua đêm.', 'Xem thêm:Cách làm giò thủ chay dai giòn sừn sựt đơn giản hấp dẫn thơm ngonMách bạn các cách bảo quản giò lụa, giò sống, giò bê và giò thủ để ăn dầnCách làm giò gà (chả lụa gà) bằng máy xay sinh tố giòn dai an toàn đơn giản']",,dienmayxanh.com
https://www.dienmayxanh.com/vao-bep/cach-lam-thit-xao-mam-ruoc-sa-sieu-bat-com-khong-man-23537,Món Xào,Cách làm thịt xào mắm ruốc sả siêu bắt cơm không mặn,"Bạn đang tìm cách làm thịt xào mắm ruốc sả thơm ngon, đậm đà cho bữa cơm gia đình?Vào bếpcùng Điện máy XANH để khám phá công thức mắm ruốc xào thịt ba rọi sả ớt đơn giản mà chuẩn vị, đảm bảo ai cũng mê! Mẹo vào bếp này sẽ giúp bạn cómón xàocực bắt cơm.",,20 phút + 16 phút,Cho 4-5 người,,7,"['Thịt heo ba rọi - 1 kg', 'Mắm ruốc Huế - 50 gr', 'Hành tím lớn - 3 củ', 'Sả - 1 bó ((khoảng 80 gr))', 'Tỏi - 3 tép', 'Ớt - 4 trái', 'Gia vị thông dụng - 1 ít ((muối/ đường/ bột ngọt/ nước lọc))']","['Bước 1 - Sơ chế thịt ba rọi: Đầu tiên, bạn chuẩn bị một nồi nước khoảng 2 lít, cho vào đó 2 củ hành tím lớn đã đập dập và 1 muỗng cà phê muối. Khi nước sôi, cho 1 kg thịt ba rọi vào trụng nhanh khoảng 3 phút. Sau đó, vớt thịt ra và rửa sạch dưới vòi nước nhẹ nhàng để loại bỏ bọt bẩn bám xung quanh. Việc trụng và rửa thịt như vậy sẽ giúp miếng thịt thơm hơn và dễ cắt lát hơn rất nhiều đó! Thịt sau khi rửa sạch và để ráo, bạn cắt lát với độ dày khoảng 1 đến 1,5 cm. Thịt đã trụng sẽ có độ cứng vừa phải, giúp bạn cắt dễ dàng và đẹp mắt hơn.', 'Bước 2 - Chuẩn bị gia vị và ngâm mắm ruốc: Một củ hành tím lớn còn lại, bạn băm nhỏ. Vài tép tỏi cũng băm nhỏ tương tự. Ớt tươi thì cắt lát mỏng để lát nữa rắc lên món ăn cho có vị cay nồng và đẹp mắt. Sả thì đập dập rồi cắt nhỏ. Tiếp theo, chuẩn bị một cái tô lớn, cho 50 gr mắm ruốc Huế vào. Thêm khoảng một chén ăn cơm nước lọc rồi khuấy đều cho mắm ruốc hòa tan hoàn toàn. Sau khi khuấy, bạn để yên cho mắm ruốc lắng cặn, lát nữa mình sẽ chắt lấy phần nước cốt bên trên thôi nha.', 'Bước 3 - Xào thịt ba rọi săn vàng: Bắc chảo lên bếp, không cần cho dầu ăn vì thịt ba rọi sẽ tự ra mỡ. Cho thịt vào chảo, để lửa lớn nhất và đảo đều tay. Xào cho đến khi thịt ra mỡ, các cạnh miếng thịt hơi cháy xém và chín vàng đều. Lúc này, mỡ trong thịt tuôn ra xăm xắp đáy chảo là đạt.', 'Bước 4 - Phi thơm hành tỏi sả ớt: Khi thịt đã săn vàng, bạn tém gọn thịt sang một bên chảo. Cho toàn bộ phần hành tỏi băm và sả băm (khoảng 80 gr) vào phần trống của chảo. Vẫn giữ lửa lớn và đảo đều tay. Xào khoảng 3 phút hơn, bạn sẽ thấy hành tỏi sả dậy mùi thơm lừng, hòa quyện với hương thịt cháy cạnh rất hấp dẫn.', 'Bước 5 - Xào mắm ruốc sả ớt với thịt: Giờ là lúc cho mắm ruốc vào! Bạn nhẹ nhàng chế từ từ phần nước mắm ruốc đã lắng vào chảo, chỉ lấy lớp nước phía trên và bỏ đi phần cặn dưới đáy tô. Tiếp theo, thêm vào 1 muỗng canh đầy đường và nửa muỗng cà phê bột ngọt. Cho luôn ớt cắt lát và vài trái ớt nguyên vào để tăng vị cay và hương thơm đặc trưng. Vẫn để lửa lớn, đảo đều tay cho tất cả nguyên liệu hòa quyện. Xào liên tục đến khi nước rút cạn, thịt săn lại và áo một lớp mỏng sả, hành, tỏi, ớt bên ngoài là được. Sau khoảng 8 phút đảo đều, khi thấy nước đã rút cạn và thịt bắt đầu săn lại, áo đều gia vị thì món ăn đã hoàn thành rồi đó!', 'Bước 6 - Thành phẩm: Mùi thơm của mắm ruốc hòa quyện cùng sả, ớt và hương thịt cháy cạnh lan tỏa khắp gian bếp, thật khó cưỡng lại. Món thịt xào mắm ruốc sả ớt này mà ăn cùng cơm nóng quá tuyệt! Miếng thịt mềm thơm, thấm đẫm vị mắm ruốc, cay cay của ớt và hương sả nồng nàn, đảm bảo sẽ làm bữa cơm gia đình bạn thêm phần phong phú và hấp dẫn.']","['Xem chi tiết:Cách chọn thịt lợn ngon an toàn, cách khử mùi, bảo quản thịt lợn (heo)', 'Để món thịt xào mắm ruốc sả thêm phần hoàn hảo, một chiếc chảo chống dính chất lượng là không thể thiếu.Chảo nhôm chống dính đáy từ 24 cm Elmich Colosseum Y1 EL-3719sẽ là trợ thủ đắc lực cho bạn.Chảo Elmichnày được làm từ hợp kim nhôm cao cấp, giúp truyền nhiệt nhanh và đều, đảm bảo thịt chín tới và vàng đều đẹp mắt. Lớp chống dính bền bỉ giúp bạn xào nấu mà không lo dính chảo, dễ dàng vệ sinh.Thiết kế đáy từ phù hợp với mọi loại bếp, từ bếp gas đến bếp từ, mang lại sự tiện lợi tối đa. Tay cầm chắc chắn, cách nhiệt giúp thao tác an toàn và thoải mái trong suốt quá trình chế biến.Với kích thước 24 cm, chảo lý tưởng để chế biến các món xào, rán cho gia đình 4-5 người, giúp bạn hoàn thành món ăn một cách nhanh chóng và hiệu quả.Chảo nhôm chống dính vân đá đáy từ Elmich Colosseum Y1 EL-3719189.000₫350.000₫-46%Xem chi tiết', 'Lưu ý quan trọng là bạn không cần nêm thêm nước mắm hay muối nữa đâu, vì mắm ruốc đã có vị đậm đà rất vừa ăn rồi!', 'Xem thêm:2 cách làm thịt dê xào sả ớt thơm ngon, đơn giản, không bị hôiCách làm tai heo xào sả ớt giòn ngon, lạ miệng, ăn là ghiền2 cách làm thịt rim tôm khô và rim lá chanh hấp dẫn đậm vị ai cũng mê']",,dienmayxanh.com
https://www.dienmayxanh.com/vao-bep/cach-xao-mi-tom-hao-hao-cuu-doi-ngon-tuyet-cu-meo-voi-nuoc-23532,Món Xào,Cách xào mì tôm Hảo Hảo cứu đói ngon tuyệt cú mèo với nước sốt thần thánh,"Hôm nay chúng ta cùngvào bếptìm hiểu cách xào mì tôm Hảo Hảo hấp dẫn, giải cứu những ngày bận rộn. Đừng đểmón xàonày trở nên nhàm chán, chỉ cần thêm vài nguyên liệu và bí quyết nhỏ, bạn sẽ có ngay đĩa mì xào khô Hảo Hảo thơm ngon.",,20 phút + 15 phút,Cho 2-3 người,,12,"['Thịt bò - 300 gr', 'Hành tím - 2 củ', 'Tỏi - 5 tép', 'Hành tây - 1/2 củ', 'Tép hành - 4 lá', 'Cần tàu - 1 tép', 'Ớt ngọt - 1 quả ((có thể thay ớt chuông))', 'Cà rốt - 1 củ', 'Cải thìa - 500 gr', 'Mì tôm Hảo Hảo - 2 gói', 'Nước - 1 lít', 'Gia vị thông dụng - 1 ít ((đường/bột nêm/tiêu/muối/dầu ăn/nước tương/dầu hào/tương ớt))']","['Bước 1 - Sơ chế và chuẩn bị nguyên liệu: Hành tím: Băm nhỏ một nửa (khoảng 10gr) và thái mỏng nửa còn lại. Tỏi: Băm nhỏ 5 tép. Hành tây: Cắt múi cau nửa củ. Hành lá: Cắt khúc khoảng 3cm. Cần tàu: Cắt khúc tương tự hành lá để tạo hương thơm đặc trưng. Ớt ngọt: Cắt dọc. Nếu không có ớt ngọt, bạn có thể bỏ qua hoặc thay bằng ớt chuông để món ăn thêm màu sắc. Cà rốt: Gọt vỏ, tỉa hoa và cắt lát dày khoảng 5mm. Cải thìa: Nếu cây nhỏ, giữ nguyên và chẻ đôi. Bạn có thể thay thế bằng các loại cải khác như cải bẹ xanh, cải ngọt, cải bó xôi, cải thảo tùy sở thích.', 'Bước 2 - Ướp thịt bò đậm đà: Thịt bò thái mỏng, lưu ý thái ngang thớ để thịt mềm hơn khi ăn. Cho 300gr thịt bò đã thái vào thố. Ướp với 1 muỗng cà phê tỏi băm, 1 muỗng cà phê bột nêm, 2 muỗng cà phê nước tương, 1 muỗng cà phê đường, 1/3 muỗng cà phê tiêu và 1/2 muỗng canh dầu ăn.', 'Bước 3 - Trụng rau củ và mì tôm Hảo Hảo: Đun sôi 1 lít nước với 1 muỗng cà phê muối. Khi nước sôi mạnh, cho cà rốt vào trụng khoảng 40 giây rồi vớt ra ngay để giữ độ giòn và màu sắc. Tiếp tục cho cải thìa vào trụng khoảng 30 giây, sau đó vớt ra để ráo nước. Việc trụng rau củ trước giúp chúng giữ được màu xanh và độ giòn. Dùng nồi nước đó, cho mì gói Hảo Hảo vào trụng vừa mềm, tơi sợi mì thì vớt ra ngay, không để mì nát.', 'Bước 4 - Pha nước sốt xào mì Hảo Hảo: Trong một chén nhỏ, pha nước sốt gồm: 1 muỗng canh dầu hào, 1 muỗng canh nước tương, 1 muỗng canh đường, 1/2 muỗng canh tương ớt và 1 muỗng cà phê bột nêm. Khuấy đều cho các gia vị tan hết.', 'Bước 5 - Xào thịt bò và rau củ: Đặt chảo lên bếp, cho 1 muỗng canh dầu ăn vào. Khi dầu nóng, cho 1 muỗng cà phê hành tím băm và 2 muỗng cà phê tỏi băm vào phi thơm. Tăng lửa thật lớn, cho thịt bò đã ướp vào xào nhanh tay. Xào nhanh trên lửa lớn giúp thịt bò chín tái, mềm và không bị ra quá nhiều nước. Khi thịt bò vừa chín tái, cho ớt ngọt vào đảo đều khoảng 1 phút. Tiếp theo, cho cà rốt và cải thìa đã trụng vào. Cuối cùng, cho hành tây vào xào nhanh. Nêm vào 1.5 muỗng canh nước sốt đã pha. Đảo đều rồi tắt bếp, cho thịt bò và rau củ ra đĩa riêng.', 'Bước 6 - Xào mì và hoàn thành món ăn: Lau sạch chảo vừa xào, cho 1 muỗng canh dầu ăn vào và bật bếp với lửa vừa. Cho phần hành tím thái mỏng còn lại vào phi thơm. Cho mì gói đã trụng vào, dùng đũa đảo đều tay cho mì tơi ra. Dầu ăn giúp sợi mì không bị dính và tơi ngon. Nêm vào 1.5 muỗng canh nước sốt còn lại, trộn đều cho mì thấm vị. Cuối cùng, cho thịt bò và rau củ đã xào vào chảo mì. Đảo đều. Thêm hành lá cắt khúc vào, đảo nhanh rồi tắt bếp. Rắc thêm chút tiêu xay cho thơm.', 'Bước 7 - Thành phẩm: Cho mì xào ra đĩa, rắc thêm chút tiêu nữa và thưởng thức. Món mì xào Hảo Hảo này sẽ ngon hơn khi ăn kèm với nước tương và vài lát ớt tươi. Thịt bò mềm, rau củ vừa chín tới giữ được độ giòn và màu sắc, sợi mì dai ngon, thấm vị nhưng vẫn khô ráo, không bị nát.']","['Xem chi tiết:Mẹo chọn mua, cách chế biến thịt bò không hôi và các món ngon từ thịt bò', 'Xem chi tiết:Cách chọn mua ớt chuông, phân biệt ớt chuông đực cái và cách bảo quản', 'Để món mì xào Hảo Hảo của bạn thêm phần hoàn hảo, việc lựa chọn dụng cụ nấu nướng chất lượng là không thể thiếu.Chảo nhôm sâu chống dính vân đá đáy từ 28 cm Elmich EL-5753MNlà trợ thủ đắc lực cho mọi món xào.Vớichảo Elmich, bạn có thể yên tâm xào nấu trên mọi loại bếp, kể cả bếp từ nhờ thiết kế đáy từ tiện lợi.Lớp chống dính vân đá giúp thức ăn không bám dính, dễ dàng vệ sinh sau khi sử dụng.Thiết kế lòng chảo sâu 28 cm lý tưởng để xào trộn lượng lớn nguyên liệu mà không lo rơi vãi.Chất liệu nhôm cao cấp giúp chảo dẫn nhiệt nhanh và đều, đảm bảo món ăn chín tới hoàn hảo.Chảo nhôm sâu chống dính vân đá đáy từ Elmich EL-5753MNOnline giá rẻ quá280.000₫431.000₫-35%Xem chi tiết', 'Dầu ăn sẽ giúp thịt bò mềm mọng và không bị khô khi xào. Trộn đều các gia vị và để thịt thấm khoảng 20 phút.', 'Nếu không muốn trụng, bạn có thể xào riêng rau củ sau khi thịt bò chín rồi cho vào xào chung.', 'Dùng Chảo nhôm sâu chống dính vân đá đáy từ 28 cm Elmich EL-5753MN sẽ giúp bạn xào nhanh, đều nhiệt và dễ dàng vệ sinh.', 'Xem thêm:2 cách làm mì xào trứng nhanh gọn mà thơm ngon hấp dẫn cho bữa sáng2 Cách làm mì xào hải sản thơm ngon hấp dẫn đổi vị cho bữa ăn gia đìnhCách làm mì xào bò thay đổi khẩu vị cho bữa sáng đơn giản, dễ làm']",,dienmayxanh.com
https://www.dienmayxanh.com/vao-bep/cach-lam-tom-cang-xanh-rang-muoi-ot-thom-ngon-dam-da-kho-23518,Món Xào,Cách làm tôm càng xanh rang muối ớt thơm ngon đậm đà khó cưỡng tại nhà,"Đang băn khoăn cách làm tôm càng xanh rang muối ớt ngon chuẩn vị?Vào bếpcùng Điện máy XANH vớimón xàođộc đáo, đảm bảo món tôm càng rang muối ớt đỏ này sẽ khiến cả nhà bạn mê mẩn, ai ăn cũng phải trầm trồ khen ngon!",,15 phút + 25 phút,Cho 6 - 8 người,,3,"['Tôm càng xanh - 1 kg', 'Muối ớt - 3 muỗng canh', 'Gia vị thông dụng - 1 ít ((đường/ bột ngọt/ ớt băm/ tỏi băm))']","['Bước 1 - Sơ chế tôm càng tươi ngon: Tôm càng xanh mua về, bạn cho vào thau nước đá ngâm khoảng 5 - 10 phút. Việc này giúp tôm ngất đi, dễ dàng sơ chế hơn. Dùng kéo cắt riêng phần càng xanh của tôm. Tiếp đó, cắt bỏ phần đầu nhọn, chân, râu và chóp đuôi của thân tôm. Rửa tôm lại thật sạch với nước và để ráo.', 'Bước 2 - Chuẩn bị gia vị rang muối ớt: Cho 3 muỗng canh muối ớt, 2 muỗng canh đường, 1 muỗng canh bột ngọt, 1/2 muỗng canh ớt băm (hoặc bột ớt) và 1 muỗng canh tỏi băm vào một cái chén. Nếu muốn muối bám đều và nhuyễn hơn, bạn có thể giã nhẹ hỗn hợp gia vị này. Tuy nhiên, nếu không có thời gian, bạn có thể bỏ qua.', 'Bước 3 - Luộc sơ tôm càng: Bắc nồi nước lên bếp, đun sôi. Khi nước sôi, cho toàn bộ tôm càng đã sơ chế vào luộc sơ. Bạn chỉ cần luộc khoảng 5 phút rồi vớt tôm ra ngay. Không luộc quá chín để tôm giữ được độ ngọt và săn chắc.', 'Bước 4 - Rang tôm càng xanh rang muối ớt đỏ: Đặt chảo lên bếp, cho hỗn hợp muối ớt đã chuẩn bị vào rang trên lửa vừa. Đảo đều tay cho muối nóng lên. Khi bạn ngửi thấy mùi thơm nồng của muối ớt (kiểu như sắp bị sặc), cho hết tôm càng đã luộc sơ vào chảo. Liên tục đảo đều tay để muối ớt bám đều lên từng con tôm, tránh để muối bị đóng cục. Tiếp tục rang cho đến khi muối khô lại, bám trắng đều lên tôm và tôm cạn hết nước thì tắt bếp.', 'Bước 5 - Thành phẩm: Cho tôm càng xanh rang muối ớt ra đĩa. Món ăn có màu sắc bắt mắt, hương thơm nồng nàn của muối ớt và vị tôm ngọt tự nhiên. Bạn có thể chấm kèm với muối ớt xanh hoặc các loại nước chấm yêu thích để tăng thêm hương vị.']","['Để món tôm càng rang muối ớt thêm phần hoàn hảo, một chiếc chảo chất lượng là không thể thiếu.Chảo thép sâu chống dính 28 cm Green cook GCW257-28IHchính là trợ thủ đắc lực cho bạn.Chảo Green Cookvới lớp chống dính cao cấp giúp bạn rang tôm mà không lo bị dính hay cháy, dễ dàng vệ sinh sau khi sử dụng.Thiết kế lòng chảo sâu 28 cm rộng rãi, lý tưởng để đảo đều tôm và muối ớt, đảm bảo gia vị bám đều lên từng con tôm.Chất liệu thép bền bỉ, dẫn nhiệt tốt giúp tôm chín đều và nhanh chóng, giữ trọn hương vị tươi ngon của món ăn.Chảo thép sâu chống dính đáy từ Green Cook GCW257-28IH300.000₫441.000₫-31%Xem chi tiết', 'Xem thêm:Cách hấp tôm sả bia lá chanh thơm ngon chắc thịt siêu đơn giảnCách làm tôm xào sả ớt ngon mềm, đậm đà cho bữa cơm nhà thêm ngon miệngBí quyết làm tôm rim thịt ba rọi đậm đà, chuẩn vị cơm nhà với chảo sâu lòng']",,dienmayxanh.com
https://www.dienmayxanh.com/vao-bep/cach-lam-dua-cai-chua-xao-toi-bat-vi-cho-bua-com-cuon-hut-13128,Món Xào,Cách làm dưa cải chua xào tỏi bắt vị cho bữa cơm cuốn hút,"Dưa cải chua xào tỏi ớt làmón xàothơm ngon, đậm vị lại cực kỳ bắt cơm, chỉ với vài bước đơn giản. Hôm nay chị Kim Minh sẽ giới thiệu đến bạn món ăn siêu ngon này, còn chần chừ gì mà khôngvào bếptrổ tài ngay cho gia đình mình cùng thưởng thức thôi nào!",,10 phút + 15 phút,Cho 4 người,,8,"['Cải chua - 500 gr', 'Tỏi - 1 củ', 'Ớt sừng - 1 trái', 'Ớt hiểm - 3 trái', 'Dầu ăn - 2 muỗng canh', 'Nước mắm - 1/2 muỗng canh', 'Đường - 1 muỗng canh', 'Bột ngọt - 2 muỗng cà phê']","['Bước 1 - Sơ chế các nguyên liệu: Cải chua mua về cắt bỏ phần cuống, ngắt từng bẹ ra, cắt bỏ phần héo úng, rửa nhiều lần với nước, vắt cho thật mạnh để loại bỏ phần muối mặn của cải chua và để rarổcho ráo nước. Sau khi để ráo thì cắt thành miếng nhỏ vừa miệng ăn, cắt xong vắt ráo nước lần nữa. Tiếp đến bóc vỏ tỏi, rửa sơ qua với nước, dùng 2 tép tỏi cắt lát, phần còn lại băm nhuyễn. Với ớt bạn bỏ cuống, rửa sạch và băm nhuyễn. Mách nhỏ:Để cho món ăn có màu sắc bắt mắt thì bạn sử dụng thêm ớt sừng.', 'Bước 2 - Xào cải chua: Bắcchảolênbếp, cho 2muỗngcanh dầu ăn vào đun với lửa vừa, đợi dầu nóng cho phần tỏi ớt đã được băm nhuyễn vào phi cho thơm. Tiếp theo cho dưa cải vào xào đều tay và cho gia vị vào chảo gồm: 1 muỗng canh đường, 1/2 muỗng canh nước mắm, 2 muỗng cà phê bột ngọt, phần tỏi cắt lát vào rồi trộn đều khoảng 3 phút cho cải chua thấm gia vị, nêm nếm lại cho vừa ăn, tắt bếp và cho radĩathưởng thức.', 'Bước 3 - Thành phẩm: Cho cải chua xào tỏi ra đĩa, vậy là ta đã có món xào siêu bắt mắt, hoà quyện với mùi thơm cay nồng của tỏi ớt rất bắt mùi và kích thích vị giác. Món ăn vừa miệng, cải chua giòn ngon và kèm chút cay nhẹ, ăn kèm với cơm nóng là hết sẩy.']","['Xem chi tiết:Cách muối dưa cải (dưa chua) trong mùa dịch vàng giòn, để được lâu', 'Xem thêm:7 tác dụng của tỏi và hướng dẫn ăn tỏi sống đúng cách, an toàn', 'Xem thêm:Tên các loại ớt ở Việt Nam, nhiều loại độc đáo có thể bạn chưa biết', 'Để cho món ăn có màu sắc bắt mắt thì bạn sử dụng thêm ớt sừng.', 'Xem thêm:Cách làm thịt bò xào dưa chua (dưa cải chua) kích thích vị giác khó cưỡngCách làm heo quay xào cải chua (dưa cải) thơm ngon dễ làm giải ngấyCách làm bao tử cá basa xào cải chua (dưa chua) thơm ngon giòn giòn']",,dienmayxanh.com
https://www.dienmayxanh.com/vao-bep/cach-lam-bap-cai-xao-thit-heo-thom-ngon-don-gian-cho-ca-nha-15714,Món Xào,"Cách làm bắp cải xào thịt heo thơm ngon, đơn giản cho cả nhà","Nếu bạn đang phân vân không biết nên nấu gì cho bữa cơm hôm nay, vậy hãyvào bếpcùng Điện máy XANH tham khảo món bắp cải xào thịt heo,món xàovới công thức vô cùng đơn giản mà không kém phần hấp dẫn. Theo dõi bài viết dưới đây để thực hiện nhé!",,5 phút + 15 phút,Cho 2 người,,7,"['Thịt heo - 250 gr', 'Bắp cải - 1/2 cái', 'Tỏi - 3 tép', 'Hành lá - 2 nhánh', 'Dầu hào - 1 muỗng cà phê', 'Dầu ăn - 1 muỗng canh', 'Gia vị thông dụng - 1 ít ((muối/ hạt nêm/ tiêu xay))']","['Bước 1 - Sơ chế các nguyên liệu: Thịt heo mua về rửa qua 1 lần nước rồi xoa bóp kỹ miếng thịt với muối khoảng 3 phút rồi xả sạch lại với nước cho thật sạch. Tiếp đến, cho thịt rathớtcắt thành các miếng mỏng vừa ăn. Bắp cải cắt bỏ các lá già, sâu úa, tách ra từng lá rồi rửa qua 2 - 3 lần nước, cắt miếng nhỏ dài có độ rộng khoảng 1 lóng tay, để ráo nước. Tỏi bóc vỏ, rửa sạch, băm nhỏ. Hành lá nhặt bỏ rễ, lá úa, rửa sạch và cắt khúc.', 'Bước 2 - Ướp thịt heo: Cho thịt heo vàochéntrộn đều cùng với 1 muỗng cà phê hạt nêm, 1/2 chỗ tỏi băm, 1/2 muỗng cà phê tiêu xay. Ướp khoảng 10 phút để thịt thấm gia vị.', 'Bước 3 - Xào bắp cải với thịt heo: Bắcchảolên bếp, bật lửa lớn, đun nóng 1 muỗng canh dầu ăn rồi cho phần tỏi băm còn lại vào phi thơm, tiếp đến cho thịt heo đã ướp vào đảo cho săn. Khi thịt chín khoảng 50% thì cho bắp cải vào xào chung, nêm 1 muỗng cà phê hạt nêm, 1 muỗng cà phê dầu hào, 1/2 muỗng cà phê đường. Đảo nhanh tay trên lửa lớn khoảng 5 phút, bắp cải chín mềm thì cho hành lá vào, nêm nếm lại cho vừa với khẩu vị, đảo thêm vài lần nữa thì tắtbếp.', 'Bước 4 - Thành phẩm: Bắp cải xào thịt heo với phần bắp cải tươi giòn hòa quyện với thịt heo mềm ngọt thịt, thấm vị đậm đà. Món xào đơn giản mà đầy hấp dẫn này dùng nóng cùng cơm trắng là ngon nhất nhé!']","['Xem thêm:Cách chọn mua thịt heo ngon, an toàn', 'Xem thêm:Cách làm bắp cải xào thịt bò mềm ngon hấp dẫn đơn giản tại nhàCách làm bắp cải xào tỏi thơm ngon, đơn giản dễ làm cho bữa cơmCách làm bắp cải xào cà rốt thơm ngon đơn giản nhanh chóng cho ngày tất bật']",,dienmayxanh.com
https://www.dienmayxanh.com/vao-bep/cach-lam-dua-mon-xao-thit-heo-dam-vi-cho-mam-com-gia-dinh-11405,Món Xào,Cách làm dưa môn xào thịt heo đậm vị cho mâm cơm gia đình thêm hấp dẫn,"Dưa môn muối xào thịt heo,món xàodân dã mang đậm chất miền quê nhưng vẫn không kém phần thơm ngon, hấp dẫn lại cực nhanh chóng. Thích hợp cho các bữa cơm ngày mưa là hết sẩy,vào bếpngay nhé!",,15 phút + 20 phút,Cho 3 người ăn,,7,"['Thịt heo - 300 gr', 'Dưa môn muối - 70 gr', 'Tỏi - 4 tép', 'Hành tím - 3 củ', 'Dầu ăn - 2 muỗng cà phê', 'Nước mắm - 2 muỗng cà phê', 'Gia vị thông dụng - 1 ít ((muối/ đường/ hạt nêm/ bột ngọt/ tiêu xay))']","['Bước 1 - Sơ chế thịt heo: Thịt heo mua về mang đi rửa với nước, tiếp theo để khử mùi hôi, bạn sử dụng 1muỗng cà phêmuối chà xát trực tiếp lên phần thịt. Sau đó rửa lại với nước sạch và dùng khăn giấy thấm khô thịt. Khi thịt khô ráo thì dùngdaocắt thành các lát mỏng, nhỏ vừa ăn. Cách 1:Ngâm thịt ba chỉ trong vòng 2 - 3 phút trong nước muối pha loãng rồi vớt ra, rửa lại với nước sạch, để ráo.Cách 2:Lấy muối hoặc nước cốt chanh chà xát lên thịt rồi rửa lại với nước sạch, để ráo.Cách 3:Bạn có thể dùng gừng giã nhuyễn pha với rượu để rửa thịt. Như thế khử mùi thịt sẽ rất hiệu quả.Cách 4:Ngoài ra, bạn cũng có thể chần thịt trong nước sôi trong 3 phút sau đó rửa lại với nước sạch.Xem chi tiết:Mẹo sơ chế thịt không bị hôi Xem chi tiết:Mẹo sơ chế thịt không bị hôi', 'Cách 1:Ngâm thịt ba chỉ trong vòng 2 - 3 phút trong nước muối pha loãng rồi vớt ra, rửa lại với nước sạch, để ráo.', 'Cách 2:Lấy muối hoặc nước cốt chanh chà xát lên thịt rồi rửa lại với nước sạch, để ráo.', 'Cách 3:Bạn có thể dùng gừng giã nhuyễn pha với rượu để rửa thịt. Như thế khử mùi thịt sẽ rất hiệu quả.', 'Cách 4:Ngoài ra, bạn cũng có thể chần thịt trong nước sôi trong 3 phút sau đó rửa lại với nước sạch.', 'Bước 2 - Sơ chế các nguyên liệu khác: Để loại bỏ phần muối mặn ngấm trong dưa môn muối mua về rửa và vắt ráo nước khoảng 3 - 4 lần với nước sạch, sau đó để ráo nước. Tỏi mua về bóc vỏ, rửa sạch. Sau đó đập dập, và băm nhuyễn. Hành tím lột vỏ, rửa sạch và cắt lát mỏng.', 'Bước 3 - Ướp thịt: Cho 300gr thịt heo đã cắt vàotôvới hành tím cắt lát và 1 muỗng cà phê hạt nêm, trộn đều và ướp trong 15 phút cho thịt thấm đều gia vị.', 'Bước 4 - Xào thịt với dưa môn muối: Bắcchảolênbếp, cho vào 2 muỗng cà phê dầu ăn, đun với lửa vừa đợi dầu sôi cho tỏi băm vào và đảo đều tay cho đến khi tỏi vàng thơm. Sau đó cho thịt vào xào khoảng 2 phút tới khi thịt săn lại thì bỏ dưa môn muối vào và đảo đều. Tiếp theo đó cho hỗn hợp gia vị gồm: 3 muỗng cà phê đường, 2 muỗng cà phê nước mắm, 1 muỗng cà phê hạt nêm, 1/3 muỗng cà phê bột ngọt vào xào khoảng 5 phút thì đổ thêm 1 ít nước vào để cho thịt mềm hơn, đậy nắp lại và nấu với lửa nhỏ trong 10 phút, nêm nếm gia vị lại cho vừa ăn rồi tắt bếp. Cho thịt và dưa môn radĩavà rắc một ít tiêu xay cho thơm thơm là hoàn thành.', 'Bước 5 - Thành phẩm: Món ăn đã hoàn thành với mùi vị đặc trưng của môn chua, thịt thì mềm mềm, gia vị thấm đều. Tất cả hòa quyện vào nhau tạo thành một món ngon hấp dẫn trong thực đơn gia đình hàng ngày. Dùng với cơm nóng là ngon “bá cháy” đấy nhé!']","['Xem chi tiết:Cách chọn mua thịt heo tươi ngon', 'Xem chi tiết:Cách muối dưa môn chua giòn ngon chuẩn vị đơn giản dễ làm tại nhà', 'Xem thêm:Tỏi và 14 tác dụng bất ngờ của tỏi', 'Mẹo sơ chế thịt không bị hôi:Cách 1:Ngâm thịt ba chỉ trong vòng 2 - 3 phút trong nước muối pha loãng rồi vớt ra, rửa lại với nước sạch, để ráo.Cách 2:Lấy muối hoặc nước cốt chanh chà xát lên thịt rồi rửa lại với nước sạch, để ráo.Cách 3:Bạn có thể dùng gừng giã nhuyễn pha với rượu để rửa thịt. Như thế khử mùi thịt sẽ rất hiệu quả.Cách 4:Ngoài ra, bạn cũng có thể chần thịt trong nước sôi trong 3 phút sau đó rửa lại với nước sạch.Xem chi tiết:Mẹo sơ chế thịt không bị hôi', 'Xem thêm:Cách làm thịt heo xào hành tây độc đáo đổi vị cho bữa cơmCách làm thịt heo xào cải chua độc đáo dân dã, đậm đàCách làm thịt heo xào lá lốt đơn giản thơm ngon tại nhà ai cũng làm được']",,dienmayxanh.com
https://www.dienmayxanh.com/vao-bep/cach-lam-nam-xao-trung-thom-bui-mem-ngon-kho-cuong-16750,Món Xào,Cách làm nấm xào trứng thơm bùi mềm ngon khó cưỡng,"Nấm xào trứng là món xào thơm ngon, bắt vị, chỉ với nguyên liệu cơ bản bạn đã có ngay món ăn hấp dẫn này để chiêu đãi cả nhà rồi đó, chắc hẳn bạn sẽ bất ngờ bởi độ thơm ngon của nó đó. Hôm nay cùng bắt tayvào bếpvới Điện máy XANH nấu ngaymón xàohấp dẫn này nha!",,10 phút + 30 phút,Cho 2 người,,5,"['Nấm hải sản - 200 gr', 'Trứng gà - 1 quả', 'Tỏi - 4 tép', 'Dầu ăn - 1 muỗng canh', 'Gia vị thông dụng - 1 ít ((muối/ đường/ hạt nêm/ bột ngọt/ tiêu xay))']","['Bước 1 - Sơ chế nguyên liệu: Nấm hải sản mua về bạn cắt bỏ gốc, rửa sạch với nước muối pha loãng, sau đó rửa lại nước sạch rồi vớt ra để ráo. Dùngdaocắt nấm thành khúc vừa ăn. Tỏi bóc sạch vỏ dùng dao băm nhỏ. Đập trứng gà vào chén nêm thêm vào hỗn hợp gia vị gồm: 1/2muỗngcà phê hạt nêm, 1/2 muỗng cà phê tiêu xay, dùng đũa khuấy cho trứng tan đều.', 'Bước 2 - Xào nấm với trứng: Bắcchảolênbếpmở lửa vừa, thêm 1 muỗng canh dầu ăn vào chảo, đợi dầu nóng lên thì cho tỏi vào phi lên cho thơm. Tiếp đó cho nấm hái sản vào đảo đều thêm 2 phút, nêm thêm vào hỗn hợp gia vị gồm 1/2 muỗng cà phê hạt nêm, 1/2 muỗng cà phê đường, 1/3 muỗng cà phê bột ngọt. Tiếp tục đảo đều ở lửa vừa cho đến khi nấm vừa chín tới thì cho trứng vào khuấy đều tay khoảng 1 phút để trứng không bị vón cục cuối cùng nêm nếm lại gia vị cho vừa ăn thì tắt bếp.', 'Bước 3 - Thành phẩm: Cho nấm xào trứng rađĩa, nấm mềm ngọt, vị thanh thanh, trứng béo ngậy nhưng không ngấy. Cùng vào bếp thực hiện và thử ngay món nấm xào trứng này nhé!']","['Xem thêm:Cách chọn và sơ chế các loại nấm thông dụng sử dụng trong các món ăn', 'Xem chi tiết:Cách chọn mua trứng gà mới, chất lượng', 'Xem thêm:Cách làm nấm đùi gà xào thịt heo (thịt lợn) vô cùng thơm ngon, hấp dẫnCách làm su hào xào nấm thơm ngon, thanh vị cho bữa ănTổng hợp 13 cách làm nấm xào thịt thơm ngon hấp dẫn đơn giản']",,dienmayxanh.com
https://www.dienmayxanh.com/vao-bep/cach-lam-thit-ngua-xao-lan-thom-ngon-khong-dai-tai-nha-23481,Món Xào,Cách làm thịt ngựa xào lăn thơm ngon không dai tại nhà,"Bạn đang tìm kiếm cách làm món thịt ngựa xào thơm ngon, chuẩn vị?Vào bếpcùng mình khám phá ngay công thức thịt ngựa xào lăn đậm đà, hấp dẫn này nhé! Đảm bảomón xàonày sẽ khiến cả nhà phải xuýt xoa, ăn mãi không thôi. Cùng biến tấu đặc sản thành bữa cơm nhà!",,25 phút + 15 phút,Cho 3-4 người,,9,"['Thịt ngựa - 500 gr ((nên có thịt vách và bờm))', 'Hành tây - 2 củ', 'Ớt chuông - 1 quả', 'Cà rốt - 1 củ', 'Tỏi - 1 ít', 'Hành tím - 1 ít', 'Mỡ gà - 1 ít', 'Rau ăn kèm - 1 ít ((rau thơm/diếp cá/húng lủi))', 'Gia vị thông dụng - 1 ít ((nước mắm/muối/bột ngọt/hạt tiêu/ớt tương))']","['Bước 1 - Sơ chế và thái thịt ngựa chuẩn vị: Thịt ngựa mua về rửa sạch, để ráo. Thái thịt thành từng lát ""bay"" (lát mỏng, hơi xéo) vừa ăn.', 'Bước 2 - Sơ chế rau củ và gia vị: Hành tây bóc vỏ, thái múi cau. Ớt chuông bỏ hạt, thái miếng vừa ăn. Cà rốt gọt vỏ, thái lát mỏng kiểu ""bay"" hoặc tỉa hoa tùy thích. Tỏi và hành tím bóc vỏ, băm nhỏ.', 'Bước 3 - Xào thịt ngựa xào lăn thơm lừng: Đặt chảo lên bếp, cho một ít mỡ gà vào đun nóng. Mỡ gà sẽ giúp món ăn thơm và béo ngậy hơn rất nhiều. Khi mỡ nóng, cho phần tỏi và hành tím băm còn lại vào phi thơm. Sau đó, cho thịt ngựa vào chảo, đảo nhanh tay trên lửa lớn để thịt chín tái và không bị dai. Nêm nếm lại gia vị (thêm chút nước mắm, hạt tiêu nếu cần) cho vừa ăn. Tiếp theo, cho cà rốt vào xào khoảng 1-2 phút vì cà rốt lâu chín hơn. Khi thịt vừa chín tới, cho hành tây và ớt chuông vào xào cùng. Xào thêm khoảng 2-3 phút cho rau củ vừa chín tới và thịt thấm đều gia vị, dậy mùi thơm.', 'Bước 4 - Thành phẩm: Múc thịt ngựa xào lăn ra đĩa, rắc thêm một chút hạt tiêu xay lên trên để tăng thêm hương vị. Món này ăn nóng kèm với cơm trắng hoặc bún tươi và các loại rau sống như xà lách, rau thơm sẽ rất tuyệt vời.']","['Để món thịt ngựa xào lăn của bạn thêm phần hoàn hảo, một chiếc chảo chất lượng là không thể thiếu.Chảo thép sâu chống dính 32 cm Green Cook GCW03-32IHsẽ là trợ thủ đắc lực cho mọi món xào.Chảo Green Cookđược làm từ thép cao cấp, đảm bảo độ bền vượt trội và khả năng truyền nhiệt nhanh chóng, giúp món ăn chín đều và giữ trọn hương vị.Lớp chống dính siêu bền giúp bạn xào nấu dễ dàng, không lo thức ăn bám dính, đồng thời việc vệ sinh sau khi nấu cũng trở nên đơn giản hơn bao giờ hết.Với đường kính 32 cm và thiết kế lòng sâu, chiếc chảo này lý tưởng để xào lượng lớn nguyên liệu mà không sợ tràn, phù hợp cho bữa ăn gia đình đông người.Chảo thép sâu chống dính Green Cook GCW03-32IHOnline giá rẻ quá230.000₫442.000₫-47%Xem chi tiết', 'Nếu có phần bờm ngựa và thịt vách, hãy thái mỏng để khi xào sẽ giòn ngon hơn. Thịt ngựa bạch tuy ngon hơn nhưng ngựa thường vẫn rất phù hợp để làm món xào lăn.', 'Xem thêm:Cách nấu lẩu ngựa thắng cố chuẩn vị Tây Bắc bằng chảo chống dính2 cách làm thịt dê xào sả ớt thơm ngon, đơn giản, không bị hôiCách làm 3 món thịt trâu xào ngon dễ, xào tỏi, xào rau cần, xào sa tế']",,dienmayxanh.com
https://www.dienmayxanh.com/vao-bep/cach-lam-ech-xao-sa-te-hanh-tay-thom-lung-cay-te-dam-da-cuc-23476,Món Xào,"Cách làm ếch xào sa tế hành tây thơm lừng, cay tê đậm đà cực hao cơm","Bạn mê mẩn hương vị cay nồng, đậm đà của ếch xào sa tế nhưng ngại tự làm? Đừng lo! CùngVào bếpkhám phá cách làmmón xàohấp dẫn này, đảm bảo thành công ngay lần đầu với thịt ếch săn chắc, thấm vị, không tanh, cực kỳ đưa cơm.",,30 phút,Cho 3 - 4 người,,9,"['Thịt ếch - 500 gr', 'Sa tế tôm - 45 gr ((có thể gia giảm tùy khẩu vị))', 'Tương ớt - 1 muỗng canh', 'Dầu hàu - 1 muỗng canh', 'Hành tây - 1 củ', 'Ớt sừng - 3 quả', 'Tỏi - 1/2 củ', 'Hành lá và rau răm - 1 ít', 'Gia vị thông dụng - 1 ít ((nước tương/ đường/ hạt nêm/ bột ngọt/ tiêu xay))']","['Bước 1 - Sơ chế nguyên liệu: Ếch mua về thì bạn sẽ sơ chế sạch sẽ, chà xát với muối hạt và chanh cho bớt tanh rồi cắt thành miếng nhỏ. Hành tây cắt múi cau, ớt thái sợi, tỏi đập dập. Hành lá thì cắt khúc. Rau răm rửa sạch, thái rối.', 'Bước 2 - Pha nước sốt xào: Cho vào chén các gia vị gồm 1 muỗng canh hạt nêm, 1/2 muỗng canh bột ngọt, 1 muỗng canh nước tương, 1 muỗng canh dầu hàu, 1/2 muỗng cà phê tiêu xay, 1 muỗng canh tương ớt, 1 muỗng canh đường. Khuấy đều cho các gia vị hòa quyện với nhau.', 'Bước 3 - Chiên thịt ếch: Bắc chảo lên bếp, cho dầu ăn vào ngập lòng ch6o. Khi dầu nóng thì bạn cho từng miếng thịt ếch vào chiên cho vàng thơm thì gắp ra dĩa.', 'Bước 4 - Xào ếch với sa tế: Tiếp tục dùng chiếc chảo vừa chiên ếch, bạn cho tỏi vào phi thơm. Cho hành tây và ớt thái sợi vào xào cho dậy mùi. Tiếp đến, cho thịt ếch vào, rưới phần nước sốt gia vị đã chuẩn bị lên trên. Tiến hành rim thịt ếch trong khoảng 5 - 10 phút cho thịt thấm gia vị. Cuối cùng, rắc hành lá và rau răm lên trên, đảo sơ vài lần nữa rồi tắt bếp.', 'Bước 5 - Thành phẩm: Ếch xào sa tế ướm một màu vàng vô cùng đẹp mắt, hương thơm nức mũi. Khi ăn, bạn sẽ cảm nhận được hương vị sa tế cay tê nơi đầu lưỡi. Thịt ếch dai mềm, thấm gia vị đậm đà. Món này mà ăn cùng cơm nóng thì ngon hết sẩy.']","['Để món ếch xào sa tế của bạn thêm phần hoàn hảo, việc chọn lựa dụng cụ nấu ăn chất lượng là vô cùng quan trọng.Chảo nhôm sâu chống dính đáy từ 24 cm Elmich Olive classic EL-5978OV24sẽ là trợ thủ đắc lực giúp bạn chế biến món ăn này dễ dàng hơn bao giờ hết.Chảo Elmichnổi bật với khả năng chống dính vượt trội, giúp thịt ếch không bị dính chảo khi xào, giữ trọn vẹn hương vị và hình dáng. Lòng chảo sâu giúp bạn thoải mái đảo trộn mà không lo nguyên liệu bị văng ra ngoài.Đáy từ của chảo tương thích với mọi loại bếp, từ bếp ga, bếp hồng ngoại đến bếp từ, mang lại sự tiện lợi tối đa cho mọi gia đình. Tay cầm cách nhiệt chắc chắn, an toàn khi sử dụng và dễ dàng thao tác.Với chất liệu nhôm cao cấp, chảo truyền nhiệt nhanh và đều, giúp ếch chín tới hoàn hảo, thấm đẫm gia vị mà không bị khô hay cháy. Đây chắc chắn là lựa chọn lý tưởng cho những món xào thơm ngon.Chảo nhôm sâu chống dính vân đá đáy từ Elmich EL-5978OV24260.000₫441.000₫-41%Xem chi tiết', 'Xem chi tiết:Mách bạn cách sơ chế ếch sạch, không tanh để bạn chế biến nhiều món ngon', 'Xem thêm:Cách làm ếch chiên bơ thơm béo làm mồi nhấm ngon, sơ chế nhanh bằng dao kéoMách bạn cách sơ chế ếch sạch, không tanh để bạn chế biến nhiều món ngonCách làm ếch nướng chao thơm ngon đậm đà hương vị dễ làm tại nhà']",,dienmayxanh.com
https://www.dienmayxanh.com/vao-bep/cach-lam-thit-nhim-xao-sa-ot-thom-ngon-day-mui-tai-nha-cuc-ki-23448,Món Xào,Cách làm thịt nhím xào sả ớt thơm ngon dậy mùi tại nhà cực kì hấp dẫn,"Bạn muốn tự tay làm món nhím xào sả ớt thơm ngon, chuẩn vị?Vào bếpngay với công thứcmón xàohấp dẫn này! Đảm bảo thịt nhím săn chắc, thấm đẫm hương sả ớt cay nồng, đánh thức mọi giác quan. Cùng tôi khám phá bí quyết để chiêu đãi cả nhà nhé!",,20 phút + 15 phút,Cho 3-4 người,,7,"['Nhím đã làm sẵn - 500 gr', 'Hành tây - 1 củ', 'Sa tế - 1 muỗng canh', 'Sả - 5 cây', 'Tỏi - 5 tép', 'Ớt sừng - 1 trái', 'Gia vị thông dụng - 1 ít ((đường/bột ngọt/hạt nêm/nước tương))']","['Bước 1 - Sơ chế thịt nhím và các nguyên liệu khác: Đầu tiên, bạn hãy rã đông 500gr thịt nhím đã làm sẵn, sau đó rửa lại thật sạch với nước. Mặc dù thịt nhím thường không còn mùi khai, nhưng để đảm bảo món nhím xào sả ớt thơm ngon nhất, bạn có thể rửa lại bằng nước cốt gừng, riềng và một chút rượu. Tiếp theo, sơ chế các nguyên liệu còn lại. Tỏi bóc vỏ, băm thật nhuyễn hoặc dùng máy xay tỏi ớt để tiết kiệm thời gian. Sả lột bỏ phần bẹ già bên ngoài, rửa sạch rồi cắt lát thật mỏng. Nếu muốn, bạn có thể băm nhỏ sả để hương vị thấm đều hơn. Hành tây lột vỏ, bổ múi cau. Ớt sừng rửa sạch, cắt lát mỏng.', 'Bước 2 - Xào thịt nhím săn chắc, thấm vị: Đặt chảo lên bếp, cho một ít dầu ăn vào và đun nóng. Khi dầu nóng, cho tỏi và sả đã sơ chế vào phi thơm vàng. Sau đó, cho toàn bộ thịt nhím vào chảo, xào đều tay trên lửa lớn. Khi thấy thịt nhím hơi săn lại, bạn hạ lửa xuống mức trung bình. Nêm nếm các loại gia vị thông dụng như đường, bột ngọt, hạt nêm, nước tương sao cho vừa ăn. Đặc biệt, đừng quên thêm 1 muỗng canh sa tế để tạo độ cay hấp dẫn, kích thích vị giác cho món nhím xào sả ớt của chúng ta. Tiếp tục xào đều tay để thịt nhím săn chắc hơn và thấm đều gia vị. Đây là bước quan trọng để đảm bảo thịt nhím giữ được độ ngọt tự nhiên và hương vị đậm đà.', 'Bước 3 - Hoàn thành món nhím xào sả ớt thơm ngon: Khi thịt nhím đã săn và thấm vị, bạn cho hành tây và ớt cắt lát vào chảo. Hạ lửa xuống mức thấp nhất và tiếp tục xào khoảng 3 phút nữa. Hành tây sẽ vừa chín tới, giữ được độ giòn ngọt, và ớt sẽ lan tỏa hương thơm cay nồng. Sau 3 phút, tắt bếp và trình bày món nhím xào sả ớt ra dĩa. Món ăn sẽ dậy mùi thơm lừng của sả ớt, thịt nhím săn chắc mà vẫn giữ được độ mềm mại, ngọt tự nhiên.', 'Bước 4 - Thành phẩm: Món nhím xào sả ớt thơm ngon, cay nồng đã sẵn sàng để thưởng thức! Thịt nhím săn chắc, thấm đẫm gia vị, kết hợp cùng hương sả ớt nồng nàn chắc chắn sẽ làm hài lòng cả những thực khách khó tính nhất.']","['Để món nhím xào sả ớt của bạn thêm phần hoàn hảo, việc lựa chọn dụng cụ nấu ăn phù hợp là rất quan trọng.Chảo inox nguyên khối sâu đáy từ 20 cm Tefal B9210295là một lựa chọn tuyệt vời, giúp bạn chế biến món ăn nhanh chóng và tiện lợi.Chảo Tefalđược làm từ inox nguyên khối cao cấp, đảm bảo độ bền vượt trội và khả năng truyền nhiệt đều, giúp thịt nhím chín tới, săn chắc mà không bị cháy.Thiết kế sâu đáy giúp bạn dễ dàng xào đảo nguyên liệu mà không lo bị văng ra ngoài, giữ cho căn bếp luôn sạch sẽ.Đáy từ tương thích với mọi loại bếp, từ bếp gas đến bếp từ, mang lại sự tiện lợi tối đa cho mọi gia đình.Chảo inox nguyên khối sâu đáy từ 20 cm Tefal B9210295270.000₫479.000₫-43%Xem chi tiết', 'Xem thêm:Cách làm nhím xào lăn nước cốt dừa đậm đà bằng chảo chống dínhCách làm thịt heo rừng xào sả ớt thơm ngon đúng vị hấp dẫnCách làm rắn xào sả ớt chuẩn vị thơm lừng bằng chảo nhôm sâu lòng']",,dienmayxanh.com
https://www.dienmayxanh.com/vao-bep/cach-lam-su-su-xao-trung-mem-thom-hap-dan-cuc-don-gian-tai-17189,Món Xào,"Cách làm su su xào trứng mềm thơm hấp dẫn, cực đơn giản tại nhà","Ắt hẳn mọi người sẽ bất ngờ lắm khi biết rằng chỉ với vài nguyên liệu đơn giản là đã có thể thực hiện được món su su xào trứng siêu thơm ngon, hấp dẫn rồi. Vậy thì đừng chần chừ nữa, hãy bắt tayvào bếpcùng Điện máy XANH trổ tài chế biếnmón xàonày thôi nào!",,15 phút + 10 phút,Cho 2 người,,7,"['Su su - 1 trái', 'Trứng gà - 1 quả', 'Hành tím - 2 củ', 'Hành lá - 2 nhánh', 'Ngò rí - 2 nhánh', 'Dầu ăn - 1 muỗng canh', 'Gia vị thông dụng - 1 ít ((Hạt nêm/ đường/ bột ngọt/ tiêu xay))']","['Bước 1 - Sơ chế nguyên liệu: Đầu tiên, với 1 trái su su mua về bạn lấy dao bào bào vỏ, đồng thời đem rửa trực tiếp dưới vòi nước sạch, để ráo, rồi tiếp tục dùng dao cắt sợi mỏng hoặc lấy dao bào bào sợi đều được. Hành lá, ngò rí bạn bỏ rễ, rửa với nước cho sạch hết phần bụi đất còn bám lại, để thật ráo rồi dùng dao cắt nhuyễn. Hành tím thì chỉ cần lột vỏ rồi băm nhuyễn là được. Cuối cùng, bạn đập 1 quả trứng gà vào chén cùng 1/2 muỗng cà phê hạt nêm và 1/2 muỗng cà phê tiêu xay, dùng đũa tiến hành khuấy đều.', 'Bước 2 - Xào su su với trứng: Sơ chế nguyên liệu xong, bạn bắc chảo lên bếp cùng 1 muỗng canh dầu ăn đun với lửa vừa. Dầu sôi bạn cho 2 củ hành tím băm nhuyễn vào phi thơm. Sau đó, bạn thêm toàn bộ phần su su đã cắt, 1/2 muỗng cà phê hạt nêm, 1/2 muỗng cà phê đường, 1/3 muỗng cà phê bột ngọt và 3 muỗng canh nước lọc vào, đảo đều khoảng 3 phút. Thấy su su đã dần chín thì bạn cho từ từ chén trứng gà vào, nhanh tay xào đều trong vòng 2 phút. Đến khi tất cả nguyên liệu đã chín mềm thì bạn nêm nếm gia vị vừa ăn, rắc thêm hành lá, ngò rí đã cắt vào rồi đảo đều thêm lần nữa, tắt bếp cho ra dĩa là hoàn thành.', 'Bước 3 - Thành phẩm: Từ ánh nhìn đầu tiên, màu sắc tươi xanh cùng hương thơm nức mũi của món su su xào trứng đã lập tức khiến mọi người chẳng thể cưỡng lại mà mong muốn được thưởng thức ngay. Bên cạnh su su mềm ngọt, vừa chín tới thì còn có sự kết hợp của trứng gà béo ngậy, điểm thêm chút hành lá, ngò rí nữa quả là tuyệt vời đến ngỡ ngàng.']","['Xem chi tiết:Cách chọn mua trứng mới, chất lượng', 'Xem thêm:Cách làm su su xào cà chua thơm ngon nhẹ vị cho bữa cơm ngày nắng nóngCách làm su su xào tim cật ngon bùi cho bữa cơm thêm tròn vịCách làm su su xào nấm thơm bùi khó cưỡng cho bữa cơm thanh vị']",,dienmayxanh.com
https://www.dienmayxanh.com/vao-bep/cach-lam-oc-huong-xao-bo-bap-thom-beo-hap-dan-ngay-tai-nha-23446,Món Xào,Cách làm ốc hương xào bơ bắp thơm béo hấp dẫn ngay tại nhà,"Chào mừng bạn đến chuyên mụcVào bếp! Hôm nay, hãy cùng khám phá cách làm ốc hương xào bơ bắp thơm lừng,món xàoăn vặt hay đãi tiệc đều ngon quên lối về. Đảm bảo bạn sẽ chế biến thành công ngay lần đầu!",,15 phút + 15 phút,Cho 2-3 người,,9,"['Ốc hương - 500 gr', 'Bắp - 1 trái ((khoảng 300 gr))', 'Sả - 2 cây', 'Bơ - 2 muỗng canh ((hiệu tùy thích))', 'Mayonnaise - 1 muỗng canh', 'Tỏi - 1 củ', 'Ớt - 1 trái ((tùy khẩu vị))', 'Dầu ăn - 2 muỗng canh', 'Gia vị thông dụng - 1 ít ((đường/bột ngọt/hạt nêm))']","['Bước 1 - Sơ chế và chuẩn bị nguyên liệu: Nếu mua ốc tươi sống, bạn rửa sạch với nước muối nhiều lần cho hết nhớt và đất cát, để ráo. Nếu là ốc đã làm sạch, chỉ cần rửa lại và để ráo. Dùng dao nhỏ lách một đường ở hàng hạt đầu tiên, sau đó dùng tay tách các hạt bắp còn lại ra khỏi cùi. Tỏi bóc vỏ, băm nhỏ. Ớt rửa sạch, băm nhỏ (tùy theo độ cay mong muốn). Sả đập dập và cắt khúc.', 'Bước 2 - Luộc sơ bắp và ốc hương: Đun sôi một nồi nước, cho hạt bắp vào luộc khoảng 5 phút cho bắp vừa chín tới. Vớt bắp ra rổ, để ráo nước. Dùng chính nồi nước luộc bắp, cho sả đập dập vào đun sôi trở lại. Sau đó, cho ốc hương vào luộc khoảng 2 phút. Việc luộc sơ này giúp ốc thơm hơn, loại bỏ mùi tanh và hạn chế ra nước khi xào. Vớt ốc ra rổ, bỏ sả, rửa lại ốc với nước lạnh cho sạch nhớt và để ráo.', 'Bước 3 - Xào bắp và nêm gia vị: Bắc chảo lên bếp, cho 2 muỗng canh dầu ăn vào đun nóng. Khi dầu nóng, cho tỏi băm vào phi thơm đến khi tỏi hơi chuyển vàng. Thêm ớt băm vào xào cùng (tùy theo khẩu vị cay của gia đình), sau đó cho ốc vào xào để để sốt tỏi ớt thấm vào ốc. Tiếp tục cho hạt bắp đã luộc vào chảo, đảo đều khoảng 1 phút. Hạ nhỏ lửa, nêm gia vị: 1 muỗng canh đường, 1/2 muỗng cà phê bột ngọt, 1 muỗng cà phê hạt nêm. Đảo đều cho bắp thấm gia vị trong khoảng 3 phút.', 'Bước 4 - Thêm mayonnaise, bơ và xào ốc: Cho 1 muỗng canh mayonnaise vào chảo bắp, đảo đều. Mayonnaise sẽ giúp món ăn thêm phần béo ngậy và hấp dẫn. Thêm tiếp 1 muỗng canh bơ vào. Tiếp tục đảo đều cho bơ tan chảy và hòa quyện vào ốc và bắp. Nếm lại và điều chỉnh gia vị cho vừa ăn.', 'Bước 5 - Thành phẩm: Ốc hương xào bơ bắp đã hoàn thành với mùi thơm nức mũi của bơ, tỏi, vị ngọt giòn của ốc và bắp. Món ăn này có thể dùng nóng, chấm kèm muối ớt xanh hoặc muối ớt đỏ để tăng thêm hương vị.']","['Xem chi tiết:Cách bảo quản ốc hương qua đêm tươi lâu dễ dàng và đơn giản nhất', 'Trong hành trình Vào bếp để chế biến món ốc hương xào bơ bắp thơm ngon, việc sở hữu dụng cụ nấu ăn chất lượng là vô cùng quan trọng.Bộ nồi chảo inox 5 đáy nắp kính Green Cook GCS241-T1sẽ là trợ thủ đắc lực cho bạn.Được sản xuất bởi thương hiệu uy tín,bộ nồi chảo Elmichnày đảm bảo độ bền vượt trội và an toàn cho sức khỏe người dùng. Thiết kế 5 đáy giúp truyền nhiệt nhanh và đều, tiết kiệm năng lượng hiệu quả.Chất liệu inox cao cấp không gỉ sét, dễ dàng vệ sinh sau mỗi lần sử dụng, giữ cho căn bếp của bạn luôn sáng bóng. Nắp kính trong suốt tiện lợi giúp bạn dễ dàng quan sát quá trình nấu mà không cần mở nắp.Với đa dạng kích thước, bộ nồi chảo này phù hợp cho mọi nhu cầu chế biến, từ xào nhanh đến ninh hầm. Đây chắc chắn là sự đầu tư xứng đáng cho căn bếp hiện đại của mọi gia đình.Bộ nồi chảo inox 5 đáy Green Cook GCS241-T1990.000₫1.865.000₫-46%Xem chi tiết', 'Xem thêm:2 cách làm ốc hương sốt trứng muối cực ngon ăn là ghiềnCách làm ốc hương hấp sả thơm ngon, hấp dẫn đơn giản tại nhà2 cách làm ốc hương rang muối và cháy tỏi đơn giản, ngon ngất ngây']",,dienmayxanh.com
https://www.dienmayxanh.com/vao-bep/cach-lam-oc-van-xao-sa-ot-la-chanh-gion-thom-hap-dan-an-la-23436,Món Xào,Cách làm ốc vặn xào sả ớt lá chanh giòn thơm hấp dẫn ăn là ghiền,"Chào mừng bạnvào bếpcùng tôi! Hôm nay, chúng ta sẽ học cách làm món ốc vặn xào sả ớt thơm ngon, dai giòn sần sật, không hề bị tanh. Mónmón xàohấp dẫn này chắc chắn sẽ làm phong phú thêm bữa ăn gia đình bạn. Bắt đầu ngay!",,1 giờ 30 phút + 5 phút,Cho 1 đĩa (khoảng 2 người ăn),,9,"['Thịt ốc vặn - 400 gr', 'Lá chanh - 1 ít', 'Tỏi - 3 tép', 'Ớt sừng - 1/2 quả', 'Nghệ tươi - 1 ít', 'Gừng - 1 ít', 'Sả - 2 củ', 'Mỡ lợn - 1 ít', 'Gia vị thông dụng - 1 ít ((muối bột canh/mì chính/hạt tiêu/nước mắm ngon))']","['Bước 1 - Sơ chế ốc vặn và luộc khử tanh: Ốc vặn mua về cần ngâm trong nước sạch khoảng vài tiếng hoặc qua đêm với vài lát ớt, sả đập dập để ốc nhả hết bùn đất. Sau đó, rửa ốc thật sạch nhiều lần. Cho ốc vào nồi, đổ nước ngập ốc. Thêm vài lát gừng, sả đập dập, ớt và vài lá chanh vào luộc. Khi nước sôi, ốc há miệng là được. Luộc kỹ giúp ruột ốc vặn thơm ngon, không hôi tanh.', 'Bước 2 - Khều ốc và làm sạch: Sau khi luộc, vớt ốc ra để nguội bớt. Dùng tăm hoặc que nhọn khều lấy phần thịt ốc (chỉ lấy phần đầu, bỏ phần ruột đen). Quá trình này khá tốn thời gian, có thể mất hơn một tiếng để có đủ một đĩa ốc. Rửa sạch phần thịt ốc đã khều lại một lần nữa với nước sạch để loại bỏ hoàn toàn cặn bẩn còn sót lại.', 'Bước 3 - Sơ chế các nguyên liệu khác: Sả: Bỏ phần gốc già và vỏ già, giữ lại phần non. Một phần gốc sả non thái lát mỏng, phần còn lại băm nhỏ. Tỏi: Đập dập và băm nhỏ. Gừng: Thái lát mỏng rồi băm nhỏ để tăng hương vị và khử tanh. Nghệ tươi: Thái lát và băm nhỏ. Nghệ giúp món ăn có màu sắc đẹp mắt và rất tốt cho sức khỏe. Ớt sừng: Lấy 1/2 quả, bỏ hạt rồi thái lát và băm nhỏ, tạo vị cay nhẹ vừa phải. Lá chanh: Thái sợi thật mỏng. Lá chanh là ""linh hồn"" tạo nên mùi thơm đặc trưng cho món ốc vặn xào sả ớt. Nếu không có, bạn có thể thay bằng lá lốt hoặc tía tô.', 'Bước 4 - Xào ốc vặn sả ớt thơm lừng: Đặt chảo lên bếp, cho một ít mỡ lợn vào đun nóng. Khi mỡ tan và nóng già, cho tỏi băm và phần sả thái lát vào phi thơm vàng. Khi tỏi và sả đã dậy mùi, cho toàn bộ phần thịt ốc đã khều vào xào nhanh tay. Vì ốc đã luộc chín nên không cần xào quá lâu, chỉ cần đảo đều để ốc ngấm vị. Tiếp theo, cho nghệ băm, sả băm và ớt băm vào chảo. Nêm gia vị: 1/3 thìa cà phê muối bột canh, 1 thìa cà phê mì chính, một ít hạt tiêu và một chút nước mắm ngon để tăng thêm mùi thơm hấp dẫn. Đảo đều khoảng 2-3 phút cho ruột ốc vặn xào sả ớt thấm đẫm gia vị. Mùi thơm lúc này sẽ lan tỏa khắp căn bếp, cực kỳ quyến rũ!', 'Bước 5 - Thành phẩm: Cuối cùng, cho hết phần lá chanh thái sợi vào, đảo thêm khoảng 30 giây nữa cho lá chanh dậy mùi thơm rồi tắt bếp. Múc ốc vặn xào sả ớt ra đĩa, thưởng thức ngay khi còn nóng. Món ăn có màu vàng đẹp mắt từ nghệ, mùi thơm nồng nàn của sả, ớt, lá chanh, vị dai giòn sần sật của ốc, đảm bảo không hề hôi tanh một chút nào!']","['Để món ốc vặn xào sả ớt của bạn thêm phần hoàn hảo, việc lựa chọn dụng cụ nấu nướng phù hợp là rất quan trọng.Chảo nhôm chống dính đáy từ 28 cm Tefal H9100614sẽ là trợ thủ đắc lực cho bạn.Vớichảo tefalnày, bạn có thể yên tâm xào nấu mà không lo ốc bị dính hay cháy, giúp món ăn giữ trọn hương vị. Lớp chống dính bền bỉ đảm bảo hiệu quả sử dụng lâu dài.Thiết kế đáy từ giúp chảo tương thích với mọi loại bếp, từ bếp ga đến bếp từ, mang lại sự tiện lợi tối đa trong gian bếp hiện đại. Kích thước 28 cm lý tưởng cho việc chế biến các món xào.Chất liệu nhôm cao cấp giúp chảo nóng nhanh và truyền nhiệt đều, đảm bảo ốc chín tới, ngấm gia vị mà vẫn giữ được độ dai giòn hấp dẫn.Chảo nhôm chống dính đáy từ Tefal H9100614520.000₫669.000₫-22%Xem chi tiết', 'Việc luộc ốc với các loại gia vị này là bước quan trọng để khử mùi tanh đặc trưng của ốc, giúp món ốc vặn xào sả ớt thêm phần hấp dẫn.', 'Xem chi tiết:Bỏ túi ngay các cách ngâm ốc cho sạch nhớt, sạch bùn đất nhanh chóng', 'Để giữ được độ dai giòn tự nhiên của ốc, hãy xào nhanh trên lửa lớn.', 'Xem chi tiết:Cách thắng mỡ heo trắng để lâu bằng chảo chiên ngập dầu', 'Xem thêm:Cách làm ốc vặn luộc ngon siêu đơn giản tại nhà đảm bảo ăn là ghiềnCách làm ốc ruốc xào sả ớt cay thơm đậm đà ăn là nghiền2 cách làm ốc bươu xào sả ớt thơm ngon nức mũi']",,dienmayxanh.com
https://www.dienmayxanh.com/vao-bep/cach-lam-tom-xao-sa-ot-ngon-mem-dam-da-cho-bua-com-nha-them-23433,Món Xào,"Cách làm tôm xào sả ớt ngon mềm, đậm đà cho bữa cơm nhà thêm ngon miệng","Bạn đang tìm cách làm tôm xào sả ớt ngon bá cháy?Vào bếpngay với công thức món tôm xào sả ớt kiểu Thái siêu đơn giản này! Đảm bảo chỉ cần xem qua một lần là bạn có thể tự tay chế biếnmón xàothơm lừng, đậm đà cho cả gia đình.",,20 phút + 15 phút,Cho 3 - 4 người,,6,"['Tôm - 800 gr', 'Sả - 4 nhánh', 'Ớt sừng - 1 trái', 'Tỏi - 4 tép', 'Rau răm - 1 ít', 'Gia vị thông dụng - 1 ít ((bột nêm/ bột ngọt/ đường/ dầu hào/ tương ớt/ nước tương/ dầu ăn))']","['Bước 1 - Sơ chế và ướp tôm tươi ngon: Tôm 800gr sau khi lột vỏ, rửa sạch, bạn dùng dao trẻ dọc phần sống lưng để tôm thấm gia vị hơn và trông đẹp mắt. Giữ lại phần đuôi tôm cho đẹp nhé. Băm nhuyễn 3 nhánh sả, 1 nhánh còn lại bạn sẽ cắt khoanh mỏng để trang trí sau. Ớt sừng thì băm nhuyễn một ít, phần còn lại cắt lát để trang trí. (Sử dụng ớt sừng không cay, nếu thích ăn cay bạn có thể dùng ớt hiểm). Tỏi băm nhuyễn. Ướp tôm với 1 muỗng cà phê tỏi băm, 1 muỗng cà phê bột nêm, 1 muỗng cà phê đường và 1/2 muỗng cà phê bột ngọt. Trộn đều và để tôm thấm gia vị trong khoảng 10 phút.', 'Bước 2 - Xào tôm sả ớt đậm đà: Bắc chảo lên bếp, cho 3 muỗng canh dầu ăn vào. Khi dầu nóng, cho tỏi băm vào phi thơm vàng. Tiếp theo, cho sả băm vào xào đến khi sả vàng thơm. Sau đó, thêm ớt băm vào và tiếp tục xào cho dậy mùi. Khi hỗn hợp sả ớt tỏi đã thơm lừng, cho tôm đã ướp vào chảo. Đảo đều tay để tôm chín đều hai mặt. Tôm sẽ chuyển sang màu cam hồng đẹp mắt. Nêm nếm gia vị: Thêm 1 muỗng canh tương ớt, 1 muỗng canh dầu hào và 1 muỗng canh nước tương vào chảo. Đảo đều cho tôm thấm gia vị và có độ sánh hấp dẫn. Khi tôm đã chín và thấm vị, cho rau răm đã cắt nhỏ vào, đảo đều. Tắt bếp. Cuối cùng, cho phần ớt cắt lát và sả cắt khoanh còn lại vào, đảo nhẹ lần nữa để hương thơm bùng dậy.', 'Bước 3 - Thành phẩm: Món tôm xào sả ớt kiểu Thái thơm lừng, đậm đà đã sẵn sàng để thưởng thức. Tôm tươi ngon, thấm vị sả ớt cay nhẹ, ăn kèm cơm nóng hay làm mồi nhậu đều tuyệt vời.']","['Để món tôm xào sả ớt của bạn thêm phần hoàn hảo, việc lựa chọn dụng cụ nấu ăn phù hợp là rất quan trọng.Chảo nhôm chống dính đáy từ 24 cm Elmich EL5985BE24sẽ là trợ thủ đắc lực cho bạn trong mọi món xào.Chảo Elmichđược làm từ hợp kim nhôm cao cấp, giúp truyền nhiệt nhanh và đều khắp bề mặt. Nhờ đó, tôm sẽ chín đều, giữ trọn vị ngọt tự nhiên mà không lo bị cháy.Lớp chống dính cao cấp giúp bạn dễ dàng xào nấu mà không lo thức ăn bám dính. Việc vệ sinh sau khi nấu cũng trở nên đơn giản và nhanh chóng hơn bao giờ hết.Thiết kế đáy từ tiện lợi, chảo tương thích với mọi loại bếp, từ bếp gas đến bếp từ. Tay cầm chắc chắn, cách nhiệt đảm bảo an toàn tối đa khi sử dụng.Chảo nhôm chống dính đáy từ Elmich EL5985BE24240.000₫390.000₫-38%Xem chi tiết', 'Xem thêm:Công thức chế biến súp lơ xào tôm ngon chuẩn nhà hàng tại gia với chảo nhômCách làm đậu đũa xào tôm thơm thanh ngọt cho mâm cơm thêm lạ miệngCách làm miến xào tôm hùm thơm ngon chất lượng như ngoài tiệm']",,dienmayxanh.com
https://www.dienmayxanh.com/vao-bep/cach-lam-thit-da-dieu-xao-sa-ot-dam-vi-dac-sac-tai-nha-ai-an-23422,Món Xào,Cách làm thịt đà điểu xào sả ớt đậm vị đặc sắc tại nhà ai ăn cũng ghiền,"Bạn đang tìm cách làm món thịt đà điểu xào sả ớt thơm lừng, giòn ngon chuẩn vị? Đừng lo, hôm nay mình sẽ cùng bạnvào bếpthực hiện mónmón xàođậm đà này. Với công thức đơn giản, bạn sẽ có ngay đĩa thịt đà điểu xào sả ớt ngon bá cháy, khiến cả nhà phải tấm tắc khen ngon!",,15 phút + 15 phút,Cho 50gr thịt đà điểu,,7,"['Thịt đà điểu - 500 gr', 'Ớt chuông - 100 gr', 'Tỏi - 3 tép', 'Sả - 2 nhánh', 'Rau răm - 1 ít', 'Mỡ lợn/dầu ăn - 1 ít', 'Gia vị thông dụng - 1 ít ((nước mắm/bột ngọt))']","['Bước 1 - Sơ chế và thái thịt đà điểu: Đầu tiên, bạn rửa sạch miếng thịt đà điểu đã được khò sơ. Sau đó, dùng dao thái thịt thành những miếng mỏng vừa ăn để khi xào thịt dễ ngấm gia vị và nhanh chín hơn.', 'Bước 2 - Sơ chế tỏi, sả, ớt chuông và rau răm: Bóc vỏ tỏi, đập dập và băm nhỏ. Sả cũng bóc vỏ già, rửa sạch rồi băm nhỏ. Tiếp theo, thái ớt chuông thành miếng vuông hoặc sợi tùy thích. Cuối cùng, rửa sạch rau răm và thái nhỏ.', 'Bước 3 - Ướp thịt đà điểu xào sả ớt: Cho thịt đà điểu đã thái vào một chiếc bát tô. Cho phần tỏi và sả băm đã chuẩn bị vào ướp cùng thịt, nhớ để lại một ít để lát nữa phi thơm. Nêm thêm nước mắm và bột ngọt (mì chính) vừa ăn. Trộn đều tất cả và để thịt ngấm gia vị khoảng 15-20 phút.', 'Bước 4 - Xào thịt đà điểu với ớt chuông: Đặt chảo lên bếp, cho mỡ lợn hoặc dầu ăn vào đun nóng. Khi mỡ/dầu sôi, cho phần tỏi và sả băm còn lại vào phi thơm cho dậy mùi. Tiếp theo, cho ớt chuông đã thái vào đảo đều cho đến khi chín tới. Sau đó, cho thịt đà điểu đã ướp vào chảo, đảo nhanh tay trên lửa lớn cho thịt săn lại và chín đều.', 'Bước 5 - Thành phẩm: Khi thịt đà điểu đã chín và các nguyên liệu hòa quyện, bạn cho rau răm thái nhỏ vào đảo đều thêm khoảng 1 phút rồi tắt bếp. Múc món thịt đà điểu xào sả ớt ra đĩa và thưởng thức khi còn nóng. Món ăn có màu sắc hấp dẫn, thịt đà điểu giòn dai, thấm vị sả ớt thơm lừng chắc chắn sẽ làm hài lòng cả gia đình bạn.']","['Để món thịt đà điểu xào sả ớt của bạn thêm phần hoàn hảo, một chiếc chảo chất lượng là không thể thiếu. Chúng tôi giới thiệuChảo nhôm sâu chống dính vân đá đáy từ nắp kính 26 cm Delites CE005-26, người bạn đồng hành lý tưởng cho mọi món xào.Với công nghệ chống dính hiện đại, chiếcchảo chống dính Delitesnày giúp bạn xào nấu dễ dàng mà không lo thức ăn bị dính, đảm bảo món ăn luôn giữ được hương vị thơm ngon trọn vẹn.Thiết kế lòng sâu cùng đường kính 26 cm giúp bạn thoải mái đảo trộn nguyên liệu mà không sợ rơi ra ngoài, đặc biệt phù hợp cho các món xào cần lượng lớn thực phẩm.Chảo còn được trang bị đáy từ, tương thích với mọi loại bếp, từ bếp gas đến bếp từ, mang lại sự tiện lợi tối đa cho căn bếp nhà bạn. Nắp kính trong suốt giúp dễ dàng quan sát quá trình nấu nướng.Chảo nhôm sâu chống dính vân đá đáy từ nắp kính Delites CE005-26270.000₫373.000₫-27%Xem chi tiết', 'Xem thêm:Cách thắng mỡ heo trắng để lâu bằng chảo chiên ngập dầu', 'Xem thêm:Cách làm chim cút rôti ngon đậm đà, thơm lừng cực hao cơmCách làm chim bồ câu quay ngũ vị bằng dầu giòn rụm, hấp dẫn, ăn là ghiềnCách làm hến xào sả ớt thơm ngon đậm vị hao cơm']",,dienmayxanh.com
https://www.dienmayxanh.com/vao-bep/cach-lam-thit-heo-sot-ca-chua-dam-da-bat-com-bang-chao-chong-23417,Món Xào,Cách làm thịt heo sốt cà chua đậm đà bắt cơm bằng chảo chống dính,"Chào mừng các bácvào bếp! Món Thịt heo sốt cà chua đậm đà, chuẩn vị sẽ là lựa chọn hoàn hảo cho bữa cơm nhà. Với cách làm thịt heo sốt cà chua đơn giản,món xàonày chắc chắn sẽ chinh phục mọi thành viên, mang đến hương vị khó quên.",,30 phút + 20 phút,Cho 2-3 người,,7,"['Thịt nạc vai - 500 gr ((hoặc ba chỉ))', 'Cà chua - 3 quả', 'Hành lá - 100 gr', 'Hành tím - 1 củ', 'Gừng - 1 nhánh', 'Ớt - 2 quả ((tùy khẩu vị))', 'Gia vị thông dụng - 1 ít ((bột canh/muối/đường/hạt nêm/bột ngọt/tiêu/nước mắm/nước tương))']","['Bước 1 - Chần sơ thịt: Đầu tiên, các bạn chuẩn bị một nồi nước, cho vào 1 muỗng bột canh (hoặc muối), vài lát gừng và vài lát hành tím để khử mùi hôi. Khi nước sôi, thả miếng thịt heo vào chần sơ khoảng 1 phút rưỡi đến 2 phút. Chần lâu quá thịt sẽ chín mất chất dinh dưỡng đấy ạ. Sau đó, vớt thịt ra, rửa sạch lại với nước và để ráo.', 'Bước 2 - Sơ chế các nguyên liệu khác: Trong lúc chờ thịt ráo, các bạn đi sơ chế các nguyên liệu còn lại nhé. Hành lá thì cắt hết phần lá, để lại gốc. Hành khô thì đập dập và băm nhỏ (chia làm hai phần). Ớt thì cắt tùy theo sở thích và độ cay mong muốn. Cà chua thì cắt hạt lựu để lát nữa dầm cho dễ nát.', 'Bước 3 - Ướp thịt: Thịt heo sau khi chần và ráo nước thì mang đi thái. Nếu có phần mỡ dày, có thể cắt bỏ bớt. Thái thịt thành miếng mỏng vừa ăn. Bạn có thể thái ngang thớ để thịt mềm hơn, hoặc thái dọc thớ để miếng thịt trông đẹp mắt hơn. Sau khi thái xong, tẩm ướp gia vị cho thịt để món ăn đậm đà hơn. Cho thịt vào tô, thêm một ít hạt tiêu, 1 thìa nước mắm, 1 thìa nước tương và nửa muỗng hạt nêm. Trộn đều lên và ướp khoảng 20 phút cho thịt thấm gia vị sâu bên trong.', 'Bước 4 - Xào sơ thịt heo: Bắc chảo lên bếp, cho khoảng 2 thìa canh dầu ăn vào. Khi dầu nóng, cho 1/2 phần hành khô băm nhỏ vào phi thơm vàng. Sau đó, cho phần thịt heo đã tẩm ướp vào xào. Xào cho đến khi thịt chín và săn lại, tỏa mùi thơm phức thì trút thịt ra đĩa riêng.', 'Bước 5 - Làm thịt heo sốt cà chua: Vẫn dùng cái chảo vừa xào thịt, cho thêm khoảng 2 thìa canh dầu ăn (ước chừng thôi nhé). Tiếp tục cho 1/2 phần hành khô còn lại vào phi thơm. Khi hành đã vàng thơm, cho cà chua cắt hạt lựu vào và dầm nát. Dầm đến khi cà chua nát nhuyễn thành sốt, rồi thêm một ít nước lọc vào để tạo thành hỗn hợp sốt sệt và mịn. Khi sốt cà chua đã nát và sệt, cho phần thịt heo đã xào chín vào chảo, đảo đều để thịt bám đều sốt cà chua. Nêm nếm thêm gia vị cho vừa ăn. Ở đây em thêm 1 muỗng mì chính và một ít đường để cân bằng vị chua ngọt. Đảo đều tay cho đến khi nước sốt sệt lại, bám đều vào từng miếng thịt là được. Cuối cùng, cho hết phần hành lá đã cắt vào, đảo nhanh tay rồi tắt bếp.', 'Bước 6 - Thành phẩm: Cho món Thịt heo sốt cà chua ra đĩa. Món ăn này làm cực kỳ đơn giản mà lại ngon cơm vô cùng.']","['Xem chi tiết:Cách chọn thịt lợn ngon an toàn, cách khử mùi, bảo quản thịt lợn (heo)', 'Xem chi tiết:Các loại cà chua phổ biến, cách chọn mua và cách bảo quản cà chua tươi lâu', 'Để món thịt heo sốt cà chua thêm phần hoàn hảo, việc chọn đúng dụng cụ nấu nướng là rất quan trọng.Chảo nhôm sâu chống dính đáy từ 20cm Supor H23110-SJ20là lựa chọn lý tưởng, giúp bạn chế biến món ăn dễ dàng và ngon miệng hơn.Chảo Supornày được làm từ hợp kim nhôm cao cấp, đảm bảo truyền nhiệt nhanh và đều, giúp thịt xém vàng đẹp mắt mà không lo cháy. Lớp chống dính bền bỉ giúp bạn xào nấu không lo dính, dễ dàng vệ sinh sau khi dùng.Thiết kế đáy từ tương thích với mọi loại bếp, từ bếp gas đến bếp từ, mang lại sự tiện lợi tối đa. Kích thước 20cm vừa vặn cho các món ăn gia đình, đặc biệt là món sốt cà chua.Tay cầm cách nhiệt chắc chắn, an toàn khi sử dụng và dễ dàng di chuyển chảo. Đây là trợ thủ đắc lực không thể thiếu trong mọi căn bếp hiện đại.Chảo nhôm sâu chống dính đáy từ Supor H23110-SJ20190.000₫274.000₫-30%Xem chi tiết', 'Bước chần sơ này rất quan trọng để loại bỏ bớt mùi tanh hôi của thịt, giúp món ăn thơm ngon và sạch sẽ hơn.', 'Xem thêm:2 Cách làm thịt heo xào chua ngọt ngon như ý, ăn là ghiềnCách làm mì ý sốt cà chua thịt heo bằm thơm ngon khó cưỡng như ngoài tiệmCách làm thịt heo xào dứa, món ngon chuẩn vị cơm gia đình']",,dienmayxanh.com
https://www.dienmayxanh.com/vao-bep/cach-nhat-rau-muong-de-xao-va-an-song-nhanh-chuan-lam-bua-com-23412,Món Xào,Cách nhặt rau muống để xào và ăn sống nhanh chuẩn làm bữa cơm thêm ngon,"Bạn muốn biết cách nhặt rau muống nhanh và đẹp? Đừng lo! Với mẹovào bếpnày, công đoạn sơ chế rau sẽ trở nên dễ dàng. Vào bếp học ngay bí quyết để cómón xàohay cuốn ngon miệng, đảm bảo dinh dưỡng cho gia đình!",,5 phút + 10 phút + 5 phút + 10 phút,Cho 1 bó rau muống,,1,['Rau muống - 700 gr ((khoảng 1 bó))'],"['Bước 1 - Sơ chế rau muống ban đầu: Đầu tiên, bạn lấy bó rau muống ra khỏi bao ni lông và cho vào rổ để dễ dàng thao tác. Xem xét kỹ từng cọng rau để loại bỏ những lá bị héo úa, sâu bệnh hoặc nổi đốm trắng, đảm bảo rau sạch và tươi ngon nhất.', 'Bước 2 - Hướng dẫn cách nhặt rau muống nhanh và đẹp: Bắt đầu lặt rau từ phần ngọn trước. Ước lượng một đoạn khoảng 5cm từ phần ngọn xuống, sau đó dùng tay ngắt dứt khoát. Cứ giữ phần rau đã lặt trong lòng bàn tay và tiếp tục lặt cho đến khi gặp phần thân già, dai và khó ngắt thì dừng lại. Bạn không nên cố gắng lặt hết thân rau muống cho tới gốc vì phần bên dưới già rồi sẽ không ngon nữa.', 'Bước 3 - Mẹo nhặt rau muống để xào không bị nhũn: Sau khi lặt khoảng từ 4-5 cọng rau muống và đã nắm được một nắm vừa tay, bạn dừng lại một chút. Dùng tay còn lại ngắt bớt phần lá rau muống.', 'Bước 4 - Hoàn thành và rửa sạch rau: Tiếp tục làm tương tự cho đến khi hết bó rau muống. Rau sau khi lặt theo cách này sẽ được xếp rất ngay ngắn và dễ dàng để rửa. Bạn chỉ cần để nguyên từng nắm rau đã lặt, sau đó cho nước vào thau và rửa từ từ từng nắm rau nhỏ cho thật sạch.', 'Bước 5 - Thành phẩm: Rau muống đã được nhặt sạch sẽ, gọn gàng, sẵn sàng cho các món xào, luộc thơm ngon.']","['Xem chi tiết:Cách nhận biết rau muống sạch chị em nội trợ nên biết', 'Để món rau muống xào thêm phần hấp dẫn, một chiếc chảo chất lượng là không thể thiếu.Chảo nhôm sâu chống dính đáy từ 26 cm Elmich Olive classic EL-5978OV26sẽ là trợ thủ đắc lực cho mọi đầu bếp tại gia.Chảo Elmichđược làm từ hợp kim nhôm cao cấp, truyền nhiệt nhanh và đều, giúp rau chín tới mà vẫn giữ được độ xanh tươi, giòn ngon.Lớp chống dính bền bỉ, an toàn cho sức khỏe, giúp bạn xào nấu dễ dàng, không lo rau bị dính hay cháy khét. Việc vệ sinh sau khi dùng cũng vô cùng tiện lợi.Thiết kế đáy từ phù hợp với mọi loại bếp, từ bếp gas đến bếp từ. Tay cầm chắc chắn, cách nhiệt, mang lại sự an toàn và thoải mái khi sử dụng.Chảo nhôm sâu chống dính vân đá đáy từ Elmich EL-5978OV26300.000₫539.000₫-44%Xem chi tiết', 'Làm như vậy thì khi xào, lá rau sẽ không bị quá mềm và nhũn ra, giúp hình thức món ăn đẹp hơn và khi ăn cũng thấy ngon miệng hơn rất nhiều.', 'Để việc sơ chế rau củ quả trở nên dễ dàng và an toàn hơn,Bộ dao inox Delites LK2311là lựa chọn lý tưởng cho mọi căn bếp.Bộdao delitesnày được làm từ chất liệu inox cao cấp, sắc bén và bền bỉ, giúp bạn cắt thái rau củ nhanh chóng, chuẩn xác mà không tốn nhiều công sức.Thiết kế tay cầm chắc chắn, chống trượt mang lại cảm giác thoải mái, an toàn khi sử dụng, ngay cả khi tay ướt.Với Bộ dao inox Delites LK2311, bạn sẽ có trải nghiệm nấu nướng chuyên nghiệp và hiệu quả hơn mỗi ngày.Bộ dao inox Delites LK2311Online giá rẻ quá110.000₫200.000₫-45%Xem chi tiết', 'Đây là bước quan trọng để đảm bảo rau muống sạch, an toàn khi ăn sống.', 'Việc nhặt rau muống nhanh và đúng cách sẽ giúp rau giữ được độ tươi ngon tối đa.', 'Rửa kỹ là chìa khóa để đảm bảo an toàn vệ sinh thực phẩm khi thưởng thức món rau muống tươi ngon.', 'Xem thêm:Cách nhặt rau mồng tơi nhanh tiết kiệm thời gian nấu nướngCách nhặt rau dền mẹo hay cho chị em khi nấu nướngCách nhặt rau cần tây đúng cách, nhanh chóng']",,dienmayxanh.com
https://www.dienmayxanh.com/vao-bep/cach-xao-dau-bap-khong-nhot-mau-xanh-dep-mat-va-de-thuong-23409,Món Xào,Cách xào đậu bắp không nhớt màu xanh đẹp mắt và dễ thưởng thức,"Bạn đau đầu vì món đậu bắp xào luôn bị nhớt? Đừng lo, bài viết sẽ bật mí cách xào đậu bắp không nhớt, giòn xanh mướt ngay tại nhà! Cùngvào bếpthực hiệnmón xàothơm ngon, bổ dưỡng này nhé, đảm bảo bạn sẽ có thành phẩm ưng ý.",,15 phút + 7 phút,Cho 2-3 người,,5,"['Đậu bắp - 300 gr', 'Tỏi - 1 ít', 'Hành tím - 1 ít', 'Dầu ăn - 1 ít', 'Gia vị thông dụng - 1 ít ((đường/nước mắm/bột ngọt/hạt nêm/giấm))']","['Bước 1 - Sơ chế đậu bắp giòn ngon: Đầu tiên, 300gr đậu bắp sau khi mua về, bạn cắt bỏ phần đầu và lựa những trái non. Đậu bắp đã rửa sạch trong nước muối khoảng 10 phút, bây giờ bạn cắt thành từng miếng vừa ăn. Trái lớn có thể xắt làm ba, làm tư, còn trái nhỏ thì xắt làm đôi nhé.', 'Bước 2 - Xào đậu bắp với lửa lớn và nêm gia vị: Bắc chảo lên bếp, cho một lượng dầu ăn vừa phải. Khi dầu nóng, bạn cho củ hành và tỏi đã băm vào phi thơm. Không cần đợi hành tỏi vàng quá, chỉ cần vừa dậy mùi thơm là được. Khi hành tỏi đã thơm, bạn cho ngay đậu bắp đã sơ chế vào chảo. Lúc này, hãy mở lửa hơi lớn một chút để đậu bắp nhanh chín mà không bị mất chất dinh dưỡng. Sau đó, bạn cho gia vị vào: gần 1 muỗng cà phê đường và gần 1 muỗng canh nước mắm. Bạn có thể nêm nếm gia vị cho vừa khẩu vị gia đình mình nhé. Nếu thích, bạn có thể thêm một ít bột ngọt hoặc hạt nêm.', 'Bước 3 - Bí quyết xào đậu bắp không nhớt với giấm: Đây chính là mẹo quan trọng để đậu bắp xào giòn và không bị nhớt! Bạn cho vào khoảng 1 muỗng cà phê giấm. Đừng lo đậu bắp sẽ bị chua nhé, vì lượng giấm này ít và đã được cân bằng với đường rồi. Tiếp tục xào trên lửa lớn. Vì xào lửa lớn nên bạn có thể thêm một tí xíu nước để đậu bắp dễ chín và không bị khét. Đậu bắp xào rất nhanh, chỉ khoảng 4 phút là chín tới. Tùy theo độ chín mong muốn mà bạn có thể điều chỉnh thời gian.', 'Bước 4 - Thành phẩm: Đậu bắp bây giờ đã chín tới, giữ được màu xanh mướt và đặc biệt là không hề bị nhớt. Bạn có thể gắp lên xem, sẽ không thấy những sợi nhớt đặc trưng của đậu bắp đâu. Món đậu bắp xào giòn ngon, không nhớt này ăn rất tiện, dễ gắp mà vẫn giữ được trọn vẹn dinh dưỡng.']","['Xem chi tiết:Cách chọn mua đậu bắp ngon và mẹo bảo quản đậu bắp được lâu đúng chuẩn', 'Để món đậu bắp xào không nhớt thêm hoàn hảo, việc lựa chọn dụng cụ nấu nướng chất lượng là rất quan trọng.Bộ nồi chảo inox 5 đáy nắp kính Green Cook GCS241-T1sẽ là trợ thủ đắc lực cho bạn.Sản phẩmchảo Elmichnày được làm từ inox cao cấp, đảm bảo an toàn cho sức khỏe và độ bền vượt trội. Đáy 5 lớp giúp truyền nhiệt nhanh và đều, giữ món ăn nóng lâu hơn.Thiết kế nắp kính tiện lợi giúp bạn dễ dàng quan sát quá trình nấu mà không cần mở nắp. Tay cầm cách nhiệt chắc chắn, an toàn khi sử dụng.Với khả năng chống dính hiệu quả, việc xào nấu trở nên dễ dàng hơn, không lo thức ăn bị bám dính. Dễ dàng vệ sinh sau khi sử dụng.Bộ nồi chảo inox 5 đáy Green Cook GCS241-T1990.000₫1.865.000₫-46%Xem chi tiết', 'Mẹo nhỏ là bấm nhẹ phần đuôi đậu bắp, nếu thấy mềm và không bị sơ là đậu non, ăn sẽ mềm ngon không bị chát.', 'Xem chi tiết:Đậu bắp nấu gì ngon? Tổng hợp 10 món ngon từ đậu bắp dân dã dễ làm', 'Xem thêm:2 cách làm đậu bắp xào thịt heo mềm ngon đậm đà dễ làm tại nhàCách làm đậu bắp xào sa tế thơm ngon đậm đà hấp dẫnCách làm thịt bò xào đậu bắp đầy dinh dưỡng ngon khó cưỡng']",,dienmayxanh.com
https://www.dienmayxanh.com/vao-bep/cong-thuc-lam-cha-com-bun-dau-thom-ngon-don-gian-chuan-vi-ha-23563,Món Chiên,"Công thức làm chả cốm bún đậu thơm ngon, đơn giản, chuẩn vị Hà Nội","Nếu bạn yêu thích ẩm thực Hà Nội, đừng bỏ lỡ cơ hộivào bếpchế biếnmón chiênđặc sắc này. Món chả cốm bún đậu với lớp chả cốm vàng ươm, dậy mùi thơm tự nhiên sẽ là điểm nhấn hoàn hảo cho bữa ăn gia đình hoặc buổi tụ tập bạn bè. Công thức đơn giản, dễ thực hiện, chắc chắn sẽ khiến cả nhà mê mẩn.",,15 phút + 30 phút,Cho 3 - 4 người,,7,"['Giò sống - 200 gr', 'Thịt heo xay - 400 gr', 'Trứng gà - 3 quả', 'Cốm xanh - 200 gr', 'Đường - 1 muỗng canh', 'Nước mắm - 1 muỗng canh', 'Hành tỏi phi - 1 muỗng canh']","['Bước 1 - Sơ chế cốm tươi và chuẩn bị nguyên liệu: Đầu tiên, các bạn sàng cốm xanh cho sạch bụi cám. Sau đó, chia 200gr cốm thành 2 phần bằng nhau, mỗi phần 100gr. Cho 100gr cốm vào thố, đập 3 quả trứng gà vào và trộn đều. Ngâm hỗn hợp này khoảng 10 phút để cốm mềm ra. Trong lúc chờ cốm, chuẩn bị 400gr thịt heo xay, 200gr giò sống, 1 muỗng canh hành tỏi phi, 1 muỗng canh nước mắm ngon và 1 muỗng canh đường. Sau khi trộn đều, các bạn sẽ thấy hỗn hợp thịt và giò sống hòa quyện, có độ kết dính nhất định.', 'Bước 2 - Kết hợp cốm và ủ hỗn hợp: Khi cốm đã ngâm trứng mềm, cho toàn bộ vào thố thịt và giò sống. Trộn đều nhẹ nhàng để cốm không bị nát. Bọc kín thố bằng màng bọc thực phẩm và để hỗn hợp nghỉ khoảng 15 - 20 phút. Việc này giúp gia vị thấm đều và chả cốm ngon hơn.', 'Bước 3 - Hấp chả cốm: Trong thời gian chờ, chuẩn bị nồi hấp. Lót một miếng giấy nến hoặc lá chuối dưới đáy xửng hấp. Lấy phần cốm khô còn lại (100gr). Lấy từng viên chả cốm đã ủ, lăn đều qua lớp cốm khô bên ngoài. Xếp chả cốm đã lăn cốm vào xửng hấp. Hấp chín khoảng 10 - 15 phút. Sau khi hấp, chờ chả nguội hoàn toàn trước khi chiên để chả cốm không bị nát.', 'Bước 4 - Chiên chả cốm vàng giòn: Đặt chảo lên bếp, đổ dầu ăn vào và đun nóng ở lửa lớn. Hạ lửa vừa, cho từng viên chả cốm đã hấp vào chiên. Chiên nhanh tay và lật đều các mặt. Vì chả đã chín, bạn chỉ cần chiên đến khi lớp cốm bên ngoài nở bung, vàng giòn là được. Nếu thích giòn nhiều hơn, có thể chiên vàng đậm hơn một chút.', 'Bước 5 - Thành phẩm: Vớt chả cốm ra đĩa có lót giấy thấm dầu. Để nguội bớt rồi cắt thành từng miếng vừa ăn. Món chả cốm bún đậu hoàn thành có lớp vỏ cốm bên ngoài giòn rụm, bên trong dẻo thơm, đậm đà gia vị. Thưởng thức chả cốm nóng hổi cùng bún đậu mắm tôm, rau sống, đậu phụ rán và nem chua rán sẽ cực kỳ hấp dẫn.']","['Để món chả cốm bún đậu của bạn thêm phần hoàn hảo, việc lựa chọn dụng cụ chiên rán phù hợp là rất quan trọng.Chảo nhôm chống dính đáy từ 24 cm Elmich EL5985BE24sẽ là trợ thủ đắc lực cho bạn.Chảo Elmichđược làm từ hợp kim nhôm cao cấp, giúp truyền nhiệt nhanh và đều, đảm bảo món chả cốm chín vàng giòn mà không bị cháy xém. Lớp chống dính bền bỉ giúp bạn chiên rán dễ dàng, hạn chế dầu mỡ.Thiết kế đáy từ tiện lợi, phù hợp với mọi loại bếp, từ bếp gas đến bếp từ. Tay cầm cách nhiệt chắc chắn, an toàn khi sử dụng.Kích thước 24cm lý tưởng để chiên chả cốm hoặc các món ăn khác cho gia đình nhỏ. Dễ dàng vệ sinh sau khi sử dụng, tiết kiệm thời gian cho bạn.Chảo nhôm chống dính đáy từ Elmich EL5985BE24240.000₫390.000₫-38%Xem chi tiết', 'Không nên cho quá nhiều giò sống, tỷ lệ như trên là vừa vặn để chả cốm có độ dẻo ngon mà không quá dai.', 'Lượng trứng như vậy là vừa đủ, không nên cho quá nhiều trứng sẽ làm chả bị loãng.', 'Để kiểm tra dầu đã đạt độ nóng chưa, thả một hạt cốm nhỏ vào, nếu hạt cốm nổi lên ngay là dầu đã sẵn sàng.', 'Nếu muốn chả cốm dai hơn, bạn có thể giảm lượng thịt heo xay và tăng lượng giò sống.', 'Xem thêm:Tổng hợp các loại rau ăn bún đậu mắm tôm đúng chuẩn cho món ăn tròn vịHướng dẫn cách ép bún đậu cực kỳ đơn giản và nhanh chóng tại nhàHướng dẫn công thức pha mắm tôm chấm bún đậu chuẩn vị']",,dienmayxanh.com
https://www.dienmayxanh.com/vao-bep/cach-lam-thit-ap-chao-gion-bi-thom-ngon-don-gian-de-lam-23552,Món Chiên,Cách làm thịt áp chảo giòn bì thơm ngon đơn giản dễ làm,"Bạn đang tìm cách làm thịt áp chảo giòn bì ngon chuẩn nhà hàng ngay tại bếp nhà mình? Đừng lo, công thứcMón chiênnày sẽ biến miếng thịt ba chỉ của bạn thành kiệt tác giòn rụm bên ngoài, mềm mọng bên trong. CùngVào bếpkhám phá bí quyết siêu đơn giản này nhé!",,30 phút + 30 phút,Cho 4 người,,6,"['Thịt ba chỉ - 800 gr', 'Hành tỏi băm - 1 ít', 'Dầu ăn - 1 ít', 'Giấm - 1 ít', 'Ngũ vị hương - 1 gói', 'Muối trắng - 1 ít']","['Bước 1 - Sơ chế thịt ba chỉ: Đầu tiên, bạn rửa sạch miếng thịt ba chỉ với muối, sau đó để ráo. Đây là bước quan trọng để đảm bảo thịt sạch và thấm gia vị tốt. Trước khi trần, dùng dao khứa nhẹ vài đường trên phần bì để gia vị dễ ngấm hơn. Cho thịt vào nồi nước lạnh, thêm chút muối và đun sôi. Khi nước sôi, tiếp tục đun thêm khoảng 5 phút nữa, đặc biệt nếu bì thịt hơi dày hoặc cứng, để bì mềm hơn. Sau đó, đổ bỏ nước trần, rửa sạch miếng thịt dưới vòi nước lạnh để loại bỏ bọt bẩn và làm nguội thịt.', 'Bước 2 - Châm bì và bí quyết làm giòn bì: Đặt miếng thịt lên thớt, bạn dùng dụng cụ châm bì chuyên dụng hoặc đĩa nhọn châm thật kỹ và đều khắp bề mặt bì. Châm khoảng 10 phút để bì có nhiều lỗ nhỏ, giúp bì nổ giòn khi chiên. Sau khi châm bì, giữ cho phần bì thật khô ráo. Dùng muối trắng (muối tinh hoặc muối hột) xát nhẹ một lớp mỏng đều lên bề mặt bì đã châm. Tiếp theo, rưới một lớp giấm mỏng lên trên lớp muối. Nhẹ nhàng mát-xa để muối và giấm thấm đều.', 'Bước 3 - Ướp phần thịt: Bạn lật miếng thịt lại. Ướp phần thịt với hành tỏi băm nhỏ, một chút ngũ vị hương và một ít muối. Xoa đều gia vị lên các mặt thịt, tránh để dính vào phần bì đã ướp muối và giấm. Để thịt nghỉ khoảng 15 – 20 phút cho ngấm đều gia vị.', 'Bước 4 - Áp chảo: Đặt chảo chống dính lên bếp, cho một lượng dầu ăn vừa đủ (không quá nhiều) và đun nóng. Khi dầu nóng, nhẹ nhàng đặt miếng thịt vào chảo với phần bì úp xuống. Giảm lửa vừa nhỏ để bì từ từ giòn mà không bị bắn dầu. Nếu có nắp, hãy đậy lại để tránh dầu bắn. Áp chảo khoảng 10 phút, sau đó kiểm tra. Khi bì đã vàng đều và bắt đầu nổ giòn, tăng lửa lên một chút nếu cần. Lật các mặt còn lại của miếng thịt, chiên đều cho đến khi thịt vàng đẹp. Vì thịt đã được trần sơ, nên chỉ cần chiên cho các mặt vàng đều và bì giòn là được.', 'Bước 5 - Thành phẩm: Khi thịt đã chín, bạn gắp thịt ra đĩa có lót giấy thấm dầu để loại bỏ bớt dầu thừa. Phần thịt được áp chảo vàng đều, mềm thấm đậm gia vị. Phần bì có màu vàng bắt mắt, giòn rụm, ăn vào không bị ngấy.']","['Để món thịt áp chảo giòn bì thêm hoàn hảo, một chiếc chảo chống dính chất lượng là không thể thiếu.Chảo nhôm chống dính đáy từ 20 cm Elmich Colosseum Y1 EL-3718 Xámsẽ là trợ thủ đắc lực cho bạn.Chảo Elmichđược làm từ hợp kim nhôm cao cấp, giúp truyền nhiệt nhanh và đều, đảm bảo món ăn chín tới hoàn hảo mà không lo cháy xém.Lớp chống dính bền bỉ giúp bạn chiên áp chảo mà không cần nhiều dầu, dễ dàng vệ sinh sau khi nấu.Lòng chảo sâu đến 5cm giúp dễ dàng áp chảo thịt miếng tảng lớn.Đáy từ phù hợp với mọi loại bếp, từ bếp gas đến bếp từ, mang lại sự tiện lợi tối đa cho mọi gia đình.Chảo nhôm chống dính đáy từ Elmich Colosseum Y1 EL-3718139.000₫260.000₫-46%Xem chi tiết', 'Lưu ý: không để muối và giấm dính vào phần thịt bên dưới. Phần thịt sẽ được ướp gia vị riêng.', 'Xem thêm:2 cách làm cá hồi áp chảo sốt mayonnaise và sốt mật ong thơm lừng2 cách làm thịt heo áp chảo sốt tiêu đen và sốt hành gừng ngon đậm đàÁp chảo là gì? Kỹ thuật áp chảo và các món áp chảo đơn giản dễ làm']",,dienmayxanh.com
https://www.dienmayxanh.com/vao-bep/2-cach-lam-khoai-tay-lac-pho-mai-gion-rum-beo-thom-hap-dan-an-13516,Món Chiên,3 cách làm khoai tây lắc phô mai giòn rụm béo thơm hấp dẫn ăn là ghiền,"Khoai tây lắc phô mai với hương vị thơm ngon, hấp dẫn sẽ khiến bạn thích mê ngay từ lần đầu tiên thưởng thức. Hôm nay, cùng chuyên mụcVào bếpcủa Điện máy XANH học ngay 3 công thức chế biến mónăn vặtsiêu đơn giản này nhé!",,15 phút + 30 phút + 10 phút + 30 phút + 10 phút + 20 phút,Cho 4 người,,5,"['Khoai tây - 4 củ', 'Bột phô mai - 1 muỗng canh', 'Bơ thực vật - 1 muỗng canh', 'Dầu ăn - 500 ml', 'Muối - 1 ít']","['Bước 1 - Gọt khoai tây: Khoai tây mua về bạn gọt sạch vỏ, ngâm vào nước muối loãng.', 'Bước 2 - Cắt nhỏ khoai tây: Bạn cắt từng khoanh tròn theo chiều ngang của khoai tây, xếp các khoanh khoai tây vào rồi tiếp tục cắt dọc. Thành phẩm là những thanh khoai tây dài vuông. Bạn không nên cắt khoai tây quá dày, vì dày quá khoai khó chín và không có độ giòn, tốt nhất nên dày khoảng 1/3 lóng tay là được. Đem khoai tây đã cắt nhỏ ngâm với nước muối pha loãng khoảng 10 - 15 phút để khoai sạch hết nhựa rồi vớt ra rổ để ráo nước. Mách nhỏ:Bạn nên cắt khoai tây thành những miếng đều nhau, để khi chiên khoai tây chín đều và giòn', 'Bước 3 - Chiên khoai tây: Bắc chảo lên bếp và cho vào 500ml dầu ăn rồi đun sôi ở lửa vừa. Dầu ăn sôi lên thì cho khoai tây vào vừa ngập mặt dầu là được, chiên với lửa vừa khoảng 5 phút vớt ra cho ráo dầu. Để khoai tây nghỉ khoảng 10 phút, sau đó tiếp tục chiên lần hai, trên lửa lớn hơn chiên lần một, khi nào thấy hết sủi bong bóng khí khoảng 5 - 7 phút, lúc này khoai sẽ giòn và ngon hơn. Vớt khoai tây ra để trên giấy thấm dầu để khoai tây hoàn toàn ráo dầu. Mách nhỏ', 'Lưu ỳ khi vớt khoai tây ra không được tắt lửa, vì khi tắt lửa khoai sẽ hút dầu ăn vào sẽ làm khoai mềm.', 'Bạn có thể để khoai tây đã cắt vào ngăn đátủ lạnhkhoảng 2 tiếng thì chiên sẽ giòn và không bị văng dầu.', 'Để chiên khoai tây không bị văng dầu, bạn thêm ít muối vào dầu trước khi cho khoai tây vào chiên, hoặc đậy nắp trong quá trình chiên nhé.', 'Bước 4 - Hoàn thành: Cho khoai tây chiên giòn xong vào tô. Sau đó cho 1 muỗng cà phê muối, 1 muỗng canh bột phô mai, lắc đều hỗn hợp. Bước cuối cùng bạn cho 1 muỗng canh bơ thực vật đã làm tan chảy vào lắc đều là món ăn đã hoàn thành.', 'Bước 5 - Thành phẩm: Khoai tây khi ăn có vị thơm của bơ, vị đặc trưng của phô mai, cắn vào miếng khoai tây vàng giòn rôm rốp. Đây sẽ là một món ăn vặt cực kỳ ngon cho gia đình mình vào ngày cuối tuần, nào cùng thưởng thức thôi nhé!']","['Xem chi tiết:Cách chọn mua khoai tây tươi ngon', 'Bạn nên cắt khoai tây thành những miếng đều nhau, để khi chiên khoai tây chín đều và giòn', 'Mách nhỏLưu ỳ khi vớt khoai tây ra không được tắt lửa, vì khi tắt lửa khoai sẽ hút dầu ăn vào sẽ làm khoai mềm.Bạn có thể để khoai tây đã cắt vào ngăn đátủ lạnhkhoảng 2 tiếng thì chiên sẽ giòn và không bị văng dầu.Để chiên khoai tây không bị văng dầu, bạn thêm ít muối vào dầu trước khi cho khoai tây vào chiên, hoặc đậy nắp trong quá trình chiên nhé.', 'Xem chi tiết:Cách chọn mua trứng tươi ngon', 'Nếu không có túi bắt kem, bạn có thể cho vào túi ni lông và cắt 1 góc nhỏ ở túi cũng được nha!', 'Để khoai tây không bị thâm, sau khi cắt xong bạn nhớ đem ngâm trong thau nước muối ngay nhé!', 'Xem thêm:2 cách làm khoai tây lắc và khoai tây que giòn rụm, thơm ngon hấp dẫnCách làm bánh khoai tây chiên phồng thơm ngon đơn giản dễ làmCách làm bánh khoai tây chiên cay giòn ngon dễ làm']",,dienmayxanh.com
https://www.dienmayxanh.com/vao-bep/cach-lam-ga-ran-sot-ca-ri-gion-tan-dam-vi-ai-cung-thich-me-14839,Món Chiên,"Cách làm gà rán sốt cà ri giòn tan, đậm vị ai cũng thích mê","Với nguyên liệu gà, chúng ta có thể thực hiện được nhiều món như:Món chiên,món kho,món canh,...Theo đó, gà rán đã quá quen thuộc với mọi người, hôm nay Điện máy XANH sẽ mách bạn cách biến tấu đặc biệt hơn của gà rán là gà rán sốt cà ri. Nào, cùngvào bếpngay bây giờ nhé!",,20 phút + 30 phút,Cho 4 người,,12,"['Đùi gà - 2 cái', 'Trứng gà - 1 quả', 'Bột cà ri - 2 muỗng cà phê', 'Bột chiên giòn hoặc bột bắp - 3 muỗng canh', 'Hành tây - 1/2 củ', 'Hành khô - 2 củ', 'Sả - 3 cây', 'Tỏi - 2 tép', 'Lá chanh - 1 ít', 'Dầu hào - 2 muỗng cà phê', 'Dầu ăn - 5 muỗng canh', 'Gia vị thông dụng - 1 ít ((muối/ đường/ tiêu xay))']","['Bước 1 - Sơ chế và ướp thịt gà: Đùi gà sau khi mua về bạn rửa sạch, lọc bỏ xương, sau đó dùng dao thái miếng vừa ăn. Khử mùi hôi gà bằng giấm: Trước khi chế biến, bạn pha loãnggiấmvà muối theo tỉ lệ: 2 muối 1 giấm. Lấy hỗn hợp vừa pha thoa khắp thịt gà, chà xát nhiều lần rồi rửa lại thật kỹ với nước sạch.Khử mùi hôi gà bằng chanh: Bạn chỉ cần lấy vài lát chanh, thêm 1 ít muối chà xát lên thịt gà, sau đó rửa lại thật sạch bằng nước sạch.Khử mùi hôi gà bằng gừng: Sau khi rửa sạch thịt gà, bạn đập dập 1 củ gừng với một ítrượu trắng, rồi xoa bóp lên thịt gà và để yên khoảng 30 phút, sau đó rửa sạch với nước là được.Xem chi tiết:Mẹo khử mùi hôi của gà Xem chi tiết:Mẹo khử mùi hôi của gà Sau khi đã sơ chế, tiến hành ướp thịt với 1/2 muỗng cà phê muối, 1/2 muỗng cà phê tiêu xay. Tiếp đến, bạn đập 1 quả trứng gà vào thịt rồi trộn đều, sau đó cho thêm 3 muỗng canhbột chiên giònvà tiếp tục trộn đều. Thịt phải ướp trong khoảng 5 phút để thịt thấm các gia vị. Với hành tây, hành khô, tỏi thì bạn bóc vỏ, sả thì tách bỏ các vỏ bên ngoài, rồi đem tất cả đi rửa sạch và băm nhỏ, để riêng từng loại nguyên liệu vào từng chén. Lá chanh thì bạn cũng rửa sạch, cắt nhỏ rồi cho vào chén.', 'Khử mùi hôi gà bằng giấm: Trước khi chế biến, bạn pha loãnggiấmvà muối theo tỉ lệ: 2 muối 1 giấm. Lấy hỗn hợp vừa pha thoa khắp thịt gà, chà xát nhiều lần rồi rửa lại thật kỹ với nước sạch.', 'Khử mùi hôi gà bằng chanh: Bạn chỉ cần lấy vài lát chanh, thêm 1 ít muối chà xát lên thịt gà, sau đó rửa lại thật sạch bằng nước sạch.', 'Khử mùi hôi gà bằng gừng: Sau khi rửa sạch thịt gà, bạn đập dập 1 củ gừng với một ítrượu trắng, rồi xoa bóp lên thịt gà và để yên khoảng 30 phút, sau đó rửa sạch với nước là được.', 'Bước 2 - Chiên thịt gà: Đầu tiên, bạn bắc chảo chống dính lên bếp ga. Sau đó, lần lượt cho 4 muỗng canh dầu ăn vào chảo đun với lửa vừa cho dầu nóng thì cho thịt gà vào. Bạn chiên với lửa vừa trong khoảng 15 - 20 phút, thường xuyên đảo thịt gà để cho chín đều. Chiên đến khi thịt gà vàng thì  dùng vớt ra cho vào dĩa để cho ráo dầu.', 'Bước 3 - Làm sốt gà sốt cà ri: Bạn cho chảo lên bếp, rồi cho vào chảo 1 muỗng canh dầu ăn. Đến khi dầu nóng lên, lần lượt cho hết phần sả, tỏi, hành khô, hành tây đã băm nhỏ vào phi đến khi tỏa mùi thơm. Tiếp theo, bạn cho vào chảo 2 muỗng cà phê bột cà ri, 1 muỗng cà phê muối, 1 muỗng cà phê đường, 2 muỗng cà phêdầu hào, 1 muỗng cà phê tiêu xay, 1/2 chén nước lọc (chén ăn cơm). Sau đó, đun đến khi sốt sệt lại. Cuối cùng, bạn nêm nếm lại cho vừa với khẩu vị của mình rồi tắt bếp.', 'Bước 4 - Thành phẩm: Lá chanh thì bạn rắc lên thịt gà. Bạn có thể trộn gà với nước sốt hoặc để riêng nước sốt, khi ăn thì chấm từng miếng. Để đậm vị hơn, bạn có thể ăn kèm vớitương ớt. Gà rán có màu vàng đẹp mắt. Vỏ ngoài thì giòn tan, có vị béo nhẹ của trứng. Thịt bên trong thì vẫn giữ được độ mềm. Phần sốt cà ri chính là nét đặc sắc của món ăn, giúp món ăn đậm vị hơn.']","['Xem chi tiết:Cách chọn mua đùi gà ngon', 'Cách sơ chế thịt gà sạch, không hôiKhử mùi hôi gà bằng giấm: Trước khi chế biến, bạn pha loãnggiấmvà muối theo tỉ lệ: 2 muối 1 giấm. Lấy hỗn hợp vừa pha thoa khắp thịt gà, chà xát nhiều lần rồi rửa lại thật kỹ với nước sạch.Khử mùi hôi gà bằng chanh: Bạn chỉ cần lấy vài lát chanh, thêm 1 ít muối chà xát lên thịt gà, sau đó rửa lại thật sạch bằng nước sạch.Khử mùi hôi gà bằng gừng: Sau khi rửa sạch thịt gà, bạn đập dập 1 củ gừng với một ítrượu trắng, rồi xoa bóp lên thịt gà và để yên khoảng 30 phút, sau đó rửa sạch với nước là được.Xem chi tiết:Mẹo khử mùi hôi của gà', 'Xem thêm:Cách làm gà chiên muối ớt giúp da vàng ươm giòn rụm cực đơn giảnCách làm đùi gà chiên bơ tỏi giòn thơm hấp dẫn ngay tại nhà2 cách làm gà chiên coca độc lạ, siêu hấp dẫn, ai ăn cũng thích mê']",,dienmayxanh.com
https://www.dienmayxanh.com/vao-bep/2-cach-pha-bot-banh-xeo-sieu-de-cho-vo-banh-gion-lau-cang-an-23543,Món Chiên,"2 cách pha bột bánh xèo siêu dễ, cho vỏ bánh giòn lâu, càng ăn càng ghiền","Đừng lo bánh xèo mềm ỉu hay cứng ngắc! Bài viết này sẽ bật mí cách pha bột bánh xèo giòn rụm, vàng ươm từ bột pha sẵn Hương Xưa, đảm bảo giòn lâu. Cùngvào bếplàmmón bánhthơm ngon, chuẩn vị này để chiêu đãi cả nhà nhé!",,15 phút + 1 giờ + 1 giờ,Cho 4 - 6 người,,7,"['Bột bánh xèo Hương Xưa - 1 gói ((500gr))', 'Bột chiên xù - 2 muỗng canh ((hoặc bột chiên giòn))', 'Trứng gà - 1 cái ((75gr))', 'Nước cốt dừa - 1 chén ((250ml))', 'Nước lọc - 425 ml', 'Nước đá viên - 425 ml', 'Hành lá cắt nhỏ - 3 muỗng canh']","['Bước 1 - Cách pha bột bánh xèo giòn lâu chuẩn vị: Cho 1 gói bột bánh xèo Hương Xưa (500gr) vào thau lớn. Thêm 2 muỗng canh bột chiên xù (hoặc bột chiên giòn) và 1/4 thìa cà phê muối để bánh đậm đà và giòn lâu hơn. Đập 1 cái trứng gà (75gr) vào thau, sau đó cho 1 chén nước cốt dừa (250ml) và từ từ đổ 850ml nước (bao gồm 1/2 nước lọc và 1/2 nước đá viên) vào, khuấy đều cho bột tan hoàn toàn. Việc dùng nước đá giúp bánh giòn xốp và tróc bánh dễ dàng hơn. Lưu ý không dùng quá nhiều đá lạnh vì có thể làm bánh bị cứng. Cuối cùng, cho 3 muỗng canh hành lá cắt nhỏ vào hỗn hợp bột, khuấy đều và để bột nghỉ trong lúc chuẩn bị nhân.', 'Bước 2 - Tráng bánh xèo vàng ươm, giòn rụm: Bắc chảo chống dính lên bếp, mở lửa nhỏ vừa (dưới mức trung bình một chút). Cho một ít mỡ heo hoặc dầu ăn vào chảo. Mỡ heo sẽ giúp bánh thơm ngon hơn. Khi chảo nóng, cho một ít nhân vào xào sơ cho dậy mùi. Việc xào trực tiếp nhân tươi ngay trên chảo sẽ giúp bánh thơm đặc trưng. Trước khi tráng, khuấy đều thau bột một lần nữa. Khi chảo bắt đầu bốc khói (thật nóng), múc một vá bột đổ vào chảo, nhanh tay láng đều để bột dàn mỏng ra khắp mặt chảo. Ngay lập tức cho thêm một ít nguyên liệu nhân khác vào giữa bánh. Đậy nắp lại khoảng 1 phút để nhân chín đều và hơi nước làm bánh xốp hơn. Sau 1 phút, mở nắp. Cho thêm một chút mỡ/dầu ăn vào xung quanh thành chảo để bánh dễ tróc và giòn hơn. Tiếp tục chiên, chịu khó xoay đều chảo để bánh vàng giòn đều.', 'Bước 3 - Thành phẩm: Bánh xèo giòn rụm, vàng ươm, thơm lừng, vị béo của nước cốt dừa và độ xốp của bột. Bánh giòn tan ngay cả khi để nguội 2 tiếng.']","['Để có được những chiếc bánh xèo vàng ươm, giòn rụm hoàn hảo, việc sở hữu một chiếc chảo chống dính chất lượng là vô cùng quan trọng.Chảo thép sâu chống dính 28 cm Green cook GCW257-28IHlà lựa chọn lý tưởng cho món bánh xèo của bạn.Chảo Green Cookđược thiết kế với lòng chảo sâu, giúp bạn dễ dàng tráng bánh xèo mà không lo bột tràn ra ngoài. Lớp chống dính cao cấp đảm bảo bánh không bị dính, dễ dàng lật và lấy ra khỏi chảo.Đáy chảo được thiết kế đặc biệt, giúp truyền nhiệt nhanh và đều khắp bề mặt. Điều này giúp bánh xèo chín vàng đều, giòn rụm từ trong ra ngoài.Chảo còn tương thích với mọi loại bếp, kể cả bếp từ, mang lại sự tiện lợi tối đa cho căn bếp hiện đại của bạn.Chảo thép sâu chống dính đáy từ Green Cook GCW257-28IH300.000₫441.000₫-31%Xem chi tiết', 'Khi thấy bánh đã vàng đều, gập đôi bánh lại và đặt lên thành chảo một lúc để bánh ráo dầu. Sau đó, lật mặt bánh và chiên thêm cho đến khi cả hai mặt đều vàng giòn xém cạnh. Chiên với lửa nhỏ sẽ giúp bánh giòn lâu hơn rất nhiều.', 'Trứng sẽ giúp vỏ bánh xèo giòn và giữ độ giòn được lâu hơn.', 'Nước có ga chính là bí quyết giúp vỏ bánh xèo của bạn giòn tan và xốp nhẹ.', 'Xem thêm:Cách làm bánh xèo vịt miền Tây bằng chảo chống dính có nắp đậyCách làm bánh xèo hến củ hủ dừa giòn ngon bằng chảo chống dínhCách làm bánh xèo bằng bánh tráng siêu ngon hấp dẫn dễ làm tại nhà']",,dienmayxanh.com
https://www.dienmayxanh.com/vao-bep/cach-lam-trung-sot-ca-chua-don-gian-ngon-mieng-cho-bua-com-23530,Món Chiên,"Cách làm trứng sốt cà chua đơn giản, ngon miệng cho bữa cơm nhà tròn vị","Bạn đang tìm món trứng sốt cà chua ngon miệng, dễ làm cho bữa cơm gia đình?Vào bếpngay để khám phá cách làm trứng gà sốt cà chua đơn giản, biến tấu bữa ăn thêm hấp dẫn vớimón chiênnày nhé. Đảm bảo cả nhà sẽ thích mê!",,15 phút + 20 phút,Cho 3 - 4 người,,7,"['Trứng gà - 5 quả', 'Cà chua - 5 trái ((khoảng 400 gr))', 'Hành tím - 4 củ', 'Ngò rí - 1 ít', 'Hành lá - 1 ít', 'Nước lọc - 50 ml', 'Gia vị thông dụng - 1 ít ((tương ớt/ dầu hào/ đường/ hạt nêm/ bột ngọt/ nước mắm/ dầu ăn/ muối))']","['Bước 1 - Sơ chế trứng gà và rau thơm: Đập 5 quả trứng gà vào tô, thêm 1/4 muỗng cà phê muối rồi dùng đũa khuấy đều cho lòng trắng và lòng đỏ hòa quyện. Để riêng qua một bên. Hành lá và ngò rí rửa sạch, cắt nhuyễn. Hành tím lột vỏ, cắt lát mỏng.', 'Bước 2 - Sơ chế cà chua: Dùng dao khứa nhẹ một đường mỏng ở ngoài vỏ của 5 trái cà chua. Đun sôi nước, cho cà chua vào nồi luộc sơ khoảng 2 phút. Vớt ra để nguội. Khi cà chua đã nguội, bạn sẽ thấy việc lột vỏ rất dễ dàng. Sau đó, cắt cà chua thành múi cau hoặc hạt lựu tùy thích.', 'Bước 3 - Chiên trứng gà tơi xốp: Bắc chảo lên bếp, cho 1 muỗng canh dầu ăn vào. Khi dầu nóng, đổ trứng đã khuấy vào chiên. Dùng đũa dầm nhẹ cho trứng tơi ra và chín vàng đều. Sau đó, gắp trứng ra đĩa để riêng.', 'Bước 4 - Làm nước sốt cà chua đậm đà: Sử dụng lại chảo, thêm 2 muỗng canh dầu ăn. Khi dầu nóng, cho hành tím cắt lát vào phi thơm vàng. Tiếp đến, cho cà chua đã sơ chế vào xào. Đảo đều tay cho cà chua mềm nhừ. Thêm 50 ml nước lọc và tiếp tục nấu cho cà chua thật mềm và sánh lại.', 'Bước 5 - Nêm nếm và hoàn thành món trứng sốt cà: Khi cà chua đã mềm nhừ, nêm gia vị: 1 muỗng cà phê hạt nêm, 1 muỗng canh tương ớt, 1 muỗng canh dầu hào, 1 muỗng canh nước mắm, 1/2 muỗng cà phê bột ngọt và 1 muỗng canh đường. Trộn đều cho gia vị thấm vào cà chua. Sau đó, cho trứng chiên đã tơi vào, đảo nhẹ nhàng để trứng ngấm đều nước sốt cà chua. Đun thêm vài phút cho nước sốt sánh đặc lại, tắt bếp và rắc ngò rí, hành lá đã cắt nhuyễn vào.', 'Bước 6 - Thành phẩm: Múc món trứng sốt cà chua thơm lừng ra đĩa. Món ăn này không chỉ bắt mắt mà còn cực kỳ đưa cơm, rất thích hợp dùng kèm với cơm nóng. Bạn có thể thưởng thức ngay hoặc dùng kèm rau sống tùy thích.']","['Để món trứng sốt cà chua thêm phần hoàn hảo, việc sử dụng một chiếc chảo chất lượng là vô cùng quan trọng.Chảo nhôm chống dính đáy từ 26 cm Elmich EL5985BE26là trợ thủ đắc lực cho mọi căn bếp.Chảo Elmichđược làm từ hợp kim nhôm cao cấp, giúp truyền nhiệt nhanh và đều, tiết kiệm năng lượng hiệu quả.Lớp chống dính bền bỉ, an toàn cho sức khỏe, giúp bạn chiên xào mà không lo thức ăn bị dính hay cháy.Thiết kế đáy từ phù hợp với mọi loại bếp, từ bếp gas đến bếp từ, mang lại sự tiện lợi tối đa khi nấu nướng.Chảo nhôm chống dính đáy từ Elmich EL5985BE26270.000₫450.000₫-40%Xem chi tiết', 'Lột vỏ cà chua sẽ giúp nước sốt mịn màng và ngon hơn rất nhiều đó!', 'Xem thêm:Cách làm trứng xào rau củ thơm ngon bổ dưỡng nhiều chất xơ tốt cho sức khỏeCách làm trứng chiên nấm kim châm cho bữa cơm nhanh gọn với chảo nhômCách làm trứng chiên tàu hủ sốt sa tế thơm ngon, hấp dẫn']",,dienmayxanh.com
https://www.dienmayxanh.com/vao-bep/cach-lam-khoai-tay-chien-gion-lau-de-ca-ngay-van-gion-khong-23534,Món Chiên,Cách làm khoai tây chiên giòn lâu để cả ngày vẫn giòn không bị ỉu,"Bạn muốn biết cách làm khoai tây chiên giòn lâu, để cả ngày vẫn không ỉu?Vào bếpngay với bí quyết độc đáo này!Món chiênvàng ươm, giòn rụm sẽ khiến cả nhà mê mẩn, quên luôn hàng quán.",,20 phút + 30 phút,Cho 1 kg khoai tây (khoảng 4-6 người),,5,"['Khoai tây - 1 kg', 'Bột nghệ - 1 muỗng canh', 'Bột mì - 30 gr', 'Bột năng - 60 gr', 'Muối - 1 ít']","['Bước 1 - Sơ chế khoai tây và ngâm nước muối: Đầu tiên, bạn gọt bỏ vỏ khoai tây, nếu có mắt thì khoét bỏ. Rửa sạch khoai rồi cắt lát dày khoảng 1 cm. Tiếp theo, dùng dao sấn thành những thanh hình chữ nhật cho đẹp mắt. Cắt tới đâu, bạn cho khoai ngâm ngay vào nước để tránh bị thâm đen nhé. Sau khi cắt xong, rửa khoai lại cho sạch.', 'Bước 2 - Ngâm khoai loại bỏ tinh bột: Thêm nước vừa đủ xăm xắp mặt khoai, sau đó cho vào 1 muỗng canh muối. Ngâm khoai khoảng 15 phút. Bước này là bí quyết giúp lớp tinh bột bên ngoài của khoai ra hết, làm vậy khi chiên khoai sẽ giữ được độ giòn lâu hơn, không bị ỉu. Ngâm xong, vớt khoai ra rổ để thật ráo nước.', 'Bước 3 - Luộc sơ khoai tây với bột nghệ: Cho nước vào chảo, thêm 1 muỗng canh bột nghệ rồi đun cho nước sôi lên. Khi nước sôi, bạn cho khoai tây đã ráo vào trụng khoảng 2 phút. Luộc sơ như này sẽ giúp khoai không bị nát khi chiên và bột nghệ sẽ làm cho khoai có màu vàng đẹp mắt. Sau 2 phút, vớt khoai ra để thật ráo và nguội hoàn toàn.', 'Bước 4 - Áo bột chiên giòn cho khoai: Trong lúc chờ khoai nguội và ráo, bạn trộn chung 30 gr bột mì và 60 gr bột năng. Đây là hỗn hợp bột giúp khoai khi chiên có lớp vỏ giòn nhưng vẫn giữ được độ mềm bên trong. Khi khoai đã nguội và ráo hoàn toàn, rắc đều hỗn hợp bột lên khoai rồi xốc đều lên cho khoai áo một lớp bột mỏng là được.', 'Bước 5 - Chiên khoai 2 lần: Bạn cho dầu ăn vào chảo, đun nóng ở mức nhiệt khoảng 140°C. Khi dầu đã đủ nóng (thấy sủi bọt khi thả khoai vào), bạn thả khoai vào chiên lần 1 khoảng 1 phút. Đảo nhẹ cho khoai se mặt lại, lớp vỏ ngoài hơi cứng. Đây là bước chiên sơ, không cần chiên vàng. Vớt khoai ra giấy thấm dầu. Chiên hết số khoai còn lại và để khoai nguội hoàn toàn. Việc chiên sơ và để khoai nguội hoàn toàn là bí quyết chiên khoai tây giòn lâu, giúp khoai không bị ỉu dù để qua ngày. Đây cũng là cách bảo quản khoai tây chiên giòn lâu trước khi chiên lại. Khi khoai đã nguội hoàn toàn, bạn bật bếp đun nóng dầu trở lại, lần này dầu phải thật nóng. Cho khoai vào chiên trong khoảng 7 phút, đảo đều tay để khoai vàng đều. Khi khoai bắt đầu nổi lên mặt dầu và chuyển màu vàng giòn, bạn tiếp tục chiên thêm 1 phút để khoai giòn rụm. Khi bong bóng dầu giảm bớt và khoai nổi lên là khoai đã chín. Tăng nhiệt độ cuối cùng để khoai không bị ngấm dầu rồi nhanh tay vớt khoai ra khỏi chảo khi khoai đã vàng đều và giòn rụm. Cho khoai ra giấy thấm dầu để loại bỏ bớt dầu thừa.', 'Bước 6 - Thành phẩm: Cuối cùng, cho khoai tây chiên ra đĩa và thưởng thức cùng gia đình. Món này đảm bảo các bạn trẻ trong nhà sẽ khoái lắm đây! Chấm thêm với tương ớt hoặc sốt mayonnaise thì đúng là ngon mê ly, ăn hoài không ngán.']","['Xem chi tiết:5 công dụng của khoai tây, các lưu ý khi dùng và cách chọn mua', 'Để món khoai tây chiên giòn rụm thêm hoàn hảo, việc chọn lựa dụng cụ nấu ăn phù hợp là rất quan trọng. Chúng tôi gợi ý bạn nên sử dụngChảo nhôm sâu chống dính đáy từ 24 cm Tefal So Matcha G1796495để có trải nghiệm chiên rán tuyệt vời nhất.Chảo Tefalnổi bật với công nghệ chống dính Titanium Non-stick bền bỉ, giúp bạn chiên khoai mà không lo bị dính hay cháy xém, dễ dàng vệ sinh sau khi sử dụng.Thiết kế lòng chảo sâu 24 cm lý tưởng cho việc chiên ngập dầu, đảm bảo khoai tây được chín vàng đều và giòn tan. Tay cầm cách nhiệt chắc chắn, an toàn khi thao tác.Chảo còn được trang bị đáy từ, tương thích với mọi loại bếp, bao gồm bếp từ, giúp truyền nhiệt nhanh và đều, tiết kiệm thời gian nấu nướng.Chảo nhôm sâu chống dính đáy từ Tefal So Matcha G1796495Online giá rẻ quá380.000₫471.000₫-19%Xem chi tiết', 'Việc chiên sơ và để khoai nguội hoàn toàn là bí quyết chiên khoai tây giòn lâu, giúp khoai không bị ỉu dù để qua ngày. Đây cũng là cách bảo quản khoai tây chiên giòn lâu trước khi chiên lại.', 'Xem thêm:3 cách làm khoai tây chiên giòn, vàng rụm cực đơn giản tại nhàCách làm khoai tây chiên bằng nồi chiên không dầu giòn ngon đơn giản dễ làm2 cách làm chả gà nấm hương và khoai tây chiên giòn thơm ngon đơn giản']",,dienmayxanh.com
https://www.dienmayxanh.com/vao-bep/cach-lam-thit-heo-chien-toi-ot-dan-da-cho-bua-com-them-tron-11391,Món Chiên,"Cách làm thịt heo chiên tỏi ớt dân dã, cho bữa cơm thêm tròn vị","Cácmón chiênluôn khiến cho nhiều người phải say mê bởi độ giòn ngon và hương vị đậm đà của chúng. Hôm nay, chuyên trangVào bếpcủa Điện máy XANH sẽ hướng dẫn bạn cách làm món thịt heo chiên tỏi ớt cực thơm ngon, hấp dẫn để đãi cả nhà nhé! Hãy cùng vào bếp nào!",,20 phút + 15 phút,Cho 4 người,,7,"['Thịt heo - 500 gr', 'Tỏi - 4 tép', 'Ớt - 3 trái', 'Cà chua - 1/2 trái', 'Dầu ăn - 2 muỗng canh', 'Nước mắm - 2 muỗng canh', 'Gia vị thông dụng - 1 ít ((muối/ đường/ bột ngọt/ hạt nêm/ tiêu xay))']","['Bước 1 - Sơ chế thịt heo: Thịt heo mua về rửa sơ qua với nước sạch, tiếp theo để khử mùi hôi bạn chà xát thịt với muối, rồi tiếp tục rửa 2 - 3 lần với nước và để ráo. Sau đó cắt thành các miếng mỏng vừa ăn, có kích thước gần bằng lòng bàn tay. Cách 1:Chần thịt heo trong nước sôi khoảng 3 phút, sau đó rửa lại thịt với nước lạnh.Cách 2:Rửa sạch thịt với nước rồi ngâm thịt trong rượu khoảng 15 phút sau đó vớt ra rửa lại lần nữa với nước.Cách 3:Ngâm thịt heo trong nước muối loãng khoảng 5 phút sau đó rửa lại nhiều lần với nước sạch.Xem chi tiết:Cách sơ chế thịt heo ngon, không hôi Xem chi tiết:Cách sơ chế thịt heo ngon, không hôi', 'Cách 1:Chần thịt heo trong nước sôi khoảng 3 phút, sau đó rửa lại thịt với nước lạnh.', 'Cách 2:Rửa sạch thịt với nước rồi ngâm thịt trong rượu khoảng 15 phút sau đó vớt ra rửa lại lần nữa với nước.', 'Cách 3:Ngâm thịt heo trong nước muối loãng khoảng 5 phút sau đó rửa lại nhiều lần với nước sạch.', 'Bước 2 - Sơ chế các nguyên liệu khác: Tỏi mua về bóc bỏ vỏ, ớt bỏ cuống rồi mang đi rửa sạch. Sau đó cho vào cối và tiến hành giã nhuyễn. Cà chua bỏ cuống, rửa sạch rồi cắt lát tròn mỏng.', 'Bước 3 - Ướp thịt: Cho thịt đã sơ chế vào tô, thêm vào hỗn hợp nguyên liệu gồm: tỏi ớt giã nhuyễn, 1/2 muỗng cà phê tiêu xay, 2 muỗng canh nước mắm, 1/3 muỗng cà phê muối, 1/2 muỗng cà phê hạt nêm, 1 muỗng cà phê bột ngọt, 2 muỗng cà phê đường, trộn đều tay rồi để yên khoảng 10 - 15 phút cho thịt thấm đều gia vị.', 'Bước 4 - Chiên thịt: Bắc chảo lên bếp cùng với 2 muỗng canh dầu ăn, đợi dầu nóng và sôi thì cho thịt đã ướp vào chiên với lửa vừa, trở đều 2 mặt tránh thịt bị cháy. Chỉnh lửa nhỏ rồi đậy nắp khoảng 3 phút cho thịt chín mềm hơn. Khi thịt chín vàng đều các mặt thì bạn tắt bếp cho ra dĩa.', 'Bước 5 - Thành phẩm: Cho vài lát cà chua cắt mỏng lên trên nữa là hoàn thành rồi, thịt màu vàng nâu cánh gián rất bắt mắt, cùng với mùi hương thơm nồng hấp dẫn. Ăn vào thịt mềm nhẹ, không bị quá cứng và khô, vị thịt cay cay mặn mặn rất hấp dẫn, chấm với mắm ớt là hết sẩy.']","['Xem chi tiết:Cách chọn mua thịt heo ngon đúng chuẩn', 'Xem thêm:Ớt chỉ thiên là gì? Ớt chỉ thiên có cay không?', 'Xem thêm:Nước mắm là gì? Độ đạm của nước mắm có quyết định chất lượng?', 'Mẹo sơ chế thịt heo ngon, không hôi:Cách 1:Chần thịt heo trong nước sôi khoảng 3 phút, sau đó rửa lại thịt với nước lạnh.Cách 2:Rửa sạch thịt với nước rồi ngâm thịt trong rượu khoảng 15 phút sau đó vớt ra rửa lại lần nữa với nước.Cách 3:Ngâm thịt heo trong nước muối loãng khoảng 5 phút sau đó rửa lại nhiều lần với nước sạch.Xem chi tiết:Cách sơ chế thịt heo ngon, không hôi', 'Xem thêm:2 cách làm thịt ba chỉ chiên vừng và lá móc mật ngon, lạ miệng, dễ làm.Cách làm thịt heo chiên lá quế thơm ngon đơn giản hấp dẫn ai cũng mê3 cách làm thịt heo chiên thơm ngon, mới lạ cho bữa cơm gia đình']",,dienmayxanh.com
https://www.dienmayxanh.com/vao-bep/cach-lam-top-mo-sot-ca-chua-thom-ngon-hap-dan-dam-da-cho-bua-11911,Món Chiên,Cách làm tóp mỡ sốt cà chua thơm ngon hấp dẫn đậm đà cho bữa cơm,Tóp mỡ sốt cà chua là một trong nhữngmón chiênhao cơm cho gia đình. Tóp mỡ giòn giòn quyện với vị chua ngọt mặn của sốt sẽ khiến bạn ăn hoài không ngán. Cùng Điện máy XANHvào bếplàm ngay món tóp mỡ sốt cà chua nhé!,,15 phút + 30 phút,Cho 3 người,,5,"['Thịt ba chỉ - 500 gr', 'Hành tím - 2 củ', 'Hành lá - 2 nhánh', 'Cà chua - 4 quả', 'Gia vị    thông dụng - 1 ít ((đường/ muối/ bột ngọt/ tiêu))']","['Bước 1 - Sơ chế thịt heo: Thịt heo bạn rửa sạch với nước muối loãng, sau đó rửa sạch lại với nước để khử mùi và chất bẩn bám ở thịt heo. Dùng dao lược bỏ phần da heo rồi bạn cắt thịt heo thành từng miếng dày vừa để khi thắng tóp mỡ thịt không bị teo quá nhé. Thịt heo mua về làm sạch, cho vào nồi chứa sẵn nước sạch sao cho nước vừa ngập mặt thịt. Bắcnồilên bếp, đun sôi trong khoảng 2 - 3 phút, nhanh tay vớt hết thịt ra, rửa lại với nước sạch là có thể khử mùi hiệu quả.Hoặc một cách đơn giản khác, bạn cho thịt đã làm sạch vào ngâm từ 25 - 30 phút với nước muối loãng. Sau đó rửa sạch lại với nước.Xem chi tiết:Cách khử mùi hôi thịt heo nhanh chóng, hiệu quả Xem chi tiết:Cách khử mùi hôi thịt heo nhanh chóng, hiệu quả', 'Thịt heo mua về làm sạch, cho vào nồi chứa sẵn nước sạch sao cho nước vừa ngập mặt thịt. Bắcnồilên bếp, đun sôi trong khoảng 2 - 3 phút, nhanh tay vớt hết thịt ra, rửa lại với nước sạch là có thể khử mùi hiệu quả.', 'Hoặc một cách đơn giản khác, bạn cho thịt đã làm sạch vào ngâm từ 25 - 30 phút với nước muối loãng. Sau đó rửa sạch lại với nước.', 'Bước 2 - Sơ chế các nguyên liệu khác: Hành tím bạn rửa sạch, bóc vỏ sau đó đập dập 2 tép hành tím và băm nhuyễn 2 tép còn lại. Cà chua bạn rửa sạch rồi cắt nhỏ. Tương tự với hành lá, bạn rửa sạch hành rồi cắt khúc nhỏ.', 'Bước 3 - Chiên tóp mỡ: Đặt chảo lên bếp, làm nóng chảo ở lửa lớn. Khi chảo nóng bạn cho phần thịt đã cắt vào chảo, đảo đều cùng 2 tép hành đập dập với lửa vừa. Khi thịt hơi săn lại, bạn cho một ít muối vào để tóp mỡ để được lâu nhé. Sau khoảng 7 - 10 phút, mỡ trong thịt tiết ra chảo, tóp mỡ vàng đều thì bạn vớt phần tóp mỡ ra ngoài. Bạn nên thêm 1 ít nước cốt chanh sẽ giúp mỡ được vàng, giòn hơn.Khi thắng tóp mỡ, bạn nên để lửa ở mức trung bình để khi thắng không bị cháy hoặc tạo ra những tiếng nổ mạnh văng ra ngoài.Khi thắng bạn hạn chế đậy nắp để tránh hơi nóng đọng trên nắp làm nhỏ nước xuống chảo làm bắn dầu nhé.Cách bảo quản tóp mỡ không sử dụng hết:Cách bảo quản tóp mỡ khô:Tóp mỡ sau khi để nguội, bạn cho vàohộp đựng thực phẩmcó lót 1 lớp giấy ăn ở dưới rồi đậy nắp lại và bảo quản ở nhiệt độ phòng. Với cách làm này thì sau 3 - 5 ngày tóp mỡ vẫn được độ giòn ngon.Cách bảo quản mỡ nước đã thắng:Nước mỡ bạn để nguội rồi cho vào chai đậy nắp lại và bảo quản ở nhiệt độ phòng hoặc trong ngăn máttủ lạnh. Cách bảo quản tóp mỡ không sử dụng hết:', 'Bạn nên thêm 1 ít nước cốt chanh sẽ giúp mỡ được vàng, giòn hơn.', 'Khi thắng tóp mỡ, bạn nên để lửa ở mức trung bình để khi thắng không bị cháy hoặc tạo ra những tiếng nổ mạnh văng ra ngoài.', 'Khi thắng bạn hạn chế đậy nắp để tránh hơi nóng đọng trên nắp làm nhỏ nước xuống chảo làm bắn dầu nhé.', 'Cách bảo quản tóp mỡ khô:Tóp mỡ sau khi để nguội, bạn cho vàohộp đựng thực phẩmcó lót 1 lớp giấy ăn ở dưới rồi đậy nắp lại và bảo quản ở nhiệt độ phòng. Với cách làm này thì sau 3 - 5 ngày tóp mỡ vẫn được độ giòn ngon.', 'Cách bảo quản mỡ nước đã thắng:Nước mỡ bạn để nguội rồi cho vào chai đậy nắp lại và bảo quản ở nhiệt độ phòng hoặc trong ngăn máttủ lạnh.', 'Bước 4 - Làm tóp mỡ sốt cà: Đặt chảo lên bếp, cho một chút mỡ nước đã thắng vào chảo. Thêm hành tím băm nhuyễn vào phi cho vàng thơm. Tiếp đến cho cà chua vào đảo đều. Thêm 1 chút hạt nêm, bột canh, tiêu và 1/2 chén nước lọc. Đun hỗn hợp cà chua trong 5 phút cho cà chua mềm hẳn. Cho tiếp tóp mỡ vào chảo, dùng đũa đảo đều cho tóp mỡ thấm đều. Nêm thêm nước mắm và hạt nêm cho vừa miệng. Cuối cùng bạn cho hành lá đã cắt vào chảo là đã xong món tóp mỡ sốt cà chua.', 'Bước 5 - Thành phẩm: Tóp mỡ giòn giòn, beo béo quyện với phần nước sốt cà chua chua chua, ngọt mặn thơm ngon chắc chắn sẽ hao cơm lắm đấy.']","['Xem chi tiết:Cách chọn thịt ba chỉ ngon', 'Xem chi tiết:Cách chọn mua cà chua ngon', 'Cách khử mùi hôi thịt heo hiệu quả:Thịt heo mua về làm sạch, cho vào nồi chứa sẵn nước sạch sao cho nước vừa ngập mặt thịt. Bắcnồilên bếp, đun sôi trong khoảng 2 - 3 phút, nhanh tay vớt hết thịt ra, rửa lại với nước sạch là có thể khử mùi hiệu quả.Hoặc một cách đơn giản khác, bạn cho thịt đã làm sạch vào ngâm từ 25 - 30 phút với nước muối loãng. Sau đó rửa sạch lại với nước.Xem chi tiết:Cách khử mùi hôi thịt heo nhanh chóng, hiệu quả', 'Cách chiên tóp mỡ giòn ngon, không bắn dầu:Bạn nên thêm 1 ít nước cốt chanh sẽ giúp mỡ được vàng, giòn hơn.Khi thắng tóp mỡ, bạn nên để lửa ở mức trung bình để khi thắng không bị cháy hoặc tạo ra những tiếng nổ mạnh văng ra ngoài.Khi thắng bạn hạn chế đậy nắp để tránh hơi nóng đọng trên nắp làm nhỏ nước xuống chảo làm bắn dầu nhé.Cách bảo quản tóp mỡ không sử dụng hết:Cách bảo quản tóp mỡ khô:Tóp mỡ sau khi để nguội, bạn cho vàohộp đựng thực phẩmcó lót 1 lớp giấy ăn ở dưới rồi đậy nắp lại và bảo quản ở nhiệt độ phòng. Với cách làm này thì sau 3 - 5 ngày tóp mỡ vẫn được độ giòn ngon.Cách bảo quản mỡ nước đã thắng:Nước mỡ bạn để nguội rồi cho vào chai đậy nắp lại và bảo quản ở nhiệt độ phòng hoặc trong ngăn máttủ lạnh.', 'Xem thêm:Cách làm tóp mỡ rang muối ớt giòn rụm, cực ngon siêu đơn giản tại nhà2 cách làm tóp mỡ rang me và tóp mỡ xào dưa chua thơm ngon, giòn tan đậm vịCách làm cá rô kho tiêu với tóp mỡ thơm béo, đậm đà đưa cơm']",,dienmayxanh.com
https://www.dienmayxanh.com/vao-bep/cach-lam-tuy-bo-chien-trung-ga-gion-thom-beo-ngay-an-la-me-09495,Món Chiên,"Cách làm tủy bò chiên trứng gà giòn thơm, béo ngậy, ăn là mê","Tủy bò là một trong những bộ phận được nhiều người yêu thích để sử dụng chế biến nhiều món ăn. Hôm nay, Điện máy XANH sẽ mách bạn công thức làm món tủy bò chiên trứng gà giòn thơm, béo ngậy. Cùngvào bếpthực hiện ngaymón chiênnày bạn nha!",,10 phút + 15 phút,Cho 3 người,,9,"['Tủy bò - 300 gr', 'Trứng gà - 6 quả', 'Tỏi băm - 1 muỗng canh', 'Hành tím - 7 củ', 'Hành lá - 1 nhánh ((cắt nhỏ))', 'Ngò rí - 1 ít', 'Nước mắm - 1 muỗng canh', 'Dầu ăn - 2 muỗng canh', 'Gia vị thông dụng - 1 ít (( muối/ hạt nêm/ tiêu))']","['Bước 1 - Sơ chế tủy bò: Tủy bò mua về bạn tách bỏ lớp màng máu bên ngoài, rửa sơ qua với nước muối loãng cho bớt hôi, sau đó rửa lại vài lần với nước sạch rồi vớt ra rổ để ráo. Tiếp theo bạn dùng kéo cắt tủy bò thành khúc khoảng 1 lóng tay.', 'Bước 2 - Ướp tủy bò: Trước tiên bạn bóc sạch vỏ 7 củ hành tím rồi băm nhuyễn. Bạn cho tủy bò đã cắt vào tô, thêm 2/3 hành tím băm nhuyễn cùng với 1 muỗng canh tỏi băm, 1 muỗng canh hạt nêm, 1 muỗng canh nước mắm cuối cùng là 2 muỗng cà phê tiêu xay. Bạn trộn đều ướp tủy bò khoảng 15 phút cho thấm gia vị.', 'Bước 3 - Chiên tủy bò với trứng: Bạn làm nóng chảo cho vào 2 muỗng canh dầu ăn, thêm 1/3 hành tím băm nhuyễn còn lại và 1 ít hành lá cắt nhỏ vào phi thơm. Tiếp theo, bạn cho phần tủy bò đã ướp vào, đảo đều khoảng 2 - 3 phút cho tủy bò săn lại, rồi bạn đập vào chảo tủy bò 6 quả trứng gà, đậy nắp lại chiên khoảng 10 phút trên lửa nhỏ là đạt rồi nhé! Mách nhỏ:', 'Khi cho trứng gà vào, bạn cho trứng dàn đều ra trên mặt tủy bò nhé để tủy có thể ngập trong trứng, khi ăn sẽ tròn vị hơn.', 'Nếu bạn thích ăn trứng lòng đào thì giảm thời gian chiên trứng lại nha.', 'Bạn có thể khuấy đều trứng rồi cho vào chiên cùng tủy cũng sẽ rất thơm ngon và mùi vị sẽ hòa quyện hơn đấy.', 'Bước 4 - Thành phẩm: Trang trí một ít ngò rí lên trên chảo tủy rồi cùng nhau thưởng thức món tủy bò chiên trứng gà thơm ngon nào! Món ăn có mùi thơm nức, khi ăn trứng gà vừa chín tới, tủy bò béo ngậy, giòn mềm tan ngay trong miệng. Bạn chấm thêm ít nước mắm tỏi ớt thì cực kỳ ngon bạn nhé! Món ăn lạ miệng này sẽ làm cả nhà bạn xuýt xoa khen ngợi cho mà xem.']","['Xem chi tiết:Cách chọn mua trứng gà tươi ngon', 'Khi cho trứng gà vào, bạn cho trứng dàn đều ra trên mặt tủy bò nhé để tủy có thể ngập trong trứng, khi ăn sẽ tròn vị hơn.Nếu bạn thích ăn trứng lòng đào thì giảm thời gian chiên trứng lại nha.Bạn có thể khuấy đều trứng rồi cho vào chiên cùng tủy cũng sẽ rất thơm ngon và mùi vị sẽ hòa quyện hơn đấy.', 'Xem thêm:2 cách làm bánh trứng chiên hành cuộn phô mai và cuộn bắp cải thơm ngon2 cách làm trứng chiên hến và xá bấu lạ miệng, ăn là ghiềnCách làm trứng chiên củ cải muối thơm ngon hấp dẫn cực bắt cơm']",,dienmayxanh.com
https://www.dienmayxanh.com/vao-bep/cach-lam-banh-mi-trung-op-la-ngon-an-sang-kieu-moi-day-du-23491,Món Chiên,Cách làm bánh mì trứng ốp la ngon ăn sáng kiểu mới đầy đủ dinh dưỡng,"Bạn đang tìm kiếm một công thức bánh mì trứng ốp la ngon miệng, dễ làm cho bữa sáng?Món bánhnày sẽ là lựa chọn tuyệt vời! Cùngvào bếpvà chiên ngay món ăn bổ dưỡng, thơm ngon, giúp bạn tràn đầy năng lượng cả ngày nhé!",,15 phút + 10 phút,Cho 2 người,,9,"['Trứng gà - 5 quả', 'Cà chua - 1 trái', 'Cà chua - 1 trái', 'Khoai tây - 1 củ', 'Hành củ - 2 củ', 'Tỏi - 3 tép', 'Hành ngò - 1 ít ((rau mùi))', 'Bánh mì - 2 cái', 'Gia vị thông dụng - 1 ít ((muối/tiêu/xì dầu/tương ớt/dầu hào/dầu ăn))']","['Bước 1 - Sơ chế rau củ chuẩn bị cho món bánh mì ốp la: Đầu tiên, bạn gọt vỏ cà rốt và khoai tây. Sau đó, cắt cà rốt, khoai tây và cà chua thành hạt lựu nhỏ xinh. Nhớ để riêng phần cà chua nhé. Hành ngò (rau mùi) rửa sạch, cắt khúc dài để lát nữa chúng ta rắc lên trên cho đẹp mắt. Hành củ thì bạn cắt nhuyễn ra. Cuối cùng, tỏi bạn đập dập. Không cần băm quá nhuyễn đâu, đập như vậy là được rồi.', 'Bước 2 - Xào rau củ thơm ngon: Bắc chảo lên bếp, cho 1 muỗng canh dầu ăn vào đun nóng. Khi dầu sôi nhẹ và tỏa khói, cho hành và tỏi đã đập dập vào phi thơm lừng. Tiếp theo, cho cà rốt vào xào trước khoảng 1-2 phút rồi cho khoai tây vào đảo đều. Khi cà rốt và khoai tây hơi mềm, cho cà chua hạt lựu vào, đảo đều tay. Nêm nếm gia vị: một chút muối, tiêu, 1/2 muỗng cà phê xì dầu (nước tương) và 1/2 muỗng cà phê dầu hào. Đảo đều cho rau củ thấm gia vị và chín tới.', 'Bước 3 - Chiên trứng ốp la hấp dẫn: Khi rau củ đã chín đều và mềm, dồn rau củ sang một bên chảo, tạo một khoảng trống ở giữa. Đập từng quả trứng gà vào khoảng trống đó. Đổ đều 5 quả trứng vào chảo. Rắc thêm chút muối tiêu lên trên mặt trứng. Đậy nắp chảo và hạ nhỏ lửa. Chiên trứng khoảng 2-3 phút là trứng sẽ chín tới với lòng đào béo ngậy. Tránh để lửa lớn quá trứng dễ bị cháy nhé!', 'Bước 4 - Thành phẩm: Khi trứng đã chín theo ý muốn (lòng đào hay chín hẳn tùy thích), tắt bếp. Rắc hành ngò đã cắt lên trên mặt trứng cho đẹp mắt và dậy mùi thơm. Dọn bánh mì ra đĩa, đặt phần trứng ốp la rau củ nóng hổi lên trên. Thêm tương ớt, tương cà chua tùy thích và mời cả nhà cùng thưởng thức món bánh mì trứng ốp la siêu ngon này nhé!']","['Xem chi tiết:Tất tần tật về trứng, cách chọn trứng tươi, phân biệt trứng thật giả', 'Để món bánh mì trứng ốp la thêm hoàn hảo, một chiếc chảo chống dính chất lượng là không thể thiếu.Chảo nhôm chống dính vân đá đáy từ 24 cm Delites LY-DCF5324sẽ là trợ thủ đắc lực cho bạn.Chảo chống dính Delitesnổi bật với lớp chống dính vân đá bền bỉ, giúp thức ăn không bám dính, dễ dàng vệ sinh sau khi nấu.Thiết kế đáy từ phù hợp với mọi loại bếp, từ bếp gas đến bếp từ, truyền nhiệt nhanh và đều, giúp món ăn chín tới hoàn hảo.Kích thước 24 cm lý tưởng để chiên ốp la, xào rau củ cho gia đình nhỏ, mang lại sự tiện lợi tối đa trong gian bếp.Chảo nhôm chống dính vân đá đáy từ Delites LY-DCF5324200.000₫350.000₫-42%Xem chi tiết', 'Bạn có thể dùng muỗng dằm nhẹ rau củ để chúng mềm và hòa quyện hơn, tạo độ sệt nhẹ cho phần nhân.', 'Xem thêm:Cách làm trứng ốp la thật nhanh chóng bằng lò vi sóng', 'Xem chi tiết:Mẹo hâm nóng bánh mì bằng nồi chiên không dầu, lò vi sóng, lò nướng', 'Xem thêm:2 cách làm bánh mì chảo đơn giản thơm ngon nhanh chóng cho bữa sáng5 cách làm bánh mì sandwich kẹp trứng thơm ngon cho bữa sáng nhanh chóngCách làm xíu mại ăn bánh mì thơm ngon khó cưỡng, càng ăn càng mê']",,dienmayxanh.com
https://www.dienmayxanh.com/vao-bep/cach-lam-ga-khong-loi-thoat-ngon-gion-rum-ben-ngoai-ngot-thit-23497,Món Chiên,"Cách làm gà không lối thoát ngon giòn rụm bên ngoài, ngọt thịt bên trong","Bạn đang tìm cách làm gà không lối thoát ngon chuẩn vị đãi tiệc?Vào bếpcùng Điện máy XANH để khám phá bí quyết làmmón chiêngà bó xôi chiên giòn rụm, thịt gà mềm ngọt tan chảy. Đảm bảo thành công ngay lần đầu!",,25 phút + 1 giờ 50 phút,Cho 4 - 6 người,,8,"['Gà nguyên con - 1.2 kg', 'Nấm hương khô - 60 gr ((đã ngâm nở))', 'Gốc hành - 5 lá', 'Nếp ngon - 1 kg', 'Nước cốt dừa dảo - 700 ml', 'Nước cốt dừa nhất - 100 ml', 'Gia vị ướp gà - 1 ít ((củ hành sấy/ dầu hào/ đường/ hạt nêm gà/ muối/ tiêu xay/ dầu hạt điều))', 'Gia vị nấu xôi - 1 ít ((muối/ bột nghệ))']","['Bước 1 - Sơ chế và ướp gà không lối thoát: Gà 1.2kg làm sạch, chà kỹ với muối và chanh để khử mùi tanh. Rửa sạch lại và để ráo. Trộn hỗn hợp ướp gà: 1 muỗng canh củ hành sấy, 1 muỗng canh dầu hào, 1 muỗng cà phê đường, 1 muỗng cà phê hạt nêm gà, 1 muỗng cà phê muối, 1 muỗng cà phê tiêu xay, 1 muỗng canh dầu hạt điều. Trộn đều. Quết đều hỗn hợp ướp lên khắp thân gà, cả bên trong lẫn bên ngoài. Đảm bảo gà thấm đều gia vị để món gà k lối thoát ngon hơn. Để gà nghỉ 30 phút cho thấm.', 'Bước 2 - Nướng sơ gà: Sau 30 phút, cho gà vào khay nướng. Nướng gà ở 200 độ C trong 20 phút. Gà chỉ nướng vừa chín tới, không nướng chín hẳn.', 'Bước 3 - Nấu xôi chiên phồng bằng nồi cơm điện: Vo sạch 1kg nếp ngon, để ráo nước. Cho nếp vào nồi cơm điện, thêm 1 muỗng cà phê bột nghệ (tùy chọn) và 1 ít muối, trộn đều. Rưới 700ml nước cốt dừa dảo vào nồi, thêm khoảng 100ml nước lọc nếu thấy nước chưa xâm xấp mặt nếp. Bật nồi cơm điện nấu như nấu cơm bình thường. Khi xôi chín, rưới 100ml nước cốt dừa nhất còn lại lên đều mặt xôi. Xới đều rồi đậy nắp ủ thêm 5 phút.', 'Bước 4 - Sơ chế nấm hương và hành lá, cắt gà: Nấm hương khô 60gr đã ngâm nở, cắt bỏ gốc, thái lát hoặc để nguyên tùy thích. Hành lá rửa sạch, cắt khúc gốc hành. Gà đã nướng nguội, dùng kéo cắt gà thành từng miếng vừa ăn. (Lưu ý: Nếu muốn làm gà nguyên con thì bỏ qua bước này).', 'Bước 5 - Bọc gà bó xôi: Trải màng bọc thực phẩm lên thớt silicon hoặc mặt phẳng sạch. Dàn đều xôi đã nấu thành một lớp dày khoảng 1.5 cm. Cán xôi càng đều thì khi chiên sẽ càng đẹp. Chia xôi thành 2 phần (hoặc tùy số lượng gà miếng). Đặt phần thịt gà đã cắt vào giữa lớp xôi. Rải đều nấm hương và gốc hành lên trên thịt gà. Dùng màng bọc thực phẩm cuộn chặt xôi bọc gà lại, ép chặt các mép để xôi kết dính hoàn toàn. Vừa lăn vừa vỗ nhẹ để tạo hình khối trụ đều.', 'Bước 6 - Chiên gà bó xôi giòn rụm: Đun nóng dầu ăn trong chảo sâu lòng (ví dụ Chảo thép sâu chống dính 28 cm Green cook GCW257-28IH). Đảm bảo dầu đủ ngập gà. Khi dầu nóng già, nhẹ nhàng thả gà bó xôi vào chiên. Chiên vàng đều các mặt, lật trở nhẹ nhàng để xôi không bị rách. Đến khi lớp vỏ xôi bên ngoài giòn rụm, vàng óng là được. Vớt gà ra, để ráo dầu.', 'Bước 7 - Thành phẩm: Cắt gà bó xôi thành từng khoanh vừa ăn. Lớp vỏ xôi giòn tan, bên trong dẻo thơm, thịt gà mềm ngọt thấm vị, quyện cùng mùi nấm hương và hành lá. Món gà không lối thoát ngon chuẩn vị đã sẵn sàng để thưởng thức.']","['Để chiên gà bó xôi vàng giòn, việc chọn chảo phù hợp là rất quan trọng.Chảo thép sâu chống dính 28 cm Green cook GCW257-28IHlà lựa chọn lý tưởng cho món ăn này.Chảo có lớp chống dính bền bỉ, giúp bạn chiên gà mà không lo bị dính hay cháy xém. Lòng chảo sâu giúp chứa đủ dầu và an toàn khi chiên ngập dầu.Đáy chảo được thiết kế đặc biệt, phù hợp với mọi loại bếp, kể cả bếp từ. Tay cầm chắc chắn, cách nhiệt, đảm bảo an toàn khi sử dụng.Với kích thước 28 cm, chảo đủ rộng để chiên nguyên con gà bó xôi đã được tạo hình, giúp món ăn chín đều và đẹp mắt.Chảo thép sâu chống dính đáy từ Green Cook GCW257-28IH300.000₫441.000₫-31%Xem chi tiết', 'Xem thêm:Cách làm gà nướng kiểu Thái thơm lừng đậm vị cho bữa cơm hấp dẫnCách làm đùi gà chiên mắm tỏi thơm lừng đơn giản với chảo chiên inoxCách làm gà ăn mày (gà nướng đất sét) chuẩn vị người Hoa với than hồng']",,dienmayxanh.com
https://www.dienmayxanh.com/vao-bep/cach-lam-ga-chien-mam-toi-ot-dam-da-cuc-hap-dan-chieu-dai-gia-10263,Món Chiên,Cách làm gà chiên mắm tỏi ớt đậm đà cực hấp dẫn chiêu đãi gia đình,"Gà chiên mắm tỏi ớt sẽ vô cùng đậm đà, hấp dẫn với cách làm sau đây mà Điện máy XANH sẽvào bếphướng dẫn bạn. Chỉ trong vài phút cùng một số bước đơn giản, bạn sẽ có ngay mộtmón chiênđảm bảo ai cũng thích mê!",,15 phút + 15 phút,Cho 3 người,,6,"['Đùi bẹ cánh gà - 200 gr ((hoặc phần thịt gà khác tùy thích))', 'Ớt - 3 trái ((băm nhuyễn))', 'Tỏi - 6 tép ((băm nhuyễn))', 'Nước mắm - 1 muỗng canh', 'Dầu ăn - 2 muỗng canh', 'Muối/ đường - 1 ít']","['Bước 1 - Sơ chế thịt gà: Với 200gr đùi bẹ cánh mua sau khi mua về, bạn rửa sạch với nước muối loãng rồi để ráo. Tiếp theo, bạn cho thịt gà vàotôcùng với 1/2muỗngcà phê muối, sau đó trộn đều và để ướp trong 15 phút. Cách 1:Thịt gà sau khi rửa sạch với nước, bạn dùng rượu trắng xoa bóp đều lên thịt gà rồi để ướp trong khoảng 10 phút, sau đó lấy rửa lại với nước.Cách 2:Bạn pha muối và giấm với tỉ lệ 2:1 tương ứng, sau đó chà xát lên thịt gà trong 3 - 5 phút rồi rửa sạch với nước, như vậy thịt gà sẽ không còn hôi nữa.', 'Cách 1:Thịt gà sau khi rửa sạch với nước, bạn dùng rượu trắng xoa bóp đều lên thịt gà rồi để ướp trong khoảng 10 phút, sau đó lấy rửa lại với nước.', 'Cách 2:Bạn pha muối và giấm với tỉ lệ 2:1 tương ứng, sau đó chà xát lên thịt gà trong 3 - 5 phút rồi rửa sạch với nước, như vậy thịt gà sẽ không còn hôi nữa.', 'Bước 2 - Chiên cánh gà: Bậtbếpvới lửa vừa, bạn cho 2 muỗng canh dầu ăn vàochảo. Dầu nóng, bạn cho đùi bẹ cánh gà vào chiên, thường xuyên lật đều 2 mặt cánh gà trong lúc chiên để thịt được chín đều. Chiên khoảng 7 phút đến khi 2 mặt của thịt gà chín rám vàng, dậy mùi thơm thì bạn với ra.', 'Bước 3 - Pha mắm tỏi ớt: Cho vào tô 3 trái ớt và 6 tép tỏi đã băm nhuyễn, 1 muỗng canh nước mắm, 1 muỗng canh đường, 1 muỗng canh nước lọc. Bạn trộn đều hỗn hợp cho các gia vị hòa quyện vào nhau.', 'Bước 4 - Hoàn thành: Bật lại bếp với chảo vừa chiên, bạn cho hết hỗn hợp mắm tỏi ớt và thịt gà vào, đảo đều tay đến khi nước mắm thấm đều vào thịt gà và bắt đầu sệt lại trong khoảng 3 phút là có thể tắt bếp.', 'Bước 5 - Thành phẩm: Món gà chiên mắm tỏi ớt đến đây đã hoàn thành. Phần thịt gà với lớp vỏ giòn, thịt mềm thơm thấm đều gia vị đậm đà, thêm vào đó là một chút vị cay của ớt càng làm món ăn thêm dậy vị thơm ngon, kết hợp món ăn này cùng với cơm trắng sẽ rất phù hợp.']","['Xem thêm:Cách chọn mua thịt gà tươi ngon', 'Cách sơ chế thịt gà sạch, không hôiCách 1:Thịt gà sau khi rửa sạch với nước, bạn dùng rượu trắng xoa bóp đều lên thịt gà rồi để ướp trong khoảng 10 phút, sau đó lấy rửa lại với nước.Cách 2:Bạn pha muối và giấm với tỉ lệ 2:1 tương ứng, sau đó chà xát lên thịt gà trong 3 - 5 phút rồi rửa sạch với nước, như vậy thịt gà sẽ không còn hôi nữa.', 'Xem thêm:Cách làm đùi gà chiên mật ong thơm ngon đơn giản ai cũng mêCách làm đùi gà nhồi thịt phô mai chiên giòn, mềm ngọt thơm lừng2 cách làm đùi gà chiên sốt me và sốt chao đỏ mềm ngon đậm đà hương vị']",,dienmayxanh.com
https://www.dienmayxanh.com/vao-bep/cach-lam-thit-ba-chi-chien-sa-ot-thom-gion-dam-da-hao-com-voi-23471,Món Chiên,Cách làm thịt ba chỉ chiên sả ớt thơm giòn đậm đà hao cơm với chảo sâu lòng,"Vào bếpchế biếnmón chiênthơm nức mũi - thịt ba chỉ chiên sả ớt giòn rụm, đậm đà, cực kỳ hao cơm. Chỉ cần một chiếc chảo sâu lòng, bạn đã có thể tạo nên món ngon hấp dẫn khó cưỡng cho cả nhà.",,40 phút,Cho 4 người,,7,"['Thịt heo ba chỉ - 600 gr', 'Sả cây - 100 gr', 'Ớt - 50 gr ((ớt sừng/ớt hiểm))', 'Củ tỏi/Củ hành tím - 50 gr', 'Bột chiên giòn - 100 gr', 'Dầu ăn - 150 ml', 'Gia vị thông dụng - 1 ít ((đường/nước mắm/hạt nêm/muối/tiêu xay/ngũ vị hương))']","['Bước 1 - Sơ chế thịt ba chỉ và nguyên liệu: Thịt ba rọi mua về, bạn rửa sạch với muối rồi để ráo. Cắt thịt thành các miếng dài 6 - 8cm và độ dày khoảng 1cm. Miếng thịt có cả nạc, mỡ và lớp da mỏng sẽ giúp món ăn mềm béo và giòn ngon hơn khi chiên. Sả cây, tỏi, hành tím bạn đập dập rồi băm thật nhuyễn. Ớt sừng và ớt hiểm (nếu dùng) bạn cắt bỏ hạt để giảm độ cay, sau đó băm nhuyễn. Nếu nhà có trẻ nhỏ, bạn nên dùng ớt sừng hoặc bỏ qua ớt hiểm nhé!', 'Bước 2 - Ướp thịt chiên sả ớt: Cho thịt ba rọi đã sơ chế vào một cái tô lớn. Thêm vào 1/2 muỗng canh hạt nêm, 1/2 muỗng canh nước mắm, 1/4 muỗng canh muối và 1/2 muỗng canh đường. Tiếp theo, bạn cho vào mỗi loại 1/2 muỗng canh sả băm, tỏi băm, hành tím băm và ớt băm. Trộn đều tất cả gia vị và thịt để thịt thấm đều. Dùng màng bọc thực phẩm bọc kín tô thịt và ướp trong khoảng 15 - 20 phút. Đây là bí quyết giúp thịt ba rọi chiên sả ớt của chúng ta đậm đà, thơm ngon đúng điệu!', 'Bước 3 - Chiên thịt giòn thơm: Sau khi thịt đã thấm gia vị, bạn gạt bỏ phần sả, tỏi, ớt và hành tím bám trên miếng thịt. Bước này rất quan trọng để khi chiên, các nguyên liệu này không bị cháy đen làm mất đi hương vị món ăn. Lấy từng miếng thịt, phủ một lớp bột chiên giòn mỏng đều khắp các mặt. Lớp bột mỏng này sẽ giúp thịt giòn hơn và không bị bắn dầu khi chiên. Bắc chảo lên bếp, cho khoảng 100ml dầu ăn vào đun nóng. Khi dầu đã nóng, bạn cho thịt vào chiên. Để lửa vừa phải để thịt chín từ từ và vàng đều. Khi thấy mặt dưới của thịt chuyển sang màu vàng nhẹ, bạn trở mặt và chiên cho đến khi cả hai mặt vàng đều. Đừng chiên quá vàng nha, thịt sẽ bị khô đó. Vớt thịt ra đĩa có lót giấy thấm dầu để loại bỏ bớt dầu thừa.', 'Bước 4 - Phi thơm sà ớt và hoàn thiện món ăn: Dùng chính chiếc chảo vừa chiên thịt, bạn chắt bớt dầu chỉ để lại khoảng 50ml. Đun nóng dầu, sau đó cho tỏi và hành tím băm vào phi thơm trước cho hơi săn. Tiếp theo, cho sả băm vào phi cùng cho đến khi dậy mùi thơm. Cuối cùng, cho ớt băm vào và phi cho đến khi tất cả vàng thơm. Khi sả, tỏi, hành tím và ớt đã vàng thơm, bạn nêm nếm gia vị: 1/2 muỗng canh nước mắm, 1/2 muỗng canh hạt nêm, 1/2 muỗng canh đường, 1/4 muỗng canh muối, 1/2 muỗng cà phê tiêu xay và 1/2 muỗng cà phê bột ngũ vị hương. Đảo đều trên lửa nhỏ để gia vị tan hết và hòa quyện vào nhau. Sau đó, bạn đổ hỗn hợp sả ớt đã phi thơm qua rây để loại bỏ bớt dầu thừa, giữ lại phần sả ớt giòn thơm. Cho phần sả ớt đã ráo dầu trở lại chảo (chảo vẫn còn nóng). Cho thịt ba rọi đã chiên vào. Dùng đũa đảo đều hoặc xóc chảo nhanh tay để phần sả ớt bám đều vào từng miếng thịt. Không cần bật bếp lại vì hơi nóng còn lại của chảo đã đủ làm gia vị bám đều mà không bị cháy.', 'Bước 5 - Thành phẩm: Món thịt ba chỉ chiên sả ớt nóng hổi, thơm lừng đã sẵn sàng để thưởng thức! Từng miếng thịt ba chỉ giòn rụm bên ngoài, mềm béo bên trong, quyện cùng hương thơm nồng nàn của sả, vị cay nhẹ của ớt và đậm đà của gia vị. Đảm bảo món ngon này sẽ làm cả nhà bạn phải xuýt xoa, ăn mãi không ngừng và ""tốn cơm"" lắm đó nha!']","['Chảo nhôm sâu chống dính vân đá đáy từ 26 cm Inochi Omi Simple HIN.CHSL.VD26là người bạn đồng hành lý tưởng cho mọi món chiên xào, giúp bạn chế biến món ăn dễ dàng và ngon miệng hơn.Chảo Inochiđược làm từ hợp kim nhôm cao cấp, truyền nhiệt nhanh và đều, giúp món ăn chín tới hoàn hảo mà không lo cháy khét.Lớp chống dính vân đá bền bỉ, an toàn cho sức khỏe, giúp bạn chiên rán ít dầu mỡ và dễ dàng vệ sinh sau khi sử dụng.Thiết kế đáy từ phù hợp với mọi loại bếp, từ bếp gas đến bếp từ, mang lại sự tiện lợi tối đa cho căn bếp hiện đại của bạn.Chảo nhôm sâu chống dính vân đá đáy từ Inochi Omi Simple HIN.CHSL.VD26Chỉ bán online330.000₫402.000₫-17%Xem chi tiết', 'Sau khi băm xong, bạn nhớ để riêng sả, tỏi, hành tím và ớt ra từng đĩa để tiện sử dụng cho các bước sau nha.', 'Xem thêm:Cách làm thịt ba chỉ thái mỏng chiên giòn chấm nước sốt ớt bằng chảo chiênCách làm cà tím xào thịt ba chỉ mềm, ít dầu mỡ bằng chảo chống dính tổ ongCách làm ba chỉ rang riềng vàng giòn, thơm ngon xuất sắc với chảo nhôm']",,dienmayxanh.com
https://www.dienmayxanh.com/vao-bep/cach-uop-suon-non-chien-gion-dam-da-lam-moi-nhau-bon-mieng-23457,Món Chiên,Cách ướp sườn non chiên giòn đậm đà làm mồi nhậu bon miệng,"Bạn đang tìm cách ướp sườn non chiên giòn ngon bá cháy?Vào bếpkhám phá công thức sườn giòn chuẩn vị quán người Hoa, đảm bảo giòn rụm, thơm lừng, ăn là mê.Món chiênnày sẽ khiến cả nhà phải xuýt xoa!",,20 phút + 50 phút,Cho 970gr sườn non,,9,"['Sườn non - 970 gr', 'Gia vị thông dụng - 1 ít ((tiêu/muối/bột nêm/bột ngũ vị hương))', 'Bột gia vị nướng thịt - 1 gói', 'Bột ớt cay - 2 muỗng canh', 'Xì dầu - 2 muỗng canh', 'Dầu ăn - 2 muỗng canh ((để ướp))', 'Baking soda - 1 muỗng ((nếu sườn to/dai))', 'Tinh bột khoai tây - 2 muỗng', 'Dầu ăn - 0.5 lít ((để chiên))']","['Bước 1 - Sơ chế sườn non: Đầu tiên, chúng ta sẽ chặt sườn non thành các miếng ngắn khoảng 3 cm. Sau khi chặt, ngâm sườn vào nồi nước lã khoảng 5 phút để sườn róc khi ăn. Nhớ là chặt rồi mới rửa để tránh nước bắn tung tóe nha. Rửa sạch sườn dưới vòi nước, tráng lại 1-2 lần cho thật sạch rồi để ráo.', 'Bước 2 - Cách ướp sườn non chiên giòn: Cho sườn đã ráo vào tô lớn. Giờ là lúc chúng ta ướp sườn non chiên giòn đây! Bạn có thể ướp với các gia vị thông dụng như tiêu, muối, bột nêm, bột ngũ vị hương tùy thích. Nhưng để tiện lợi hơn, dùng gói bột gia vị nướng thịt có sẵn vị hành, tỏi, tiêu, muối. Thêm 1.5 muỗng canh bột ớt cay để tạo màu đẹp và vị cay nhẹ (ớt Tây không cay nhiều đâu). Cho thêm 2 muỗng canh xì dầu và 2 muỗng canh dầu ăn để sườn không bị khô và có màu sắc hấp dẫn kiểu ""quán Tàu"" nha. Trộn đều tất cả gia vị với sườn, đảm bảo từng miếng sườn được bao phủ. Để sườn ngấm gia vị khoảng 10-15 phút, hoặc lâu hơn nếu có thời gian để sườn non chiên giòn của chúng ta càng thêm đậm đà.', 'Bước 3 - Phủ tinh bột tạo lớp vỏ giòn: Khi gần đến lúc chiên, bạn mới cho 2 muỗng tinh bột khoai tây (hoặc bột năng) vào tô sườn. Trộn đều nhẹ nhàng cho bột bám một lớp mỏng vừa phải lên từng miếng sườn. Nếu thấy bột bám nhiều quá, bạn có thể thêm chút xíu nước để điều chỉnh. Đây là bí quyết để có lớp vỏ sườn non chiên giòn đúng điệu đó!', 'Bước 4 - Chiên giòn sườn non: Chuẩn bị nồi hoặc chảo sâu lòng, cho khoảng nửa lít dầu ăn vào. Nhớ là phải ngập dầu để sườn chiên không bị khô nhé! Đun dầu sôi hẳn, sau đó hạ lửa xuống vừa phải để khi cho sườn vào rán không bị cháy. Cho từng miếng sườn vào chảo, không cho quá nhiều cùng lúc để tránh làm giảm nhiệt độ dầu. Khi chiên, nhớ đảo đều để các miếng sườn không bị dính chùm vào nhau và chín vàng đều khắp các mặt. Rán khoảng 15 phút cho đến khi sườn chín vàng giòn. Nếu nồi nhỏ, bạn có thể chia thành 3 mẻ để chiên hết số sườn nhé.', 'Bước 5 - Thành phẩm: Vớt sườn đã chiên ra đĩa có lót giấy thấm dầu để loại bỏ bớt dầu thừa. Phần dầu chiên còn lại, bạn có thể lọc qua giấy ăn để tái sử dụng cho món ăn khác, không hề lãng phí chút nào! Vậy là món sườn non chiên giòn kiểu ""quán Tàu"" của bà Nana đã hoàn thành rồi! Món này mà nhâm nhi cùng bia thì đúng là ""tốn bia lắm đó các bạn""!']","['Để món sườn giòn thêm hoàn hảo, việc lựa chọn dụng cụ nấu ăn chất lượng là vô cùng quan trọng.Bộ nồi chảo quánh inox nắp kính Sunhouse SHG991sẽ là trợ thủ đắc lực cho bạn trong mọi công đoạn chế biến.Bộ nồi Sunhousenày được làm từ inox cao cấp, đảm bảo độ bền vượt trội và an toàn cho sức khỏe khi tiếp xúc với thực phẩm.Thiết kế đáy dày giúp truyền nhiệt nhanh và giữ nhiệt lâu, giúp món sườn chiên giòn đều mà không lo cháy xém.Nắp kính trong suốt tiện lợi giúp bạn dễ dàng quan sát quá trình nấu nướng mà không cần mở nắp, giữ trọn hương vị món ăn.Bộ nồi chảo quánh inox Sunhouse SHG991Online giá rẻ quá1.080.000₫1.856.000₫-41%Xem chi tiết', 'Mách nhỏ là nên chặt sườn ngắn để khi ăn dễ cho thỏm vào miệng và nhằn xương ra mà không làm dơ tay.', 'Nếu sườn của bạn hơi to hoặc sợ bị dai, hãy thêm 1 muỗng baking soda vào lúc này để sườn mềm hơn nhé! Sườn của bà Nana non rồi nên không cần dùng.', 'Xem thêm:Cách làm sườn non chay chiên giòn tan lạ miệng đưa cơm2 Cách nấu canh cải chua sườn non heo và thịt heo thơm ngon, đơn giản2 Cách làm sườn non rim mật ong thơm ngon đậm đà cả nhà thích mê']",,dienmayxanh.com
https://www.dienmayxanh.com/vao-bep/cach-uop-cot-let-chien-khong-bi-kho-mem-ngon-sieu-don-gian-23450,Món Chiên,Cách ướp cốt lết chiên không bị khô mềm ngon siêu đơn giản tại nhà,"Bạn lo lắng món cốt lết chiên thường bị khô cứng? Đừng lo! Cùngvào bếpvới bí quyết ướp sườn cốt lết chiên mềm ngon, thơm lừng, không hề bị khô.Mẹo vào bếpnày sẽ giúp bạn cómón chiênhoàn hảo, chinh phục cả nhà!",,15 phút + 15 phút,Cho 2-3 người,,5,"['Thịt đùi - 400 gr ((sườn cốt lết))', 'Tỏi - 1 tép', 'Hành tím - 1 củ', 'Ớt - 1 trái', 'Gia vị thông dụng - 1 ít ((hạt nêm/đường/nước mắm/dầu hào/tương ớt/sa tế tôm/nước tương/dầu ăn))']","['Bước 1 - Sơ chế và dần thịt mềm ngon: Thịt đùi (hoặc sườn cốt lết) rửa sạch, cắt miếng vừa ăn, không quá mỏng mà cũng không quá dày. Tỏi, ớt băm nhuyễn. Hành tím băm nhỏ. Dùng dao chặt với phần lưỡi dao lớn đập lên miếng thịt, sau đó dùng sóng dao dần nhẹ các miếng thịt.', 'Bước 2 - Ướp thịt cốt lết thơm lừng: Cho thịt đã dần vào tô lớn. Thêm tỏi, ớt, hành băm đã chuẩn bị. Nêm 1 muỗng cà phê hạt nêm, nửa muỗng cà phê đường (lưu ý không cho nhiều đường dễ cháy khét khi chiên). Thêm 1 muỗng cà phê nước mắm, 1 muỗng cà phê dầu hào (bí quyết giúp thịt mềm ngon hơn), 1 muỗng cà phê tương ớt (tạo màu đẹp và vị cay nhẹ). Nếu thích, cho thêm 1 muỗng cà phê sa tế tôm và 1 muỗng cà phê nước tương để tăng thêm hương vị. Trộn đều tất cả gia vị với thịt, để ướp khoảng 15 phút cho thịt thấm đều.', 'Bước 3 - Chiên sườn cốt lết vàng đều, không khô: Bắc chảo lên bếp, cho khoảng hơn 1 muỗng canh dầu ăn. Khi dầu vừa hơi nóng, cho thịt đã ướp vào chiên. Khi thịt vừa săn một mặt, nhanh chóng trở bề. Liên tục trở thịt để thịt chín đều, vàng đẹp mà không bị cứng. Chiên đến khi gia vị trong chảo rút hết vào thịt, thịt vàng đều và thơm. Đảo thêm vài vòng nữa là có thể tắt bếp.', 'Bước 4 - Thành phẩm: Khi thịt đã chín vàng và thơm lừng, cho một ít hành lá đã cắt nhỏ vào chảo. Đảo đều cho hành lá vừa chín tới rồi tắt bếp. Hành lá sẽ giúp món thịt chiên thêm phần hấp dẫn và thơm ngon, đồng thời tạo thành mỡ hành ngay trong chảo. Thịt chiên lúc này mềm mại, thơm nức mũi, không hề bị khô cứng, vị vừa ăn.']","['Xem chi tiết:Thịt sườn cốt lết là gì, bao nhiêu calo? Cách chọn mua thịt sườn cốt lết', 'Giới thiệuDao chặt inox Delites CF7297, trợ thủ đắc lực cho mọi gian bếp, giúp bạn sơ chế thịt dễ dàng, nhanh chóng.Vớidao Delites, việc dần thịt hay chặt xương trở nên nhẹ nhàng hơn bao giờ hết nhờ lưỡi dao sắc bén và độ bền vượt trội.Thiết kế cán cầm chắc chắn, chống trượt, đảm bảo an toàn tối đa cho người sử dụng trong quá trình chế biến.Chất liệu inox cao cấp không gỉ sét, dễ dàng vệ sinh, giữ cho dao luôn sáng bóng và hợp vệ sinh.Dao chặt inox Delites CF7297190.000₫220.000₫-13%Xem chi tiết', 'Dần thịt giúp thịt mềm hơn, mau thấm gia vị và không bị khô cứng khi chiên.', 'Không cho quá nhiều dầu vì thịt nạc dễ bị khô cứng khi chiên ngập dầu. Chỉ cần lượng dầu vừa đủ là được.', 'Xem thêm:2 cách làm sườn cốt lết rim nước tương (xì dầu) và mắm sả ngon đậm đà2 cách làm sườn cốt lết nướng bằng nồi chiên không dầu ngon hấp dẫnCách làm sườn cốt lết sốt teriyaki mềm ngon đậm đà đưa cơm']",,dienmayxanh.com
https://www.dienmayxanh.com/vao-bep/cach-uop-ca-chien-gion-rum-nhu-da-heo-quay-ma-ben-trong-van-23443,Món Chiên,Cách ướp cá chiên giòn rụm như da heo quay mà bên trong vẫn mọng nước,"Bạn đang tìm cách ướp cá chiên giòn để da cá vàng ươm, giòn rụm như cốm? Đừng lo! Cùngvào bếpvới mẹo hay này, bạn sẽ có ngay món cá chiên giòn tan, thơm lừng, đảm bảo cả nhà mê tít vớimón chiênhấp dẫn này!",,15 phút + 20 phút,Cho 2-3 người,,4,"['Cá diêu hồng - 1 con ((khoảng 400 gr sau làm sạch))', 'Bột chiên giòn - 1 muỗng canh ((hoặc bột mì đa dụng))', 'Gia vị - 1 ít ((đường/nước mắm/bột ngọt))', 'Nước cốt chanh - 2 muỗng canh']","['Bước 1 - Sơ chế cá và khứa cá để tăng độ giòn: Cá diêu hồng sau khi mua về, bạn làm sạch vảy, bỏ mang, ruột. Dùng dao khứa những đường chéo sâu xuống phần thịt cá theo hình caro trên cả hai mặt cá. Điều này giúp cá nhanh chín và tăng thêm độ giòn khi chiên. Sau đó, dùng khăn giấy ăn lau thật khô toàn bộ phần nước trên thân cá, cả bên trong bụng cá, để tránh văng dầu khi chiên và giúp da cá giòn hơn.', 'Bước 2 - Bí quyết ướp cá chiên giòn da: Để có lớp da cá phồng giòn như cốm, bạn dùng 1/2 muỗng canh nước cốt chanh tươi thoa đều khắp bề mặt da cá. Vừa thoa vừa vắt nhẹ nhàng. Sau khi thoa xong, để cá khô tự nhiên khoảng 2 phút cho nước chanh ngấm vào da cá, bạn sẽ thấy da cá hơi dảnh lên một chút. Để cá tăng thêm độ giòn ngon, bạn dùng khoảng 1 muỗng canh bột chiên giòn (hoặc bột mì đa dụng) thoa đều khắp bề mặt da cá. Đảm bảo bột phủ đều một lớp mỏng nhẹ.', 'Bước 3 - Chuẩn bị chảo và dầu chiên cá: Đặt chảo lên bếp, mở lửa lớn cho chảo thật nóng đến khi có khói bốc lên. Điều này giúp cá không bị dính chảo. Sau đó, cho dầu ăn vào chảo, lượng dầu đủ ngập khoảng nửa con cá là được. Để dầu không bị nổ văng và cá không dính chảo, bạn cho vào dầu nóng một ít bột chiên giòn (hoặc bột bắp, bột mì mịn), dùng đũa khuấy đều cho bột tan. Đợi dầu nóng sôi và phần bột chuyển sang màu vàng cam.', 'Bước 4 - Cách chiên cá giòn đều, nhanh chín: Khi dầu đã đạt độ nóng và bột chuyển màu, nhẹ nhàng đặt cá vào chảo. Chiên cá với mức lửa trung bình hoặc lớn hơn trung bình một chút. Trong lúc chiên, dùng muỗng múc dầu nóng rưới đều lên phần mặt cá phía trên để cá nhanh giòn. Khi mặt dưới vừa săn lại và có độ giòn nhẹ, lật cá lại. Cứ thế lật qua lật lại cho cá chín vàng đều và giòn rụm. Khi thấy da cá nổi cốm lên y như da heo và thịt cá có độ chín vàng thì lật mặt bụng chiên thêm một chút nữa.', 'Bước 5 - Pha nước mắm chua ngọt chuẩn vị: Trong lúc chờ cá chín, bạn tiến hành pha nước mắm chua ngọt. Cho 3 muỗng canh đường và 2 muỗng canh nước vào chén, khuấy đều cho đường tan khoảng 50%. Sau đó, thêm 3 muỗng canh nước mắm, một tí xíu bột ngọt (tùy thích) và 1 muỗng canh nước cốt chanh tươi. Khuấy đều và nếm thử, nếu thấy hơi mặn có thể thêm 1 muỗng canh nước nữa. Nước mắm pha xong có vị chua, cay, mặn, ngọt hài hòa.', 'Bước 6 - Thành phẩm: Cá chiên giòn đã hoàn thành! Lớp da cá bên ngoài giòn rụm, phồng cốm đẹp mắt, bên trong thịt cá vẫn giữ được độ ngọt thơm tự nhiên. Món này ăn kèm với cơm trắng, rau xanh như xà lách, dưa leo, rau thơm hoặc bún tươi và chấm cùng nước mắm chua ngọt thì còn gì bằng!']","['Xem chi tiết:Cá diêu hồng là gì? Cá diêu hồng bao nhiêu 1kg, cách chọn mua, làm gì ngon', 'Để có món cá chiên giòn rụm, một chiếc chảo chất lượng là không thể thiếu.Chảo inox sâu chống dính đáy từ 26 cm Elmich Trimax XS EL 3753sẽ là trợ thủ đắc lực cho bạn.Chảo Elmichnổi bật với công nghệ chống dính cao cấp, giúp cá không bị dính chảo và dễ dàng lật trở, đảm bảo món chiên luôn hoàn hảo.Thiết kế đáy từ giúp chảo tương thích với mọi loại bếp, từ bếp gas đến bếp từ, truyền nhiệt nhanh và đều, tiết kiệm thời gian nấu nướng.Chất liệu inox cao cấp bền bỉ, dễ dàng vệ sinh sau khi sử dụng, mang lại sự tiện lợi tối đa cho công việc nội trợ hàng ngày.Chảo inox sâu chống dính đáy từ Elmich Trimax XS EL 3753450.000₫810.000₫-44%Xem chi tiết', 'Hôm nay chúng ta chiên cá tươi để ăn kèm nước mắm chua ngọt nên không cần ướp gia vị mặn vào cá. Điều này giúp giữ trọn hương vị ngọt tự nhiên của cá tươi.', 'Nước mắm pha bằng nước cốt chanh sẽ rất thơm ngon nhưng không để được lâu. Nếu bảo quản trong ngăn mát tủ lạnh, bạn có thể dùng trong khoảng một tuần (không cho tỏi ớt vào trước).', 'Xem chi tiết:Cách làm nước mắm xoài chấm cá chiên ngon hết sảy', 'Xem thêm:Mẹo những cách chiên cá không bị bắn dầu mà bạn nên biếtCách làm cá chiên giòn chấm sốt mắm Thái chua cay bùng nổ vị giácCách làm vảy cá chiên giòn rụm, lạ miệng và đơn giản']",,dienmayxanh.com
https://www.dienmayxanh.com/vao-bep/cach-lam-muc-trung-chien-nuoc-mam-dam-da-huong-vi-thom-ngon-23421,Món Chiên,Cách làm mực trứng chiên nước mắm đậm đà hương vị thơm ngon với chảo nhôm,"Bạn đang tìm công thức mực trứng chiên nước mắm giòn ngon, đậm đà? Hãy cùng tôivào bếpkhám phá cách làm món ăn hải sản hấp dẫn này. Với bí quyết sơ chế mực và pha nước sốt độc đáo, bạn sẽ dễ dàng thực hiệnmón chiênnày thành công ngay lần đầu, mang lại bữa cơm tròn vị cho gia đình!",,30 phút,Cho 3 - 4 người,,7,"['Mực trứng - 500 gr', 'Tỏi - 2 tép', 'Hành tím - 4 củ', 'Ớt sừng - 1 trái', 'Hành lá - 1 ít', 'Giấm - 2 muỗng canh ((để sơ chế))', 'Gia vị thông dụng - 1 ít ((nước mắm/ đường/ tương ớt/ dầu hào/ hạt nêm/ nước lọc/ dầu ăn/ dầu điều))']","['Bước 1 - Sơ chế mực trứng tươi ngon: Đầu tiên, bạn rửa sạch 500gr mực trứng dưới vòi nước. Sau đó, nấu sôi một nồi nước, đập dập 4 củ hành tím cho vào để nước thơm hơn. Tiếp theo, thêm 2 muỗng canh giấm vào nồi nước sôi. Giấm sẽ giúp khử mùi tanh hiệu quả cho mực. Cho toàn bộ mực vào nồi, trần sơ trong khoảng 30 giây. Lưu ý không trần quá lâu để mực không bị dai và mất đi độ ngọt tự nhiên. Vớt mực ra ngay và cho vào tô nước đá lạnh đã chuẩn bị sẵn. Ngâm mực trong nước đá khoảng 20 phút để mực săn chắc và giòn hơn. Đây là một mẹo nhỏ giúp món mực trứng chiên nước mắm của bạn thêm phần hấp dẫn. Sau 20 phút, vớt mực ra rổ và để ráo hoàn toàn trước khi chiên.', 'Bước 2 - Sơ chế các nguyên liệu khác: 2 tép tỏi bóc vỏ, băm nhỏ (không cần quá nhuyễn). Hành lá cắt riêng phần đầu hành và phần lá. Phần đầu hành sẽ dùng để phi thơm, phần lá cắt nhỏ để trang trí sau cùng. 1 trái ớt sừng cắt thành từng khoanh tròn. Nếu thích ăn cay, bạn có thể thay bằng ớt hiểm.', 'Bước 3 - Pha nước sốt mắm đậm đà: Cho vào chén: 2 muỗng canh nước mắm, 1 muỗng canh đường, 1 muỗng canh tương ớt, 1/2 muỗng canh dầu hào (có thể thay bằng nước tương nếu không có), 1 muỗng nhỏ hạt nêm và 2 muỗng canh nước lọc. Khuấy đều hỗn hợp cho đến khi đường tan hoàn toàn và các gia vị hòa quyện vào nhau.', 'Bước 4 - Chiên sơ mực trứng: Đặt chảo lên bếp, cho một lượng dầu ăn tương đối nhiều vào. Đun nóng dầu. Khi dầu đã nóng (có thể thử bằng cách nhúng đầu đũa vào thấy sủi tăm), hạ nhỏ lửa rồi nhẹ nhàng cho mực trứng đã ráo nước vào chiên. Chiên mực ở lửa nhỏ để tránh bị bắn dầu. Chiên mực khoảng 3 phút để thịt mực săn chắc và phần trứng bên trong được chín đều. Nếu bạn không muốn ăn quá nhiều dầu mỡ, có thể bỏ qua bước này hoặc chiên nhanh hơn. Vớt mực ra rổ có lót giấy thấm dầu để loại bỏ bớt dầu thừa.', 'Bước 5 - Chiên mực với nước mắm: Sử dụng một chiếc chảo sạch, cho 1 muỗng canh dầu điều vào (dầu điều sẽ giúp món ăn có màu sắc đẹp mắt hơn). Khi dầu nóng, cho phần đầu hành và tỏi băm vào phi thơm vàng. Đổ chén nước sốt đã pha ở Bước 3 vào chảo. Đun sôi và khuấy đều cho đến khi nước sốt sánh sệt lại. Cho toàn bộ mực trứng đã chiên sơ vào chảo. Hạ nhỏ lửa và đảo đều tay để mực thấm đẫm gia vị. Khi nước sốt đã bám đều và sệt lại quanh mực, cho ớt cắt khoanh và hành lá cắt nhỏ vào, đảo thêm vài giây rồi tắt bếp.', 'Bước 6 - Thành phẩm: Món mực trứng chiên nước mắm thơm lừng, hấp dẫn đã hoàn thành!']","['Để thực hiện món mực trứng chiên nước mắm thơm ngon, việc sử dụng một chiếc chảo chất lượng là không thể thiếu.Chảo nhôm sâu chống dính vân đá đáy từ 28 cm Delites LY-DSCP1828sẽ là trợ thủ đắc lực giúp bạn chế biến món ăn này dễ dàng và hoàn hảo hơn.Chảo Delitesđược làm từ chất liệu nhôm cao cấp, phủ lớp chống dính vân đá bền bỉ. Điều này giúp mực không bị dính chảo khi chiên, dễ dàng lật trở và giữ nguyên hình dáng đẹp mắt.Thiết kế lòng chảo sâu giúp hạn chế bắn dầu mỡ ra ngoài khi chiên mực, đảm bảo an toàn và vệ sinh. Đường kính 28cm lý tưởng cho việc chế biến lượng mực vừa phải cho gia đình.Đáy chảo được trang bị công nghệ từ tính, tương thích với mọi loại bếp, từ bếp gas, bếp hồng ngoại đến bếp từ. Nhiệt được phân bổ đều, giúp mực chín vàng đều và nhanh chóng.Chảo nhôm sâu chống dính vân đá đáy từ Delites LY-DSCP1828Hết hàng tạm thời210.000₫350.000₫-40%Xem đặc điểm nổi bậtChảo Delitesvới màu xanh nổi bật, có thiết kế miệng rót dầu tiện lợi, lòng chảo sâu vớiđường kính 28 cmcó thể xào nấu được lượng lớn thức ăn.Thànhchảodày1.613mm\xa0làm từchất liệu nhôm cao cấp, truyền nhiệt tốt giúp chiên, xào thức ăn nhanh chóng, có khả năng chịu được nhiệt độ lên đến 180°C.Bên trong lòng chảo được phủchống dính Dyflon\xa0an toàn cho sức khỏe, không giải phóng chất PFOA gây ung thư, bên ngoài phủ sơn chống bám bẩn giúp dễ dàng vệ sinh.Cán chảo được làm từnhựa Bakelite phủ vân gỗ cách nhiệt, không gây bỏng, đảm bảo an toàn khi sử dụng.\xa0Phần đuôi cán có móc treo giúp cất giữ gọn gàng.Sản phẩmchảo chống dínhcó đáy bằng inox 410 nêndùng được với cả bếp ga, bếp hồng ngoại, bếp từ.Chảo nhôm sâu chống dính vân đá đáy từ 28 cm Delites LY-DSCP1828củathương hiệu Delites- Việt Nam, sản xuất tại Trung Quốc.Xem chi tiết', 'Xem thêm:Cách làm mực xào cay phong cách Hàn Quốc với chảo sâu lòng ăn cùng cơm nóngCách làm mực hấp Thái chua ngọt thơm phức bằng nồi lẩu hấpCách làm mực hấp lá lốt giòn ngọt siêu ngon siêu lạ miệng cho cả nhà']",,dienmayxanh.com
https://www.dienmayxanh.com/vao-bep/cong-thuc-lam-banh-khoai-mi-chien-gion-de-lam-mon-an-vat-ngon-23413,Món Chiên,Công thức làm bánh khoai mì chiên giòn để làm món ăn vặt ngon bất bại,"Bạn đang tìm kiếm một mónăn vặtgiòn rụm, thơm lừng để chiêu đãi cả nhà? Hôm nay, cùng Điện máy XANHvào bếplàmmón bánhkhoai mì chiên giòn tan, bên trong dẻo mềm, cay cay mặn mặn ngọt ngọt cực hấp dẫn. Đảm bảo ai ăn cũng mê!",,15 phút + 20 phút,Cho 1 - 2 người,,4,"['Khoai mì - 300 gr', 'Bột năng - 2 muỗng canh', 'Gia vị thông dụng - 1 ít ((đường/ muối/ bột nêm/ tiêu))', 'Dầu ăn - 1 ít']","['Bước 1 - Sơ chế khoai mì và trộn bột: Khoai mì sau khi bào xong, bạn sẽ vắt thật khô, phần bã sẽ cho ra tô riêng. Phần nước vắt được thì bạn để lắng trong khoảng 15 phút. Sau đó, gạn bỏ nước và lấy phần bột khoai mì đã lắng trộn đều vào 300gr khoai mì bào. Tiếp theo, cho vào 2 muỗng canh bột năng để giúp khoai mì càng thêm dẻo ngon. Trộn đều hỗn hợp. Cho vào hỗn hợp khoai mì: 1 muỗng cà phê bột nêm, 1 muỗng cà phê đường (chỉ nên cho ít đường để tránh bánh dễ bị khét khi chiên), 1/2 muỗng cà phê muối và 1 muỗng cà phê tiêu. Trộn đều tất cả gia vị. Nếu thấy hỗn hợp hơi khô, bạn có thể thêm khoảng 1 muỗng canh nước vào và trộn lại. Để hỗn hợp khoai mì thấm gia vị khoảng 15 phút.', 'Bước 2 - Tạo hình bánh khoai mì chiên: Sau khi khoai mì đã thấm gia vị, bạn bắt đầu vo bánh. Tùy theo sở thích, bạn có thể vo thành viên tròn, viên dài hoặc hình bánh cam.', 'Bước 3 - Chiên bánh khoai mì giòn rụm: Bắc chảo lên bếp, cho lượng dầu ăn đủ ngập bánh khi chiên. Đợi dầu nóng vừa, chỉ sôi li ti thì bắt đầu cho từng viên bánh khoai mì vào. Khi mới cho bánh vào, bạn hãy để lửa nhỏ. Đợi đến khi bột bánh săn lại thì mới tăng lửa lớn. Việc này giúp bánh chín đều từ trong ra ngoài, tránh tình trạng bên ngoài cháy mà bên trong còn sống. Lúc bánh còn mềm, bạn đừng vội sơ hay trở bánh vì dễ làm bánh bị gãy. Khi bột đã ráo và cứng hơn, bạn mới dùng đũa tách các viên bánh dính vào nhau và trở đều các mặt. Sau khi trở bánh, bạn có thể tăng lửa lớn để bánh nhanh vàng và ít ngấm dầu hơn. Nếu muốn bánh có màu sắc đẹp mắt hơn, bạn có thể thêm một ít bột nghệ hoặc màu lá dứa vào hỗn hợp khoai mì ban đầu. Để kiểm tra bánh đã chín chưa, bạn có thể cắt thử một viên. Nếu bên trong không còn bột sống là bánh đã chín. Lúc này, tắt bếp và vớt bánh ra.', 'Bước 4 - Thành phẩm: Bánh khoai mì chiên giòn rụm đã hoàn thành với màu vàng tự nhiên đẹp mắt. Bánh bên ngoài giòn tan, bên trong dẻo thơm, vị cay cay mặn mặn ngọt ngọt rất vừa ăn.']","['Để món bánh khoai mì chiên giòn rụm thêm hoàn hảo, một chiếc chảo chống dính chất lượng là không thể thiếu.Chảo nhôm chống dính đáy từ 24 cm Elmich EL5985BE24chính là lựa chọn lý tưởng cho gian bếp của bạn.Chảo Elmichđược làm từ hợp kim nhôm cao cấp, truyền nhiệt nhanh và đều, giúp bánh chín vàng đẹp mắt. Lớp chống dính bền bỉ giúp bạn chiên rán dễ dàng, không lo bánh bị dính chảo.Đáy từ tương thích mọi loại bếp, mang lại sự tiện lợi tối đa. Tay cầm cách nhiệt chắc chắn, an toàn khi sử dụng và dễ dàng thao tác, góp phần tô điểm cho không gian bếp thêm tinh tế.Chảo nhôm chống dính đáy từ Elmich EL5985BE24240.000₫390.000₫-38%Xem chi tiết', 'Tiêu cay cay sẽ làm món bánh khoai mì chiên giòn thêm phần hấp dẫn và đậm đà hơn.', 'Vo bánh nhỏ gọn sẽ giúp bánh mau chín hơn khi chiên và ăn cũng không bị ngán.', 'Không nên để dầu quá nóng ngay từ đầu vì bánh dễ bị bể.', 'Xem thêm:Cách nấu chè khoai mì ngũ sắc bắt mắt, thơm ngon hấp dẫn ai cũng mêCách làm bánh khoai mì nướng không cần đậu xanh, đơn giản nhanh chóngCách làm bánh nếp khoai mì hấp nước cốt dừa thơm ngon béo dẻo']",,dienmayxanh.com
https://www.dienmayxanh.com/vao-bep/cach-lam-ca-cam-chien-vang-gion-thom-ngon-chi-voi-2-buoc-thuc-10961,Món Chiên,"Cách làm cá cam chiên vàng giòn, thơm ngon chỉ với 2 bước thực hiện","Cá cam chiên vàng giòn làmón chiênđầy đủ chất dinh dưỡng, lại rất đơn giản, tiện lợi cho hầu hết các bà nội trợ bận rộn nhưng vẫn muốn có bữa cơm đầy đủ chất dinh dưỡng cho gia đình. Cùngvào bếpvới Điện máy XANH thực hiện ngay món ăn đơn giản này nhé!",,10 phút + 20 phút,Cho 4 người,,4,"['Cá cam - 2 lát ((khoảng 500gr))', 'Dầu ăn - 50 ml', 'Bột ngọt - 1 muỗng cà phê', 'Muối - 1 ít']","['Bước 1 - Sơ chế cá cam: Để tiết kiệm thời gian sơ chế, cá cam khi mua bạn nhờ người bán làm sạch cắt lát mỏng khoảng 1 lóng tay giúp luôn nhé! Để khử mùi tanh của cá, khi mua cá về rửa lại với nước sạch, tiếp theo sử dụng 1 ít muối chà xát trực tiếp lên phần thịt cá. Sau đó rửa lại với nước sạch rồi để ráo. Mẹo khử mùi tanh của cá siêu hiệu quả Xem chi tiết:Mẹo khử mùi tanh của cá siêu hiệu quả', 'Để khử mùi tanh cá hiệu quả bạn có thể rửa cá với nước muối pha loãng hoặc rửa cá với rượu trắng.', 'Ngoài ra, bạn cũng có thể dùng muối chà xát lên mình cá đẻ loại bỏ nhớt cá hoặc dùng nước cốt chanh hay giấm để khử sạch mùi cá tanh.', 'Bước 2 - Ướp cá: Ướp cá với 1muỗngcà phê bột ngọt và 1/3 muỗng cà phê muối. Để yên trong khoảng 15 - 20 phút cho thịt cá thấm đều gia vị.', 'Bước 3 - Chiên cá: Bắcchảolên bếp, cho 50ml dầu ăn vào chảo đun với lửa lớn, đến khi dầu sôi lăn tăn thì cho cá cam vào chiên khoảng 2 phút thì giảm lửa vừa nhỏ. Trong quá trình chiên trở đều các mặt cho cá vàng đều và không bị cháy khét. Chiên khoảng 10 - 15 phút, cá chín hoàn toàn các mặt, vàng đều và dậy mùi thơm thì tắt bếp rồi cho rađĩathưởng thức. Để cá không bị dính khi chiên thì bạn nên để dầu sôi thật nóng và chiên với lửa lớn khi bỏ cá vào trong khoảng 2 phút đầu.Tránh bị nát cá trong quá trình chiên bạn hạn chế trở mặt cá liên tục, mà nên canh thời gian, cũng như quan sát khi mặt cá chín vàng thì hãy trở mặt cá còn lại', 'Để cá không bị dính khi chiên thì bạn nên để dầu sôi thật nóng và chiên với lửa lớn khi bỏ cá vào trong khoảng 2 phút đầu.', 'Tránh bị nát cá trong quá trình chiên bạn hạn chế trở mặt cá liên tục, mà nên canh thời gian, cũng như quan sát khi mặt cá chín vàng thì hãy trở mặt cá còn lại', 'Bước 4 - Thành phẩm: Cá cam chiên vàng đều cực bắt mắt, ăn vào thịt cá mềm, có 1 chút giòn nhẹ, kèm theo mùi thơm đặc trưng rất thích miệng. Ăn kèm với mắm cay hoặc mắm me thì còn gì bằng nữa.']","['Xem thêm:Cá cam làm gì ngon? Tổng hợp 11 món ngon từ cá cam dễ làm ngon miệng', 'Mẹo khử mùi tanh của cá siêu hiệu quảĐể khử mùi tanh cá hiệu quả bạn có thể rửa cá với nước muối pha loãng hoặc rửa cá với rượu trắng.Ngoài ra, bạn cũng có thể dùng muối chà xát lên mình cá đẻ loại bỏ nhớt cá hoặc dùng nước cốt chanh hay giấm để khử sạch mùi cá tanh.Xem chi tiết:Mẹo khử mùi tanh của cá siêu hiệu quả', 'Để cá không bị dính khi chiên thì bạn nên để dầu sôi thật nóng và chiên với lửa lớn khi bỏ cá vào trong khoảng 2 phút đầu.Tránh bị nát cá trong quá trình chiên bạn hạn chế trở mặt cá liên tục, mà nên canh thời gian, cũng như quan sát khi mặt cá chín vàng thì hãy trở mặt cá còn lại', 'Xem thêm:2 cách làm cá cam chiên giòn rụm đậm đà cho bữa cơm gia đìnhCách làm cá cam sốt cà chua thơm ngon đậm đà cho bữa cơmCách làm cá cam nướng muối ớt đậm đà thơm ngon dễ làm tại nhà']",,dienmayxanh.com
https://www.dienmayxanh.com/vao-bep/cach-uop-thit-vit-nuong-tai-nha-thom-ngon-chuan-vi-hang-quan-23544,Món Nướng,Cách ướp thịt vịt nướng tại nhà thơm ngon chuẩn vị hàng quán,"Bạn đang tìm cách ướp thịt vịt nướng tại nhà sao cho ngon chuẩn vị, da giòn rụm và thịt mềm mọng? Đừng lo lắng! Với mẹovào bếpnày, bạn sẽ có ngay công thức ướp vịt nướng đậm đà, khử mùi hôi vịt hiệu quả, mang đếnmón nướngtuyệt hảo cho gia đình.",,30 phút + 2 giờ,Cho 4-6 người,,18,"['Vịt - 1 con ((khoảng 2 kg))', 'Tương ớt - 4 muỗng canh', 'Dầu hào - 1 muỗng canh', 'Nước mắm - 4 muỗng canh', 'Nước tương - 2 muỗng canh', 'Dầu ăn - 1 muỗng canh', 'Dầu điều - 1 muỗng canh', 'Mật ong - 2 muỗng cà phê', 'Bột nêm gà - 1 muỗng cà phê', 'Bột ớt - 2 muỗng canh', 'Tiêu xay - 1 muỗng cà phê', 'Gừng - 28 gr', 'Tỏi - 12 gr', 'Hành tím - 2 củ', 'Chanh - 1/2 trái', 'Rượu trắng - 3 muỗng canh', 'Dầu mè - 1 muỗng cà phê', 'Gia vị thông dụng - 1 ít ((Đường/muối/bột ngọt))']","['Bước 1 - Sơ chế vịt và khử mùi hôi vịt hiệu quả: Đầu tiên, bạn cắt bỏ phần phao câu và cục mỡ thừa. Rửa vịt dưới vòi nước sạch. Nếu bạn có ý định ướp vịt lâu (trên 2 tiếng), hãy rửa bằng nước lạnh để vịt không bị hư. Còn nếu chỉ ướp 1-2 tiếng, bạn có thể dùng nước nóng để rửa. Tiếp theo, bạn giã dập một củ gừng nhỏ (khoảng 8gr), trộn với 3 muỗng canh rượu trắng (hoặc rượu nấu ăn). Dùng hỗn hợp này chà xát thật kỹ lên khắp mình vịt, cả trong lẫn ngoài, đặc biệt là phần da để khử mùi hôi vịt. Để khoảng 5 phút rồi rửa sạch lại nhiều lần dưới vòi nước. Dùng dao rạch một đường dọc sống lưng vịt, lấy hết phần phổi và máu đỏ bên trong ra, rửa sạch lại lần nữa cho hết tanh. Dùng khăn giấy thấm khô hoàn toàn nước trên da vịt. Sau đó, bạn vắt 1/2 trái chanh thoa đều lên da vịt, để khoảng 10 phút cho da se lại và khô ráo. Sau đó đổ bỏ phần nước chanh này đi.', 'Bước 2 - Chuẩn bị gia vị ướp thịt vịt nướng đậm đà: Bạn cho vào chén gồm 3 muỗng canh tương ớt, 3 muỗng canh nước mắm, 1 muỗng canh đường, 1 muỗng canh dầu điều, 1 muỗng cà phê bột ngọt, 1 muỗng cà phê bột nêm gà, 2 muỗng canh bột ớt (tùy chỉnh độ cay), 1 muỗng cà phê tiêu xay. Tiếp theo, bạn giã nhuyễn 20 gr gừng và 10 gr tỏi rồi cho vào chén gia vị. Trộn đều tất cả lên để có một hỗn hợp gia vị ướp vịt nướng sánh mịn.', 'Bước 3 - Ướp thịt vịt nướng thấm đều gia vị: Khi da vịt đã khô sau 10 phút thoa chanh, bạn lấy 2/3 hỗn hợp gia vị đã pha ở Bước 2 thoa đều khắp mình vịt, cả mặt trong và mặt ngoài. Nhớ chừa lại 1/3 gia vị để làm nước sốt chấm nhé. Để gia vị thấm sâu và nhanh hơn, bạn có thể dùng dao nhọn xăm nhẹ nhiều lỗ trên mình vịt. Lật vịt lại, để phần da lên trên và ướp ít nhất 1 tiếng. Nếu có thời gian, hãy ướp 2-3 tiếng hoặc cho vào tủ lạnh ướp qua đêm để vịt thật thấm, thịt sẽ ngon hơn rất nhiều.', 'Bước 4 - Nướng vịt lần 1 trong lò nướng: Làm nóng lò nướng ở 200 độ C (392 độ F), bật cả lửa trên và lửa dưới. Khi lò đủ nhiệt, bạn lấy vịt ra khỏi thau ướp, dùng tay khều loại bỏ hết những miếng gừng, tỏi bám trên mình vịt để tránh bị cháy khi nướng. Đặt vịt lên vỉ nướng, bên dưới có khay hứng mỡ. Đặt phần da vịt úp xuống dưới. Dùng tay ấn nhẹ cho vịt thẳng ra, tránh những chỗ lồi lên sẽ dễ bị cháy. Cho vịt vào lò, đặt ở tầng thứ hai tính từ dưới lên (hoặc tầng thứ ba tính từ trên xuống). Nếu lò nhỏ, bạn có thể đặt sát xuống dưới. Nướng vịt trong khoảng 40-45 phút ở 200 độ C. Cách nướng này giúp mỡ vịt chảy ra bớt, không bị ngấy.', 'Bước 5 - Pha chế nước chấm vịt nướng cay ngọt: Trong lúc chờ vịt nướng, chúng ta sẽ làm nước chấm nhé. Phi thơm 2 củ hành tím nhỏ và 1 tép tỏi băm với 1 muỗng canh dầu ăn trên lửa vừa cho đến khi vàng nâu. Cho phần gia vị ướp còn lại (1/3 đã chừa từ Bước 3) vào nồi, hạ nhỏ lửa và xào lên cho thơm. Tắt bếp, cho tiếp 1 muỗng canh dầu hào, 1 muỗng canh nước tương, 1 muỗng canh nước mắm, 1 muỗng canh tương ớt và 1 muỗng canh đường vào. Bật bếp lại, nấu sôi hỗn hợp. Sau đó cho thêm 2 muỗng canh nước lọc, nấu sôi lại rồi nếm thử và điều chỉnh gia vị cho vừa khẩu vị gia đình. Nước sốt này sẽ có vị cay cay, mặn mặn, ngọt ngọt và hơi chua nhẹ. Nấu cho đến khi sốt sệt lại là được.', 'Bước 6 - Nướng vịt lần 2 và quét mật ong cho da giòn: Sau 40-45 phút nướng lần 1, cẩn thận lật vịt lại, để phần da lên trên. Nhớ giữ nóng lò nhé. Tiếp tục khều bỏ những miếng gừng, tỏi còn sót lại trên mình vịt để tránh bị cháy. Cho vịt vào lò và nướng thêm 20-25 phút nữa ở 200 độ C. Trong khi đó, bạn chuẩn bị hỗn hợp quét da gồm: 2 muỗng cà phê mật ong, 1 muỗng cà phê nước tương và 1 muỗng canh nước nóng. Khuấy đều cho mật ong tan hết. Sau khi nướng được 10 phút ở lần 2, bạn lấy vịt ra và dùng cọ quét đều hỗn hợp mật ong lên khắp mình vịt. Tiếp tục nướng cho đến khi da vịt chuyển màu nâu vàng óng ả, giòn rụm theo ý muốn là được. Bạn có thể kiểm tra thường xuyên để tránh bị cháy.', 'Bước 7 - Thành phẩm: Vịt nướng chín vàng đều, thơm lừng khắp nhà! Lấy vịt ra, để nguội bớt rồi chặt hoặc xé miếng vừa ăn. Món vịt nướng này ăn kèm với rau răm và chấm cùng nước sốt chua cay mặn ngọt vừa pha thì ngon bá cháy luôn!']","['Xem chi tiết:Cách chọn vịt ngon, dày thịt, không chất tăng trọng và sơ chế vịt không hôi', 'Để món vịt nướng thêm phần hoàn hảo, việc sở hữu một chiếc lò nướng chất lượng là điều không thể thiếu.Lò nướng Electrolux EOT4022XFG 40 lítsẽ là trợ thủ đắc lực giúp bạn chế biến món ăn ngon chuẩn vị.Vớilò nướng Electrolux, bạn có thể dễ dàng kiểm soát nhiệt độ và thời gian, đảm bảo vịt chín đều từ trong ra ngoài, da giòn rụm mà thịt vẫn mềm mọng.Dung tích 40 lít của lò phù hợp cho gia đình, giúp bạn nướng nguyên con vịt 2kg một cách thoải mái. Chức năng nướng lửa trên và dưới cùng lúc đảm bảo nhiệt độ ổn định, cho món ăn thơm ngon chuẩn nhà hàng.Thiết kế hiện đại, dễ sử dụng cùng chất liệu bền bỉ, lò nướng Electrolux EOT4022XFG 40 lít không chỉ mang lại hiệu quả nấu nướng vượt trội mà còn tô điểm thêm vẻ sang trọng cho căn bếp của bạn.Trả chậm 0% trả trước 0đLò nướng thùng Electrolux 2250W EOT4022XFG 40 lít3.410.000₫3.520.000₫Xem chi tiết', 'Nhớ cạo sạch lông tơ còn sót lại trên da vịt nhé, nếu không vịt sẽ bị hôi lông đó.', 'Dầu điều giúp vịt lên màu đẹp hơn, nhưng nếu không có, bạn có thể dùng dầu ăn thay thế.', 'Để nước chấm thơm hơn, bạn có thể cho thêm 1 muỗng cà phê dầu mè.', 'Xem thêm:Cách ướp vịt nướng chao thơm ngon, hấp dẫn khó cưỡngCách làm vịt nướng riềng sả bằng nồi chiên không dầu da giòn thịt mềm mọngHướng dẫn 3 cách thực hiện món vịt nướng mật ong dễ làm tại nhà']",,dienmayxanh.com
https://www.dienmayxanh.com/vao-bep/cach-lam-banh-uot-cuon-thit-nuong-hoi-an-chuan-vi-ngon-don-13899,Món Nướng,Cách làm bánh ướt cuốn thịt nướng Hội An chuẩn vị ngon đơn giản,"Hôm nay hãy mang hương vị Hội An về với gian bếp gia đình với bánh ướt cuốn thịt nướng siêu ngon, chuẩn vị với các bước đơn giản, ai cũng làm được. Cùngvào bếpvà thực hiện ngaymón cuốnđặc sản hấp dẫn này nhé!",,20 phút + 50 phút,Cho 4 người,,22,"['Thịt bò - 2 kg', 'Bột gạo - 400 gr', 'Bột năng - 200 gr', 'Tinh bột khoai - 200 gr', 'Tỏi - 1 củ', 'Sả - 6 nhánh', 'Hành lá - 4 nhánh', 'Hành tím - 5 củ', 'Rau thơm - 1 ít', 'Mè rang - 1 muỗng canh', 'Mật ong - 1 muỗng canh', 'Bơ đậu phộng - 1 muỗng canh', 'Mắm ruốc - 1 muỗng canh', 'Ớt khô - 2 muỗng cà phê', 'Ớt bột - 1 muỗng cà phê', 'Nước cốt chanh - 1/4 chén ((chén cơm))', 'Giấm táo - 2 muỗng canh', 'Dầu mè - 1/2 muỗng cà phê', 'Dầu ăn - 80 ml', 'Nước mắm - 4 muỗng canh', 'Nước tương - 2 muỗng canh', 'Gia vị thông dụng - 1 ít ((tiêu xay/ muối/ đường))']","['Bước 1 - Sơ chế nguyên liệu: Sả cây bạn rửa sạch, lột hết lớp vỏ bên ngoài để qua 1 bên để xíu dùng để nướng, phần lõi bên trong bạn dùng dao băm nhỏ. Hành lá bạn bỏ rễ, rửa sạch cắt nhỏ phần lá, phần gốc bạn đem đi băm nhuyễn. Tỏi và hành tím bạn lột vỏ rửa sạch và băm nhuyễn. Để khử đi mùi hôi của thịt bò, sau khi mua về bạn rửa sơ qua với nước sau đó dùng muối chà xát xung quanh thịt, rửa lại lần nữa với nước sạch, cắt thành các lát mỏng vừa ăn và để ráo. Tiếp theo bạn cho thịt bò đã ráo nước vào tô lớn 2 muỗng canh nước mắm, 2 muỗng canh nước tương, 1 muỗng cà phê tiêu xay, 1/2 muỗng cà phê dầu mè, 2 muỗng canh giấm táo, 1 muỗng canh mật ong cùng hành tím, củ hành lá băm nhuyễn, 2/3 số tỏi và sả băm vào. Trộn đều tay cho các nguyên liệu hòa quyện vào nhau. Sau đó, bạn dùng chày hoặc búa đập thịt đập cho thịt mềm rồi cho vào tô chứa nguyên liệu, đảo đều cho nguyên liệu áo đều, rắc thêm khoảng 1/2 muỗng cà phê tiêu xay lên bề mặt. Đậy nắp lại cho vàotủ lạnhbảo quản và và ướp trong khoảng 30 phút cho thịt giữ được độ tươi và thấm đều gia vị. Cách khử mùi hôi thịt bò Xem chi tiết:Cách khử mùi hôi thịt bò hiệu quả', 'Cách 1:Thịt bò mua về bạn rửa sạch, giã dập gừng sau đó chà xát xung quanh và ướp khoảng 3 - 5 phút để khử đi mùi hôi rồi rửa lại với nước sạch.', 'Cách 2:Chần sơ thịt bò trong nước sôi khoảng 2 phút cho thịt bò săn lại, bạn vớt ra, rửa sạch lại với nước.', 'Cách 3:Ngâm thịt bò trong hỗn hợprượu trắngtrong khoảng 15 phút rồi rửa lại với nước, để ráo.', 'Bước 2 - Pha bột làm bánh ướt: Ngâm 400gr bột gạo cùng 1.6 lít nước trong thau cho tới khi bề mặt nước nổi bọt lên, bạn nghiêng nhẹ thau cho nước ngâm bột gạo từ từ chảy ra. Tiếp theo bạn cho hỗn hợp bột gạo đã ngâm còn lại trong thau sau khi đổ bỏ nước vào nồi. Sau đó cho thêm khoảng 1 lít nước lọc bù vào phần nước đã được lấy ra. Khuấy đều, cho tiếp 200gr bột năng, 200gr tinh bột khoai và 1 muỗng cà phê muối vào, trộn đều cho các loại bột đã pha tan trong nước rồi để nghỉ khoảng 30 phút.', 'Bước 3 - Làm bánh ướt: Trước tiên, bạn đặt rế kê nồi inox vào chính giữa chảo điện, cho khoảng 200ml nước vào chảo điện sao cho mực nước không dâng cao quá rế kê nồi inox. Tiếp đó, đặt 1 cái khuôn mâm hình chữ nhật trên rế, bật bếp lên, đun sôi với lửa vừa cho nước trong chảo điện sôi lên và khuôn trong chảo đã nóng. Bạn cho khoảng 50ml dầu ăn ra 1 cái mâm nhỏ khác rồi dùng cọ quét đều dầu ăn lên, lấy vá khuấy đều nồi bột, múc khoảng 2 vá canh bột cho vào khuôn. Tráng đều, đậy nắp lại và hấp trong khoảng 3 phút cho bánh ướt bên trong chín mềm thì bạn lấy khuôn ra cho lên 1 cái khăn đã ngâm qua nước rồi từ từ lấy bánh ướt ra trải chồng các bánh trên 1 bề mặt sạch. Làm tương tự luân phiên đến khi hết bột. Để dễ gỡ bánh ướt ra khuôn bạn có thể cho thêm ít dầu ăn lên trên các mép bánh.Để các miếng bánh ướt khi chồng lên nhau không bị dính bạn nên cho 1 ít dầu ăn giữa các miếng bánh.', 'Để dễ gỡ bánh ướt ra khuôn bạn có thể cho thêm ít dầu ăn lên trên các mép bánh.', 'Để các miếng bánh ướt khi chồng lên nhau không bị dính bạn nên cho 1 ít dầu ăn giữa các miếng bánh.', 'Bước 4 - Nướng thịt: Lót 1 lớp vỏ sả sau đó cho thịt đã ướp đầy vào 2 vỉ nướng. Tiếp đó cho vào lò nướng, nướng trong 5 phút ở nhiệt độ 200 độ C. Lấy vỉ nướng ra, trở mặt, cho lại vào lò nướng, nướng tiếp 5 phút với nhiệt độ 200 độ C cho thịt chín đều, bạn lấy thịt ra cho vào tô, rắc thêm chút lá hành cắt nhỏ và 1 muỗng canh mè rang lên là có thể bắt đầu cuốn rồi!', 'Bước 5 - Làm nước chấm: Bắc chảo lên bếp điện, cho vào chảo 30ml dầu ăn, đun với lửa vừa cho dầu sôi bạn cho 1/3 số tỏi và sả băm còn lại vào. Phi đều cho đến khi tỏi và sả vàng thơm bạn cho hỗn hợp gồm: 1 muỗng canh bơ đậu phộng, 1 muỗng canh mắm ruốc cùng 1 muỗng canh đường, 2 muỗng canh nước mắm và 1/2 chén nước lọc (chén cơm) vào. Nấu với lửa nhỏ khoảng 2 phút cho nước chấm sôi lại thì bạn cho 1 muỗng cà phê ớt bột và 2 muỗng cà phê ớt khô vào. Trộn đều tới khi ớt bột và ớt khô hòa quyện với nhau, bạn cho 1/4 chén nước cốt chanh (chén cơm) rồi đảo đều và tắt bếp điện.', 'Bước 6 - Cuốn bánh: Trước tiên, bạn dùng dao cắt bánh ướt đã nguội thành các miếng hình chữ nhật nhỏ có kích thước bằng nhau với chiều rộng khoảng 3 lóng tay. Tiếp theo bạn để dọc miếng bánh ướt đã cắt sau đó lấy thịt bò đã nướng và rau sống vào để ở đuôi bánh rồi từ từ cuốn bánh ướt lại.', 'Bước 7 - Thành phẩm: Bánh ướt cuốn thịt nướng Hội An sau khi hoàn tất sẽ có lớp vỏ bánh trắng ngần dai mềm được cuộn tròn cùng phần thịt nướng thơm ngon, đậm vị và phần rau thơm dậy xanh mướt dậy mùi đặc trưng. Chấm ăn cùng nước chấm được nấu bùi ngọt, đậm vị, hơi cay cay, chua chua và tỏa hương thơm hấp dẫn của bơ đậu phộng. Ăn vô cùng bắt vị và cuốn hút.']","['Xem chi tiết:Cách chọn mua thịt bò tươi ngon', 'Cách khử mùi hôi thịt bòCách 1:Thịt bò mua về bạn rửa sạch, giã dập gừng sau đó chà xát xung quanh và ướp khoảng 3 - 5 phút để khử đi mùi hôi rồi rửa lại với nước sạch.Cách 2:Chần sơ thịt bò trong nước sôi khoảng 2 phút cho thịt bò săn lại, bạn vớt ra, rửa sạch lại với nước.Cách 3:Ngâm thịt bò trong hỗn hợprượu trắngtrong khoảng 15 phút rồi rửa lại với nước, để ráo.Xem chi tiết:Cách khử mùi hôi thịt bò hiệu quả', 'Để dễ gỡ bánh ướt ra khuôn bạn có thể cho thêm ít dầu ăn lên trên các mép bánh.Để các miếng bánh ướt khi chồng lên nhau không bị dính bạn nên cho 1 ít dầu ăn giữa các miếng bánh.', 'Để thịt nướng thêm bóng đẹp và hấp dẫn, trước mỗi lần cho vào lò nướng bạn dùng cọ quét dầu mè lên trên.', 'Xem thêm:Cách làm bánh ướt thịt nướng bằng chảo tại nhà thơm ngon siêu dễCách làm bánh ướt chả lụa thơm ngon hấp dẫn đơn giản cho bữa sángCách làm bánh ướt lòng gà đậm đà ngày mưa']",,dienmayxanh.com
https://www.dienmayxanh.com/vao-bep/cach-lam-sot-uop-ga-nuong-thom-ngon-tai-nha-tiet-kiem-23536,Món Nướng,Cách làm sốt ướp gà nướng thơm ngon tại nhà tiết kiệm,"Bạn đang tìm công thức sốt ướp gà nướng ngon bá cháy?Vào bếpcùng Điện máy XANH để khám phá bí quyết làm sốt ướp gà nướng nguyên con vàng ươm, đậm đà, thơm lừng chuẩn vị như nhà hàng, đảm bảo ai cũng mê!Món nướngnày sẽ khiến cả nhà trầm trồ.",,15 phút + 15 phút,Cho 1 con gà 1.3 kg (nguyên con),,8,"['Sốt ướp thịt nướng - 2 gói', 'Màu dầu điều - 2 muỗng canh', 'Ớt khô sa tế - 2 muỗng cà phê ((có thể điều chỉnh))', 'Sữa đặc - 2 muỗng canh', 'Sả - 2 cây', 'Muối - 1 muỗng cà phê', 'Bột ngọt - 1 muỗng cà phê', 'Đường - 1 muỗng canh']","['Bước 1 - Sơ chế và trộn nguyên liệu làm sốt ướp gà nướng: Sả cây bạn cũng rửa sạch, bào rồi băm nhuyễn. Trong một thau lớn, cho hết các nguyên liệu làm sốt ướp gà nướng: 2 gói sốt ướp thịt nướng, 2 muỗng canh màu dầu điều, 2 muỗng cà phê ớt khô sa tế, 2 muỗng canh sữa đặc, 1 muỗng canh sả băm nhuyễn, 1 muỗng cà phê muối, 1 muỗng cà phê bột ngọt và 1 muỗng canh đường. Trộn đều tất cả các gia vị này thành một hỗn hợp sốt sánh mịn, màu vàng đẹp mắt.', 'Bước 2 - Ướp gà đậm đà hương vị: Cho con gà đã sơ chế vào thau sốt. Dùng tay thoa đều sốt khắp mình gà, cả bên trong và bên ngoài. Đảm bảo sốt bám đều vào các vết khứa và lỗ xăm để gia vị thấm sâu. Để gà nghỉ và thấm gia vị trong khoảng 3-4 tiếng. Trong thời gian ướp, cứ khoảng 1 tiếng, bạn dùng muỗng rưới đều sốt lên mình gà một lần để gia vị được thấm sâu và đều hơn.', 'Bước 3 - Thành phẩm: Chỉ vài phút, bạn đã có ngay sốt ướp gà nướng sa tế thơm lừng, đậm đà. Gà nướng sa tế nguyên con kết hợp nướng bằng nồi chiên không dầu với lớp da vàng ươm, giòn nhẹ, thịt gà mềm mọng và thấm đẫm hương vị sa tế cay nồng, thơm lừng mùi sả. Món này cực kỳ thích hợp cho những buổi sum họp gia đình hoặc đãi bạn bè, đặc biệt các bé cũng rất thích.']","['Xem chi tiết:Cách chọn mua gà ngon và cách sơ chế gà sạch mà không hôi, đơn giản', 'Nồi chiên không dầu BlueStone AFB-5856 7 lítlà trợ thủ đắc lực giúp bạn chế biến món gà nướng sa tế thơm ngon mà vẫn đảm bảo sức khỏe. Với dung tích lớn, bạn có thể nướng nguyên con gà một cách dễ dàng.Nồi chiên không dầu bluestoneAFB-5856 được trang bị công nghệ Rapid Air tiên tiến, giúp làm chín thực phẩm nhanh chóng và giảm đến 80% lượng dầu mỡ. Món gà nướng của bạn sẽ giòn rụm bên ngoài, mềm ẩm bên trong mà không cần dùng nhiều dầu.Dung tích 7 lít của thiết bị này lý tưởng để nướng nguyên con gà hoặc chuẩn bị các món ăn cho gia đình đông người, đảm bảo mọi thành viên đều được thưởng thức trọn vẹn hương vị.Bảng điều khiển cảm ứng hiện đại cùng các chế độ cài đặt sẵn giúp việc chế biến trở nên đơn giản và tiện lợi hơn bao giờ hết. Bạn có thể dễ dàng điều chỉnh nhiệt độ và thời gian phù hợp với từng món ăn.Nồi chiên không dầu BlueStone AFB-5856 7 lít1.740.000₫2.454.000₫-29%Xem chi tiết', 'Bạn có thể điều chỉnh lượng ớt khô sa tế tùy theo khẩu vị cay của gia đình hoặc bỏ qua nếu có trẻ nhỏ.', 'Ướp gà càng lâu, gia vị càng thấm sâu vào thịt, giúp món gà nướng của bạn càng thơm ngon và đậm đà.', 'Xem thêm:Cách ướp và cách làm chân gà nướng sa tế bằng nồi chiên không dầu đơn giản2 cách làm cánh gà nướng mật ong bằng lò nướng và nồi chiên không dầuCác loại gia vị ướp gà nướng muối ớt lá chanh vàng ruộm bằng nồi chiên']",,dienmayxanh.com
https://www.dienmayxanh.com/vao-bep/cach-uop-ca-nuong-ngon-quen-loi-ve-tai-nha-cuc-don-gian-23531,Món Nướng,Cách ướp cá nướng ngon quên lối về tại nhà cực đơn giản,"Bạn đang tìm cách ướp cá nướng ngon để chiêu đãi gia đình? Đừng lo, vớimẹo vào bếpnày, món cá nướng của bạn sẽ mọng nước, thơm lừng không khói, chuẩn vịmón nướngnhà làm. Cùng khám phá công thức độc đáo này nhé!",,35 phút + 40 phút,Cho 1 con cá rô phi,,9,"['Cá rô phi - 1 con ((khoảng 1.8 kg))', 'Hành tím - 4 củ', 'Tỏi to - 1 củ', 'Sả - 1 bó', 'Chuối xanh - 2 trái', 'Khế chua - 2 trái ((hoặc dứa))', 'Dưa chuột - 3 trái', 'Rau ăn kèm - 1 ít', 'Gia vị thông dụng - 1 ít ((nước mắm/ hạt nêm/ đường/ tương ớt/ giấm/ gừng/ muối/ nước lọc/ tỏi/ ớt))']","['Bước 1 - Sơ chế cá sạch sẽ, thơm ngon: Đầu tiên, bạn rửa cá thật sạch, đặc biệt là phần đen trong ổ bụng (nếu dùng cá rô phi) để loại bỏ mùi tanh. Sau đó, rửa lại cá với giấm và gừng. Lưu ý là sau bước này, bạn không cần rửa lại cá với nước nữa nhé. Sau khi sơ chế, bạn dùng dao khứa cá thành hình quả trám như tôi, không cần khứa quá dày hay quá sâu đâu. Nhớ lật cá lại và khứa cả hai mặt để khi ướp, cá sẽ thấm đều gia vị hơn. Bạn có thể dùng cá rô phi, cá chim, cá lóc, cá chép, hay bất kỳ loại cá nào mình thích.', 'Bước 2 - Pha chế công thức ướp cá nướng thần thánh: Phần gia vị ướp cá không hề cầu kỳ đâu, toàn là những nguyên liệu có sẵn trong bếp nhà mình thôi. Bạn xay nhỏ một củ tỏi to và bốn củ hành tím. Sau đó, cho vào tô 2 thìa nước mắm, 1 thìa hạt nêm, 2 thìa đường và một ít tương ớt (cho nhiều một chút để trộn đều các nguyên liệu, lúc nướng sẽ không quá cay đâu). Trộn đều tất cả lại với nhau.', 'Bước 3 - Ướp cá nướng giấy bạc đậm đà: Bạn thoa đều hỗn hợp gia vị đã trộn lên khắp mình cá, nhớ cho vào kín những phần cá đã khứa. Làm tương tự cho cả hai mặt cá. Phần gia vị còn lại, bạn cho hết vào bụng cá. Ướp cá khoảng 15 đến 20 phút để cá ngấm đều gia vị, như vậy khi ăn sẽ ngon hơn rất nhiều.', 'Bước 4 - Chuẩn bị sả lót nướng cá thơm lừng: Để món cá nướng thơm lừng, không thể thiếu sả. Bạn đập dập sả rồi xé nhỏ ra. Nếu không thích mùi sả, bạn có thể dùng ít hoặc thay bằng một lớp hành tây thái mỏng lót dưới cá cũng được.', 'Bước 5 - Nướng cá không khói với giấy bạc: Chuẩn bị một tấm giấy bạc đủ lớn để bọc kín con cá. Bạn lót một lớp sả xuống dưới, đặt cá lên trên, rồi rải thêm một lớp sả nữa lên mình cá. Sau đó, bọc kín cá lại bằng giấy bạc. Với con cá 1.8kg này, bạn nướng hai lần ở 200°C, mỗi lần 20 phút.', 'Bước 6 - Sơ chế đồ ăn kèm cuốn gỏi: Trong lúc chờ cá nướng lần một, mình tranh thủ chuẩn bị đồ ăn kèm nhé. Chuối chát và khế chua là hai món ăn kèm cực kỳ cuốn, giúp át hẳn mùi tanh của cá. Bạn gọt vỏ chuối xanh, thái mỏng rồi ngâm ngay vào nước muối để chuối không bị thâm đen. Khế chua thì bỏ phần cạnh cho đỡ chát, rồi thái mỏng. Nếu không có khế, bạn có thể thay bằng dứa thái sợi. Ngoài ra, bạn có thể thái thêm một ít dưa chuột và chuẩn bị rau sống.', 'Bước 7 - Hoàn thành nướng cá và pha nước chấm quốc dân: Sau khi nướng lần một xong, bạn lấy cá ra, chọc mấy lỗ trên giấy bạc rồi cho vào nướng tiếp lần hai ở 200°C trong 20 phút nữa là xong. Về nước chấm, bạn có thể pha mắm nêm hoặc mắm gừng tùy thích. Côgn thức nước chấm chua ngọt: 4 phần nước lọc, 1 phần giấm, 1 phần mắm, 1 phần đường. Khuấy đều rồi thêm tỏi ớt băm nhỏ là có ngay chén nước chấm siêu ngon.', 'Bước 8 - Thành phẩm: Cá nướng xong thơm lừng cả gian bếp! Cá nướng kiểu này mọng nước, thấm đẫm gia vị từ trong ra ngoài, ăn kèm với chuối chát, khế chua và rau sống, chấm nước mắm chua ngọt thì đúng là ngon nhức nách luôn.']","['Xem chi tiết:Cá rô phi làm gì ngon? Tổng hợp 19 cách nấu cá rô phi hấp dẫn tại nhà', 'Máy xay sinh tố đa năng Philips HR2223/00là trợ thủ đắc lực cho mọi căn bếp hiện đại, giúp bạn chuẩn bị nguyên liệu nhanh chóng và dễ dàng hơn bao giờ hết.Vớimáy xay sinh tố Philipsnày, việc xay nhuyễn hành, tỏi, sả hay các loại gia vị khác trở nên đơn giản, tiết kiệm thời gian đáng kể cho công đoạn sơ chế.Sản phẩm được trang bị động cơ mạnh mẽ và lưỡi dao sắc bén, đảm bảo xay mịn mọi nguyên liệu từ mềm đến cứng, giữ trọn hương vị tươi ngon.Thiết kế thông minh, dễ dàng tháo lắp và vệ sinh sau khi sử dụng, giúp bạn có thêm thời gian tận hưởng món ăn cùng gia đình.Máy xay đa năng Philips HR2223/00Online giá rẻ quá1.490.000₫1.910.000₫-21%Xem chi tiết', 'Xem chi tiết:Làm thế nào để chế biến cá không bị tanh?', 'Xem chi tiết:Cách làm nước chấm cá nướng bằng máy xay thịt đa năng thơm ngon bất bại', 'Xem thêm:2 cách làm cá nướng pa pỉnh tộp mới lạ thơm ngon đậm vị Tây Bắc5 cách làm cá nướng bằng nồi chiên không dầu mềm ngon thơm lừng dễ làmCá nướng giấy bạc bằng nồi chiên không dầu, lò nướng hay lò vi sóng ngon?']",,dienmayxanh.com
https://www.dienmayxanh.com/vao-bep/cach-lam-sot-uop-ca-nuong-khong-bi-kho-thom-ngon-hap-dan-23525,Món Nướng,Cách làm sốt ướp cá nướng không bị khô thơm ngon hấp dẫn,"Bạn đang tìm kiếm công thức sốt ướp cá nướng chuẩn vị để món cá nướng thêm đậm đà? Đừng lo! Với mẹovào bếpnày, bạn sẽ tự tay làm sốt ướp cá nướng sa tế cực ngon, biếnmón nướngtại nhà thành đặc sản. Cùng vào bếp ngay nhé!",,20 phút + 20 phút,Cho 255gr ớt sừng không cay,,9,"['Ớt sừng không cay - 255 gr ((cắt muối cau))', 'Tỏi củ - 255 gr ((cắt muối cau))', 'Hành tây - 255 gr ((cắt muối cau))', 'Sả cây - 255 gr ((bào/cắt nhỏ))', 'Cà ri khô - 2 gói', 'Dầu hào Maggi - 400 gr', 'Đường - 100 gr', 'Bột ngọt - 50 gr', 'Dầu ăn - 200 ml']","['Bước 1 - Sơ chế nguyên liệu làm sốt ướp cá nướng: Ớt sừng, tỏi củ và hành tây bạn mang đi rửa sạch, sau đó cắt thành các miếng muối cau để dễ xay hơn. Sả cây bạn cũng rửa sạch, bào hoặc cắt nhỏ. Chuẩn bị sẵn 2 gói cà ri khô.', 'Bước 2 - Cân đong gia vị chuẩn xác: Dùng cân điện tử để cân chính xác 400 gr dầu hào Maggi. Tiếp theo, cân 100 gr đường và 50 gr bột ngọt. Việc cân đong đúng định lượng là bí quyết ướp cá ngon, giúp sốt không bị cháy khét khi nướng.', 'Bước 3 - Xay hỗn hợp sốt lần 1: Cho dầu hào Maggi đã cân, 2 gói cà ri khô, 200 ml dầu ăn, hành tây và tỏi vào cối xay sinh tố. Bật máy xay và xay nhuyễn hỗn hợp này. Nếu cối xay của bạn nhỏ, hãy chia nguyên liệu thành hai lần xay để máy hoạt động hiệu quả hơn.', 'Bước 4 - Xay hỗn hợp sốt lần 2 và hoàn thiện: Sau khi hỗn hợp lần 1 đã nhuyễn, tiếp tục cho ớt sừng không cay và sả đã sơ chế vào cối. Xay nhuyễn mịn tất cả các nguyên liệu còn lại cho đến khi hỗn hợp đồng nhất. Đổ toàn bộ sốt đã xay ra một thố lớn. Cho đường và bột ngọt đã cân vào, trộn đều cho các gia vị tan hết và hòa quyện vào sốt.', 'Bước 5 - Thành phẩm: Bạn đã có ngay sốt ướp nướng sa tế thơm lừng, đậm đà, chuẩn vị để làm món cá nướng tại nhà. Để ướp cá (như cá diêu hồng nướng, cá lóc nướng), bạn chỉ cần dùng khoảng một vá sốt này (khoảng 100-150 gr) cho mỗi con cá tầm 1-1.2 kg. Bạn có thể trộn thêm sa tế ớt (nếu muốn tăng độ cay) và ướp đều khắp mình cá. Sốt này cực kỳ đa năng, có thể dùng để ướp gà, bò, tôm, hay heo ba chỉ nướng sa tế đều rất ngon.']","['Để làm sốt ướp cá nướng siêu tốc,máy xay sinh tố đa năng Toshiba BL-70PR2NVlà trợ thủ đắc lực không thể thiếu trong bếp nhà bạn.Máy xay sinh tố Toshibanổi bật với động cơ mạnh mẽ, giúp xay nhuyễn mọi nguyên liệu từ ớt, tỏi đến sả một cách dễ dàng, tiết kiệm thời gian đáng kể cho bạn.Thiết kế lưỡi dao sắc bén cùng cối xay dung tích lớn cho phép bạn xay lượng lớn nguyên liệu chỉ trong một lần, đảm bảo sốt mịn màng, đồng nhất và có nhiều chức năng xay khác nhau.Máy xay đa năng Toshiba BL-70PR2NVOnline giá rẻ quá1.290.000₫1.522.000₫-15%Xem chi tiết', 'Nếu làm số lượng ít tại nhà, bạn có thể chia nhỏ định lượng nguyên liệu theo tỷ lệ tương ứng. Sốt có thể bảo quản trong hũ kín, dùng dần.', 'Xem thêm:Cách làm cá nướng bơ mềm ngon thơm lừng đậm đà dễ làm cho bữa tiệc5 cách làm cá nướng bằng nồi chiên không dầu mềm ngon thơm lừng dễ làmCá nướng giấy bạc bằng nồi chiên không dầu, lò nướng hay lò vi sóng ngon?']",,dienmayxanh.com
https://www.dienmayxanh.com/vao-bep/cach-nuong-oc-huong-bang-noi-chien-khong-dau-thom-ngot-don-23519,Món Nướng,Cách nướng ốc hương bằng nồi chiên không dầu thơm ngọt đơn giản,"Bạn mê mẩn hải sản? Cùngvào bếpkhám phá cách nướng ốc hương bằng nồi chiên không dầu cực đơn giản! Công thứcmón nướngnày đảm bảo ốc hương giữ trọn vị ngọt tự nhiên, giòn sần sật, chiều lòng mọi tín đồ ẩm thực.",,5 phút + 20 phút,Cho 300gr ốc hương,,1,['Ốc hương - 300 gr'],"['Bước 1 - Sơ chế ốc hương đúng cách: Rửa sạch 300gr ốc hương dưới vòi nước chảy để loại bỏ bụi bẩn bên ngoài. Đổ nước vo gạo vào một cái thau, cho ốc hương vào ngâm khoảng 1 - 2 tiếng. Cách sơ chế ốc hương này giúp ốc nhả hết nhớt và bùn đất, đảm bảo ốc sạch hoàn toàn. Sau đó, rửa sạch ốc lại với nước nhiều lần cho đến khi nước trong.', 'Bước 2 - Nướng ốc hương bằng nồi chiên không dầu: Cho ốc hương đã sơ chế sạch vào khay giấy bạc (Bạn có thể thêm một ít sả ớt đập dập hoặc bơ tỏi để tăng hương vị cho món ốc hương nướng mọi bằng nồi chiên không dầu). Đặt khay giấy bạc chứa ốc vào nồi chiên không dầu. Tiến hành nướng ốc hương bằng nồi chiên không dầu ở nhiệt độ 180 độ C trong 20 phút. Đây là thời gian nướng tối ưu để ốc chín đều mà vẫn giữ được độ ngọt tự nhiên.', 'Bước 3 - Thành phẩm: Ốc hương nướng mọi bằng nồi chiên không dầu đã sẵn sàng để thưởng thức! Ốc sẽ giữ nguyên vị ngọt tự nhiên, chấm kèm nước chấm hải sản chua cay giòn ngọt sẽ cực kỳ hấp dẫn. Đây là món ăn vặt hoặc món nhậu tuyệt vời.']","['Xem chi tiết:Cách bảo quản ốc hương qua đêm tươi lâu dễ dàng và đơn giản nhất', 'Nồi chiên không dầu BlueStone AFB-5871 5.5 lítlà trợ thủ đắc lực giúp bạn chế biến món nướng ốc hương thơm ngon, ít dầu mỡ. Dung tích lớn phù hợp cho gia đình, mang đến những bữa ăn lành mạnh và tiện lợi.Nồi chiên không dầu bluestonenày sở hữu công nghệ Rapid Air tiên tiến, giúp món ăn chín đều, giòn rụm bên ngoài và mềm mọng bên trong mà không cần dùng nhiều dầu.Với dung tích 5.5 lít, bạn có thể thoải mái nướng lượng lớn ốc hương hoặc các món ăn khác cho cả gia đình, tiết kiệm thời gian và công sức.Thiết kế hiện đại, dễ sử dụng cùng các chức năng hẹn giờ, điều chỉnh nhiệt độ linh hoạt giúp bạn dễ dàng kiểm soát quá trình nấu nướng.Nồi chiên không dầu BlueStone AFB-5871 5.5 lít1.397.000₫2.847.000₫-50%Xem chi tiết', 'Xem chi tiết:7 cách làm nước chấm ốc luộc, hấp, nướng ngon đơn giản đậm đà ăn là ghiền', 'Xem thêm:Cách làm ốc hương nướng muối ớt thơm ngon đậm đà cay cay dễ làm2 cách làm ốc hương nướng mọi dai ngon hấp dẫn nhâm nhi cực đã2 cách làm ốc hương rang muối và cháy tỏi đơn giản, ngon ngất ngây']",,dienmayxanh.com
https://www.dienmayxanh.com/vao-bep/cach-uop-cha-nuong-bun-cha-ha-noi-kinh-doanh-thom-ngon-mem-23507,Món Nướng,Cách ướp chả nướng bún chả Hà Nội kinh doanh thơm ngon mềm mọng,"Bạn đang tìm cách ướp chả nướng mềm ngon, đậm đà chuẩn vị bún chả Hà Nội? Đừng lo! Với bí quyếtvào bếpnày, bạn sẽ có ngay món chả nướng thơm lừng, không bị khô. Cùng khám phámẹo vào bếpđể biến tấumón nướnghấp dẫn này nhé!",,20 phút + 15 phút,Cho 1 kg thịt xay,,10,"['Thịt xay - 1 kg', 'Thịt vai thái mỏng - 1.5 kg', 'Hành tím/ Tỏi/ Sả - 1 ít ((để xay nhuyễn))', 'Dầu hành - 1 muỗng canh', 'Nước màu - 1 muỗng canh ((dầu điều/nước màu dừa thắng))', 'Dầu hào - 1.5 muỗng canh', 'Ngũ vị hương - 1 ít ((tùy chọn))', 'Mật ong - 1 ít ((tùy chọn))', 'Dầu ăn - 2.5 muỗng canh', 'Gia vị thông dụng - 1 ít ((nước mắm/ đường/ tiêu/ muối/ bột ngọt/ ớt))']","['Bước 1 - Sơ chế nguyên liệu và xay hành tỏi sả: Chuẩn bị 1 kg thịt xay và 1.5 kg thịt nạc vai thái mỏng. Đảm bảo thịt đã được rửa sạch và để ráo. Hành tím, tỏi và sả bóc vỏ, rửa sạch. Dùng máy xay thịt hoặc cối giã nhuyễn thật mịn. Việc xay nhuyễn giúp gia vị thấm đều và không bị cháy khi nướng.', 'Bước 2 - Cách ướp thịt xay làm chả viên bún chả: Cho 1 kg thịt xay vào tô lớn. Thêm phần hành, tỏi, sả đã xay nhuyễn (khoảng 1/3 tổng lượng). Tiếp theo, cho 1 muỗng canh dầu hành, 1 muỗng canh nước màu (dầu điều), 2 thìa cà phê nước mắm, 1 thìa cà phê tiêu. Thêm chút xíu đường và chút xíu muối để món ăn đậm đà nhưng không quá mặn (vì còn chấm nước chấm bún chả). Nếu thịt xay ít mỡ, cho thêm 1 thìa dầu ăn để chả mềm, không bị khô khi nướng. Trộn đều tất cả gia vị với thịt.', 'Bước 3 - Công thức ướp thịt nạc vai thái mỏng: Cho 1.5 kg thịt nạc vai thái mỏng vào một tô khác. Cho phần hành, tỏi, sả xay nhuyễn còn lại (khoảng 2/3 tổng lượng) vào thịt. Thêm 1.5 muỗng canh dầu hào để thịt mềm hơn, 2 thìa cà phê nước mắm, chút xíu muối, chút xíu bột ngọt và chút xíu tiêu. Cho thêm nước màu dừa (hoặc nước màu thắng) để tạo màu đẹp mắt. Nếu thích ăn cay, bạn có thể cho 2 thìa cà phê ớt. Để thịt có mùi thơm đặc trưng, bạn có thể cho thêm một ít ngũ vị hương. Nếu muốn vị ngọt dịu và màu đẹp hơn, thêm chút xíu mật ong (lưu ý không cho nhiều vì dễ cháy khi nướng). Cuối cùng, thêm 1.5 thìa dầu ăn để thịt mềm mượt, không bị khô cứng khi nướng. Trộn đều tất cả gia vị, đảm bảo thịt thấm đều. Sau khi đã ướp xong cả hai loại thịt, dùng màng bọc thực phẩm bọc kín các tô thịt. Để thịt nghỉ ở nhiệt độ phòng khoảng 30 phút, sau đó cho vào ngăn mát tủ lạnh. Thời gian ướp lý tưởng là ít nhất 1 tiếng. Tuy nhiên, để thịt thấm vị và mềm ngon nhất, bạn nên ướp khoảng 4-5 tiếng hoặc ướp qua đêm (tối hôm trước đến sáng hôm sau). Trong quá trình ướp, thỉnh thoảng đảo đều thịt để gia vị được phân bố đồng nhất.', 'Bước 4 - Thành phẩm: Khi thịt đã thấm đều gia vị, bạn có thể bắt đầu nướng. Đối với thịt xay, viên thành từng miếng chả tròn dẹt. Đối với thịt thái mỏng, có thể xiên hoặc nướng trực tiếp. Thịt nướng sẽ có màu vàng nâu đẹp mắt, thơm lừng, mềm mọng và đậm đà hương vị, không hề bị khô hay mất nước. Đây chính là bí quyết để có món bún chả Hà Nội chuẩn vị, hấp dẫn mọi thành viên trong gia đình!']","['Xem chi tiết:Cách chọn thịt lợn ngon an toàn, cách khử mùi, bảo quản thịt lợn (heo)', 'Để việc sơ chế nguyên liệu trở nên dễ dàng và nhanh chóng hơn, bạn có thể tham khảoMáy xay thịt đa năng Sunhouse SHD5412 300W 2 lít/0.3 lít. Đây là trợ thủ đắc lực giúp bạn xay nhuyễn hành, tỏi, sả một cách hiệu quả.Máy xay thịt Sunhousevới công suất 300W mạnh mẽ, giúp xay nhuyễn mọi loại thịt, rau củ trong tích tắc. Lưỡi dao sắc bén bằng thép không gỉ đảm bảo độ bền và an toàn vệ sinh.Sản phẩm có hai cối xay dung tích 2 lít và 0.3 lít, linh hoạt cho nhiều nhu cầu sử dụng khác nhau. Thiết kế nhỏ gọn, dễ tháo lắp và vệ sinh sau mỗi lần sử dụng.Với máy xay đa năng này, bạn sẽ tiết kiệm đáng kể thời gian chuẩn bị, giúp món chả nướng của bạn thêm phần hoàn hảo.Máy xay thịt đa năng Sunhouse SHD5412 300W 2 lít/0.3 lítOnline giá rẻ quá590.000₫870.000₫-32%Xem chi tiết', 'Dùng tay bóp và nhồi thịt thật kỹ để gia vị thấm sâu và chả có độ kết dính tốt khi viên.', 'Xem thêm:Cách ướp cốt lết chiên không bị khô mềm ngon siêu đơn giản tại nhàCách ướp sườn bò nướng mềm ngon kiểu Hàn Quốc ăn là ghiềnCách làm bún chả Hà Nội đậm đà chuẩn vị, cực đơn giản ngon như ngoài hàng']",,dienmayxanh.com
https://www.dienmayxanh.com/vao-bep/cach-lam-thit-heo-nuong-rieng-me-thom-lung-hap-dan-dai-tiec-14396,Món Nướng,2 cách làm thịt heo nướng riềng mẻ bằng nồi chiên không dầu thơm lừng,"Ngày lễ20/11 là một dịp để chúng ta có thể ghé thăm cũng như tri ân những người thầy, người cô đã dìu dắt chúng ta trong cuộc sống. Nhân dịp 20/11 năm nay, Điện máy XANH sẽ gửi đến bạn 2 cách làm thịt heo nướng riềng mẻ vừa đậm đà lại vừa đơn giản.Vào bếpngay để trổ tài thực hiệnmón nướngnày và mời thầy cô thưởng thức nhé!",,20 phút + 25 phút + 20 phút + 35 phút,Cho 5 người,,6,"['Thịt heo - 3 kg', 'Riềng - 1 kg', 'Cơm mẻ - 2 muỗng canh', 'Mắm tôm - 3 muỗng canh', 'Muối/ bột ngọt - 1 ít', 'Lá chuối - 1 ít']","['Bước 1 - Sơ chế thịt heo: Để khử đi mùi hôi của thịt heo, bạn dùng muối chà xát đều xung quanh khoảng 2 lần rồi rửa lại với nước sạch để ráo. Tiếp theo bạn dùng dao cắt thịt thành các lát mỏng có chiều dài khoảng 1/3 lóng tay.', 'Bước 2 - Sơ chế riềng và ướp thịt heo: Riềng mua về bạn gọt vỏ, rửa sạch và giã nhuyễn. Tiếp theo, bạn cho vào thau hết phần thịt đã cắt lát mỏng, hết phần riềng giã nhuyễn, 2 muỗng canh cơm mẻ, 1/2 muỗng canh bột ngọt và 3 muỗng canh mắm tôm vào. Đảo đều và ướp trong khoảng 1 tiếng cho thịt heo thấm đều gia vị.', 'Bước 3 - Xiên và nướng thịt: Thịt sau khi ướp xong bạn dùng que nướng, xiên qua từng miếng thịt đã ướp. Tiếp theo, bạn nhóm lửa lên bếp than đợi cho than hồng, bạn cho những xiên thịt vào thành bếp nướng rồi nướng khoảng 5 phút cho thịt săn lại. Bạn dùng lá chuối đậy phần thịt đang nướng lại để thịt được nướng nhanh hơn khoảng 10 phút rồi lấy lá chuối ra, trở mặt. Đậy lá chuối lần nữa và nướng khoảng 5 phút cho thịt chín vàng đều 2 mặt rồi bạn lấy từng xiên thịt ra và thưởng thức thôi!', 'Bước 4 - Thành phẩm: Thịt heo nướng riềng mẻ sau khi hoàn tất sẽ có màu vàng óng, hấp dẫn thơm thơm mùi cơm mẻ và riềng. Khi ăn ta sẽ cảm nhận được thịt heo được nướng mềm ngon, thấm vị, không quá khô mà mềm mại, dễ ăn. Để món thịt heo nướng riềng thêm phần lôi cuốn bạn có thể ăn cùng với dưa leo, tương ớt, muối ớt xanh và sốt chấm thịt nướng. Nhâm nhi cùng nhau là siêu đỉnh luôn đó các bạn ạ!']","['Để thịt khi nướng không bị khô, bạn có thể nêm thêm 1 muỗng canh dầu ăn vào.', 'Xem thêm:Cách làm vịt nướng riềng mẻ thơm ngon hấp dẫn đậm đà lạ miệng tại nhàCách làm cá lóc nướng riềng mẻ đơn giản thơm ngon nóng hổi2 cách làm cá chình nướng nghệ và nướng riềng mẻ ngon đậm đà dễ làm']",,dienmayxanh.com
https://www.dienmayxanh.com/vao-bep/cach-uop-suon-bo-nuong-mem-ngon-kieu-han-quoc-an-la-ghien-23492,Món Nướng,Cách ướp sườn bò nướng mềm ngon kiểu Hàn Quốc ăn là ghiền,"Bạn đang tìm cách ướp sườn bò nướng mềm ngon, đậm đà hương vị? Đừng lo lắng! Với mẹovào bếpnày, bạn sẽ dễ dàng biến tấumón nướngnày thành tuyệt phẩm BBQ tại nhà. Công thức chuẩn vị, đảm bảo sườn mềm tan và thơm lừng.",,20 phút + 40 phút,Cho 900 gr sườn bò,,12,"['Sườn bò tơ - 900 gr ((hoặc sườn bò già))', 'Ớt tươi và ớt khô - 13 gr ((tùy chọn cay hoặc không cay))', 'Tỏi - 10 gr', 'Gia vị thông dụng - 1 ít ((Muối/ Bột ngọt/ Tiêu))', 'Nước tương Maggi - 1 muỗng canh', 'Dầu ớt - 1 muỗng canh ((hoặc Dầu điều/ Dầu gấc))', 'Đường cát vàng - 1.5 muỗng cà phê', 'Dầu hào - 1/2 muỗng canh', 'Tương cà Ketchup - 1/2 muỗng canh', 'Mật ong - 1 muỗng canh', 'Nước tương - 1/2 muỗng cà phê ((dùng cho hỗn hợp quét))', 'Sả - 5 gr ((tuỳ chọn))']","['Bước 1 - Sơ chế nguyên liệu: Rửa sạch sườn bò với nước lạnh, dùng khăn giấy làm bếp lau thật khô. Quan trọng nhất: Lột bỏ lớp màng mỏng dai ở mặt trong của miếng sườn. Nếu khó lột, dùng dao rạch nhẹ. Lớp màng này sẽ làm sườn bị dai khi ăn. Tỏi (10 gr), ớt tươi và ớt khô (13 gr, tùy chọn cay hoặc không cay) cho vào máy xay (hoặc cối giã) xay/giã thật nhuyễn mịn. (Tùy chọn: thêm 5 gr sả để tăng hương thơm).', 'Bước 2 - Cách ướp sườn bò nướng thấm đều gia vị: Trong một tô lớn, cho hỗn hợp tỏi ớt đã xay nhuyễn vào. Thêm 1/2 muỗng cà phê muối, 1/2 muỗng cà phê bột ngọt (nếu thích), 1 muỗng canh nước tương Maggi, 1 muỗng canh dầu ớt (hoặc dầu điều/dầu gấc), 1 muỗng cà phê dầu ớt (hoặc dầu điều/dầu gấc), 1/3 muỗng cà phê ngũ vị hương và 1.5 muỗng cà phê đường cát vàng. Trộn đều tất cả gia vị. Phết đều hỗn hợp gia vị ướp lên khắp miếng sườn bò. Dùng cọ quét kỹ để gia vị thấm đều.', 'Bước 3 - Pha chế hỗn hợp nước quét sườn bò nướng: Trong một chén riêng, chuẩn bị hỗn hợp nước quét sườn: 1 muỗng canh dầu ớt (hoặc dầu điều/dầu gấc), 1/2 muỗng canh dầu hào, 1/2 muỗng canh tương cà Ketchup, 1/2 muỗng cà phê nước tương và 1 muỗng canh mật ong. Thêm một ít tiêu xay. Trộn đều để tạo thành hỗn hợp sánh mịn, giúp sườn có màu đẹp và bóng bẩy.', 'Bước 4 - Nướng sườn bò mềm mọng: Nếu nướng bằg bếp nướng điện, làm nóng lò ở nhiệt độ thấp. Đặt một khay nước ở dưới để tạo độ ẩm, giúp sườn không bị khô. Nếu nướng bằng than, đợi than cháy thật tàn, chỉ còn hồng thì mới đặt sườn lên nướng. Tránh nướng khi than còn lửa lớn sẽ làm sườn dễ cháy. Về chất lượng sườn, nếu dùng sườn bò già, gói kín sườn trong giấy bạc (mặt bóng vào trong) và nướng khoảng 30 phút để thịt chín mềm trước. Sau đó mới mở giấy bạc ra nướng trực tiếp. Nếu dùng sườn bò tơ (như công thức này), đặt sườn trực tiếp lên vỉ nướng. Nướng sườn ở lửa nhỏ, trở đều và thường xuyên để sườn chín vàng đều mà không bị cháy. Khi thấy miếng sườn bắt đầu róc xương ra, tức là thịt đã chín. Lúc này, hạ nhiệt độ xuống thật nhỏ (hoặc di chuyển sườn ra rìa bếp than). Dùng cọ phết đều hỗn hợp nước quét đã chuẩn bị lên khắp các mặt của miếng sườn. Tiếp tục nướng và trở đều cho đến khi sườn có màu vàng cánh gián đẹp mắt, bóng bẩy và thơm lừng. (Tổng thời gian nướng cho sườn bò tơ khoảng 40 phút).', 'Bước 5 - Thành phẩm: Sườn bò nướng đã hoàn thành với màu sắc óng ả, bóng bẩy và hương thơm ngào ngạt. Thịt sườn mềm tan, ngọt đậm đà, thấm vị từ trong ra ngoài. Cắt sườn thành từng miếng vừa ăn và thưởng thức ngay khi còn nóng để cảm nhận trọn vẹn hương vị tuyệt vời của món ăn.']","['Để có được hỗn hợp gia vị ướp sườn bò nhuyễn mịn, tăng độ thấm và hương vị cho món ăn, một chiếc máy xay sinh tố đa năng là trợ thủ đắc lực.Máy xay sinh tố đa năng Toshiba BL-70PR2NVchính là lựa chọn hoàn hảo cho căn bếp của bạn.Máy xay sinh tố Toshibanổi bật với lưỡi dao sắc bén, công suất mạnh mẽ, giúp xay nhuyễn mọi loại nguyên liệu từ ớt khô đến tỏi tươi chỉ trong tích tắc.Thiết kế cối xay tiện lợi, dễ dàng tháo lắp và vệ sinh sau khi sử dụng, tiết kiệm thời gian cho người nội trợ bận rộn.Tích hợp nhiều chức năng xay khác nhau, không chỉ dùng để xay gia vị mà còn có thể xay sinh tố, làm sữa hạt, đáp ứng mọi nhu cầu chế biến món ăn đa dạng.Máy xay đa năng Toshiba BL-70PR2NVOnline giá rẻ quá1.290.000₫1.522.000₫-15%Xem chi tiết', 'Để sườn bò nướng mềm và thấm vị nhất, hãy ướp sườn trong tủ lạnh ít nhất 2-3 tiếng, hoặc tốt nhất là ướp qua đêm. Khi ướp lâu, nhớ đậy kín và rửa thịt bằng nước lạnh ban đầu. Trước khi nướng, lấy sườn ra khỏi tủ lạnh để thịt hết lạnh hoàn toàn, giúp sườn chín đều từ trong ra ngoài.', 'Xem thêm:Cách ướp cốt lết chiên không bị khô mềm ngon siêu đơn giản tại nhàCách ướp thịt bò nướng thơm mềm, đơn giản, chuẩn vị như ngoài hàngCách ướp sườn non chiên giòn đậm đà làm mồi nhậu bon miệng']",,dienmayxanh.com
https://www.dienmayxanh.com/vao-bep/cong-thuc-lam-nuoc-cham-heo-quay-doc-dao-moi-la-cang-cham-23496,Món Nướng,"Công thức làm nước chấm heo quay độc đáo, mới lạ, càng chấm càng ghiền","Đừng chỉ dùng nước chấm heo quay là nước tương thông thường nữa. Hãyvào bếpthử làm theo công thức pha chế nước sốt chấm mới lạ, đậm đà. Biếnmón nướngcủa bạn thành tuyệt phẩm, càng chấm càng ngon.",,5 phút + 10 phút,Cho 2 - 4 người,,9,"['Tương đen - 1 muỗng canh', 'Tương ớt - 3 muỗng canh', 'Dầu hàu - 1 muỗng canh', 'Đường - 1.5 muỗng canh', 'Nước tương - 3 muỗng canh', 'Nước lọc - 2 muỗng canh', 'Nước heo quay - 3 muỗng canh ((hoặc 1/2 muỗng cà phê bột ngũ vị hương))', 'Dầu ăn - 1 muỗng canh', 'Hành tỏi ớt băm - 1 muỗng canh']","['Bước 1 - Sơ chế nguyên liệu: Hành tím, tỏi, ớt băm nhuyễn. Trong một cái chén, cho lần lượt 1 muỗng canh tương đen, 3 muỗng canh tương ớt, 1 muỗng canh dầu hàu, 1.5 muỗng canh đường, 3 muỗng canh nước tương, 2 muỗng canh nước lọc và 3 muỗng canh nước heo quay (nước tiết ra khi nướng heo quay). Nếu không có nước heo quay, bạn có thể thay thế bằng 1/2 muỗng cà phê bột ngũ vị hương để tạo hương thơm đặc trưng. Dùng muỗng khuấy đều hỗn hợp này để các gia vị hòa quyện vào nhau, tạo thành hỗn hợp nước chấm thịt quay thơm ngon.', 'Bước 2 - Nấu sốt chấm heo quay sánh mịn: Bắc chảo lên bếp, cho 1 muỗng canh dầu ăn vào và đun nóng. Khi dầu nóng, cho 1 muỗng canh hỗn hợp hành tím, tỏi và ớt băm vào phi thơm. Đảo đều tay cho đến khi hành tỏi dậy mùi và chuyển sang màu vàng nhẹ. Hạ lửa xuống mức nhỏ vừa, từ từ đổ hỗn hợp nước sốt đã pha chế vào chảo, vừa nấu vừa khuấy đều tay để nước sốt không bị cháy và các nguyên liệu hòa quyện vào nhau. Bạn nấu cho đến khi nước sốt sệt lại như ý, có độ sánh mịn vừa phải thì tắt bếp.', 'Bước 3 - Thành phẩm: Múc nước sốt chấm heo quay ra chén. Nước chấm có màu nâu đỏ đẹp mắt, mùi thơm lừng của gia vị và độ sánh mịn hấp dẫn. Thưởng thức ngay cùng với những miếng thịt heo quay giòn rụm, bánh hỏi, bún hoặc bánh mì. Đảm bảo món ăn của bạn sẽ thêm phần đậm đà, khó cưỡng!']","['Để món nước chấm heo quay thêm phần hoàn hảo, việc sử dụng một chiếc chảo chất lượng là không thể thiếu.Chảo nhôm chống dính đáy từ 24 cm Elmich EL5985BE24sẽ là trợ thủ đắc lực cho bạn trong mọi công đoạn chế biến.Chảo Elmichđược làm từ hợp kim nhôm cao cấp, giúp truyền nhiệt nhanh và đều, tiết kiệm năng lượng. Lớp chống dính bền bỉ, an toàn cho sức khỏe, giúp bạn dễ dàng xào nấu mà không lo thức ăn bị dính.Thiết kế đáy từ thông minh, tương thích với mọi loại bếp, từ bếp gas đến bếp từ. Tay cầm cách nhiệt chắc chắn, mang lại sự an toàn và thoải mái khi sử dụng.Với đường kính 24 cm, chảo lý tưởng để chế biến các món ăn hàng ngày cho gia đình. Sản phẩm không chỉ bền đẹp mà còn dễ dàng vệ sinh sau mỗi lần sử dụng.Chảo nhôm chống dính đáy từ Elmich EL5985BE24240.000₫390.000₫-38%Xem chi tiết', 'Xem thêm:Cách làm thịt quay giòn bì bằng chảo chiên ngập dầu tại nhà ngon khó cưỡngCách làm sốt xá xíu chấm thịt quay đậm đà bằng nồi và chảo chống dínhLàm món thịt nướng ngũ vị hương cùng công thức nước chấm ngon khó cưỡng']",,dienmayxanh.com
https://www.dienmayxanh.com/vao-bep/cach-lam-thit-quay-gion-bi-theo-meo-don-gian-dam-bao-thanh-23489,Món Nướng,"Cách làm thịt lợn quay giòn bì theo mẹo đơn giản, đảm bảo thành công ngay","Bạn đang tìm cách làm thịt lợn quay giòn bì nổ đều, vàng ươm? Đừng lo, với bí quyết làm giòn bì đơn giản này, món heo quay da giòn tan trong miệng sẽ không còn là thách thức. Cùngvào bếpkhám phá ngaymón nướngnày nhé!",,20 phút + 1 giờ 20 phút,Cho 6 - 8 người,,6,"['Thịt lợn ba chỉ - 1 kg', 'Muối - 1 muỗng cà phê', 'Tiêu xay - 1 muỗng cà phê', 'Ngũ vị hương - 1/4 muỗng cà phê', 'Bột ớt paprika - 1/4 muỗng cà phê', 'Muối hạt - 1 ít ((hoặc muối ăn thông thường))']","['Bước 1 - Sơ chế thịt ba chỉ: Sau khi rửa sạch thịt ba chỉ, dùng giấy bếp thấm khô hoàn toàn miếng thịt. Cố gắng làm cho miếng thịt được phẳng nhất có thể bằng cách cắt tỉa những chỗ thịt bị dư hoặc lót thêm miếng thịt mỏng ở phía dưới. Điều này giúp bề mặt da tiếp xúc nhiệt đều, da sẽ nổ giòn đều không bị chỗ cháy chỗ chưa nổ. Dùng dụng cụ xăm thịt hoặc bó que xiên thịt lại để xăm đều các lỗ nhỏ trên bề mặt da. Việc này tuy đơn giản nhưng lại là bí quyết làm giòn bì nổ phòng xốp rất hiệu quả.', 'Bước 2 - Ướp thịt ba chỉ: Rắc 1 muỗng cà phê muối đều lên mặt thịt (phần thịt), massage nhẹ nhàng cho muối thấm vào. Tiếp theo, rắc 1/4 muỗng cà phê bột ngũ vị hương và 1/2 muỗng cà phê bột ớt paprika. Massage đều để gia vị thấm vào cả bốn mặt bên của thịt. Lật ngược miếng thịt lại, dùng dao khía nhẹ hai đường dọc song song trên phần thịt để khi chín dễ cắt hơn, lưu ý không làm đứt đến phần da. Rắc một lớp muối mỏng đều lên phần da phía trên. Để thịt nghỉ khoảng 30 phút. Muối sẽ giúp hút nước trong da, làm da heo khô hơn. Sau 30 phút, bạn sẽ thấy các giọt nước trên bề mặt thịt. Dùng khăn giấy thấm khô và phủi bớt các hạt muối còn thừa. Cho miếng thịt vào ngăn mát tủ lạnh, để trần (không bọc gì) từ 18 - 24 tiếng. Đây là bước quan trọng để làm thịt quay giòn bì, giúp lớp da bên ngoài khô hoàn toàn.', 'Bước 3 - Nướng thịt lợn quay giòn bì trong lò: Sau khoảng 18 - 24 tiếng, khi phần da đã khô đủ, đặt miếng thịt lên khay nướng có rãnh để mỡ heo chảy xuống. Nướng thịt trong lò ở nhiệt độ 180°C trong vòng 1 tiếng để phần thịt chín đều. Sau đó, chuyển sang chế độ nướng lửa trên của lò nướng. Đặt khay nướng cách thanh nhiệt trên khoảng 25 cm và nướng trong vòng 15 - 20 phút. Chế độ này giúp da nổ giòn nhanh hơn. Trong giai đoạn này, hãy quan sát kỹ. Nếu thấy phần da bắt đầu vàng quá, hãy dùng giấy bạc che lại bớt để tránh bị cháy.', 'Bước 4 - Thành phẩm: Khi heo quay da giòn đã chín, lấy ra khỏi lò và để miếng thịt nghỉ khoảng 15 phút trước khi cắt. Điều này giúp thịt giữ được độ ẩm và dễ cắt hơn. Dùng một con dao bén và chặt dứt khoát để thịt không bị vụn. Món thịt lợn quay giòn bì này có thể chấm với nước tương, nước mắm, hoặc ăn kèm với bánh hỏi, bún, cơm đều rất ngon. Thịt mềm ngọt, săn chắc, còn phần da thì giòn tan trong miệng. Đây là món ăn truyền thống được nhiều người yêu thích, và bạn cũng có thể biến tấu thành nhiều món khác như bún mắm, heo quay kho tàu hay heo quay xào dưa.']","['Để món thịt lợn quay giòn bì thêm hoàn hảo, việc sử dụng các thiết bị nhà bếp hiện đại là vô cùng cần thiết.Lò chiên không dầu Toshiba TL2-SAC25GZC(GR) 25 lítlà trợ thủ đắc lực giúp bạn dễ dàng chế biến món ăn ngon, giảm dầu mỡ.Với dung tích 25 lít rộng rãi, lò cho phép bạn nướng nguyên miếng thịt lớn mà không lo chật chội.Công nghệ Rapid Air tiên tiến giúp làm chín thức ăn nhanh chóng, đồng thời tạo lớp vỏ ngoài giòn rụm hấp dẫn.Lò còn tích hợp nhiều chế độ nấu đa dạng, dễ dàng điều chỉnh nhiệt độ và thời gian, mang lại sự tiện lợi tối đa cho mọi gia đình.Lò chiên không dầu Toshiba TL2-SAC25GZC(GR) 25 lít4.440.000₫4.900.000₫-9%Xem chi tiết', 'Xem thêm:Cách làm nộm thịt lợn siêu ngon, ăn hoài không ngấy với riềng, sả, ớtCách làm thịt lợn chiên riềng giòn thơm bắt cơm với chảo nhôm chống dính2 cách làm thịt lợn xào khế mới lạ thơm ngon hấp dẫn ăn là mê']",,dienmayxanh.com
https://www.dienmayxanh.com/vao-bep/cach-lam-ca-loc-nuong-rieng-sa-thom-lung-cay-cay-ngon-hap-dan-12671,Món Nướng,Cách làm cá lóc nướng riềng sả thơm lừng cay cay ngon hấp dẫn,"Cá lóc nướng riềng sả là mộtmón nướngdân dã thơm ngon, hấp dẫn, với thịt cá dai mềm cùng lớp da cá mặn mặn, thơm thơm, cay cay.Vào bếpcùng Điện máy XANH và thực hiện ngay bạn nhé!",,15 phút + 30 phút,Cho 4 người,,6,"['Cá lóc - 2 con ((khoảng 1.5kg))', 'Riềng - 1 củ', 'Sả - 3 nhánh', 'Hành tím - 3 củ', 'Ớt sa tế - 1 muỗng canh', 'Gia vị thông dụng - 1 ít ((Muối/ đường/ hạt nêm))']","['Bước 1 - Sơ chế cá lóc: Để khử mùi tanh và giảm độ nhớt của cá, sau khi làm ruột, cắt bỏ mang cạo vảy, thì rửa lại với nước, rồi sử dụng 1 ít muối chà xát trực tiếp trong và ngoài con cá. Sau đó rửa cá lại 2 - 3 lần với nước sạch rồi để ráo nước. Tiếp đó bạn dùng dao khứa vài đường lên thân cá. Cách 1:Dùng muối xoa bóp cá khoảng 2 - 3 phút rồi rửa sạch lại, để ráo.Cách 2:Ngâm cá khoảng 5 phút trong nước cốt chanh (hoặc giấm) pha loãng, sau đó xoa bóp cá một lần nữa rồi rửa lại dưới vòi nước sạch.Cách 3:Nếu có tro bếp, bạn lấy xoa lên mình cá, nhớt cá sẽ thấm vào tro bếp, bạn dùng tay tuốt bỏ phần tro rồi rửa cá lại với nước.Xem chi tiết:Cách khử mùi tanh cá lóc hiệu quả Xem chi tiết:Cách khử mùi tanh cá lóc hiệu quả', 'Cách 1:Dùng muối xoa bóp cá khoảng 2 - 3 phút rồi rửa sạch lại, để ráo.', 'Cách 2:Ngâm cá khoảng 5 phút trong nước cốt chanh (hoặc giấm) pha loãng, sau đó xoa bóp cá một lần nữa rồi rửa lại dưới vòi nước sạch.', 'Cách 3:Nếu có tro bếp, bạn lấy xoa lên mình cá, nhớt cá sẽ thấm vào tro bếp, bạn dùng tay tuốt bỏ phần tro rồi rửa cá lại với nước.', 'Bước 2 - Ướp cá: Củ riềng, hành tím bỏ vỏ, sau đó rửa sạch, để ráo. Sả bỏ gốc già, rửa sạch, để ráo. Bạn giã nhuyễn hành tím, củ riềng, sả, tiếp đó thêm vào 1 muỗng canh ớt sa tế, 1/2 muỗng canh hạt nêm, 1/2 muỗng cà phê đường, 1/2 muỗng cà phê muối, tiếp tục giã cho đều hỗn hợp ướp. Sau đó bạn đem hỗn hợp ướp chà xát cả bên trong và bên ngoài của cá. Ướp cá trong vòng 15 - 20 phút cho cá thấm gia vị.', 'Bước 3 - Nướng cá: Chuẩn bị sẵn bếp than, cho vỉ nướng lên làm nóng vỉ, sau đó đặt cá lên mặt vỉ, tiến hành nướng cá trong khoảng 30 - 40 phút. Cứ mỗi 7 - 10 phút lật mặt cá một lần để thịt cá được chín đều và không bị cháy.', 'Bước 4 - Thành phẩm: Cá nướng riềng sả với màu sắc vàng ươm vô cùng bắt mắt, hấp dẫn. Công thức đặc biệt giúp cá thấm vị nhưng vẫn giữ được vị ngọt vốn có. Thịt cá săn chắc, da cá vàng thơm và có vị cay nhẹ của các nguyên liệu. Món ăn này có thể ăn cùng cơm trắng hoặc dùng bánh tráng cuốn cá cùng với một ítrau sống, chấmmắm nêmhoặc mắm chua ngọt pha chuẩn vị là ngon nhất.']","['Xem chi tiết:Cách chọn mua cá lóc (cá quả) tươi ngon', 'Cách khử mùi tanh cá lóc hiệu quảCách 1:Dùng muối xoa bóp cá khoảng 2 - 3 phút rồi rửa sạch lại, để ráo.Cách 2:Ngâm cá khoảng 5 phút trong nước cốt chanh (hoặc giấm) pha loãng, sau đó xoa bóp cá một lần nữa rồi rửa lại dưới vòi nước sạch.Cách 3:Nếu có tro bếp, bạn lấy xoa lên mình cá, nhớt cá sẽ thấm vào tro bếp, bạn dùng tay tuốt bỏ phần tro rồi rửa cá lại với nước.Xem chi tiết:Cách khử mùi tanh cá lóc hiệu quả', 'Để thịt cá sau khi nướng được đậm đà và dậy mùi thơm, trong suốt quá trình nướng bạn có thể rưới thêm sốt ướp lên thịt cá để gia vị ngấm đều hơn.', 'Xem thêm:Cách làm cá lóc nướng lá sen thơm lừng mềm ngon hấp dẫn dễ làmCách làm cá lóc nướng muối tuyết mềm ngon đậm đà đơn giảnCách làm cá lóc nướng ống tre hấp dẫn thơm ngon dễ làm']",,dienmayxanh.com
https://www.dienmayxanh.com/vao-bep/cach-lam-chim-se-quay-dam-vi-thom-ngon-voi-cong-thuc-uop-don-23466,Món Nướng,Cách làm chim sẻ quay đậm vị thơm ngon với công thức ướp đơn giản,"Chào mừng các bạn đến với chuyên mụcVào bếp! Hôm nay, chúng ta sẽ cùng khám phá công thức chim sẻ quay giòn rụm, thơm lừng, đảm bảo ai ăn cũng mê.Món nướngnày không chỉ dễ làm mà còn mang đến hương vị đặc trưng khó quên.",,20 phút + 40 phút,Cho 30-40 con chim sẻ (cho 3-4 người),,7,"['Chim sẻ đã sơ chế - 40 con', 'Gừng nhỏ - 1 củ', 'Lá chanh - 1 ít', 'Dầu hào - 3 muỗng canh', 'Nước mắm - 2 muỗng canh', 'Dầu ăn - 3 muỗng canh', 'Gia vị thông dụng - 1 ít ((hạt tiêu/ mì chính/ bột điều))']","['Bước 1 - Sơ chế chim sẻ và chuẩn bị nguyên liệu phụ: Đầu tiên, với những chú chim sẻ nhỏ xinh, bạn không cần phải chặt đâu nhé, cứ để nguyên con để khi quay sẽ ngon và đẹp mắt hơn. Tiếp theo, chúng ta sẽ thái gừng và lá chanh thành sợi hoặc lát mỏng để chuẩn bị ướp. Phần này sẽ giúp món chim sẻ nướng của mình dậy mùi thơm đặc trưng.', 'Bước 2 - Cách ướp chim sẻ quay ngon: Cho thịt chim sẻ vào dĩa, cho gừng và lá chanh lên trên. Thêm vào đó một chút hạt tiêu, mì chính, và đặc biệt là bột điều để tạo màu vàng cam đẹp mắt cho chim khi nướng. Tiếp đến, cho dầu hào vào. Nhớ là dầu hào đã có vị mặn rồi nhé (nó làm từ con hàu đó!), nên bạn chỉ cần thêm một chút nước mắm nữa thôi để điều chỉnh độ đậm đà vừa phải. Cuối cùng, cho thêm dầu ăn vào rồi dùng tay trộn đều để từng con chim được phủ kín bởi lớp gia vị thơm ngon. Ướp chim sẻ trong khoảng 15-20 phút để gia vị ngấm sâu vào thịt. Đây là bí quyết giúp món chim sẻ nướng của bạn đậm đà và hấp dẫn hơn đấy.', 'Bước 3 - Xiên chim sẻ chuẩn bị nướng: Sau khi chim đã ngấm gia vị, chúng ta sẽ tiến hành xiên chim. Mỗi xiên bạn có thể xiên khoảng 10 con chim sẻ, vừa vặn để nướng và dễ dàng lật trở.', 'Bước 4 - Nướng/Quay chim sẻ trên than hoa (hoặc lò nướng): Đặt các xiên chim lên bếp than hoa đang cháy hồng. Nếu không có than hoa, bạn hoàn toàn có thể sử dụng lò nướng để quay chim nhé. Nướng/quay chim trên lửa vừa, nhớ lật đều tay để chim chín vàng đều và không bị cháy. Chim sẻ nhỏ nên chín rất nhanh, chỉ cần lật vài lần là đã thấy chim vàng óng. Để chim giòn xương và thơm ngon hơn, bạn hãy nướng kỹ một chút nhé. Khi thấy chim ra mỡ mỡ và lớp da chuyển màu vàng đẹp mắt là được.', 'Bước 5 - Thành phẩm: Chim sẻ quay chín vàng ruộm, thơm lừng mùi lá chanh và gừng, da giòn rụm, thịt ngọt mềm. Bạn có thể gỡ chim ra đĩa và thưởng thức ngay khi còn nóng hổi. Món này ăn không cần bỏ gì, cứ thế mà nhai rôm rốp, chấm thêm chút nước chấm thần thánh nữa thì còn gì bằng!']","['Để món chim sẻ quay của bạn đạt đến độ hoàn hảo, việc sở hữu một chiếc lò nướng chất lượng là vô cùng quan trọng.Lò nướng Toshiba TL-MC40EZF(GR) 40 lítsẽ là trợ thủ đắc lực giúp bạn chế biến món ăn này dễ dàng hơn bao giờ hết.Vớilò nướng Toshiba, bạn có thể dễ dàng điều chỉnh nhiệt độ và thời gian, đảm bảo chim sẻ chín đều từ trong ra ngoài mà vẫn giữ được độ giòn tan hấp dẫn.Dung tích 40 lít rộng rãi cho phép bạn nướng cùng lúc số lượng lớn chim sẻ, phù hợp cho những buổi tiệc tùng hay sum họp gia đình.Lò còn được trang bị nhiều chế độ nướng đa dạng, giúp bạn linh hoạt hơn trong việc chế biến các món ăn khác. Thiết kế hiện đại, sang trọng của lò nướng Toshiba TL-MC40EZF(GR) 40 lít cũng sẽ làm đẹp thêm không gian bếp nhà bạn.Lò nướng thùng Toshiba 1800W TL-MC40EZF(GR) 40 lítOnline giá rẻ quá2.990.000₫3.420.000₫-12%Xem chi tiết', 'Xiên chim chặt tay một chút để chim không bị rơi ra khi nướng và chín đều hơn.', 'Xem thêm:2 cách làm bồ câu nướng muối ớt và nướng mọi thơm lừng đậm đà hương vị2 cách ướp chim cút nướng mật ong thơm lừng ngon miệng đậm đà3 cách ướp chuột nướng muối ớt, nướng sa tế và nướng chao bằng vỉ nướng']",,dienmayxanh.com
https://www.dienmayxanh.com/vao-bep/2-cach-lam-thit-chan-gio-nuong-bang-noi-chien-khong-dau-cuc-15687,Món Nướng,2 cách làm thịt chân giò nướng bằng nồi chiên không dầu cực thơm ngon,"Chân giòthơm ngon, bổ dưỡng thường được dùng để làm các món hầm, nấu canh bồi bổ sức khỏe. Bên cạnh đó, cácmón nướngtừ chân giò cũng cực hấp dẫn. Hôm nay hãy cùngvào bếptham khảo ngay 2 cách làm thịt chân giò nướng bằng nồi chiên không dầu cực đơn giản nhé!",,10 phút + 45 phút + 10 phút + 50 phút,Cho 4 người,,5,"['Thịt chân giò - 1 kg', 'Hành tím - 5 củ', 'Tỏi - 3 tép', 'Lá nguyệt quế khô - 1 muỗng canh', 'Gia vị thông dụng - 1 ít ((Muối/ hạt nêm/ tiêu xay))']","['Bước 1 - Sơ chế chân giò: Để làm sạch và khử mùi hôi, bạn cần ngâm thịt chân giò trong nước muối pha loãng từ 5 - 10 phút. Sau đó vớt chân giò heo ra, chần sơ qua với nước sôi rồi rửa lại với nước lạnh cho sạch xong để ráo.', 'Bước 2 - Luộc chân giò: Bạn cho chân giò vào nồi, thêm nước ngập mặt chân giò và thêm 5 củ hành tím bóc vỏ, 3 tép tỏi bóc vỏ, 1 muỗng canh lá nguyệt quế khô, 1 muỗng canh muối, 1 muỗng cà phê tiêu xay, 1 muỗng canh hạt nêm. Bạn bắc nồi chân giò lên bếp nấu sôi ở lửa lớn rồi chỉnh nhỏ lửa, đậy nắp hầm 35 - 40 phút cho tới khi lớp da săn lại, phần thịt chín tới là được. Tiếp đó bạn tắt bếp, vớt thịt chân giò ra để ráo và cho vào hộp kín, cất trong ngăn máttủ lạnh8 tiếng hoặc để qua đêm.', 'Bước 3 - Nướng chân giò: Tiếp đó bạn cho thịt chân giò vào nồi chiên không dầu và tiến hành nướng ở nhiệt độ 180 độ C trong vòng 20 phút. Sau đó, bạn mở nồi chiên ra kiểm tra, nếu phần da chưa được vàng giòn thì bạn tiếp tục nướng thêm 15 - 20 phút ở nhiệt độ 180 độ C là hoàn thành.', 'Bước 4 - Thành phẩm: Chân giò nướng bằng nồi chiên không dầu có màu bắt mắt, hương vị thơm ngon, hấp dẫn, vừa nhìn đã muốn thử ngay một miếng. Chân giò được nướng vừa tới, lớp da giòn giòn, thịt bên trong chín đều và vẫn giữ được độ ngọt thơm vốn có. Bạn có thể cắt thành từng lát và ăn kèm với rau sống, chấm kèm chén nước tương hoặcnước mắm chua ngọtđều ngon!']","['Xem thêm:Lá nguyệt quế nấu món gì? 10 món ăn sử dụng lá nguyệt quế làm gia vị', 'Xem thêm:2 công thức làm món chân giò nướng dễ làm, uống cùng bia ngon bá cháy2 cách làm chân giò chiên nước mắm đậm đà thơm ngon ai cũng mêCách làm chân giò hun khói thơm ngon đậm vị hấp dẫn tại nhà']",,dienmayxanh.com
https://www.dienmayxanh.com/vao-bep/cach-lam-toi-nuong-bang-noi-chien-khong-dau-thom-lung-chi-mat-23458,Món Nướng,"Cách làm tỏi nướng bằng nồi chiên không dầu thơm lừng, chỉ mất 15 phút","Bạn mê mẩn hương vị tỏi nướng mềm ngọt mà ngại tốn thời gian? Cùngvào bếplàm tỏi nướng nồi chiên không dầu siêu tốc nhé! Chỉ chưa đầy 20 phút, bạn sẽ có món ăn kèm thơm lừng, bổ dưỡng.Món nướngnày sẽ khiến cả nhà thích mê!",,20 phút,Cho 1 - 2 người,,3,"['Tỏi nguyên củ - 1 củ ((hoặc 12 - 15 tép tỏi đã bóc vỏ))', 'Dầu ô liu - 1 muỗng canh ((có thể thay thế bằng dầu lạc))', 'Gia vị thông dụng - 1 ít ((muối biển/ hạt tiêu đen/ xô thơm/ xạ hương/ hương thảo))']","['Bước 1 - Sơ chế củ tỏi nguyên củ: Cắt bỏ phần đầu (phần thân) của củ tỏi, sao cho lộ ra các tép tỏi bên trong. Bước này giúp dầu ô liu và gia vị dễ dàng thấm sâu, đồng thời tỏi cũng nhanh chín và mềm ngọt hơn. Đặt củ tỏi đã sơ chế lên một miếng giấy bạc đủ lớn để có thể bọc kín. Rưới đều 1 muỗng canh dầu ô liu lên bề mặt tỏi, sau đó rắc một chút muối biển theo khẩu vị. Nếu thích, bạn có thể thêm hạt tiêu đen hoặc các loại thảo mộc như xô thơm, xạ hương, hương thảo để tăng thêm hương vị thơm lừng. Gói chặt giấy bạc lại, đảm bảo tỏi được bọc kín hoàn toàn.', 'Bước 2 - Nướng tỏi bằng nồi chiên không dầu: Cho gói tỏi đã bọc kín vào nồi chiên không dầu. Nướng ở nhiệt độ 190°C (375°F) trong khoảng 15 - 20 phút.', 'Bước 3 - Thành phẩm: Lấy tỏi ra khỏi nồi chiên không dầu, cẩn thận mở giấy bạc. Bạn sẽ thấy những tép tỏi nướng mềm ngọt, thơm lừng, sẵn sàng để thưởng thức hoặc thêm vào các món ăn yêu thích.']","['Để món tỏi nướng của bạn thêm phần hoàn hảo và tiện lợi,nồi chiên không dầu Gaabor AF-80T01A 8 lítchính là trợ thủ đắc lực không thể thiếu trong căn bếp hiện đại.Nồi chiên không dầu Gaaborvới dung tích 8 lít rộng rãi, giúp bạn dễ dàng nướng nguyên củ tỏi hay nhiều tép tỏi cùng lúc mà không lo chật chội.Công nghệ Rapid Air tiên tiến đảm bảo tỏi được nướng chín đều, vàng óng từ mọi phía, mang lại hương vị thơm ngon khó cưỡng.Bảng điều khiển cảm ứng dễ sử dụng cùng nhiều chế độ cài đặt sẵn giúp việc chế biến món ăn trở nên đơn giản hơn bao giờ hết.Nồi chiên không dầu Gaabor AF-80T01A 8 lítOnline giá rẻ quá1.763.000₫2.290.000₫-23%Xem chi tiết', 'Nếu bạn dùng tép tỏi đã bóc vỏ, hãy cho chúng vào giấy bạc, tẩm ướp dầu và muối tương tự rồi gói lại.', 'Nếu đây là lần đầu tiên bạn chiên tỏi bằng nồi chiên không dầu, hãy kiểm tra sau khoảng 12 phút. Tỏi nướng đạt chuẩn sẽ có màu vàng nâu đẹp mắt và các tép tỏi trở nên mềm mại, caramen hóa.', 'Xem thêm:Cách muối củ kiệu cuốn lá chua giòn, nhanh gọn tại nhà nhờ máy xay tỏi ớtCách ngâm tỏi xanh cay nồng đơn giản và bảo quản bằng hộp đựng thực phẩmCách làm dê cháy tỏi thơm lừng làm mồi nhắm cực hấp dẫn, ai ăn cũng mê']",,dienmayxanh.com
https://www.dienmayxanh.com/vao-bep/cong-thuc-nuoc-sot-me-cham-thit-nuong-cang-cham-cang-ghien-ma-23453,Món Nướng,Công thức nước sốt me chấm thịt nướng càng chấm càng ghiền mà ai cũng mê,"Bạn đang tìm kiếm bí quyết làm nước sốt chấm chomón nướnghoàn hảo? Hãy cùngvào bếpkhám phá cách làm sốt me chấm thịt nướng chua ngọt, đậm đà, biến mọi bữa tiệc món nướng của bạn thành trải nghiệm ẩm thực khó quên, đảm bảo ai cũng phải tấm tắc khen ngon!",,1 giờ + 15 phút,Cho 10 - 15 phần,,12,"['Me vắt - 40 gr', 'Dầu ăn - 2 muỗng canh', 'Tỏi băm - 1/2 muỗng canh', 'Hành khô  băm - 1/2 muỗng canh ((hành tím))', 'Ớt băm - 1/2 muỗng canh', 'Đường - 1/2 bát', 'Nước mắm - 1/2 bát', 'Nước - 1 bát', 'Tương ớt - 2 thìa canh', 'Tương cà - 2 thìa canh ((tùy chọn))', 'Mè rang - 1 ít', 'Bột ngọt - 1/2 muỗng cà phê ((tùy chọn))']","['Bước 1 - Chuẩn bị nước cốt me đậm đà: Đun sôi một lượng nước vừa đủ. Cho 40gr me vắt vào bát ăn cơm, sau đó đổ nước sôi đầy bát và ngâm khoảng 60 phút để me ra hết nước cốt. Sau khi ngâm, lọc hỗn hợp qua rây để loại bỏ bã và hạt, thu được một bát nước cốt me sánh mịn.', 'Bước 2 - Phi thơm hành tỏi ớt chuẩn vị: Bắc chảo lên bếp, cho vào 2 muỗng canh dầu ăn. Khi dầu nóng, cho 1/2 muỗng canh tỏi băm, 1/2 muỗng canh hành khô (hành tím) băm và 1/2 muỗng canh ớt băm nhỏ vào phi thơm. Đảo đều tay cho đến khi hành tỏi ớt dậy mùi và có màu vàng nhẹ.', 'Bước 3 - Nấu sốt me sền sệt hoàn hảo: Cho toàn bộ phần nước cốt me vào chảo đang phi hành tỏi ớt, khuấy đều. Tiếp theo, thêm 1/2 bát đường, 1/2 bát nước mắm, 1 bát nước, 2 thìa canh tương ớt, 2 thìa canh tương cà (nếu muốn sốt có màu đẹp và vị hài hòa hơn) và 1/2 muỗng cà phê bột ngọt. Đun hỗn hợp sốt trên lửa nhỏ, liên tục khuấy đều cho đến khi sốt sôi và bắt đầu sền sệt lại. Khi sốt đạt độ sánh mong muốn, tắt bếp. Bạn có thể nêm nếm lại cho hợp khẩu vị gia đình.', 'Bước 4 - Thành phẩm: Nước sốt me chấm thịt nướng đã hoàn thành với màu sắc bắt mắt, hương vị chua ngọt hài hòa, đậm đà, thơm lừng mùi hành tỏi ớt và me. Sốt có độ sánh vừa phải, lý tưởng để chấm kèm mọi món nướng, mang lại trải nghiệm ẩm thực khó quên cho cả gia đình. Khi thưởng thức cùng các món nướng như thịt ba chỉ nướng, sườn nướng hay hải sản nướng, hãy rắc thêm một ít mè rang lên trên để tăng thêm hương vị hấp dẫn.']","['Để món sốt me chấm thịt nướng thêm phần hoàn hảo, việc sử dụng một chiếc chảo chất lượng là không thể thiếu.Chảo nhôm chống dính 16 cm Lock&Lock LHD1163sẽ là trợ thủ đắc lực cho bạn trong mọi công đoạn chế biến.Chảo Lock&Lockđược làm từ chất liệu nhôm cao cấp, giúp truyền nhiệt nhanh và đều, đảm bảo sốt me của bạn chín tới hoàn hảo mà không lo bị cháy.Lớp chống dính bền bỉ giúp bạn dễ dàng khuấy đảo và vệ sinh sau khi sử dụng, tiết kiệm thời gian và công sức.Thiết kế nhỏ gọn 16 cm lý tưởng để làm các món sốt, chiên xào lượng nhỏ, phù hợp với mọi không gian bếp.Chảo nhôm chống dính 16 cm Lock&Lock LHD1163Online giá rẻ quá139.000₫255.000₫-45%Xem chi tiết', 'Đảm bảo nước sôi đủ nóng để me ra hết chất chua, giúp nước cốt me có vị đậm đà nhất.', 'Phi hành tỏi ớt ở lửa vừa để chúng vàng đều, thơm lừng mà không bị cháy khét, ảnh hưởng đến hương vị của sốt.', 'Để bảo quản nước sốt trong ngăn mát tủ lạnh được 2 - 3 tuần, bạn chỉ nên cho mè rang vào khi ăn. Nếu bảo quản lâu, không cho mè rang vào sốt.', 'Xem thêm:4 cách làm sốt chấm gà luộc thần thánh, càng chấm càng ghiền cực dễ làm4 công thức sốt chấm xoài ăn ngon mê ly dễ làm chỉ với chảo chống dínhCách làm nước chấm vịt nướng, vịt quay thơm ngon giúp nâng tầm món ăn']",,dienmayxanh.com
https://www.dienmayxanh.com/vao-bep/cach-lam-luon-nhat-nuong-sot-teriyaki-dung-chuan-tham-vi-tai-23435,Món Nướng,Cách làm lươn Nhật nướng sốt Teriyaki đúng chuẩn thấm vị tại nhà,"Chào mừng bạn đến chuyên mụcVào bếp! Hôm nay, chúng ta sẽ khám phá cách làm món lươn Nhật nướng trứ danh, đậm đà hương vị. Với hướng dẫn chi tiết này, bạn sẽ tự tay chế biếnmón nướngUnagi Don ngon chuẩn vị, mang tinh hoa ẩm thực Nhật Bản về nhà.",,30 phút + 40 phút,Cho 2 người,,4,"['Lươn tươi - 2 con', 'Gia vị thông dụng - 1 ít ((muối/giấm))', 'Mè rang - 1 muỗng cà phê ((trắng hoặc đen))', 'Sốt Teriyaki - 1 bát']","['Bước 1 - Sơ chế lươn tươi ngon: Lươn có một lớp nhớt bao phủ bên ngoài, vì vậy, bạn sẽ dùng dao sắc hoặc một chiếc bàn chải mềm để cạo sạch lớp nhớt này. Cần phải thực hiện cẩn thận, tránh làm rách da lươn vì da lươn là một yếu tố quan trọng giúp món ăn thêm phần hấp dẫn. Sau khi lớp nhớt được loại bỏ, rửa lươn dưới vòi nước sạch để loại bỏ hoàn toàn bụi bẩn và các chất nhầy còn lại. Để làm sạch sâu hơn và khử mùi tanh, bạn có thể sử dụng muối hoặc giấm. Tiếp theo, lươn sẽ được xử lý bằng cách cắt bỏ phần đầu và đuôi. Dùng cọc sắt ghim đầu lươn vào thớt, sau đó dùng dao sắc cắt dọc theo sống lươn để loại bỏ phần nội tạng bên trong. Đây là một bước quan trọng để đảm bảo món ăn không có mùi đắng hay khó chịu. Sau khi mổ xong, lươn sẽ được rửa lại một lần nữa, đảm bảo sạch sẽ trước khi tiến hành chế biến tiếp. Tùy vào công thức món ăn, lươn có thể được cắt thành những khúc nhỏ hoặc giữ nguyên con để nướng, mang lại những hương vị khác nhau.', 'Bước 2 - Xiên lươn chuẩn bị nướng: Sau khi đã làm sạch lươn, tiến hành bước tiếp theo là chuẩn bị lươn để nướng. Đầu tiên, đặt lươn lên một chiếc thớt phẳng. Tiếp theo, bằng những động tác nhẹ nhàng nhưng chắc chắn, lươn sẽ được xiên qua những chiếc xiên kim loại sao cho lươn không bị gãy hay vẹo trong quá trình nướng. Để giữ lươn được chắc chắn và không bị xê dịch, xiên ngang qua thân lươn. Việc xiên lươn một cách đều đặn, khéo léo giúp đảm bảo rằng lươn sẽ được nướng đều và đẹp mắt.', 'Bước 3 - Nướng lươn: Khi mọi thứ đã sẵn sàng, mang xiên lươn ra ngoài bếp, đặt lên vỉ nướng trên than hồng (hoặc bếp nướng điện). Lửa không được quá mạnh để tránh lươn bị cháy ngoài mà chưa chín bên trong. Bạn sẽ liên tục xoay trở xiên lươn để lươn được nướng vàng đều và giữ được độ ẩm mềm mại bên trong. Khi bắt đầu nướng, lớp da lươn từ từ chuyển sang màu vàng óng ả, tỏa ra một mùi thơm ngào ngạt. Lươn bắt đầu chín từ ngoài vào trong, lớp da ngoài có xu hướng căng lên, bóng loáng dưới ánh lửa. Bạn sẽ liên tục xoay những xiên lươn để đảm bảo chúng được nướng đều ở mọi mặt. Cả phần thân và đầu của con lươn đều được quay đều đặn để tạo ra một lớp vỏ giòn nhẹ không bị cháy mà vẫn giữ được độ mềm mọng của thịt bên trong.', 'Bước 4 - Nhúng lươn vào sốt: Trong quá trình nướng, bạn có thể nhúng lươn vào sốt Teriyaki giúp tạo một lớp phủ mượt mà và bóng bẩy. Lớp sốt gia vị này không chỉ làm cho lươn thêm phần thơm ngon mà còn tạo ra một lớp vỏ caramel hóa làm tăng thêm hương vị và độ hấp dẫn của món ăn. Sau đó nướng lươn lại lần nữa trên than để sốt thấm vào lươn và kẹo lại.', 'Bước 5 - Thành phẩm: Khi lươn dần chín, da lươn trở nên giòn và có màu vàng nâu. Thịt bên trong vẫn mềm mại và giữ được độ ẩm, không bị khô. Bạn có thể dùng một cây tăm hoặc dao nhỏ để kiểm tra độ chín của lươn. Khi lươn đã chín đều, có một lớp vỏ giòn và thịt bên trong vẫn mọng nước thì quá trình nướng đã hoàn thành.']","['Để món lươn nướng thêm phần hoàn hảo, việc lựa chọn dụng cụ nướng phù hợp là rất quan trọng.Bếp nướng điện Sunhouse SHD4602là một lựa chọn tuyệt vời giúp bạn chế biến món ăn này dễ dàng ngay tại nhà.Vớilò nướng Sunhouse, bạn có thể kiểm soát nhiệt độ ổn định, giúp lươn chín đều và vàng đẹp mà không lo bị cháy.Bếp có bề mặt chống dính cao cấp, giúp lươn không bị dính và dễ dàng lật trở trong quá trình nướng.Thiết kế nhỏ gọn, dễ dàng vệ sinh sau khi sử dụng, mang lại trải nghiệm nấu nướng tiện lợi và an toàn.Bếp nướng điện Sunhouse 2000W SHD4602Online giá rẻ quá1.289.000₫1.590.000₫-18%Quà690.000₫Xem chi tiết', 'Xem thêm:Cách làm sốt Teriyaki đúng chuẩn Nhật Bản tại nhà chỉ với 4 phút đơn giản', 'Xem thêm:Cách làm miến xào lươn cực hấp dẫn, thơm ngon đậm vị cho cả nhàCách làm lươn nướng sa tế cay cay thơm lừng cực ngon đơn giản2 cách làm lươn nướng thơm lừng, đơn giản ngon khó cưỡng']",,dienmayxanh.com
https://www.dienmayxanh.com/vao-bep/cach-uop-thit-nuong-com-tam-mem-mong-nuoc-thom-lung-chuan-vi-23431,Món Nướng,Cách ướp thịt nướng cơm tấm mềm mọng nước thơm lừng chuẩn vị,"Bạn đang tìm cách ướp thịt nướng cơm tấm mềm mọng, đậm đà hương vị?Vào bếpngay với công thức bí truyền này, đảm bảo món sườn nướng cơm tấm của bạn sẽ ngon bá cháy.Món nướngnày sẽ khiến cả nhà phải xuýt xoa!",,20 phút + 25 phút,Cho 1 kg thịt lợn (cốt lết),,10,"['Thịt lợn - 1 kg ((cốt lết))', 'Cam tươi - 1 quả', 'Sả - 3 cây', 'Hành tím - 1 củ', 'Tỏi - 4 tép', 'Gia vị - 1 ít ((muối/đường/tiêu xay/bột ngọt/hạt nêm/ngũ vị hương/dầu hào/nước mắm/nước tương/dầu màu điều))', 'Mật ong - 2 muỗng canh', 'Mạch nha - 2 muỗng canh', 'Dầu ăn - 1 muỗng canh', 'Nước lọc - 1 ít']","['Bước 1 - Sơ chế thịt lợn (cốt lết): Ngâm 1kg thịt lợn (cốt lết) trong nước muối khoảng 15 phút rồi vớt ra, để ráo hoàn toàn. Dùng búa đập thịt hoặc sống dao đập nhẹ nhàng để làm cho thịt mềm và dễ dàng thấm đều gia vị hơn.', 'Bước 2 - Sơ chế nguyên liệu khác: Hành tím và tỏi đập dập, băm thật nhỏ để lấy hương thơm tối đa. Sả bóc vỏ già, rửa sạch rồi băm nhỏ. Cam vắt lấy nước cốt, loại bỏ hạt.', 'Bước 3 - Pha nước sốt ướp thịt: Cho nước cam, một ít nước lọc, đường ăn, ngũ vị hương, tiêu, bột ngọt, hạt nêm, mạch nha, dầu hào, nước mắm, nước tương, mật ong, sữa đặc, dầu hạt điều và dầu ăn vào chảo chống dính. Khuấy đều hỗn hợp trên lửa nhỏ cho đến khi các gia vị tan hết và nước sốt hơi ấm nhẹ. Tip: Đảm bảo nước sốt chỉ ấm nhẹ, không nóng sôi để giữ hương vị tốt nhất khi ướp thịt.', 'Bước 4 - Ướp thịt nướng cơm tấm: Cho thịt đã sơ chế vào một bát tô lớn. Rưới nước sốt ướp thịt còn hơi ấm nhẹ lên thịt, thêm hành, tỏi, sả băm đã sơ chế. Trộn đều và massage nhẹ nhàng miếng thịt để gia vị thấm sâu. Ướp thịt sau 30 phút là có thể đem đi nướng để đạt độ ngon tối ưu.', 'Bước 5 - Nướng thịt thơm lừng: Làm nóng bếp nướng, lò nướng hoặc nồi chiên không dầu ở nhiệt độ thích hợp. Cho thịt đã ướp vào nướng đến khi chín vàng đều hai mặt, dậy mùi thơm hấp dẫn. Lật đều các mặt để thịt chín tới và không bị cháy xém.', 'Bước 6 - Thành phẩm: Thịt nướng cơm tấm đã hoàn thành với màu sắc bắt mắt, thơm lừng và mềm mọng. Cắt thịt thành miếng vừa ăn và thưởng thức cùng cơm tấm, đồ chua, dưa chuột và chén nước mắm chua ngọt.']","['Xem chi tiết:Thịt sườn cốt lết là gì, bao nhiêu calo? Cách chọn mua thịt sườn cốt lết', 'Chảo nhôm sâu chống dính đáy từ 20 cm Delites RLN-5020là trợ thủ đắc lực cho mọi căn bếp, giúp bạn chế biến món thịt nướng thơm ngon hay rang mè tiện lợi.Với lớp chống dính Delites cao cấp, chảo giúp thức ăn không bị bám dính, dễ dàng vệ sinh sau khi sử dụng.Đáy từ phù hợp với mọi loại bếp, từ bếp ga đến bếp từ, mang lại sự tiện lợi tối đa cho người dùng.Chảo chống dính deliteskích thước 20 cm nhỏ gọn, lý tưởng để làm nước sốt, rang mè trắng thơm giòn hoặc chế biến các món ăn nhỏ hàng ngày.Chảo nhôm sâu chống dính đáy từ Delites RLN-5020Online giá rẻ quá140.000₫250.000₫-44%Xem chi tiết', 'Xem thêm:2 cách làm cơm tấm sườn mềm ngon đậm đà hấp dẫn chuẩn vị ngoài hàng', 'Xem thêm:Cách làm sốt ướp thịt nướng BBQ chuẩn vị ngon như ngoài hàng, ăn là nghiềnTổng hợp 5 cách ướp thịt ba chỉ nướng than bằng vỉ nướng đơn giản hấp dẫnCách ướp thịt cốt lết chiên mềm ngon bằng máy xay thịt đa năng']",,dienmayxanh.com
https://www.dienmayxanh.com/vao-bep/cong-thuc-uop-thit-nuong-sua-dac-dung-chuan-de-mieng-thit-mem-23425,Món Nướng,Công thức ướp thịt nướng sữa đặc đúng chuẩn để miếng thịt mềm ngon tại nhà,"Bạn đang tìm cách ướp thịt nướng sữa đặc để món ăn mềm, thơm và đậm đà?Vào bếpcùng Điện máy XANH khám phá bí quyết ướp thịt nạc vai, sườn nướng hay cốt lết bằng sữa đặc, đảm bảo thành công ngay lần đầu, không lo thịt bị khô. Đảm bảo gia đình bạn sẽ mê mẩnmón nướngnày!",,25 phút + 20 phút,Cho 6 - 8 người,,10,"['Thịt nạc vai - 1 kg ((hoặc thịt sườn/ thịt cốt lết))', 'Hành tím/ tỏi - 1 ít', 'Dầu hào - 1 thìa canh', 'Nước tương - 1.5 thìa canh', 'Sữa đặc - 1 thìa canh', 'Mật ong - 1 thìa canh', 'Nước cốt hành tỏi - 3 thìa canh', 'Sốt ướp thịt nướng Hàn Quốc - 3 thìa canh ((có thể thay bằng 1/2 thìa canh nước tương))', 'Dầu màu điều - 1 thìa canh', 'Gia vị thông dụng - 1 ít ((Bột nêm/ Bột ngọt/ Ngũ vị hương/ Tiêu))']","['Bước 1 - Sơ chế thịt heo và hành tỏi: Hành tím và tỏi bóc vỏ, cắt nhỏ, cho vào máy xay cùng một chút nước rồi xay nhuyễn. Dùng vải sạch vắt lấy nước cốt hành tỏi, bỏ phần bã. Thịt nạc vai rửa sạch với muối và giấm loãng, sau đó rửa lại nhiều lần với nước sạch. Dùng khăn giấy thấm khô miếng thịt. Thái thịt thành những miếng có độ dày khoảng 2cm, cắt ngang thớ thịt để khi ăn thịt không bị dai. Dùng dụng cụ dần thịt hoặc sống dao để dần đều hai mặt của miếng thịt. Bước này giúp thịt mềm hơn và dễ dàng thấm đẫm gia vị ướp.', 'Bước 2 - Pha sốt và ướp thịt nướng sữa đặc: Trong một chiếc bát lớn, trộn đều các gia vị ướp: 1 thìa cà phê bột nêm, 1 thìa canh dầu hào, 1.5 thìa canh nước tương, 1 thìa canh sữa đặc, 1 thìa canh mật ong, 1/2 thìa cà phê bột ngọt, 1/2 thìa cà phê ngũ vị hương, 1/2 thìa cà phê tiêu, 3 thìa canh nước cốt hành tỏi, 3 thìa canh sốt ướp Hàn Quốc (nếu không có, bạn có thể thay bằng 1/2 thìa canh nước tương). Cho thịt đã dần vào bát sốt, dùng tay (có thể đeo găng tay) trộn đều để sốt thấm vào từng miếng thịt. Tiếp theo, thêm 1 thìa canh dầu màu điều và 3 thìa canh dầu hành tỏi phi vào, trộn đều một lần nữa. Bọc kín bát thịt bằng màng bọc thực phẩm và để trong ngăn mát tủ lạnh ít nhất 1 tiếng. Để thịt thực sự đậm đà và mềm ngon, bạn nên ướp từ 1 - 4 tiếng.', 'Bước 3 - Nướng thịt bằng nồi chiên không dầu: Sau khi thịt đã thấm gia vị, xếp thịt lên vỉ nướng đã lót sẵn giấy bạc. Nướng thịt trong nồi chiên không dầu (hoặc lò nướng) ở nhiệt độ 190°C (375°F) trong khoảng 6 - 7 phút. Sau đó, lấy thịt ra, lật mặt và nướng thêm khoảng 5 - 6 phút nữa cho đến khi thịt chín vàng đều và dậy mùi thơm lừng. Trong quá trình nướng, hãy thường xuyên kiểm tra để thịt không bị cháy và đạt độ vàng ưng ý.', 'Bước 4 - Thành phẩm: Thịt nướng sau khi hoàn thành sẽ có màu vàng óng đẹp mắt, hương thơm hấp dẫn và đặc biệt là rất mềm, không hề bị khô. Bạn có thể dùng món thịt nướng sữa đặc này với cơm tấm, bún, hoặc ăn kèm với rau sống tươi mát và chén nước mắm chua ngọt đậm đà.']","['Để món thịt nướng của bạn thêm phần hoàn hảo và tiện lợi, hãy cân nhắc sử dụngLò chiên không dầu Toshiba TL2-SAC25GZC(GR) 25 lít.Nồi chiên không dầu Toshibanày với dung tích 25 lít rộng rãi, giúp bạn dễ dàng nướng nhiều thịt cùng lúc mà không cần chia mẻ.Công nghệ chiên không dầu hiện đại giúp món ăn chín đều, giòn rụm bên ngoài nhưng vẫn mềm ẩm bên trong, hạn chế dầu mỡ.Với nhiều chế độ cài đặt sẵn và điều khiển dễ dàng, bạn có thể tự tin chế biến nhiều món ngon khác nhau cho gia đình.Lò chiên không dầu Toshiba TL2-SAC25GZC(GR) 25 lít4.440.000₫4.900.000₫-9%Xem chi tiết', 'Xem thêm:Làm món thịt nướng ngũ vị hương cùng công thức nước chấm ngon khó cưỡngCông thức làm thịt nướng kiểu Nga - thịt nướng Shashlik ngon như nhà hàngCách làm bún thịt nướng chay ngon bằng chảo nhôm để đổi vị cơm nhà']",,dienmayxanh.com
https://www.dienmayxanh.com/vao-bep/lam-mon-thit-nuong-ngu-vi-huong-cung-cong-thuc-nuoc-cham-ngon-23416,Món Nướng,Làm món thịt nướng ngũ vị hương cùng công thức nước chấm ngon khó cưỡng,"Bạn đang tìm cách ướp thịt nướng ngũ vị hương thơm ngon chuẩn vị?Vào bếpcùng Điện máy XANH với công thức thịt nướng ngũ vị hương đậm đà, mềm mọng, dễ làm tại nhà. Đảm bảomón nướngnày sẽ khiến cả gia đình bạn mê mẩn!",,20 phút + 35 phút,Cho 2 - 3 người,,9,"['Thịt nạc vai - 500 gr', 'Hành khô - 3 củ', 'Tỏi - 6 tép', 'Sả - 1 nhánh', 'Muối hạt - 1 ít', 'Mè rang - 1 ít ((tùy chọn))', 'Gia vị ướp - 1 ít ((bột ngọt/ bột nêm/ nước tương xì dầu/ dầu hào/ nước mắm/ ngũ vị hương/ tiêu xay/ dầu màu điều/ nước màu đường/ dầu mè/ dầu ăn))', 'Gia vị làm sốt chấm - 1 ít ((dầu mè/ bơ thực vật/ dầu hào/ tương ớt/ tương cà/ đường))', 'Gia vị làm nước mắm chua ngọt - 1 ít ((đường/ nước mắm/ tương ớt/ nước cốt chanh/ nước lọc/ tỏi băm/ ớt băm))']","['Bước 1 - Sơ chế thịt nạc vai mềm ngon: Thịt nạc vai mua về rửa sạch, thái thành những lát có độ dày khoảng hơn 1 cm. Rửa thịt lại với nước muối loãng, sau đó rửa lại bằng nước sạch và để ráo hoàn toàn. Dùng dụng cụ dần thịt hoặc sống dao dần nhẹ các miếng thịt. Điều này giúp thịt mềm hơn và dễ dàng thấm đều gia vị khi ướp. Cho thịt đã sơ chế vào bát lớn, thêm 1/2 thìa cà phê bột ngọt, 1.5 thìa cà phê bột nêm, 2 thìa cà phê nước tương xì dầu, 3 thìa cà phê dầu hào, 1 thìa cà phê nước mắm, 1/2 - 1 thìa cà phê ngũ vị hương, 1 thìa cà phê tiêu xay, 1 thìa canh dầu màu điều, 1 thìa canh nước màu đường, 2 thìa cà phê dầu mè và 2 thìa canh dầu ăn. Hành khô, tỏi, sả đập dập và băm nhỏ, sau đó cho vào bát thịt. Trộn đều và xoa bóp nhẹ nhàng để gia vị thấm sâu vào từng thớ thịt. Ướp thịt trong khoảng 30 - 60 phút.', 'Bước 2 - Pha chế nước chấm ăn kèm món nướng: Nước sốt chấm: Cho 2 thìa canh dầu mè và 1 thìa cà phê bơ thực vật vào chảo đun nóng. Thêm 2 thìa canh dầu hào, 3 thìa canh tương ớt, 2 thìa canh tương cà và 1/2 thìa canh đường vào, đun sôi hỗn hợp rồi tắt bếp. Khi ăn, bạn có thể rắc thêm mè rang lên trên để tăng hương vị. Nước mắm chua ngọt: Pha 1 thìa canh đường, 2 thìa canh nước mắm, 1 thìa canh tương ớt, 1.5 thìa canh nước cốt chanh và 3 thìa canh nước lọc. Khuấy đều cho đường tan hết, sau đó cho tỏi và ớt băm nhỏ vào.', 'Bước 3 - Nướng thịt bằng nồi chiên không dầu: Trước khi nướng, gạt bỏ bớt phần sả, hành, tỏi bám trên bề mặt thịt để tránh bị cháy khét. Xếp thịt vào khay của nồi chiên không dầu, tiến hành nướng:', 'Lần 1: Nướng ở nhiệt độ 170°C trong 10 phút. Sau đó lật mặt thịt và nướng thêm 10 phút nữa.', 'Lần 2: Lấy thịt ra, phết đều một lớp nước ướp thịt còn lại lên bề mặt. Nướng thêm ở nhiệt độ 200°C trong 5 - 6 phút mỗi mặt để thịt có màu vàng nâu hấp dẫn và chín đều.', 'Bước 4 - Thành phẩm: Thịt sau khi nướng chín vàng đều, thơm lừng thì lấy ra đĩa. Dùng kéo cắt thịt thành những miếng vừa ăn. Dọn thịt ra ăn kèm với cơm nóng hoặc bún, rau thơm và chấm cùng nước sốt hoặc nước mắm chua ngọt đã pha.']","['Để món thịt nướng ngũ vị hương của bạn thêm phần hoàn hảo và tiện lợi,Nồi chiên không dầu Philips NA231/00 6.2 lítsẽ là trợ thủ đắc lực. Thiết bị này giúp bạn chế biến món ăn thơm ngon mà vẫn đảm bảo sức khỏe cho cả gia đình.Nồi chiên không dầu Philipsvới công nghệ Rapid Air độc đáo giúp giảm đến 90% lượng dầu mỡ, mang lại món ăn giòn rụm bên ngoài, mềm mọng bên trong mà vẫn giữ trọn hương vị.Dung tích lớn 6.2 lít rất phù hợp cho gia đình đông người, dễ dàng chế biến lượng lớn thực phẩm chỉ trong một lần nướng, tiết kiệm thời gian hiệu quả.Thiết kế hiện đại, dễ sử dụng với các chế độ cài đặt sẵn và khả năng điều chỉnh nhiệt độ, thời gian linh hoạt, giúp bạn dễ dàng kiểm soát quá trình nấu nướng để có món ăn hoàn hảo nhất.Nồi chiên không dầu Philips NA231/00 6.2 lítOnline giá rẻ quá2.499.000₫2.940.000₫-15%Xem chi tiết', 'Để thịt ướp ngũ vị hương thấm vị ngon nhất, bạn nên ướp ít nhất 30 phút, hoặc có thể ướp qua đêm trong tủ lạnh.', 'Nếu không có nồi chiên không dầu, bạn có thể nướng thịt bằnglò nướnghoặc bếp than hoa để có hương vị đặc trưng.', 'Xem thêm:Công thức làm thịt nướng kiểu Nga - thịt nướng Shashlik ngon như nhà hàngChi tiết cách làm thịt nướng ngò kiểu Thái lạ miệng mà ngon khó cưỡng3 cách làm thịt nướng chao mềm ngon đậm đà đơn giản tại nhà']",,dienmayxanh.com
https://www.dienmayxanh.com/vao-bep/cach-lam-dui-cuu-nuong-ngay-tai-nha-don-gian-voi-cong-thuc-23410,Món Nướng,Cách làm đùi cừu nướng ngay tại nhà đơn giản với công thức chi tiết,"Cuối tuần này, hãy cùngVào bếpvới món đùi cừu nướng nguyên tảng rút xương thơm lừng, đậm vị thảo mộc. Công thứcmón nướngnày sẽ giúp bạn biến tấu món ăn sang chảnh thành bữa tiệc gia đình ấm cúng, đảm bảo ai cũng mê và không còn lo mùi gây khó chịu nữa!",,30 phút + 2 giờ,Cho 10 người,,8,"['Đùi cừu Úc rút xương - 1 cái ((khoảng 3kg))', 'Tỏi lớn - 1 củ ((để nhét vào thịt))', 'Cà rốt lớn - 2 củ', 'Khoai tây vừa - 4 củ', 'Hành tây tím - 1 củ', 'Lá hương thảo tươi - 1 ít', 'Gia vị thông dụng - 1 ít ((dầu ăn/muối/tiêu bột))', 'Chanh vàng - 1 quả ((tùy chọn để ăn kèm))']","['Bước 1 - Sơ chế đùi cừu rút xương: Đầu tiên, bạn cần rã đông đùi cừu. Cách tốt nhất là rã đông trong ngăn mát tủ lạnh khoảng 24 giờ. Nếu cần gấp, có thể rã đông tự nhiên ở nhiệt độ phòng khoảng 4-5 giờ. Mẹo nhỏ là đùi cừu Úc tươi ngon không cần rửa lại với nước đâu nhé, điều này giúp thịt giữ được kết cấu và vị tươi ngon tự nhiên. Giữ nguyên lớp lưới bọc bên ngoài đùi cừu. Dùng giấy bếp thấm khô miếng thịt thật kỹ. Sau đó, dùng mũi dao nhọn khứa hình chữ X lên mặt thịt ở giữa các ô lưới. Cố gắng khứa mà không làm rách sợi lưới bọc nhé, lát nữa bạn sẽ biết lý do! Bóc vỏ tỏi, sau đó nhét từng tép tỏi vào giữa các vết khứa trên mặt thịt. Điều này sẽ giúp thịt cừu thơm lừng từ trong ra ngoài.', 'Bước 2 - Ướp đùi cừu với thảo mộc: Để thịt không dính đáy nồi và giòn đều các mặt khi nướng, hãy xếp đều cà rốt đã cắt lát vào đáy nồi gang. Thoa đều một lớp dầu ăn mỏng lên khắp bề mặt đùi cừu. Sau đó, rắc đều khoảng 2 thìa nhỏ muối và tiêu bột lên khắp bề mặt thịt. Đừng quên lặp lại với mặt dưới của miếng thịt nhé. Giờ thì bạn đã biết công dụng của lớp lưới rồi chứ? Nhét các nhánh hương thảo tươi vào các mắt lưới. Hương thảo sẽ tỏa mùi thơm quyến rũ, cực kỳ hợp với thịt cừu.', 'Bước 3 - Chuẩn bị rau củ ăn kèm: Trong lúc chờ thịt thấm gia vị, chúng ta sẽ chuẩn bị phần rau củ để nướng kèm. Khoai tây rửa sạch, bổ miếng đều nhau. Bạn không cần gọt vỏ đâu nhé, vỏ khoai tây chứa nhiều kali rất tốt cho sức khỏe. Cà rốt rửa sạch, cắt thành các chóp tam giác chéo chứ không phải khoanh tròn. Tổ tiên mách bảo làm như này có lý do cả đấy! Hành tây tím lột vỏ, cắt khoanh tròn và tách nhẹ các vòng hành ra để khi nướng chín đều và thơm hơn. Thêm vài tép tỏi để nguyên vỏ vào cùng.', 'Bước 4 - Nướng đùi cừu nguyên tảng: Trước khi nướng, bạn nhớ làm nóng lò bằng cách bật lò nướng âm tủ trước khoảng 15 phút nhé. Cho nồi gang chứa đùi cừu vào lò. Luôn nhớ không được đậy nắp nồi gang để đùi cừu có độ xém vàng bắt mắt và lớp vỏ giòn tan. Nướng đùi cừu khoảng 1 tiếng (tùy theo kích thước đùi và độ chín mong muốn). Sau đó, dùng nhiệt kế đo thịt để kiểm tra mức độ chín bên trong. 60 độ C là nhiệt độ hoàn hảo cho mức độ Medium-rare (thịt còn hơi tái đỏ bên trong, mềm ngọt). Nếu gia đình bạn không ăn được thịt cừu màu đỏ, có thể nướng thêm 20-30 phút nữa để thịt chín Well-done mà vẫn mọng nước, không bị khô.', 'Bước 5 - Nướng rau củ ăn kèm: Trong thời gian chờ thịt nghỉ, chúng ta sẽ nướng rau củ. Bỏ bớt lớp mỡ thừa trong nồi gang (nếu có quá nhiều), sau đó trộn đều rau củ đã chuẩn bị với phần mỡ đã nướng cừu lúc nãy. Lớp mỡ cừu này sẽ giúp rau củ khi nướng không bị khô và thấm đẫm mùi thơm của gia vị thịt cừu, tạo nên hương vị dinh dưỡng tuyệt vời. Xếp lại rau củ vào nồi gang và bỏ lò khoảng 20 phút, hoặc tới khi chín mềm và xém vàng đều. Thời gian có thể lâu hơn tùy thuộc vào kích cỡ khoai và lượng rau củ bạn dùng.', 'Bước 6 - Thành phẩm: Khi đùi cừu đã nghỉ đủ thời gian, gỡ bỏ lớp lưới bọc và gạt bỏ các nhánh hương thảo, tỏi cháy xém bên ngoài. Dùng dao sắc thái thịt thành từng lát vừa ăn. Bạn sẽ thấy lớp mỡ bên ngoài xém vàng, giòn rụm hòa quyện cùng mùi hương thảo hấp dẫn. Bày thịt đùi cừu nướng cùng rau củ đã nướng ra đĩa. Nếu bạn chưa quen ăn thịt cừu hoặc e ngại mùi đặc trưng, mức độ chín tới với lớp mỡ giòn tan này sẽ giúp giảm mùi gây đáng kể. Để tăng thêm hương vị và giúp thịt cừu không bị ngán, bạn có thể vắt thêm một chút chanh vàng lên lát thịt khi ăn. Chúc bạn và gia đình có một bữa ăn ngon miệng và giàu chất xơ, vitamin!']","['Để có món đùi cừu nướng hoàn hảo, một chiếc lò nướng chất lượng là không thể thiếu.Lò nướng âm Panasonic HL-CX672BYUE 78 lítvới dung tích lớn sẽ là trợ thủ đắc lực cho mọi bữa tiệc.Lò nướng Panasonicđược thiết kế âm tủ hiện đại, giúp tối ưu không gian bếp và tăng thêm vẻ sang trọng cho căn nhà của bạn.Với dung tích 78 lít, lò dễ dàng nướng nguyên tảng đùi cừu lớn hay nhiều món ăn cùng lúc, phù hợp cho gia đình đông người hoặc những buổi tụ họp.Công nghệ nướng tiên tiến đảm bảo nhiệt độ ổn định, giúp món ăn chín đều từ trong ra ngoài, giữ trọn hương vị thơm ngon và độ ẩm tự nhiên.Trả chậm 0% trả trước 0đLò nướng âm tủ Panasonic 2653 - 3158W HL-CX672BYUE 78 lítChỉ bán online13.990.000₫17.970.000₫-22%Xem chi tiết', 'Mẹo nhỏ là đùi cừu Úc tươi ngon không cần rửa lại với nước đâu nhé, điều này giúp thịt giữ được kết cấu và vị tươi ngon tự nhiên.', 'Mẹo này cũng giúp đùi cừu nằm ngang phẳng, chín đều và vàng đẹp mà không cần phải lật.', 'Luôn nhớ đặt mặt đùi có lớp mỡ phủ kín lên trên. Khi nướng, lớp mỡ này sẽ chảy ra, giúp thịt giữ được độ ẩm, không bị khô và tạo ra lớp vỏ giòn tan thơm phức.', 'Khi thịt đã chín, lấy ra khỏi lò và đặt lên một tấm đá giữ nhiệt tốt để thịt được nghỉ ngơi. Mẹo này giúp giữ nước trong thịt, làm thịt mềm và ngon hơn.', 'Xem thêm:Cách làm bò nướng tảng bằng nồi chiên không dầu chuẩn nhiệt như nhà hàngCách làm sườn cừu nướng kiểu Pháp thơm ngon đậm đà chuẩn vị tại nhà2 Cách làm sườn nướng ngũ vị bằng lò nướng ngon đậm đà đơn giản tại nhà']",,dienmayxanh.com
https://www.dienmayxanh.com/vao-bep/cach-uop-thit-nuong-mien-bac-dam-vi-thom-lung-an-khong-ngan-23403,Món Nướng,Cách ướp thịt nướng miền Bắc đậm vị thơm lừng ăn không ngán,"Bạn đang tìm cách ướp thịt nướng miền Bắc chuẩn vị Hà Nội?Vào bếpđể khám phá bí quyết làm nên món bún chả nức tiếng. Công thức ướp thịt nướng đơn giản, thơm lừng, đảm bảomón nướngcủa bạn sẽ thành công mỹ mãn, làm hài lòng cả gia đình!",,30 phút + 40 phút,Cho 4 người,,6,"['Thịt ba chỉ thái miếng mỏng vừa phải - 500 gr', 'Thịt nạc vai băm nhỏ - 500 gr ((không băm vụn))', 'Hành tím - 6 củ ((hành khô))', 'Tỏi - 15 tép', 'Hành hoa - 1 bó ((cả phần trắng và xanh))', 'Gia vị ướp chả - 1 ít ((nước mắm/dầu hào/đường vàng/bột nêm/nước hàng/hạt tiêu))']","['Bước 1 - Sơ chế nguyên liệu: Thịt nạc vai: Băm nhỏ nhưng nhớ là không băm vụn quá nhé, giữ chút độ dai giòn. Bạn có thể dùng máy xay hoặc băm tay tùy thích. Thịt ba chỉ: Thái miếng mỏng vừa phải, không quá dày cũng không quá mỏng để khi nướng không bị khô. Hành tím (hành khô): 6 củ băm nhỏ. Chúng ta sẽ chia đôi: 3 củ cho phần chả miếng và 3 củ cho phần chả băm. Tỏi: 10-15 nhánh, băm nhỏ. Chia đều: 1 muỗng canh cho chả miếng và 1 muỗng canh cho chả băm. Hành hoa: Thái nhỏ. Phần đầu trắng của hành hoa sẽ cho vào chả miếng, còn phần lá xanh sẽ cho vào chả băm để tạo hương vị đặc trưng.', 'Bước 2 - Ướp chả thơm lừng, đậm đà: Ướp chả miếng:Cho thịt ba chỉ đã thái vào tô. Thêm 3 củ hành khô băm, 1 muỗng canh tỏi bằm, cùng phần hành trắng thái nhỏ. Tiếp tục cho vào 1 muỗng canh nước mắm, 1 muỗng canh dầu hào, 2 muỗng cà phê đường vàng, 1/2 muỗng cà phê bột nêm, 1 muỗng canh nước hàng (hay còn gọi là nước màu), và 1 muỗng cà phê hạt tiêu. Dùng tay bóp, massage đều để gia vị thấm sâu vào từng thớ thịt. Ướp chả băm:Cho thịt nạc vai băm vào tô. Thêm 3 củ hành khô băm, 1 muỗng canh tỏi bằm, cùng phần hành xanh thái nhỏ. Sau đó, thêm 1 muỗng canh nước mắm, 1 muỗng canh dầu hào, 2 muỗng cà phê đường vàng, 1/2 muỗng cà phê bột nêm, 1 muỗng canh nước hàng, và 1 muỗng cà phê hạt tiêu. Dùng tay bóp, massage đều tương tự như chả miếng. Sau khi ướp xong, bạn hãy để thịt ngấm gia vị ít nhất từ 1 đến 2 tiếng trong tủ lạnh.', 'Bước 3 - Nướng chả thơm lừng, vàng óng: Trước khi nướng: Đối với chả băm, bạn hãy cho thêm 2 muỗng canh dầu ăn vào trộn đều trước khi nặn và nướng. Điều này giúp chả không bị khô và mềm mại hơn khi chín. Nặn chả băm thành từng viên tròn vừa ăn. Nướng chả: Bạn có thể nướng bằng than hoa để có hương vị truyền thống và thơm ngon nhất. Nếu không có than hoa, bạn có thể dùng lò nướng điện như Lò nướng Toshiba TL-MC40EZF(GR) 40 lít để tiện lợi hơn. Xếp chả miếng vào vỉ nướng trước. Khi nướng, mỡ từ chả miếng sẽ chảy xuống, làm thơm và mềm chả băm nếu bạn nướng chả băm ở phía dưới. Lật đều tay để chả chín vàng đều các mặt, không bị cháy.', 'Bước 4 - Thành phẩm: Khi chả đã chín vàng ươm, thơm lừng, chúng ta cùng gắp ra đĩa. Bún chả Hà Nội thường được ăn kèm với bún tươi, dưa góp và nước chấm thần thánh. Cho bún, chả miếng, chả băm và dưa góp vào bát. Rưới nước chấm nóng hổi lên trên, rắc thêm chút hạt tiêu. Cắn miếng chả mềm mại, đậm đà, thơm mùi hành tỏi, hòa quyện với vị chua ngọt của dưa góp và nước chấm, bạn sẽ cảm nhận được hương vị bún chả Hà Nội chuẩn mực. Chúc bạn thành công và ngon miệng!']","['Để món bún chả thêm hoàn hảo, việc nướng chả đúng cách là vô cùng quan trọng.Lò nướng Toshiba TL-MC40EZF(GR) 40 lítlà trợ thủ đắc lực giúp bạn có những mẻ chả thơm ngon, vàng đều mà không lo bị cháy.Lò nướng Toshibavới dung tích 40 lít, phù hợp cho gia đình, dễ dàng nướng cả chả miếng và chả băm.Công nghệ nướng đối lưu giúp nhiệt độ phân bổ đều, chả chín vàng đẹp mắt từ mọi phía.Thiết kế hiện đại, dễ sử dụng, giúp bạn chế biến món nướng tại nhà tiện lợi và sạch sẽ.Lò nướng thùng Toshiba 1800W TL-MC40EZF(GR) 40 lítOnline giá rẻ quá2.990.000₫3.420.000₫-12%Xem chi tiết', 'quan trọng: Đối với món bún chả Hà Nội truyền thống, tuyệt đối không cho sả và ngũ vị hương để giữ đúng hương vị đặc trưng nhé!', 'Xem thêm:3 cách làm thịt nướng bằng nồi chiên không dầu mềm ngon thơm lừngCách làm bún thịt nướng bằng nồi chiên không dầu cực dễ dàng, thơm ngonCách làm thịt nướng bằng chảo thơm ngon khó cưỡng, đơn giản tại nhà']",,dienmayxanh.com
https://www.dienmayxanh.com/vao-bep/cach-uop-ca-hap-giay-bac-thom-ngon-dam-da-chuan-vi-de-lam-tai-23565,Món Hấp,"Cách ướp cá hấp giấy bạc thơm ngon, đậm đà chuẩn vị dễ làm tại nhà","Bạn đang tìm công thức cá hấp giấy bạc thơm ngon, chuẩn vị?Vào bếpcùng Điện máy XANH và khám phá cách làm cá hấp giấy bạc diêu hồng đơn giản mà cực kỳ hấp dẫn.Món hấpnày sẽ mang đến bữa ăn gia đình ấm cúng, đậm đà hương vị hải sản tươi ngon!",,30 phút + 20 phút,Cho 2 - 3 người,,7,"['Cá điêu hồng - 1 con ((khoảng 700gr - 900gr))', 'Hành lá - 20 gr', 'Ngò rí - 10 gr', 'Tiêu xanh - 30 gr ((có thể bỏ qua))', 'Ớt xanh - 4 trái', 'Hành tím - 30 gr', 'Gia vị thông dụng - 1 ít ((tiêu xay/ bột ngọt/ đường/ hạt nêm/ dầu hào/ tương ớt/ dầu mè/ nước tương/ rượu trắng))']","['Bước 1 - Sơ chế nguyên liệu tươi ngon: Cá điêu hồng bạn làm sạch cá rồi khử mùi tanh hiệu quả bằng muối và một ít rượu trắng (nếu có). Rửa lại thật sạch với nước. Dùng dao khứa 3 - 4 đường chéo trên thân cá mỗi bên, độ sâu vừa phải để cá dễ thấm gia vị mà không bị nát. Hành lá thì rửa sạch, cắt bỏ lá úa. Phần đầu hành trắng băm nhỏ, phần lá xanh cắt khúc để trang trí sau. Ngò rí cũng rửa sạch, cắt nhỏ phần gốc rễ để tăng hương thơm. Tiêu xanh thì đập dập khoảng 10gr rồi băm nhỏ. Giữ lại 20gr tiêu nguyên hạt để hấp cùng. Ớt xanh cũng đập dập. Bạn có thể điều chỉnh lượng ớt tùy theo khẩu vị ăn cay của gia đình. Hành tím thì bóc vỏ, băm nhỏ.', 'Bước 2 - Pha nước sốt ướp cá hấp xì dầu: Trong một bát tô, cho tất cả các nguyên liệu sau vào: hành lá băm, ngò rí băm, tiêu xanh băm, ớt xanh đập dập, hành tím băm. Thêm vào 2gr tiêu xay, 4gr bột ngọt, 5gr đường, 7gr hạt nêm, 15gr dầu hào, 12gr tương ớt, 2gr dầu mè và 20gr nước tương. Khuấy đều hỗn hợp cho đến khi các gia vị tan hoàn toàn, tạo thành một loại nước sốt ướp cá đậm đà.', 'Bước 3 - Ướp cá nướng giấy bạc: Trải một tờ giấy bạc lớn lên mặt phẳng sạch. Đặt cá điêu hồng đã sơ chế lên giữa tờ giấy bạc. Dùng muỗng rưới đều một nửa lượng nước sốt đã pha lên một mặt cá. Dùng tay (có đeo găng tay) xoa đều nước sốt khắp thân cá, đảm bảo sốt thấm vào các đường khứa và cả trong bụng cá. Lật cá lại và làm tương tự với mặt còn lại bằng phần nước sốt còn lại. Rải đều phần tiêu xanh nguyên hạt còn lại lên trên mình cá để tăng thêm hương vị cay nồng.', 'Bước 4 - Gói cá và hấp chín: Gói kín giấy bạc lại, đảm bảo không có kẽ hở nào để giữ trọn hơi nước và hương vị bên trong gói cá. Dùng một que tre nhọn hoặc tăm châm vài lỗ nhỏ trên mặt giấy bạc. Việc này giúp hơi nước thoát ra đều, cá chín nhanh hơn mà không bị nát. Cho gói cá đã bọc giấy bạc vào xửng hấp đã đun sôi nước. Hấp cá trong khoảng 17 - 20 phút với lửa vừa. Thời gian hấp có thể điều chỉnh tùy kích thước cá.', 'Bước 5 - Thành phẩm: Sau khi cá chín, cẩn thận lấy gói cá ra khỏi xửng. Mở lớp giấy bạc ra (hãy cẩn thận với hơi nóng bốc lên nhé!). Món cá hấp giấy bạc thơm lừng mùi tiêu xanh, hành, ngò và các gia vị đậm đà đã sẵn sàng để thưởng thức cùng gia đình. Nên ăn nóng kèm với bún, bánh tráng cuốn rau sống hoặc cơm trắng đều rất ngon. Chấm kèm nước tương tỏi ớt để tăng thêm hương vị món ăn gia đình này.']","['Để món cá hấp giấy bạc của bạn thêm hoàn hảo, việc lựa chọn dụng cụ hấp phù hợp là rất quan trọng.Nồi hấp đa năng Unie UE560 18 lítsẽ là trợ thủ đắc lực cho bạn.Với dung tích lớn 18 lít, nồi hấp Unie UE560 giúp bạn dễ dàng hấp nguyên con cá lớn, đảm bảo cá chín đều và giữ trọn dưỡng chất.Thiết kế thông minh cùng chất liệu cao cấp giúp giữ nhiệt tốt, tiết kiệm thời gian và năng lượng khi chế biến món hấp.Nồi còn có nhiều tính năng tiện ích khác, giúp bạn chế biến đa dạng các món ăn hấp thơm ngon cho gia đình một cách dễ dàng.Nồi hấp đa năng Unie UE560 18 lítOnline giá rẻ quá890.000₫1.590.000₫-44%Xem chi tiết', 'Để món cá hấp không tanh và thơm ngon hơn, bạn có thể thêm vài lát gừng hoặc sả vào nước hấp.', 'Xem thêm:9 cách làm món cá hấp gừng bằng nồi hấp cay nồng hấp dẫn đơn giảnCá hấp tàu xì làm theo cách này với nồi hấp đảm bảo thơm ngon khó cưỡngCách ướp cá hấp hành sả gừng thơm lừng thấm vị đơn giản tại nhà']",,dienmayxanh.com
https://www.dienmayxanh.com/vao-bep/cach-hap-xoi-ngon-thom-deo-tai-nha-don-gian-chi-voi-vai-phut-23551,Món Hấp,Cách hấp xôi ngon thơm dẻo tại nhà đơn giản chỉ với vài phút,"Bạn muốn biết cách hấp xôi ngon mà không cần ngâm nếp qua đêm?Vào bếpcùng Điện máy XANH với bí quyết hấp xôi nước cốt dừa siêu tốc chỉ 15 phút, đảm bảo xôi mềm dẻo, thơm ngon, để qua đêm vẫn như mới.Món hấpnày sẽ khiến bạn bất ngờ!",,10 phút + 20 phút,Cho 3 - 4 người,,5,"['Nếp - 500 gr', 'Nước cốt dừa - 450 ml', 'Màu thực phẩm - 1 ít ((tím/ xanh lá dứa))', 'Dứa - 3 lá', 'Gia vị thông dụng - 1 ít ((đường/ muối))']","['Bước 1 - Sơ chế nếp và chuẩn bị nước cốt dừa: Đầu tiên, bạn vo sạch 500gr nếp. Với 500g nếp, bạn dùng 450ml nước cốt dừa. Nếu bạn dùng lon nước cốt dừa đặc hơn, hãy pha theo tỉ lệ 2 phần nước cốt dừa + 1 phần nước, tổng lượng chất lỏng vẫn là 450ml. Tùy loại nếp mới hay cũ mà lượng nước có thể dao động từ 400–450ml. Nếu muốn làm xôi tím hoặc xôi lá dứa, bạn có thể cho thêm một chút màu tím vào nước cốt dừa hoặc xay lấy nước lá dứa và pha vào cùng nước cốt dừa sao cho tổng chất lỏng vẫn đủ 450ml.', 'Bước 2 - Xào nếp với nước cốt dừa: Cho 450ml nước cốt dừa đã chuẩn bị vào chảo. Sau đó, cho 500g nếp đã vo sạch vào. Bật lửa nhỏ và bắt đầu xào nếp. Xào từ từ, đều tay cho đến khi toàn bộ nước cốt dừa thấm hết vào hạt nếp. Bạn chỉ cần xào khoảng 3–5 phút, khi thấy nước không còn trong chảo nữa là được. Bước này giúp hạt nếp ngấm đều vị béo của nước cốt dừa và giữ được độ dẻo thơm sau khi hấp.', 'Bước 3 - Hấp xôi lần 1 với xửng hấp: Tiếp theo, bạn cho phần nếp đã xào vào xửng hấp. Để xôi không bị dính và dễ lấy ra, bạn nên lót dưới đáy xửng bằng tấm lưới chống dính. Nếu không có, bạn có thể dùng khăn xô hoặc khăn mỏng sạch. Hấp xôi với lửa vừa trong khoảng 10–15 phút. Để xôi có mùi thơm đặc trưng, bạn có thể cho thêm vài lá dứa vào xửng hấp cùng với nếp. Sau thời gian đó, mở nắp kiểm tra. Lúc này, xôi đã gần chín và hạt nếp đã nở đều.', 'Bước 4 - Trộn gia vị và hấp xôi lần 2: Trong một chén nhỏ, bạn pha hỗn hợp gia vị gồm 3 muỗng canh đường, 1/2 muỗng cà phê muối, 3 muỗng canh nước nóng. Khuấy đều cho đường và muối tan hoàn toàn. Sau đó, bạn rưới từng chút hỗn hợp nước đường muối này lên mặt xôi trong xửng và trộn nhanh tay để gia vị thấm đều vào từng hạt xôi. Đậy nắp lại và hấp thêm 5 phút nữa rồi tắt bếp.', 'Bước 5 - Thành phẩm: Xôi hấp nước cốt dừa của chúng ta đã hoàn thành! Xôi thơm lừng mùi nước cốt dừa, hạt nếp căng mọng, không bị nát, vẫn nguyên hạt và dẻo chứ không nhão. Đặc biệt, với cách làm này, xôi để qua đêm hoặc để tủ lạnh vẫn giữ được độ mềm dẻo. Mỗi lần ăn, bạn chỉ cần quay lại bằng lò vi sóng là xôi mềm dẻo như mới. Món xôi này rất thích hợp ăn kèm chà bông và hành phi. Chúc mọi người thành công với món xôi hấp nhanh này nhé!']","['Để món xôi hấp của bạn thêm phần hoàn hảo và tiện lợi, việc sở hữu một bộ nồi xửng chất lượng là không thể thiếu.Bộ nồi xửng inox 5 đáy nắp kính 24 cm Sunhouse SHG507-24là lựa chọn lý tưởng cho mọi gia đình.Bộ nồi Sunhousenày được làm từ inox cao cấp, đảm bảo độ bền bỉ và an toàn cho sức khỏe. Thiết kế 5 đáy giúp truyền nhiệt nhanh và đều, giúp xôi chín tới hoàn hảo mà không lo cháy.Nắp kính trong suốt tiện lợi giúp bạn dễ dàng quan sát quá trình hấp xôi mà không cần mở nắp. Quai cầm chắc chắn, cách nhiệt, mang lại sự an toàn và thoải mái khi sử dụng.Với đường kính 24 cm, bộ nồi xửng này đủ lớn để bạn hấp một lượng xôi vừa phải cho gia đình. Sản phẩm là trợ thủ đắc lực cho những món hấp thơm ngon.Bộ nồi xửng inox 5 đáy Sunhouse SHG507-24Hàng phải chuyển về350.000₫491.000₫-28%Xem chi tiết', 'Lưu ý quan trọng là không nên ngâm nếp. Sau khi vo, bạn phải làm ngay, không để nếp ngấm nước quá lâu vì khi hấp hạt nếp sẽ bị nở bể, không còn nguyên hạt.', 'Nếu bạn không xào nếp bằng nước cốt dừa mà dùng nước, thì ở bước này nên thêm một chút dầu dừa để xôi bóng và thơm hơn, giúp xôi tơi xốp và không bị khô.', 'Xem thêm:Cách nấu xôi gấc ngon, đỏ hấp dẫn và cực đơn giản tại nhàBí quyết nấu xôi ngon với nồi cơm điện2 Cách làm xôi xoài Thái Lan chuẩn vị, ăn không ngán, ngon hơn ngoài hàng']",,dienmayxanh.com
https://www.dienmayxanh.com/vao-bep/cach-lam-oc-hap-la-gung-sieu-ngon-gion-san-sat-de-chinh-phuc-23558,Món Hấp,Cách làm ốc hấp lá gừng siêu ngon giòn sần sật để chinh phục mọi thực khách,"Ốc hấp lá gừng là mónăn vặthay món nhậu được nhiều người yêu thích. Với công thứcvào bếpnày, bạn sẽ tự tay làm món ốc nhồi hấp lá gừng thơm lừng, giòn sần sật. Đảm bảo thành công ngay lần đầu, cùng thử nhé!",,45 phút + 12 phút,Cho 4 người,,12,"['Thịt ốc băm - 500 gr', 'Nạc vai xay - 200 gr', 'Giò sống - 200 gr', 'Mỡ thăn xay - 100 gr', 'Mộc nhĩ băm - 15 gr', 'Nấm hương băm - 15 gr', 'Hành khô băm - 2 củ', 'Tỏi băm - 2 nhánh', 'Gừng băm - 2 lát', 'Gia vị thông dụng - 1 ít ((đường/ mì chính/ hạt nêm/ tiêu đen))', 'Lá gừng/ lá chanh/ gừng - 1 ít', 'Dầu ăn - 3 thìa']","['Bước 1 - Sơ chế ốc và các nguyên liệu khác: Đầu tiên, bạn mua ốc to, hấp chín rồi lể lấy thịt. Rửa sạch nhớt bằng giấm và muối để khử mùi tanh hiệu quả. Băm nhỏ thịt ốc, lưu ý không xay vì xay sẽ làm ốc mất độ giòn sần sật đặc trưng khi ăn. Đây là bí quyết quan trọng để món ốc nhồi hấp lá gừng của bạn ngon đúng điệu! Tiếp theo, băm nhỏ mộc nhĩ, nấm hương, hành khô, tỏi và gừng.', 'Bước 2 - Trộn nhân ốc nhồi hấp lá gừng: Cho 500gr thịt ốc băm, 200gr nạc vai xay, 200gr giò sống và 100gr mỡ thăn xay vào một tô lớn. Thêm 15gr mộc nhĩ băm, 15gr nấm hương băm, 2 củ hành khô băm, 2 nhánh tỏi băm và 2 lát gừng băm vào tô. Nêm gia vị gồm 1 thìa cà phê đường, 1/2 thìa cà phê mì chính, 1 thìa cà phê hạt nêm, 1/4 thìa cà phê tiêu đen và 3 thìa dầu ăn. Trộn đều tất cả các nguyên liệu cho đến khi hòa quyện và có độ kết dính.', 'Bước 3 - Nhồi ốc: Nhét một lá gừng nhỏ vào sâu bên trong vỏ ốc. Bôi một chút dầu ăn xung quanh thành vỏ ốc để khi hấp nhân không bị dính. Nặn một viên nhân cỡ vừa, vừa đủ lấp đầy vỏ ốc. Lưu ý, không cho quá nhiều nhân vì lúc hấp nhân sẽ hơi nở ra, dễ bị tràn ra ngoài.', 'Bước 4 - Hấp ốc nhồi lá gừng thơm lừng: Bắc nồi lên bếp, cho nước vào. Thêm vài lá chanh, 2 nhánh sả đập dập và 2 nhánh gừng nhỏ đập dập vào nước hấp để tạo hương thơm quyến rũ cho món ăn. Đặt vỉ hấp lên, xếp các dĩa ốc đã nhồi vào nồi. Hấp cách thủy khoảng 12 phút, tính từ lúc nước bắt đầu sôi. Đảm bảo ốc chín tới, giữ được độ giòn ngon.', 'Bước 5 - Thành phẩm: Ốc nhồi hấp lá gừng nóng hổi, thơm lừng mùi sả, gừng và lá chanh sẽ sẵn sàng để bạn thưởng thức. Nhân ốc giòn sần sật, đậm đà gia vị, chắc chắn sẽ làm hài lòng cả những vị khách khó tính nhất.']","['Nồi nhôm đúc vân đá nắp kính 24 cm Carez CPC595DI24SNlà lựa chọn hoàn hảo để hấp món ốc nhồi lá gừng thơm ngon tại nhà.Nồi Carez được làm từ hợp kim nhôm đúc cao cấp, giúp truyền nhiệt nhanh và đều, giữ trọn hương vị món ăn.Lớp chống dính vân đá bền bỉ, an toàn cho sức khỏe, giúp việc vệ sinh sau khi nấu trở nên dễ dàng hơn bao giờ hết.Thiết kế nắp kính tiện lợi giúp bạn dễ dàng quan sát quá trình hấp mà không cần mở nắp, giữ nhiệt tối ưu.Nồi nhôm đúc vân đá Carez CPC595DI24SN750.000₫1.374.000₫-45%Xem chi tiết', 'Xem thêm:Cách làm ốc hấp mẻ siêu đơn giản, siêu thơm ngon cho ngày lạnh2 cách làm ốc hấp tiêu, hấp sả kiểu Thái thơm ngon hít hàTổng hợp 10 cách làm ốc hấp đơn giản, thơm ngon ăn là ghiền']",,dienmayxanh.com
https://www.dienmayxanh.com/vao-bep/cach-uop-ca-hap-hanh-sa-gung-thom-lung-tham-vi-don-gian-tai-23546,Món Hấp,Cách ướp cá hấp hành sả gừng thơm lừng thấm vị đơn giản tại nhà,"Bạn muốn biết cách ướp cá hấp sả gừng thơm ngon, không tanh? Với mẹovào bếpnày, bạn sẽ có ngay công thức ướp cá hấp đúng chuẩn. Đảm bảomón hấpcủa bạn sẽ chinh phục mọi thành viên trong gia đình!",,20 phút + 15 phút,Cho 2-3 người,,14,"['Cá nục tươi - 500 gr', 'Rượu trắng - 50 ml', 'Hành lá - 20 gr', 'Sả - 5 cây', 'Ớt sừng không cay - 2 quả', 'Tỏi - 4 tép', 'Hành tím - 20 gr', 'Rễ ngò rí - 5 cái', 'Hành tây vừa - 1 củ', 'Gừng - 1 nhánh', 'Gia vị thông dụng - 1 ít ((nước mắm/đường/bột ngọt/dầu hào/tiêu xay/hạt nêm/muối hạt))', 'Rau ăn kèm - 1 ít ((xà lách/xoài xanh/rau thơm))', 'Bánh tráng mỏng - 1 gói', 'Bún - 200 gr']","['Bước 1 - Sơ chế cá nục và khử mùi tanh hiệu quả: Đầu tiên, bạn dùng kéo cắt một đường dọc bụng cá nục, sau đó móc bỏ hết ruột và rửa sạch dưới vòi nước. Bạn có thể nhờ người bán làm sạch ruột cá giúp tiết kiệm thời gian nhé! Để khử mùi tanh cá triệt để, bạn cho cá vào thau, thêm 1 muỗng canh muối hạt, 1 muỗng canh gừng đập dập và khoảng 2 muỗng canh rượu trắng. Dùng tay bóp nhẹ và chà xát đều hỗn hợp này lên mình cá, đặc biệt là phần bụng. Rửa lại cá thật sạch với 2 lần nước rồi để ráo.', 'Bước 2 - Sơ chế các loại gia vị hấp thơm ngon: Gừng: Một nửa thái lát mỏng, một nửa thái sợi và phần còn lại băm nhỏ. Hành tây: Bóc vỏ, thái lát mỏng đều. Hành lá: Cắt riêng phần gốc và phần lá, mỗi phần cắt khúc khoảng 3cm. Ngò rí: Lấy riêng phần gốc để lót nồi hấp. Sả: Đập dập cho thơm, sau đó cắt khúc khoảng 4cm. Ớt sừng không cay: Thái sợi mỏng. Hành tím: Một phần đập dập, khoảng 2 củ băm nhỏ để ướp cá.', 'Bước 3 - Pha nước sốt và ướp cá nục hấp chuẩn vị: Chuẩn bị một chén nhỏ để pha nước sốt gia vị ướp cá hấp: Cho vào 2 muỗng canh nước mắm, 1 muỗng cà phê đường, 1/2 muỗng cà phê hạt nêm, 1/3 muỗng cà phê tiêu xay, 1 muỗng canh dầu hào, 1/3 muỗng cà phê bột ngọt, toàn bộ hành tím băm và gừng băm đã chuẩn bị. Trộn đều cho các gia vị hòa quyện. Cá nục sau khi đã ráo nước, dùng dao khứa 2-3 đường chéo trên thân cá để gia vị dễ thấm. Phết đều hỗn hợp nước sốt đã pha lên khắp mình cá, nhét một ít gừng và hành tím băm vào bụng cá. Dùng tay xoa bóp nhẹ nhàng khoảng 2 phút để cá thấm gia vị. Ướp cá trong khoảng 15 phút.', 'Bước 4 - Hấp cá nục sả gừng thơm lừng: Chuẩn bị nồi hấp (hoặc sử dụng Nồi lẩu hấp đa năng BlueStone MPB-7235 15 lít). Lót một lớp dưới đáy xửng hấp gồm: 1/2 hành tây thái lát, 1/2 sả đập dập, gốc ngò rí, gốc hành lá, gừng thái sợi và hành tím đập dập. Xếp cá nục đã ướp lên trên lớp gia vị lót. Đậy nắp nồi và hấp trong khoảng 10 phút, tính từ lúc nước trong nồi bắt đầu sôi mạnh. Sau 10 phút, mở nắp, cho phần hành tây, hành lá, sả và ớt thái sợi còn lại lên trên mình cá. Đậy nắp lại và hấp thêm khoảng gần 1 phút nữa để các loại rau củ vừa chín tới và dậy mùi thơm. Cuối cùng, rắc một ít lá ngò rí lên trên để món ăn thêm đẹp mắt và thơm ngon.', 'Bước 5 - Pha nước chấm gừng ớt chua cay mặn ngọt: Để có chén nước chấm cá hấp ngon đúng điệu, bạn cho 4 tép tỏi, 2 lát gừng, 4 trái ớt (tùy độ cay mong muốn), 1 muỗng canh đường và 1/3 muỗng cà phê bột ngọt vào cối. Giã thật nhuyễn hỗn hợp này. Cho hỗn hợp đã giã ra chén, thêm 5 muỗng canh nước mắm và 1 muỗng canh nước cốt chanh. Khuấy đều cho đường tan và các gia vị hòa quyện. Cuối cùng, cho thêm một ít ớt thái sợi vào để tăng thêm hương vị và màu sắc.', 'Bước 6 - Thành phẩm: Món cá nục hấp sả ớt hành thơm lừng, nóng hổi đã sẵn sàng để thưởng thức! Cá chín tới, thịt ngọt chắc, thấm đẫm hương vị sả gừng ớt cay nồng. Bạn có thể dọn ra ăn kèm với bún tươi, các loại rau sống như xà lách, dưa leo, giá, rau thơm, xoài xanh thái sợi và đặc biệt là cuốn bánh tráng chấm cùng chén nước chấm gừng ớt chua cay mặn ngọt. Chắc chắn đây sẽ là một bữa ăn đổi vị cực kỳ hấp dẫn và tuyệt vời cho cả gia đình bạn!']","['Để món cá hấp đạt độ chín tới và giữ trọn hương vị, việc sở hữu một chiếc nồi hấp chất lượng là vô cùng quan trọng.Nồi lẩu hấp đa năng BlueStone MPB-7235 15 lítsẽ là trợ thủ đắc lực cho bạn.Với dung tích lớn 15 lít, chiếcbếp lẩu điện bluestonenày không chỉ giúp bạn hấp cá nguyên con dễ dàng mà còn có thể chế biến nhiều món ăn khác cho cả gia đình.Thiết kế đa năng cho phép bạn vừa hấp, vừa nấu lẩu, tiết kiệm không gian và thời gian nấu nướng hiệu quả.Chất liệu cao cấp đảm bảo an toàn vệ sinh thực phẩm và dễ dàng vệ sinh sau khi sử dụng, mang lại trải nghiệm nấu ăn tiện lợi.Nồi lẩu đa năng BlueStone MPB-7235 15 lítOnline giá rẻ quá1.229.000₫1.660.000₫-25%Xem chi tiết', 'Khứa cá giúp gia vị thấm đều vào thịt cá, làm món cá hấp đậm đà hơn và cá cũng nhanh chín hơn khi hấp.', 'Đảm bảo nước trong nồi hấp đã sôi mạnh trước khi cho cá vào. Hấp ở nhiệt độ cao giúp cá chín nhanh, giữ được độ ngọt tự nhiên và không bị tanh.', 'Xem chi tiết:3 cách pha nước chấm cá hấp thơm ngon khó cưỡng đơn giản ai cũng mê', 'Xem thêm:Cách làm món cá diêu hồng hấp xì dầu thơm ngon, chuẩn vịCách làm cá trắm hấp bia thơm ngon lạ vị, đơn giản dễ làm tại nhàCách làm cá đuối hấp hành thơm nồng nhanh chóng bằng nồi xửng hấp inox']",,dienmayxanh.com
https://www.dienmayxanh.com/vao-bep/cach-lam-banh-bao-bang-bot-pha-san-de-thanh-pham-banh-cang-23538,Món Hấp,"Cách làm bánh bao bằng bột pha sẵn để thành phẩm bánh căng mịn, xốp mềm","Bạn đang tìm cách làm bánh bao bằng bột pha sẵn mềm xốp, trắng ngần ngay tại nhà? Hãy cùng Điện máy XANHvào bếpvới công thức đơn giản này, đảm bảo thành công từ lần đầu tiên.Món bánhhấp thơm ngon sẽ khiến cả gia đình bạn thích mê!",,1 giờ + 2 giờ,Cho 20 cái bánh bao,,16,"['Bột bánh bao pha sẵn Mikko - 1 gói ((1 kg))', 'Sữa tươi không đường - 2 gói ((khoảng 440ml))', 'Trứng gà ta nhỏ - 3 quả ((hoặc 1 quả trứng gà công nghiệp))', 'Thịt nạc heo - 700 gr (( dùng để xay nhuyễn))', 'Bắp - 1 trái', 'Cà rốt - 1 củ', 'Hành tây - 1 củ', 'Nấm mèo khô - 50 gr', 'Hành lá - 1 ít', 'Hành tím - 4 củ', 'Trứng gà luộc - 1 ít ((để làm nhân - hoặc thay bằng trứng cút))', 'Lạp xưởng - 1 ít ((tùy chọn))', 'Gia vị thông dụng - 1 ít ((đường/ muối/ hạt nêm/ nước mắm/ tiêu/ hành tím phi/ dầu ăn))', 'Chanh - 1 quả', 'Giấm - 1/2 chén', 'Lá dứa - 1 ít ((4 - 5 lá))']","['Bước 1 - Kích hoạt men nở bánh bao: Cắt bịch bột bánh bao pha sẵn, lấy gói men khô ra. Cho 2 bịch sữa tươi vào nồi, hâm sữa cho ấm (khoảng 40 - 45 độ C). Lưu ý chỉ làm cho sữa âm ấm, không nấu quá nóng vì sẽ làm chết men. Cho 3 muỗng canh đường cát vào tô, đổ 1/2 phần sữa tươi ấm vào, khuấy đều cho đường tan. Tiếp đến, cho hết gói men khô vào, khuấy đều cho men và sữa hòa tan. Đậy kín tô và ủ men trong 15 phút để men nổi lên như gạch cua.', 'Bước 2 - Chuẩn bị dầu hành phi thơm: Cho 5 muỗng canh dầu ăn vào chảo, phi thơm hành tím băm. Hành tím vàng giòn thì vớt ra, giữ lại dầu hành. Dầu hành này sẽ giúp vỏ bánh bao mềm mịn và cực kỳ thơm.', 'Bước 3 - Trộn các nguyên liệu làm vỏ bánh bao: Đập 3 quả trứng gà ta nhỏ (hoặc 1 quả trứng gà công nghiệp) vào thau, đánh tan. Thêm 150 gr đường cát và 1 muỗng cà phê muối vào, khuấy đều cho đường và muối tan. Cho 40 gr dầu hành phi vào thau, trộn đều. Bạn có thể lọc lại hỗn hợp này qua rây để tránh trứng bị lợn cợn. Tiếp đến, bạn đổ phần sữa tươi còn lại vào thau. Cuối cùng, đổ tô men đã kích hoạt vào. Cho bột bánh bao pha sẵn vào thau, múc riêng ra khoảng 100gr bột khô. Tiếp đến, trút hỗn hợp ướt vào thau bột, trộn đều cho bột và các nguyên liệu hòa quyện. Rắc phần bột khô còn lại ra mặt phẳng sạch, sau đó trút bột ra, nhồi bột liên tục trong khoảng 30 phút. Nhồi đến khi khối bột láng mịn, không còn dính tay là đạt.', 'Bước 4 - Đập bột và ủ bột lần 1: Sau khi nhồi, bạn chuyển sang công đoạn đập bột. Bạn nhấc khối bột lên, đập bột xuống bàn, lặp lại thao tác trong khoảng 10 phút để khối bột trở nên láng mịn và đẹp mắt hơn. Cho khối bột vào thau, đậy kín bằng màng bọc thực phẩm hoặc khăn ẩm. Ủ bột trong vòng 1 - 2 tiếng đồng hồ hoặc đến khi khối bột nở gấp đôi.', 'Bước 5 - Sơ chế và chuẩn bị nhân bánh bao thịt: Bắp lột vỏ, dùng dao gọt lấy phần hạt. Cà rốt, hành tây gọt vỏ, cắt hạt lựu. Nấm mèo ngâm nở, rửa sạch, cắt nhỏ. Hành lá cắt nhỏ. Cho 700 gr thịt nạc heo vào máy xay thịt để xay nhuyễn, sau đó cho vào thau. Nêm 1 muỗng canh đường, hành tím phi, 1 muỗng canh hạt nêm, gốc hành lá, 1 muỗng canh nước mắm và tiêu xay. Trộn đều cho thịt thấm gia vị. Cho tất cả rau củ đã cắt nhỏ vào thau thịt, trộn đều một lần nữa rồi cho nhân thịt vào ngăn mát tủ lạnh 1 tiếng để nhân dẻo lại, dễ nặn hơn. Luộc chín trứng gà (hoặc trứng cút) để làm nhân. Nếu dùng lạp xưởng, cắt lát mỏng.', 'Bước 6 - Nặn bánh bao: Sau khi bột đã nở gấp đôi, lấy bột ra, nhồi lại khoảng 5 phút để xả hết khí bên trong. Chia bột thành các viên nhỏ, mỗi viên khoảng 90 gr (từ 1 kg bột sẽ làm được khoảng 20 cái bánh bao). Vo tròn từng viên bột, sau đó túm mép bột từ ngoài vào trong để bề mặt bánh láng mịn. Đậy kín các viên bột đã vo tròn bằng khăn ẩm và ủ thêm 30 phút. Lấy từng viên bột đã ủ ra, dùng cây cán bột cán mỏng thành hình tròn, mép ngoài mỏng hơn ở giữa. Cho nhân thịt đã vo tròn vào giữa, thêm trứng gà luộc và lát lạp xưởng (nếu có). Gói bánh lại, tạo hình theo ý muốn (có thể tạo hình múi khế hoặc đơn giản là túm kín). Đặt bánh bao đã nặn lên giấy lót.', 'Bước 7 - Ủ và hấp bánh: Xếp bánh bao đã nặn vào xửng hấp, chừa khoảng cách giữa các bánh để bánh có không gian nở. Đậy nắp xửng và ủ bánh thêm 30 phút nữa cho bánh nở căng phòng. Trong lúc đó, đổ nước vào nồi, vắt 1 quả chanh, cho thêm 1/2 chén giấm và vài cọng lá dứa. Đun sôi bùng nước. Khi nước đã sôi bùng, nhẹ nhàng đặt xửng bánh bao vào nồi. Hấp bánh trong khoảng 20 phút ở lửa vừa. Tránh hấp quá lâu bánh sẽ bị chảy xệ. Sau 20 phút, mở nắp và lấy bánh ra.', 'Bước 8 - Thành phẩm: Những chiếc bánh bao trắng ngần, vỏ bánh mềm xốp, thơm lừng mùi lá dứa và nhân thịt đậm đà đã sẵn sàng để thưởng thức. Bánh nở to, bề mặt láng mịn, khi bóp nhẹ cảm nhận rõ độ đàn hồi và mềm mại. Cắt đôi chiếc bánh, phần nhân thịt rau củ hòa quyện cùng trứng và lạp xưởng hấp dẫn vô cùng.']","['Để món bánh bao hấp dẫn hơn, việc sử dụng nồi hấp chất lượng là vô cùng quan trọng.Nồi hấp đa năng Unie UE560 18 lítsẽ là trợ thủ đắc lực giúp bạn có được những chiếc bánh bao trắng ngần, chín đều.Lẩu điện Unievới dung tích lớn, phù hợp cho việc hấp số lượng lớn bánh bao hoặc các món ăn khác cho gia đình đông người.Thiết kế thông minh giúp hơi nước lưu thông đều, đảm bảo bánh bao chín tới, vỏ bánh căng bóng, không bị xẹp hay nhão.Chất liệu cao cấp, an toàn cho sức khỏe và dễ dàng vệ sinh sau khi sử dụng, mang lại trải nghiệm nấu nướng tiện lợi và hiệu quả.Nồi hấp đa năng Unie UE560 18 lítOnline giá rẻ quá890.000₫1.590.000₫-44%Xem chi tiết', 'Việc nhồi bột kỹ sẽ giúp vỏ bánh bao sau khi hấp ra mềm xốp và ngon hơn rất nhiều.', 'Chanh và giấm giúp bánh bao trắng hơn, lá dứa tạo mùi thơm hấp dẫn.', 'Xem thêm:Cách chiên bánh bao bằng nồi chiên không dầu vàng ruộm nhanh chóng tại nhàCách làm bánh bao sữa dừa thơm ngon mềm mịn cho gia đìnhCách làm bánh bao tinh than tre siêu lạ mà siêu dễ cho fan hảo ngọt']",,dienmayxanh.com
https://www.dienmayxanh.com/vao-bep/cach-lam-be-hap-gung-don-gian-hap-dan-ngon-dung-dieu-13006,Món Hấp,"Cách làm bê hấp gừng đơn giản, hấp dẫn, ngon đúng điệu","Bê hấp gừng là mộtmón hấpđược nhiều người yêu thích. Sẽ thật tuyệt khi dùng món này để ngồi nhâm nhi vài ly, kể đôi ba câu chuyện cùng bạn bè, gia đình. Bạn đã biết cách làm món ăn này chưa? Nếu chưa thì hãyvào bếpcùng Điện máy XANH thực hiện món bê hấp gừng nhé!",,15 phút + 25 phút,Cho 4 người,,7,"['Thịt bê - 500 gr', 'Gừng - 1 nhánh', 'Sả - 3 cây', 'Tỏi - 3 tép', 'Lá tía tô - 4 nhánh', 'Nước mắm - 1 muỗng canh', 'Gia vị thông dụng - 1 ít ((Tiêu xay/ đường/ hạt nêm/ bột ngọt))']","['Bước 1 - Sơ chế nguyên liệu: Thịt bê mua về rửa thật sạch với nước rồi để ráo. Sau đó, cắt thành lát mỏng vừa ăn rồi cho tất cả vào tô. Gừng gọt bỏ vỏ, rửa sơ với nước rồi cắt sợi. Tỏi bóc bỏ vỏ, đập dập. Sả cắt bỏ gốc, rửa sạch, để ráo rồi cắt thành những lát mỏng. Lá tía tô nhặt bỏ đi những lá bị hư rồi đem đi rửa sạch. Sau đó, cắt nhỏ.', 'Bước 2 - Ướp thịt bê: Ướp thịt bê với gừng cắt sợi, tỏi đập dập, 1/3 muỗng cà phê tiêu xay, 1 muỗng cà phê hạt nêm, 1/2 muỗng cà phê bột ngọt, 1 muỗng cà phê đường, 1 muỗng canh nước mắm rồi trộn đều. Sau đó, ướp trong vòng 10 phút cho thịt bê được thấm gia vị.', 'Bước 3 - Hấp thịt bê: Rải đều 1 lớp lá tía tô cắt nhỏ rồi đến 1 lớp sả cắt lát mỏng vào tầng trên của xửng hấp. Sau đó, cho thịt bê đã ướp lên trên. Tầng dưới bạn cho khoảng 500ml nước vào rồi bắc xửng hấp lên bếp tiến hành hấp trên lửa vừa. Khi nước sôi, bạn giở nắp ra, dùng đũa trộn đều rồi tiếp tục hấp thêm khoảng 10 phút nữa rồi tắt bếp.', 'Bước 4 - Hoàn thành: Thịt bê sau khi hấp chín, bạn cho ra dĩa nữa là hoàn thành xong món ăn rồi.', 'Bước 5 - Thành phẩm: Bê hấp gừng có một mùi thơm đặc trưng của gừng, sả và lá tía tô. Thịt bê chín mềm giữ được vị ngọt tự nhiên. Món này mà chấm kèm thêm một chén nước mắm gừng nữa là hết sẩy. Thưởng thức liền thành quả của mình đi nào!']","['Xem thêm:2 cách làm thịt bê xào sả ớt và xào cải rổ thơm ngon, chuẩn vị2 cách làm măng trúc xào thịt bò và thịt bê dân dã đổi vị cho bữa cơmCách làm bê hấp sả và bê hấp bia thơm ngon, mềm ngọt']",,dienmayxanh.com
https://www.dienmayxanh.com/vao-bep/cach-luoc-gan-heo-mem-ngon-khong-hoi-cuc-ngon-tai-nha-14652,Món Hấp,Cách luộc gan heo mềm ngon không hôi cực ngon tại nhà,"Cuối tuần nếu bạn có rủ bạn bè đến lai rai thì để Điện máy XANH gợi ý bạn món gan heo luộc béo ngon siêu thơm và hấp dẫn với cách làm đơn giản, để bạn thực hiện tại nhà mà ngon như ngoài hàng. Cùngvào bếpvà thực hiện ngaymón luộcnày nhé!",,20 phút + 30 phút,Cho 4 người,,9,"['Gan heo - 500 gr', 'Tắc - 2 trái', 'Gừng nhỏ - 1 củ', 'Ớt - 1 trái', 'Chanh - 1/2 trái', 'Hành tím - 1/2 củ', 'Tỏi - 2 tép', 'Nước mắm - 2 muỗng canh', 'Gia vị thông dụng - 1 ít ((muối/ bột ngọt/ đường))']","['Bước 1 - Sơ chế nguyên liệu: Gan heo mua về để khử mùi hôi, bạn dùng 1/2 trái chanh chà xát với muối sau đó cắt thành các miếng vừa ăn và đem đi rửa lại với nước sạch và để ráo. Ớt bạn bỏ cuống, tỏi bạn lột vỏ sau đó băm nhuyễn chung với nhau. Hành tím sau khi lột vỏ, bạn cắt múi cau. Gừng bạn cạo sạch vỏ, dùng dao đập hơi nát. Lấy 2 quả tắc cắt làm đôi.', 'Bước 2 - Luộc gan heo: Bắc nồi lên bếp, cho vào nồi 500ml nước, vắt lấy nước cốt của 1 quả tắc và cho hành tím với gừng đập dập vào. Bật lửa vừa, cho hết toàn bộ số gan đã sơ chế vào và nêm thêm 1/3 muỗng cà phê muối và 1/3 muỗng cà phê bột ngọt. Luộc gan heo trên lửa vừa, khoảng 30 phút cho gan heo chín mềm có thể dùng đũa xuyên qua được và không thấy ứa máu là bạn có thể tắt bếp. Mẹo luộc gan heo không hôi, không thâm đen', 'Để gan heo chín đều từ trong ra ngoài và không bị ứ máu bên trong, thì bạn cho gan heo vào ngay khi vừa bật lửa, không để nước nóng mới cho vào.', 'Để gan heo được trắng với nước luộc được trong, dễ quan sát quá trình gan heo chín hơn, bạn nên thường xuyên vớt bỏ bọt xuất hiện trong nồi gan heo lúc đang luộc nhé!', 'Bước 3 - Ngâm và cắt gan heo: Trước tiên, bạn chuẩn bị 1 thau nước lọc hoặc 1 thau nước đá sau đó, dùng đũa gắp từng miếng gan heo vừa mới luộc cho vào thau ngâm trong khoảng 2  phút để gan heo hạ nhiệt và giòn hơn. Sau đó, lấy gan heo ra cho lên thớt và cắt thành các lát mỏng vừa ăn rồi xếp ra dĩa là hoàn thành.', 'Bước 4 - Pha nước chấm gan heo: Cho 2 muỗng canh đường và 2 muỗng canh nước mắm vào chảo, đun và khuấy đều với lửa nhỏ cho đến khi đường tan hết và nước mắm sôi lên, bạn tắt bếp. Cho nước mắm đã đun ra chén, vắt lấy nước cốt của 1 trái tắc còn lại và cho hết số tỏi ớt đã băm cùng vào. Khuấy đều hỗn hợp rồi nêm nếm lại gia vị cho vừa ăn để hợp khẩu vị gia đình, sao cho, khi chấm có vị mặn ngọt sền sệt xen chút chua cay nhè nhẹ của tắc và ớt là hoàn tất.', 'Bước 5 - Thành phẩm: Gan heo luộc bằng công thức này khi hoàn tất sẽ không còn mùi hôi mà mềm ngon vô cùng bắt vị. Hương vị của gan heo có vị bùi bùi, chấm ăn cùng nước mắm mặn ngọt chua cay vô cùng hấp dẫn. Nếu thích bạn có thể ăn kèm với 1 ít rau sống nhâm nhi với 1 tí rượu bia là cực hao mồi đó nha!']","['Xem chi tiết:Cách chọn mua gan heo ngon', 'Mẹo luộc gan heo không hôi, không thâm đenĐể gan heo chín đều từ trong ra ngoài và không bị ứ máu bên trong, thì bạn cho gan heo vào ngay khi vừa bật lửa, không để nước nóng mới cho vào.Để gan heo được trắng với nước luộc được trong, dễ quan sát quá trình gan heo chín hơn, bạn nên thường xuyên vớt bỏ bọt xuất hiện trong nồi gan heo lúc đang luộc nhé!', 'Xem thêm:3 cách làm món gan heo xào cực nhanh chóng, đơn giản đảm bảo ai cũng mê2 cách làm bông hẹ xào thịt bò và xào gan heo thơm ngon dễ làmCách làm pate gan heo với thịt heo béo ngậy, thơm lừng hấp dẫn']",,dienmayxanh.com
https://www.dienmayxanh.com/vao-bep/cach-lam-bap-bo-hap-gung-thom-ngon-don-gian-tai-nha-08721,Món Hấp,"Cách làm bắp bò hấp gừng thơm ngon, đơn giản tại nhà","Nhữngmón từ bòtừ lâu đã luôn là những món không thể thiếu từ những bữa tiệc trọng đại cho đến những bữa cơm gia đình. Hôm nay, chuyên trangVào bếpcủa Điện máy XANH sẽ hướng dẫn bạn làm mộtmón hấptừ bò, đó chính là món bắp bò hấp gừng vô cùng hấp dẫn lại đơn giản nhé!",,20 phút + 35 phút,Cho 4 người,,7,"['Bắp bò - 400 gr', 'Gừng - 1 nhánh', 'Hành tây - 1 củ', 'Sả - 2 cây', 'Ớt - 1 trái', 'Hành tím - 5 củ', 'Gia vị thông dụng - 1 ít ((Muối/ Tiêu/ Hạt nêm))']","['Bước 1 - Sơ chế nguyên liệu: Hành tây, hành tím và gừng bạn mua về lột vỏ, rửa sạch rồi cắt lát mỏng ra. Sả và ớt bạn rửa sạch và cắt miếng nhỏ.', 'Bước 2 - Sơ chế bắp bò: Rửa sạch bắp bò với nước muối loãng, sau đó rửa lại với nước sạch và để ráo. Dùng gừng:chuẩn bị 1 củ gừng nhỏ và nướng chín nó lên. Sau đó, cạo sạch lớp vỏ bên ngoài rồi giã nhuyễn, xát đều quanh miếng thịt bò và rửa sạch lại với nước lạnh. Mùi của gừng sẽ giúp loại bỏ mùi hôi của  bò trong quá trình chế biến, hơn nữa còn giúp miếng thịt mềm hơn.Dùng rượu:ngâm ngập miếng thịt bò trong rượu 15 phút. Sau đó, xả sạch lại dưới nước lạnh, thịt bò sẽ bớt mùi và khi chế biến cũng thơm ngon hơn.Chần sơ:cho miếng thịt bò vào nồi nước lạnh, sau đó cho lên bếp đun nóng. Sau khi thịt bò đã săn lại thì mùi hôi cũng đã giảm đi đáng kể. Sau đó bạn ướp bắp bò với 3 muỗng cà phê hạt nêm, 1/2 muỗng cà phê tiêu xay và xoa bóp đều miếng bắp bò. Tiếp đến bạn đặt 1/2 phần nguyên liệu đã chuẩn bị lên trên bắp bò và dùng dây cuộn lại. Phần nguyên liệu còn lại bạn đặt trên dĩa xung quanh bắp bò. Lưu ý:Để đảm bảo an toàn, bạn nên dùng các loại dây chịu nhiệt tốt để buộc thịt nhé!', 'Dùng gừng:chuẩn bị 1 củ gừng nhỏ và nướng chín nó lên. Sau đó, cạo sạch lớp vỏ bên ngoài rồi giã nhuyễn, xát đều quanh miếng thịt bò và rửa sạch lại với nước lạnh. Mùi của gừng sẽ giúp loại bỏ mùi hôi của  bò trong quá trình chế biến, hơn nữa còn giúp miếng thịt mềm hơn.', 'Dùng rượu:ngâm ngập miếng thịt bò trong rượu 15 phút. Sau đó, xả sạch lại dưới nước lạnh, thịt bò sẽ bớt mùi và khi chế biến cũng thơm ngon hơn.', 'Chần sơ:cho miếng thịt bò vào nồi nước lạnh, sau đó cho lên bếp đun nóng. Sau khi thịt bò đã săn lại thì mùi hôi cũng đã giảm đi đáng kể.', 'Bước 3 - Hấp món ăn: Bắc một nồi 500ml nước lên bếp, khi nước trong nồi đã sôi thì bạn cho dĩa thịt bắp bò vào hấp trong vòng 30 phút.', 'Bước 4 - Thành phẩm: Thịt bò bạn cắt mỏng và xếp ra dĩa. Miếng thịt bò mềm mềm, khi ăn vừa cảm nhận được vị ngọt của bò, vị thơm cay của gừng kèm theo ớt, sả và mùi thơm đặc trưng của hành tây và hành tím. Đảm bảo đây sẽ là một món ăn phù hợp không chỉ trong những bữa cơm gia đình mà còn là những bữa tiệc. Chúc bạn thành công với món ăn này nhé!']","['Xem chi tiết:Cách chọn mua thịt bò tươi ngon, chất lượng', 'Cách khử mùi hôi của thịt bắp bòDùng gừng:chuẩn bị 1 củ gừng nhỏ và nướng chín nó lên. Sau đó, cạo sạch lớp vỏ bên ngoài rồi giã nhuyễn, xát đều quanh miếng thịt bò và rửa sạch lại với nước lạnh. Mùi của gừng sẽ giúp loại bỏ mùi hôi của  bò trong quá trình chế biến, hơn nữa còn giúp miếng thịt mềm hơn.Dùng rượu:ngâm ngập miếng thịt bò trong rượu 15 phút. Sau đó, xả sạch lại dưới nước lạnh, thịt bò sẽ bớt mùi và khi chế biến cũng thơm ngon hơn.Chần sơ:cho miếng thịt bò vào nồi nước lạnh, sau đó cho lên bếp đun nóng. Sau khi thịt bò đã săn lại thì mùi hôi cũng đã giảm đi đáng kể.', 'Lưu ý:Để đảm bảo an toàn, bạn nên dùng các loại dây chịu nhiệt tốt để buộc thịt nhé!', 'Xem thêm:Cách làm tai heo cuộn bắp bò giòn ngon, đơn giảnCách luộc bắp bò ngon và mềm ai cũng làm đượcCách làm bắp bò hầm xì dầu bằng nồi áp suất đơn giản']",,dienmayxanh.com
https://www.dienmayxanh.com/vao-bep/cach-lam-ca-qua-hap-xi-dau-cuc-ngon-cho-ngay-dau-tuan-them-12563,Món Hấp,Cách làm cá quả hấp xì dầu cực ngon cho ngày đầu tuần thêm nhiều năng lượng,"Cá quả (cá lóc) là một trong những món ăn được yêu thích, mang lại nhiều chất dinh dưỡng cho sức khỏe chúng ta. Vớimón hấpgiúp cá giữ được vị ngọt thịt tự nhiên và đậm đà. Cùngvào bếpngay bây giờ để thực hiện món cá quả hấp xì dầu này thôi nào!",,30 phút + 1 giờ 15 phút,Cho 4 người,,10,"['Cá lóc - 1 con ((1.5kg))', 'Rượu trắng - 10 gr', 'Gừng - 10 gr', 'Thì là - 30 gr', 'Hành tây - 1 củ', 'Hành tím - 5 tép', 'Tỏi - 3 tép', 'Dầu ăn - 20 gr', 'Xì dầu - 60 gr (( nước tương))', 'Gia vị thông dụng - 1 ít ((đường/muối/tiêu/hạt nêm/ bột ngọt))']","['Bước 1 - Sơ chế cá và nguyên liệu: Đầu tiên bạn cần đánh bỏ phần vảy cá (có thể giữ nguyên tùy theo yêu cầu món ăn), cắt sạch phần vây và đuôi cá. Tiếp theo là bỏ sạch phần ruột trong bụng cá cùng với lớp màng đục bên trong. Lưu ý bỏ đi sợi gân trắng sát bên sườn cá, dùng dao cắt bỏ phần mang cá và cắt gọn phần đầu. Sau khi khử mùi tanh của cá thì các bạn rửa sạch lại bằng nước lạnh và để ra rổ cho ráo nước. Khi cá đã ráo nước các bạn cắt thành từng miếng nhỏ vừa ăn. Hành lá và ngò cắt bỏ gốc, rửa sạch rồi thái nhỏ. Gừng, hành tím, tỏi bạn gọt bỏ vỏ, rửa sạch rồi cắt lát. Hành tây gọt vỏ, rửa sạch, cắt phần cuống để hành tây bung ra dễ hơn và cắt thành những lát mỏng. Thì là các bạn cũng rửa sạch và cắt thành từng khúc khoảng 4cm. Mẹo nhỏ:Để cho cá khỏi bị tanh bạn có thế dùng muối kết hợp ít chanh xát trên thân cá, ngoài ra cũng có thể dùng 2 muỗng rượu trắng hoặc dùng gia vị tẩm ướp.', 'Bước 2 - Làm nước sốt hấp cá: Các bạn bắc chảo lên bếp, cho một ít dầu để phi gừng xong bỏ hành tím và tỏi vào sau, lưu ý bật lửa vừa để hành phi thơm vàng và không bị cháy, sau đó cho xì dầu (nước tương) vào đun lửa vừa cho đến khi hỗn hợp sệt lại thì tắt bếp.', 'Bước 3 - Áp chảo cá: Sau khi cá đã cắt thành khúc vừa ăn thì các bạn bật bếp lên cho chảo nóng rồi cho 20gr dầu ăn vào và bật lửa nhỏ. Tiếp đến các bạn cho cá vào chảo và chiên cho đến khi cá thật săn và vàng giòn. Sau đó tắt bếp và cho cá ra dĩa để chuẩn bị cho bước hấp cá.', 'Bước 4 - Hấp cá: Đầu tiên, các bạn cho nước vào nồi xửng đun cho sôi rồi cho dĩa cá vào để hấp, lưu ý cho lửa nhỏ để cá không bị bể và bị bở. Tiếp đến các bạn rưới nước sốt đã nấu lúc này lên mặt cá rồi đậy nắp lại hấp khoảng 20 phút. Khi hấp được 10 phút các bạn mở nắp cho hành tây đã cắt lúc nãy vào hấp chung nữa nhé.', 'Bước 5 - Thành phẩm: Hương thơm lan tỏa của món cá quả hấp xì dầu không lẫn đi đâu được, đến đây các bạn bày cá ra dĩa, trang trí thì là đã thái cùng với một ít ớt trái, rắc một ít tiêu lên mặt rồi bắt đầu thưởng thức thành phẩm của mình thôi nào!']","['Xem chi tiết:Cách chọn cá quả tươi ngon', 'Mẹo nhỏ:Để cho cá khỏi bị tanh bạn có thế dùng muối kết hợp ít chanh xát trên thân cá, ngoài ra cũng có thể dùng 2 muỗng rượu trắng hoặc dùng gia vị tẩm ướp.', 'Xem thêm:Cách làm cá lóc hấp tương cực ngon dễ làm mừng Ngày Gia Đình Việt NamCách làm cá lóc nướng riềng mẻ đơn giản thơm ngon nóng hổiHướng dẫn nấu cá lóc hấp bầu cuốn bánh tráng dân dã cực ngon']",,dienmayxanh.com
https://www.dienmayxanh.com/vao-bep/cach-lam-ga-hap-muoi-da-gion-thom-ngon-ngot-nuoc-khong-hu-noi-23485,Món Hấp,Cách làm gà hấp muối da giòn thơm ngon ngọt nước không hư nồi,"Chào bạn, hôm nay cùngvào bếpvới cách làm gà hấp muối da giòn thơm lừng, đậm đà khó cưỡng!Món hấpnày cực kỳ dễ làm, thịt gà chắc ngọt, thấm vị, da vàng óng hấp dẫn.",,20 phút + 1 giờ,Cho 1 con gà (khoảng 2.5 kg),,13,"['Gà - 1 con ((khoảng 2-2.5 kg))', 'Muối hạt - 2 chén ((đủ lót đáy nồi))', 'Rau răm - 30 gr', 'Hành tây - 2 củ', 'Sả - 6 cây', 'Hành lá - 1 ít', 'Hành tím - 6 củ', 'Tỏi - 6 tép', 'Lá chanh - 1 ít', 'Ớt khô - 1 ít', 'Bột nghệ - 1 ít', 'Muối tiêu - 2 muỗng ((hoặc tự pha muối/tiêu rang))', 'Mỡ gà - 1 ít']","['Bước 1 - Sơ chế gà và ướp gia vị gà hấp muối: Gà mua về rửa thật sạch sẽ. Ướp vào trong và ngoài con gà khoảng 2 muỗng muối tiêu. Sau đó, dùng màng bọc thực phẩm bọc kín lại và ướp khoảng 30 phút đến 1 tiếng cho gà thấm vị.', 'Bước 2 - Sơ chế các loại rau thơm và gia vị: Sả cắt khúc, đập dập. Hành tây xắt lát. Tỏi và hành tím đập dập. Lá chanh vò nát để khi hấp dậy mùi thơm hơn.', 'Bước 3 - Thắng mỡ gà và pha hỗn hợp quét gà: Lấy cục mỡ gà có sẵn trong con gà đem thắng trên chảo cho ra hết mỡ vàng thơm. Khi mỡ nóng, cho ớt khô, bột nghệ và tiêu vào, khuấy đều cho dậy mùi thơm hấp dẫn. Lấy gà đã ướp ra. Quét đều hỗn hợp mỡ nghệ ớt vừa thắng lên khắp mình gà để gà có màu vàng đẹp và bóng hơn. Để gà nghỉ khoảng 5-10 phút cho thấm gia vị trước khi hấp.', 'Bước 4 - Hấp gà hấp muối sả thơm lừng: Lót khoảng hai tờ giấy bạc gấp đôi vào đáy nồi. Việc này giúp ngăn muối ăn mòn và làm hỏng nồi. Rải một lớp muối hạt mỏng và đều lên trên giấy bạc. Xếp một lớp sả đập dập và ít hành tây lên trên lớp muối. Nhét toàn bộ phần lòng gà (nếu có), lá chanh vò nát, tỏi đập dập, hành tím đập dập, rau răm và khoảng hai cây sả vào bụng gà. Đặt gà lên trên lớp sả và hành tây đã xếp. Rải thêm rau răm và hành lá xung quanh gà. Đậy nắp nồi thật kín. Nếu nắp có lỗ thoát hơi, bạn có thể dùng cọng sả hoặc vật khác nhét kín lại để hơi không thoát ra ngoài, giúp gà chín đều và ngon hơn. Đặt nồi lên bếp và hấp trên lửa nhỏ nhất. Thời gian hấp: Với gà dưới 2kg, hấp khoảng 40-50 phút. Với gà trên 2kg, cần hấp ít nhất 1 tiếng để gà chín hoàn toàn.', 'Bước 5 - Pha nước chấm gà hấp muối: Để món gà hấp muối thêm phần trọn vị, bạn có thể chuẩn bị hai loại nước chấm sau: Muối tiêu chanh: Cho chanh hoặc tắc, lá chanh thái nhuyễn và vài lát ớt vào hũ muối tiêu đã có. Muối ớt đỏ: Nếu có sẵn muối ớt đỏ, bạn chỉ cần thêm lá chanh thái nhuyễn và vài lát ớt vào là có ngay chén nước chấm chua ngọt béo béo hấp dẫn.', 'Bước 6 - Thành phẩm: Gà hấp chín có mùi thơm lừng đặc trưng, da vàng óng đẹp mắt, thịt gà chắc ngọt và thấm vị đậm đà. Khi gà nguội bớt, lấy gà ra khỏi nồi. Phần muối đã hấp sẽ không tái sử dụng được, bạn bỏ đi. Chặt gà thành từng miếng vừa ăn và thưởng thức cùng các loại nước chấm đã pha.']","['Xem chi tiết:Cách chọn mua gà ngon và cách sơ chế gà sạch mà không hôi, đơn giản', 'Để món gà hấp muối thêm hoàn hảo, việc lựa chọn dụng cụ nấu nướng chất lượng là vô cùng quan trọng. Hãy cùng khám pháBộ nồi chảo inox 5 đáy nắp kính Green Cook GCS241-T1, trợ thủ đắc lực cho mọi gian bếp.Bộnồi green cooknày được làm từ chất liệu inox cao cấp, đảm bảo an toàn cho sức khỏe và độ bền vượt trội theo thời gian.Thiết kế 5 đáy giúp truyền nhiệt nhanh và giữ nhiệt hiệu quả, đảm bảo món ăn chín đều, thơm ngon mà không lo cháy khét.Nắp kính tiện lợi giúp bạn dễ dàng quan sát quá trình nấu nướng, đồng thời giữ hơi tốt, lý tưởng cho các món hấp như gà hấp muối.Bộ nồi chảo inox 5 đáy Green Cook GCS241-T1990.000₫1.865.000₫-46%Xem chi tiết', 'Gà nhiều mỡ khi làm món này sẽ rất ngon vì món ăn sẽ giúp thịt gà khô và chắc hơn.', 'Cách hấp này đặc biệt hiệu quả với gà công nghiệp vì nó giúp thịt gà săn chắc hơn, không còn bở.', 'Xem thêm:Cách làm gà hấp nước mắm nhĩ thơm ngon đơn giảnCách làm gà hấp muối sả đơn giản tại nhà, mềm ngon cực hấp dẫnCách làm gà hấp lá chanh thơm ngon vàng ươm tại nhà']",,dienmayxanh.com
https://www.dienmayxanh.com/vao-bep/cach-lam-mon-ca-chep-hap-sa-thom-ngon-dam-da-khong-kem-canh-16371,Món Hấp,"Cách làm món cá chép hấp sả thơm ngon, đậm đà không kém cạnh ngoài hàng","Cá chép hấp sả với hàm lượng dinh dưỡng cao cùng hương vị thơm ngon hấp dẫn đã trở thành món ăn quen thuộc trong bữa cơm của nhiều gia đình. Hôm nay, Điện máy XANH sẽ mách bạn cách làmmón hấpnày với công thức vô cùng đơn giản. Cùngvào bếpvà trổ tài với món ăn này để chiêu đãi gia đình ngay thôi!",,15 phút + 25 phút,Cho 2 người,,9,"['Cá chép tươi - 200 gr', 'Sả - 2 cây', 'Hành lá - 1 nhánh', 'Rau mùi gai - 1 ít', 'Ớt - 2 quả', 'Súp lơ - 2 cây', 'Cà rốt - 1 củ', 'Xì dầu - 2 muỗng canh', 'Gia vị thông dụng - 1 ít ((muối/ bột ngọt/ tiêu xay))']","['Bước 1 - Sơ chế nguyên liệu: Sau khi mua về bạn đem rửa sạch miếng cá với nước muối và đánh sạch vảy. Sau đó dùng dao cắt đôi miếng cá để khi hấp cá nhanh chín và gia vị ngấm dễ hơn. Với sả thì bạn chọn cây tươi rồi rửa sạch với nước. Kế đến dùng dao chẻ đôi cây sả thành từng khúc mỏng. Hành và rau mùi thì rửa sạch rồi thái thành từng khúc vừa ăn. Mẹo khử mùi tanh của cá chép cực hiệu quả: Xem chi tiết:Cách khử mùi tanh cá hiệu quả', 'Bạn có thể ngâm các khứa cá trong nước vo gạo từ 15 - 20 phút. Sau đó vớt ra rồi rửa sạch là có thể loại bỏ đáng kể mùi tanh của cá.', 'Một cách khác để khử đi mùi tanh là ngâm các khứa cá với nước ấm pha với vài lát gừng đập dập. Phương pháp này còn giúp tăng thêm hương vị cho thịt cá.', 'Ngoài ra, bạn còn có thể tham khảo cách ngâm cá với sữa tươi không đường trong 3 - 4 phút. Cách này cũng giúp loại bỏ mùi tanh, làm mềm và giúp thịt cá ngon hơn khi chế biến.', 'Bước 2 - Hấp cá chép: Đầu tiên, bạn chuẩn bị 1 cái dĩa sứ rồi cho miếng cá đã rửa sạch vào. Cho lên trên 1 muỗng canh xì dầu, tiếp theo là một lớp sả rồi thêm 1 muỗng canh xì dầu nữa. Sau đó, bạn rắc lên thêm 1 muỗng cà phê bột ngọt và 1 muỗng cà phê tiêu. Tiếp theo, bạn cho dĩa cá vào xửng hấp rồi bắc lên bếp. Đun với lửa vừa và tiến hành hấp cá trong khoảng 20 phút. Kế đến, bạn mở nắp nồi rồi cho thêm hành lá và rau mùi vào. Tiếp tục hấp trong khoảng 5 phút nữa thì tắt bếp. Để món ăn được ngon hơn thì bạn nên thưởng thức ngay khi còn nóng. Có thể cho thêm rau như súp lơ, cà rốt vào xửng hấp để ăn cùng cá sẽ giúp bạn giảm bớt cảm giác ngấy đó.', 'Bước 3 - Thành phẩm: Món cá chép hấp sả nóng hổi, miếng thịt cá mềm vô cùng thơm ngon. Khi ăn, bạn sẽ cảm nhận được vị ngọt tự nhiên của cá hòa quyện với mùi thơm của sả cực hấp dẫn đó.']","['Xem chi tiết:Cách chọn mua cá chép tươi ngon', 'Mẹo khử mùi tanh của cá chép cực hiệu quả:Bạn có thể ngâm các khứa cá trong nước vo gạo từ 15 - 20 phút. Sau đó vớt ra rồi rửa sạch là có thể loại bỏ đáng kể mùi tanh của cá.Một cách khác để khử đi mùi tanh là ngâm các khứa cá với nước ấm pha với vài lát gừng đập dập. Phương pháp này còn giúp tăng thêm hương vị cho thịt cá.Ngoài ra, bạn còn có thể tham khảo cách ngâm cá với sữa tươi không đường trong 3 - 4 phút. Cách này cũng giúp loại bỏ mùi tanh, làm mềm và giúp thịt cá ngon hơn khi chế biến.Xem chi tiết:Cách khử mùi tanh cá hiệu quả', 'Xem thêm:Cách làm món cá chép om dưa đậm đà đưa cơm ngày mưaCách nấu cá chép kho khế chua ngọt thơm ngon đậm đà cực bắt cơmCách làm cá chép chiên xù đơn giản vàng giòn hấp hẫn ăn là ghiền']",,dienmayxanh.com
https://www.dienmayxanh.com/vao-bep/cach-hap-tom-sa-bia-la-chanh-thom-ngon-chac-thit-sieu-don-23477,Món Hấp,Cách hấp tôm sả bia lá chanh thơm ngon chắc thịt siêu đơn giản,"Bạn đang tìm cách hấp tôm sả bia ngọt thịt, thơm lừng?Vào bếpngay với công thức tôm hấp bia sả siêu đơn giản này! Đảm bảo bạn sẽ cómón hấpchuẩn vị, ngon mê ly cho bữa tiệc. Cùng khám phá bí quyết để có món tôm tươi ngon nhé!",,15 phút + 15 phút,Cho 4 người,,6,"['Tôm đất - 1 kg ((hoặc tôm sú))', 'Sả - 2 cây', 'Lá chanh - 7 lá ((hoặc lá chúc))', 'Ớt - 2 trái', 'Bia - 330 ml ((1 lon))', 'Gia vị thông dụng - 1 ít ((hạt nêm/đường/tiêu))']","['Bước 1 - Sơ chế tôm tươi và các nguyên liệu khác: Tôm đất mua về rửa sạch, cắt bỏ râu và chân. Có thể rút bỏ chỉ đen trên lưng tôm để món ăn sạch và ngon hơn. Để ráo nước. Sả rửa sạch, cắt lát mỏng và dài. Lá chanh (hoặc lá trúc) rửa sạch, cắt nhỏ để dậy mùi thơm. Ớt tươi rửa sạch, cắt lát.', 'Bước 2 - Ướp tôm để thấm vị: Cho tôm đã sơ chế vào tô. Nêm 2 muỗng cà phê hạt nêm, 1.5 muỗng cà phê đường và một ít tiêu xay. Trộn đều và ướp khoảng 10 phút cho tôm thấm gia vị.', 'Bước 3 - Xếp tôm và nguyên liệu vào nồi hấp: Lót một lớp sả và lá chanh đã cắt dưới đáy xửng hấp. Tiếp theo, cho tôm đã ướp lên trên. Phủ thêm một lớp sả, lá chanh và ớt tươi lên trên bề mặt tôm.', 'Bước 4 - Hấp tôm sả bia cách thủy: Đổ 1 lon bia vào phần nồi bên dưới xửng hấp. Đặt xửng hấp có tôm lên trên. Đậy nắp và bật lửa lớn. Hấp khoảng 15 phút, sau đó hấp thêm 2 phút nữa để tôm chín đều và thấm vị bia hơi.', 'Bước 5 - Thành phẩm: Tôm hấp bia sả đã hoàn thành với màu đỏ cam hấp dẫn, mùi thơm của sả, lá chanh và bia quyện vào nhau. Món ăn này rất thích hợp làm món nhậu hoặc ăn kèm cơm nóng. Chấm tôm với muối tiêu chanh hoặc nước chấm hải sản cay nồng là ""hết sảy con bà Bảy"" luôn!']","['Xem chi tiết:Cách chọn tôm và cách bảo quản tôm tươi trong tủ lạnh được lâu nhất', 'Để món tôm hấp bia thêm phần tiện lợi và nhanh chóng, bạn có thể sử dụngNồi lẩu điện Sunhouse SHD4524 3.5 lít. Đây là trợ thủ đắc lực giúp bạn chế biến nhiều món ăn ngon cho gia đình.Chiếcnồi lẩu điện Sunhousenày có dung tích 3.5 lít, lý tưởng cho các bữa ăn gia đình từ 2-4 người. Công suất mạnh mẽ giúp làm nóng nhanh, tiết kiệm thời gian nấu nướng.Thiết kế đa năng cho phép bạn không chỉ hấp mà còn nấu lẩu, xào, rán... với nhiều mức nhiệt độ điều chỉnh linh hoạt. Lòng nồi chống dính cao cấp, dễ dàng vệ sinh sau khi sử dụng.Với Nồi lẩu điện Sunhouse SHD4524, việc chuẩn bị các món hấp như tôm hấp bia sẽ trở nên đơn giản hơn bao giờ hết, giữ trọn hương vị tươi ngon của nguyên liệu.Nồi lẩu đa năng Sunhouse SHD4524 3.5 lítOnline giá rẻ quá590.000₫970.000₫-39%Xem chi tiết', 'Xem chi tiết:Cách sơ chế tôm sú và tôm càng xanh nhanh gọn mà sạch sẽ dễ dàng', 'Hấp tôm bằng hơi bia sẽ giúp tôm ngọt thịt và thơm lừng hơn rất nhiều so với hấp bằng nước thông thường.', 'Xem chi tiết:10 cách làm nước chấm hải sản ngon chuẩn đơn giản như ngoài hàng', 'Xem thêm:Cách làm tôm hấp nước dừa ngọt ngon dễ làm ai cũng thích2 Cách làm tôm hấp mướp và dứa lạ miệng, ngon hết sẩy2 Cách làm tôm hấp muối và gừng thơm ngọt, đơn giản cho cả nhà']",,dienmayxanh.com
https://www.dienmayxanh.com/vao-bep/cach-lam-ca-loc-hap-cuon-banh-trang-voi-mo-hanh-thom-ngon-het-23460,Món Hấp,Cách làm cá lóc hấp cuốn bánh tráng với mỡ hành thơm ngon hết sảy,"Bạn đang tìm cách làm cá lóc hấp cuốn bánh tráng ngon chuẩn vị?Vào bếpđể khám phá công thứcmón hấphấp dẫn này. Với hương vị đậm đà, thịt cá ngọt thơm, món ăn kèm rau sống tươi mát này chắc chắn sẽ làm hài lòng cả gia đình bạn.",,20 phút + 30 phút,Cho 1 con cá lóc (800gr),,11,"['Cá lóc - 1 con ((800gr))', 'Hành tím - 50 gr', 'Đậu phộng rang - 50 gr', 'Gừng - 30 gr', 'Hành lá - 100 gr', 'Ớt - 1 ít', 'Tỏi - 5 tép', 'Chanh - 1 quả', 'Dầu ăn - 1 muỗng canh', 'Gia vị thông dụng - 1 ít ((nước mắm/muối/đường/bột ngọt/hạt nêm/tiêu))', 'Rau ăn kèm - 1 ít ((bánh tráng/bún tươi/rau thơm/khóm/xoài xanh/chuối chát/sà lách/dưa leo/giá))']","['Bước 1 - Sơ chế và chuẩn bị nguyên liệu: Cá lóc 800gr đã làm sạch, rửa chanh muối và để ráo nước. Dùng dao khứa đều trên mình cá để gia vị dễ thấm. Hành lá: Cắt riêng phần gốc để riêng, phần lá còn lại cắt mỏng cho ra chén. Gừng: 30gr, cắt lát mỏng. Hành tím: 50gr, bào mỏng để lát nữa phi hành cho thơm giòn.', 'Bước 2 - Tẩm ướp cá lóc đậm đà: Nêm vào cá: 1 muỗng cà phê hạt nêm, 1/3 muỗng cà phê muối, 1/2 muỗng cà phê tiêu, 1 muỗng cà phê đường, 1/3 muỗng cà phê bột ngọt (có thể bỏ qua nếu không dùng), 1 muỗng canh nước mắm. Xoa bóp đều các loại gia vị khắp mình cá, cả trong kẽ khứa và phía bên trong bụng cá. Cho vài lát hành tím, vài gốc hành lá và vài lát gừng cùng một trái ớt vào bụng cá để tăng thêm hương vị.', 'Bước 3 - Hấp cá lóc thơm ngon: Xếp đều phần gừng cắt lát và gốc hành lá xuống đáy xửng hấp. Sau đó, đặt con cá lóc đã ướp lên trên. Rải thêm hành tím và gốc hành lên mình cá. Đậy kín bằng lá chuối. Để cá thấm gia vị khoảng 10 phút. Cho xửng cá vào nồi hấp, đậy nắp lại. Bật lửa lớn và hấp 15 phút tính từ lúc nước sôi cho cá chín tới.', 'Bước 4 - Làm hành phi và mỡ hành béo ngậy: Trong thời gian chờ cá chín, bạn làm hành phi và mỡ hành. Cho dầu ăn vào chảo, đợi dầu nóng thì cho hết phần hành tím bào mỏng vào phi. Đảo đều tay cho hành vàng thơm. Khi hành đã vàng đều, vớt hành phi ra rây lọc để ráo dầu. Phần dầu còn lại trong chảo chính là mỡ hành. Đổ mỡ hành nóng vào chén hành lá cắt mỏng đã chuẩn bị.', 'Bước 5 - Pha nước mắm chấm chua cay đậm đà: Cho ớt, 2 lát gừng, vài tép tỏi vào cối. Thêm 1 muỗng canh đường, 1/2 muỗng cà phê bột ngọt (có thể bỏ qua). Giã nhuyễn hỗn hợp. Sau đó, cho khoảng 3 muỗng canh nước mắm và 2 muỗng canh nước cốt chanh vào. Khuấy đều để các gia vị hòa quyện.', 'Bước 6 - Thành phẩm: Cá hấp chín tới, lấy ra khỏi nồi và đặt lên đĩa. Rưới đều phần mỡ hành đã làm lên khắp mình cá. Rắc hành phi và đậu phộng rang lên trên để tăng thêm độ thơm giòn và hấp dẫn. Dọn món cá lóc hấp cuốn bánh tráng kèm bánh tráng, bún tươi, rau thơm, khóm (dứa), xoài xanh, chuối chát, xà lách, dưa leo, giá và chén nước mắm chua cay đã pha. Thưởng thức món cá lóc hấp cuốn bánh tráng nóng hổi, thịt cá ngọt dai, béo ngậy vị mỡ hành, thơm lừng hành phi, đậu phộng giòn bùi, hòa quyện cùng rau sống tươi mát và nước chấm đậm đà.']","['Xem chi tiết:Cách phân biệt cá lóc đồng và cá lóc nuôi, cách sơ chế, khử mùi tanh', 'Để món cá lóc hấp của bạn thêm phần hoàn hảo và tiện lợi, một chiếc nồi hấp chất lượng là không thể thiếu.Nồi lẩu hấp đa năng Bear BES-CA73G1 10 lítlà lựa chọn lý tưởng cho mọi gia đình.Với dung tích lớn 10 lít,nồi lẩu điện Bearnày giúp bạn hấp nguyên con cá lóc 800gr dễ dàng, đảm bảo cá chín đều và giữ trọn hương vị tươi ngon.Thiết kế đa năng không chỉ dùng để hấp mà còn có thể nấu lẩu, giúp bạn chế biến nhiều món ăn phong phú, tiết kiệm thời gian và công sức trong gian bếp.Chất liệu cao cấp, an toàn cho sức khỏe và dễ dàng vệ sinh, mang lại trải nghiệm nấu nướng tuyệt vời cho những bữa ăn sum vầy.Nồi lẩu đa năng Bear BES-CA73G1 10 lítOnline giá rẻ quá890.000₫1.670.000₫-46%Xem chi tiết', 'Ướp kỹ giúp món cá lóc hấp cuốn bánh tráng thêm phần ngon miệng và đậm đà hơn.', 'Sử dụng Nồi lẩu hấp đa năng Bear BES-CA73G1 10 lít sẽ giúp cá chín đều, giữ được độ ngọt tự nhiên và tiết kiệm thời gian chế biến.', 'Nước mắm chấm là linh hồn của món cá lóc hấp cuốn bánh tráng, bạn có thể điều chỉnh độ chua cay mặn ngọt theo khẩu vị cá nhân.', 'Xem thêm:3 cách pha nước chấm cá hấp thơm ngon khó cưỡng đơn giản ai cũng mê', 'Xem thêm:Cách nấu cá lóc hấp bầu cuốn bánh tráng dân dã cực ngon2 cách nấu bún cá lóc miền Tây thơm ngon, đậm đà đơn giản tại nhà2 cách làm cá lóc nướng bằng nồi chiên không dầu thơm ngon, mềm, ngọt vị']",,dienmayxanh.com
https://www.dienmayxanh.com/vao-bep/cach-lam-cay-huong-hap-nguyen-con-cham-mam-tom-ngon-ba-chay-23461,Món Hấp,Cách làm cầy hương hấp nguyên con chấm mắm tôm ngon bá cháy,"Bạn đang tìm cách làm cầy hương hấp thơm ngon, chuẩn vị tại nhà? Cùngvào bếpvới mình để khám phá công thức cầy hương hấp sả đậm đà, khử mùi hiệu quả.Món hấpnày đảm bảo sẽ làm hài lòng cả gia đình bạn, mang đến trải nghiệm ẩm thực khó quên!",,40 phút + 30 phút,Cho 4-6 người,,7,"['Thịt cầy hương - 1.5 kg', 'Sả - 400 gr', 'Hành tím - 50 gr', 'Củ nghệ - 200 gr', 'Củ riềng - 300 gr', 'Gia vị sơ chế - 1 ít ((muối hột/gừng/rượu trắng/giấm))', 'Gia vị ướp - 1 ít ((mắm tôm/cơm mẻ/bột ngọt/hạt nêm/đường/rượu Mai Quế Lộ))']","['Bước 1 - Sơ chế cầy hương và khử mùi hiệu quả: Đầu tiên, bạn rửa sạch thịt cầy hương và chặt thành từng miếng vừa ăn. Cho thịt vào một thau lớn, thêm 1 muỗng canh muối hột, một ít gừng giã nhuyễn và 2 muỗng canh rượu trắng. Dùng tay bóp đều, massage kỹ các miếng thịt khoảng 5-7 phút để loại bỏ mùi hôi đặc trưng của thịt cầy hương. Tiếp theo, bạn bắc một nồi nước lên bếp, đun sôi. Khi nước sôi, cho vào 2 muỗng canh giấm, 1 củ gừng đập dập và 2 muỗng canh rượu trắng. Cho thịt cầy hương đã bóp vào nồi, trần sơ khoảng 2-3 phút rồi vớt ra ngay. Rửa lại thịt dưới vòi nước lạnh thật sạch một lần nữa, sau đó để ráo hoàn toàn trong rổ.', 'Bước 2 - Chuẩn bị gia vị ướp cầy hương: Lấy 100gr sả xắt nhỏ rồi xay hoặc giã thật nhuyễn. Phần 300gr sả còn lại bạn đập dập, để riêng. Bóc vỏ, giã nhuyễn 50gr hành tím. Gọt vỏ, giã nhuyễn 200gr củ nghệ tươi. Gọt vỏ, giã nhuyễn 300gr củ riềng.', 'Bước 3 - Ướp thịt cầy hương đậm đà: Cho tất cả các nguyên liệu đã giã nhuyễn (sả, hành tím, nghệ, riềng) vào một thau lớn. Thêm vào thau 2 muỗng canh mắm tôm đầy, 3 muỗng canh cơm mẻ đầy, 1 muỗng cà phê bột ngọt, 1 muỗng canh hạt nêm, 1 muỗng canh đường và 1.5 muỗng canh rượu Mai Quế Lộ. Trộn đều tất cả gia vị cho hòa quyện vào nhau. Cho thịt cầy hương đã ráo nước vào thau gia vị. Dùng tay massage kỹ từng miếng thịt để gia vị thấm đều và sâu vào từng thớ thịt. Ướp thịt trong khoảng 30 phút để thịt ngấm đủ hương vị.', 'Bước 4 - Cách hấp cầy hương sả thơm lừng: Chuẩn bị một xửng hấp. Lót đều phần sả đập dập đã chuẩn bị ở Bước 2 xuống đáy xửng. Xếp thịt cầy hương đã ướp đều lên lớp sả. Đổ hết phần gia vị còn lại trong thau lên trên thịt. Đặt xửng vào nồi, hấp cách thủy trên lửa vừa. Hấp khoảng 20-30 phút tùy độ lớn và độ dày của miếng thịt. Bạn có thể dùng đũa xôm thử, nếu đũa xiên qua dễ dàng là thịt đã chín tới. Tránh hấp quá lâu làm thịt bị dai và mất đi độ ngọt tự nhiên.', 'Bước 5 - Thành phẩm: Thịt cầy hương hấp sả sau khi chín, tắt bếp và lấy ra ngay. Xắt thịt thành từng miếng vừa ăn. Món này ngon nhất khi thưởng thức nóng hổi cùng cơm trắng hoặc bún, chấm kèm muối ớt chanh hoặc nước mắm gừng sẽ rất tuyệt vời.']","['Để món cầy hương hấp sả thêm phần hoàn hảo, việc sở hữu một dụng cụ hấp chất lượng là vô cùng quan trọng.Nồi lẩu hấp đa năng Lock&Lock EJP124IVY 3 lítsẽ là trợ thủ đắc lực cho bạn trong căn bếp.Vớinồi lẩu điện Lock&Lock, bạn có thể dễ dàng điều chỉnh nhiệt độ, đảm bảo thịt cầy hương được hấp chín tới mà không bị dai hay mất đi độ ngọt tự nhiên.Dung tích 3 lít lý tưởng cho gia đình, cho phép bạn hấp nguyên con hoặc nhiều miếng thịt cùng lúc, tiết kiệm thời gian và công sức.Thiết kế thông minh, dễ dàng vệ sinh sau khi sử dụng, giúp công việc nấu nướng trở nên nhẹ nhàng và tiện lợi hơn bao giờ hết.Nồi hấp đa năng Lock&Lock EJP124IVY 3 lítHết hàng tạm thời1.478.000₫Xem chi tiết', 'Xem thêm:Cách làm má heo hấp hành thơm nức mũi vô cùng hấp dẫn với nồi inox cao cấpCách làm dê hấp tía tô đơn giản, thơm ngon, ngọt mềmCách làm óc bò hấp ngải cứu thơm béo bổ dưỡng cho sức khỏe cả gia đình']",,dienmayxanh.com
https://www.dienmayxanh.com/vao-bep/cach-lam-cha-trung-com-tam-ngon-deo-dai-mem-toi-ma-khong-bo-23451,Món Hấp,"Cách làm chả trứng cơm tấm ngon, dẻo dai, mềm tơi mà không bở với mẹo nhỏ","Mê mẩn món chả trứng cơm tấm mềm mại, thơm lừng? Cùng Điện máy XANHvào bếpkhám phá cách làm chả trứng hấp chuẩn vị! Công thứcmón hấpnày đảm bảo chả dẻo dai, không khô, cho bữa cơm tấm hoàn hảo ngay tại nhà bạn.",,20 phút + 45 phút,Cho 10 - 12 người,,11,"['Trứng vịt - 10 quả ((hoặc trứng gà))', 'Bún tàu - 120 gr ((đã ngâm nở))', 'Hành tây - 50 gr', 'Hành tím - 10 gr', 'Gốc hành lá - 10 gr', 'Nấm mèo - 80 gr ((đã ngâm nở))', 'Thịt ba chỉ xay - 100 gr', 'Giò sống - 200 gr', 'Mỡ heo - 50 gr', 'Màu dầu điều - 1 ít ((tùy chọn))', 'Gia vị thông dụng - 1 ít ((rượu trắng/ tiêu xay/ đường cát/ muối/ hạt nêm/ bột ngọt/ nước mắm))']","['Bước 1 - Sơ chế nấm mèo và các nguyên liệu thơm: Trước tiên, bạn rửa sơ nấm mèo cho sạch bụi bẩn. Ngâm nấm mèo khô trong nước vo gạo sạch cho nở mềm. Sau đó vớt ra, rửa sạch lại và băm nhỏ. Băm nhuyễn 50gr hành tây, 10gr hành tím và 10gr gốc hành lá. Mỡ heo 50gr cắt hạt lựu nhỏ hoặc băm nhuyễn.', 'Bước 2 - Ướp và nhồi hỗn hợp thịt làm chả trứng: Cho 100gr thịt ba chỉ xay, 200gr giò sống và 50gr mỡ heo băm hạt lựu vào túi ni lông. Thêm gốc hành lá, hành tím băm nhuyễn, 1/2 thìa cà phê rượu trắng, một ít tiêu xay và 1 thìa canh đường cát vào. Tiếp tục cho hết 50gr hành tây băm nhuyễn vào. Nhồi kỹ hỗn hợp trong túi ni lông khoảng 10 phút. Khi thấy thịt không còn dính vào túi là đạt, giúp chả dai và dẻo hơn.', 'Bước 3 - Trộn các nguyên liệu còn lại: Đổ hỗn hợp thịt đã nhồi ra tô. Thêm 2/3 thìa cà phê muối, 1 thìa cà phê hạt nêm, 1 thìa cà phê bột ngọt và 1 thìa cà phê nước mắm. Trộn đều và ướp khoảng 10 phút. Trong lúc chờ ướp, cắt nhỏ 120gr bún tàu đã ngâm nở thành khúc dài khoảng 0.5 - 1cm. Cho toàn bộ lượng tiêu xay còn lại (khoảng 7gr) vào tô thịt. Đập 5 quả trứng vịt loại trung (hoặc 4 quả trứng vịt loại to) vào tô thịt. Thêm 80gr nấm mèo và 120gr bún tàu đã cắt nhỏ. Bóp đều tất cả nguyên liệu cho hòa quyện. Nếu hỗn hợp hơi đặc, thêm 1 thìa canh nước lọc để chả mềm mại hơn khi hấp. Hỗn hợp nên hơi nhão, dạng sệt.', 'Bước 4 - Hấp chả trứng cơm tấm: Chuẩn bị khuôn hấp. Nếu dùng khuôn inox hoặc nhôm, nên lót giấy nến hoặc lá chuối dưới đáy để chống dính. Đổ hỗn hợp chả trứng vào khuôn. Đặt khuôn chả vào nồi xửng hấp khi nước trong nồi còn nguội hoàn toàn (chưa bật bếp). Đậy nắp nồi hấp. Nếu có khăn sạch, bọc khăn lên nắp để tránh nước đọng nhỏ xuống chả. Nếu không, cứ 10 phút mở nắp xả hơi một lần. Bật bếp, đun lửa nhỏ hoặc dưới trung bình, tiến hành hấp chả trong 20 phút. Sau 20 phút, mở nắp, dùng tăm hoặc que thử xăm vào phần chả nhô lên. Nếu thấy nước vàng xì lên là chả chưa chín. Đậy nắp và hấp thêm 10 phút nữa (tổng cộng 30 phút). Sau khi chả chín, tắt bếp và để nguội khoảng 5 phút. Tách riêng lòng đỏ của 5 quả trứng vịt còn lại. Thêm một ít màu dầu điều (nếu có) vào lòng đỏ để tạo màu đẹp rồi đánh tan. Đổ đều hỗn hợp lòng đỏ trứng lên bề mặt chả đã hấp. Đậy nắp nồi hấp hé ra (không đậy kín) và hấp thêm khoảng 10 phút cho lớp mặt chín và khô ráo.', 'Bước 5 - Thành phẩm: Chả trứng hấp chín tới, thơm lừng, mềm mại, dẻo dai và không hề bị khô. Món chả có vị mặn ngọt vừa phải, hài hòa, rất thích hợp để ăn kèm với cơm tấm, sườn nướng, bì và nước mắm chua ngọt. Cắt chả thành miếng vừa ăn và thưởng thức ngay.']","['Để món chả trứng hấp của bạn đạt độ mềm mại, chín đều hoàn hảo, một chiếc nồi hấp chất lượng là không thể thiếu.Nồi xửng hấp inox nắp inox 26 cm Green Cook GCST01-26IHsẽ là trợ thủ đắc lực cho bạn trong mọi món hấp.Nồi Green Cookđược làm từ chất liệu inox cao cấp, đảm bảo an toàn vệ sinh thực phẩm và độ bền vượt trội.Thiết kế nắp inox kín giúp giữ nhiệt tốt, hơi nước không thoát ra ngoài, đảm bảo món ăn chín nhanh và đều.Kích thước 26 cm phù hợp cho gia đình, dễ dàng hấp nhiều loại thực phẩm khác nhau, mang lại sự tiện lợi tối đa.Nồi xửng hấp inox Green Cook GCST01-26IHOnline giá rẻ quá420.000₫588.000₫-28%Xem chi tiết', 'Ngâm nấm mèo trong nước vo gạo giúp nấm trắng, giòn hơn và loại bỏ mùi hôi mốc hiệu quả.', 'Giò sống giúp chả trứng cơm tấm dẻo dai, mềm mại. Thịt ba chỉ xay có cả nạc và mỡ sẽ giúp chả không bị khô.', 'Hỗn hợp chả trứng nên hơi nhão, sệt trước khi hấp. Nếu đặc quá, chả sẽ bị cứng sau khi chín.', 'Hấp chả khi nước nguội giúp chả chín đều từ trong ra ngoài, giữ được độ mềm mại, không bị khô cứng.', 'Đậy nắp hé khi hấp lớp mặt giúp màu trứng không bị đục hay nhạt, giữ được độ tươi sáng.', 'Xem thêm:Cách pha nước mắm tỏi ớt chua ngọt chấm món nào cũng ngon với máy xayCách ướp thịt nướng cơm tấm mềm mọng nước thơm lừng chuẩn vịCách làm đồ chua bánh mì trong 5 phút chỉ bằng hộp đựng thực phẩm']",,dienmayxanh.com
https://www.dienmayxanh.com/vao-bep/cach-lam-pate-uc-ga-healthy-thom-ngon-beo-ngay-ma-khong-lo-14070,Món Hấp,Cách làm pate ức gà healthy thơm ngon béo ngậy mà không lo mập,"Có thể nói, món bánh mì truyền thống của nước ta nổi tiếng vang dội như ngày hôm nay là không thể thiếu đi sự góp mặt của pate béo ngậy rồi! Nhân đây, Điện máy XANH cũng muốn mách nhỏ cho bạn món pate ức gà siêu hấp dẫn khiến ai cũng mê đắm. Nào cùng bắt tayvào bếpthực hiện ngaymón từ gànày thôi nhé!",,20 phút + 1 giờ 10 phút,Cho 4 người,,9,"['Ức gà - 250 gr ((xay nhuyễn))', 'Bánh mì - 1 cái', 'Sữa tươi không đường - 100 ml', 'Phô mai con bò cười - 1 miếng', 'Bơ lạt - 20 gr', 'Hành tím băm - 1.5 muỗng cà phê', 'Tỏi băm - 2 muỗng cà phê', 'Dầu ăn - 2 muỗng cà phê', 'Gia vị thông dụng - 1 ít ((Hạt nêm/ muối/ đường/ tiêu xay))']","['Bước 1 - Xào sơ thịt gà: Đầu tiên, bạn lấy kéo cắt nhỏ bánh mì cho ra tô ngâm cùng 100ml sữa tươi không đường khoảng 10 phút, đến khi bánh mì mềm ra là được. Sau đó, bắc chảo lên bếp cùng 20gr bơ lạt đun với lửa vừa. Bơ tan thì bạn cho số ức gà xay sẵn vào xào sơ trong vòng 5 - 7 phút. Thấy ức gà đã săn lại thì bạn nêm 1 muỗng cà phê hạt nêm, 1/2 muỗng cà phê muối, 1 muỗng cà phê đường, 1/4 muỗng cà phê tiêu xay và toàn bộ phần bánh mì đã ngâm mềm vào, xào thêm 5 phút rồi tắt bếp, để nguội. Vì bạn còn hấp pate cho nên bạn không cần xào quá chín hỗn hợp thịt gà nhé!Tùy theo sở thích, bạn có thể thêm vào các loại hạt để tăng độ thơm ngon hơn cho món pate.', 'Vì bạn còn hấp pate cho nên bạn không cần xào quá chín hỗn hợp thịt gà nhé!', 'Tùy theo sở thích, bạn có thể thêm vào các loại hạt để tăng độ thơm ngon hơn cho món pate.', 'Bước 2 - Xay hỗn hợp thịt gà: Kế đến, bạn lấy máy xay thịt rồi cho hỗn hợp thịt gà vừa xào và 1 miếng phô mai vào, tiến hành xay nhuyễn ở mức vừa khoảng 3 - 5 phút.', 'Bước 3 - Hấp pate ức gà: Xay thịt gà xong, bạn bắc bộ nồi xửng hấp lên bếp cùng 300ml nước ở ngăn dưới rồi đun với lửa lớn. Đồng thời, dùng cọ phết 2 muỗng cà phê dầu ăn lên toàn bộ bề mặt hộp đựng thực phẩm. Kế đến, cho phần hỗn hợp thịt gà đã xay vào, lấy màng bọc thực phẩm bọc lại. Thấy bộ xửng hấp đã nóng thì bạn đặt hộp pate vào ngăn trên, đậy nắp đồng thời giảm xuống lửa vừa tiến hành hấp khoảng 35 - 40 phút. Khi pate chín thì bạn tắt bếp, đem pate cho ra dĩa rồi thưởng thức thôi nhé!', 'Bước 4 - Thành phẩm: Pate ức gà thật dễ để thực hiện các bạn nhỉ? Pate lên màu chuẩn, tỏa hương thơm béo ngậy thật hấp dẫn! Dùng dao cắt một miếng vừa nếm thử, pate mềm, không quá khô, khi ăn thì cảm nhận ngay vị beo béo rất khó mà cưỡng lại luôn đấy! Với món pate ức gà này bạn có thể ăn cùngbánh mì,xôi,... đều mang lại hương vị hoàn hảo cho món ăn hết nhé!']","['Xem chi tiết:Cách chọn mua thịt gà tươi ngon', 'Vì bạn còn hấp pate cho nên bạn không cần xào quá chín hỗn hợp thịt gà nhé!Tùy theo sở thích, bạn có thể thêm vào các loại hạt để tăng độ thơm ngon hơn cho món pate.', 'Xem thêm:2 cách làm pate gan gà béo ngậy, thơm lừng, đơn giản tại nhàCách làm Pate gan gà bằng nồi cơm điệnCách làm pate gan ngỗng kiểu Pháp vị thơm ngon chuẩn đẳng cấp nhà hàng']",,dienmayxanh.com
https://www.dienmayxanh.com/vao-bep/cach-nau-che-con-ong-bang-duong-thot-not-deo-thom-ngon-ngot-07241,Món Hấp,Cách nấu chè con ong bằng đường thốt nốt dẻo thơm ngon ngọt đơn giản,"Chè con ong làmón chèquen thuộc và được ưa chuộng trong cácdịp lễ Tếtcủa các gia đình Việt bởi vị bùi béo, mềm dẻo thơm ngon, mang đến sự thú vị và cuốn hút mỗi khi có dịp thưởng thức. Hôm nay, hãy cùngvào bếpvới Điện máy XANH và thử tài thực hiện ngay món ăn truyền thống vô cùng hấp dẫn này nhé!",,1 giờ + 40 phút,Cho 4 người,,7,"['Gạo nếp - 300 gr', 'Gừng - 2 củ ((nhỏ))', 'Mè rang - 1 muỗng canh', 'Đường thốt nốt - 100 gr', 'Lá dứa - 1 ít', 'Dầu ăn - 1 ít', 'Muối - 1 ít']","['Bước 1 - Ngâm nếp và nấu xôi: Để loại bỏ bụi bẩn, phần gạo nếp các bạn mang đi vo với nước. Cho khoảng 300ml nước lọc vào tô đựng gạo nếp, thêm tiếp vào tô 1/2 muỗng cà phê muối, khuấy đều. Ngâm nếp trong vòng 4 - 5 tiếng (hoặc có thể ngâm qua đêm) tùy theo nếu có thời gian, còn nếu không thì ngâm 3 tiếng là được. Nếp sau khi đã ngâm mềm, các bạn đổ nếp qua 1 cái ray và để cho nếp ráo nước. Đặt xửng hấp lên bếp, đổ nước vào và đun sôi. Xếp lá dứa bên dưới xửng, sau đó đổ nếp đã ngâm vào rồi dàn đều và khoét 1 lỗ ở giữa xửng, hấp xôi trong 20 - 25 phút. Sau 20 phút, bạn cho 1 ít dầu ăn rồi dùng đũa xới đều và tiếp tục hấp thêm 5 - 10 phút nữa cho xôi chín mềm. Mách nhỏ:Cho một ít dầu ăn vào xôi giúp thành phẩm sau khi nấu được bóng đều và đẹp mắt. Cách nấu xôi không bị nhão hoặc khô Xem chi tiết:Bí quyết nấu xôi bằng nồi cơm điện', 'Bạn trải đều nếp, để khi hấp giúp cho nếp được chín đều hơn.', 'Dùng đũa chọc 3 - 4 lỗ to giữa nếp để tạo lỗ khí giúp cho hơi nước được lưu thông đều khắp nồi.', 'Phần nước cho vào nồi dưới của xửng, nên chiếm 1/3 dung tích nồi để hơi nước vừa đủ để làm mềm hạt nếp.', 'Ngoài cách trên, bạn cũng có thể nấu xôi bằng nồi cơm điện theo công thức dưới đây của Điện máy XANH', 'Bước 2 - Xay gừng: Để loại sạch bụi bẩn, gừng mua về các bạn mang rửa sạch, sau đó cạo sạch vỏ rồi dùng dao cắt thành các lát mỏng. Cho gừng vào máy xay sinh tố cùng với 100ml nước lọc sau đó xay nhuyễn.', 'Bước 3 - Lọc nước cốt gừng: Phần gừng sau khi đã xay xong, các bạn lọc qua rây thu lấy nước cốt.', 'Bước 4 - Nấu nước đường: Bắc chảo lên bếp, sau đó cho đường thốt nốt và nước cốt gừng vào rồi tiến hành nấu ở lửa vừa cho đến khi đường thốt nốt tan hoàn toàn, hỗn hợp bắt đầu sôi và sánh lại.', 'Bước 5 - Cho xôi vào: Kế đến, hạ nhỏ lửa và cho phần xôi nếp vào chảo, dùng đũa trộn thật đều tay đến khi xôi áo đều đường, các hạt xôi tơi và lên màu vàng nâu đẹp mắt thì tắt bếp. Mách nhỏ:Trong quá trình này các bạn nên đảo xôi ở lửa nhỏ để hỗn hợp nước đường được thấm đều vào xôi để giúp xôi không bị khô, cháy và lên màu đẹp.', 'Bước 6 - Thành phẩm: Lấy một lượng xôi vừa đủ cho vào bát, ép và tạo hình sau đó trút ra dĩa, rắc thêm 1 ít mè rang, trang trí lại cho đẹp mắt là hoàn thành. Chè con ong sau khi hoàn thành có màu vàng nâu bắt mắt. Xôi nếp dẻo mềm, thơm nức mùi gừng và mè rang, quyện với đường thốt nốt ngọt dịu, không hề bị gắt, đảm bảo ăn là ghiền!']","['Cho một ít dầu ăn vào xôi giúp thành phẩm sau khi nấu được bóng đều và đẹp mắt.Cách nấu xôi không bị nhão hoặc khôBạn trải đều nếp, để khi hấp giúp cho nếp được chín đều hơn.Dùng đũa chọc 3 - 4 lỗ to giữa nếp để tạo lỗ khí giúp cho hơi nước được lưu thông đều khắp nồi.Phần nước cho vào nồi dưới của xửng, nên chiếm 1/3 dung tích nồi để hơi nước vừa đủ để làm mềm hạt nếp.Ngoài cách trên, bạn cũng có thể nấu xôi bằng nồi cơm điện theo công thức dưới đây của Điện máy XANHXem chi tiết:Bí quyết nấu xôi bằng nồi cơm điện', 'Trong quá trình này các bạn nên đảo xôi ở lửa nhỏ để hỗn hợp nước đường được thấm đều vào xôi để giúp xôi không bị khô, cháy và lên màu đẹp.', 'Xem thêm:2 cách nấu chè khoai mì thơm ngon lạ miệng đơn giản cho gia đìnhCách nấu chè hạt sen thanh long đỏ lạ miệng, thanh mát, ngon khó cưỡngCách nấu chè đậu xanh, nha đam thanh mát, giải nhiệt cho ngày nóng']",,dienmayxanh.com
https://www.dienmayxanh.com/vao-bep/cach-lam-lon-man-hap-rieng-me-thom-phuc-tai-nha-an-cuc-cuon-23445,Món Hấp,Cách làm lợn mán hấp riềng mẻ thơm phức tại nhà ăn cực cuốn,"Bạn đang tìm cách làm món thịt lợn mán hấp thơm ngon, đậm đà? CùngVào bếpvới công thức lợn mán hấp riềng mẻ chuẩn vị!Món hấpnày đảm bảo thịt mềm ngọt, da giòn sần sật, ăn không hề ngấy.",,30 phút + 1 giờ,Cho 1 kg thịt lợn mán,,5,"['Thịt lợn mán - 1 kg ((hoặc lợn bản/lợn rừng))', 'Củ riềng - 1 ít', 'Cơm mẻ - 1 ít', 'Bột nghệ - 1 ít ((hoặc nước nghệ tươi))', 'Gia vị thông dụng - 1 ít ((hạt nêm/bột ngọt/nước tương))']","['Bước 1 - Sơ chế và ướp thịt lợn mán đậm đà: Đầu tiên, bạn cần thui vàng phần da của miếng thịt lợn mán. Sau đó, cạo sạch lớp cháy và rửa thịt thật kỹ với nước sạch. Cho thịt vào tô lớn. Ướp với hạt nêm, bột ngọt, nước tương, bột nghệ (hoặc nước nghệ tươi từ củ nghệ giã lấy nước), cơm mẻ và riềng đã giã nhỏ. Đảo đều để gia vị thấm vào từng thớ thịt. Ướp khoảng 20-30 phút. Nếu là mùa đông, hãy ướp ít nhất 30 phút để thịt ngấm gia vị tốt hơn.', 'Bước 2 - Hấp thịt lợn mán thơm lừng: Sau khi ướp, bạn sẽ thấy thịt ra một chút nước. Bây giờ, bạn có thể cho thịt vào nồi hấp. Hoặc, bạn có thể cho một chút nước từ cơm mẻ, riềng và nghệ vào nồi cùng với thịt. Đun nhỏ lửa. Khi nước sôi, hạ lửa nhỏ nhất. Với những khúc thịt to, bạn nên nấu ít nhất 40 phút, hoặc tốt nhất là 1 tiếng. Cứ khoảng 30 phút, bạn lật miếng thịt một lần để thịt chín đều và ngấm gia vị.', 'Bước 3 - Thành phẩm: Khi thịt đã chín mềm, màu sắc đẹp mắt, bạn tắt bếp và để thịt nguội bớt. Thái thịt thành từng lát mỏng vừa ăn rồi bày ra đĩa. Bạn có thể thưởng thức ngay hoặc dùng để làm các món nộm cũng rất ngon. Thịt lợn mán hấp cuốn với các loại rau rừng hay lá mơ và chấm mắm tôm là món ăn cực kỳ hấp dẫn.']","['Để món lợn mán hấp riềng mẻ đạt độ ngon hoàn hảo, việc lựa chọn dụng cụ nấu nướng chất lượng là vô cùng quan trọng.Bộ 3 nồi inox 3 lớp nguyên khối nắp kính Elmich Trimax XR EL-3843sẽ là trợ thủ đắc lực giúp bạn thực hiện món ăn này một cách dễ dàng và hiệu quả.Vớibộ nồi elmichnày, bạn sẽ an tâm về độ bền bỉ và khả năng truyền nhiệt vượt trội, giúp thịt chín đều và giữ trọn hương vị.Cấu tạo 3 lớp nguyên khối giúp nồi giữ nhiệt tốt, tiết kiệm năng lượng và đảm bảo an toàn cho sức khỏe khi nấu nướng.Nắp kính tiện lợi giúp bạn dễ dàng quan sát quá trình hấp mà không cần mở vung, giữ hơi nóng bên trong để thịt nhanh chín và mềm hơn.Bộ 3 nồi inox 3 lớp nguyên khối Elmich Trimax XR EL-38431.220.000₫2.072.000₫-41%Xem chi tiết', 'Việc đun nhỏ lửa với chính nước tiết ra từ thịt và gia vị sẽ giúp thịt ngấm sâu hương vị, thơm ngon hơn rất nhiều, và da thịt sẽ cực kỳ thơm giòn.', 'Xem thêm:Hướng dẫn công thức pha mắm tôm chấm bún đậu chuẩn vị', 'Xem thêm:2 cách làm lợn mán xào sả ớt và xào lá mắc mật đơn giản, đậm đà, đưa cơm2 cách ướp thịt heo rừng nướng sa tế và nướng muối ớt mềm ngon đậm đàCách làm món thịt heo rừng xào lăn đơn giản, thơm béo, ăn là ghiền']",,dienmayxanh.com
https://www.dienmayxanh.com/vao-bep/cach-hap-tom-sa-gung-giu-nguyen-duong-chat-thom-lung-cuon-hut-23439,Món Hấp,Cách hấp tôm sả gừng giữ nguyên dưỡng chất thơm lừng cuốn hút,"Chào bạn! Hôm nay, chuyên mụcVào bếpsẽ hướng dẫn bạn cách hấp tôm sả gừng thơm lừng, thịt tôm săn ngọt khó cưỡng.Món hấpnày cực kỳ dễ làm, giữ trọn hương vị tươi ngon và dinh dưỡng. Đảm bảo cả nhà sẽ mê tít!",,15 phút + 15 phút,Cho 500gr tôm sú,,5,"['Tôm sú - 500 gr', 'Sả - 3 cây', 'Gừng - 1 củ', 'Ớt - 1 trái', 'Gia vị thông dụng - 1 ít ((muối/ bột ngọt/ đường/ nước mắm))']","['Bước 1 - Sơ chế tôm sú và nguyên liệu: Đầu tiên, 500gr tôm sú đã được rửa sạch sẽ. Sả cắt xéo xéo thành từng miếng vừa phải. Cách cắt này giúp sả tiết ra tinh dầu thơm nhất khi hấp. Gừng thì thái sợi. Ớt thì thái lát mỏng.', 'Bước 2 - Sắp xếp nguyên liệu vào nồi (tạo lớp nền cho món tôm hấp gừng sả): Hấp tôm trong một chiếc nồi (hoặc thố) có nắp, không cần hấp cách thủy nếu không có sẵn xửng hấp. Đầu tiên, cho một lớp sả và gừng thái lát xuống đáy nồi. Lớp nền này sẽ giúp tôm không bị cháy và thấm đều hương thơm. Sau đó, xếp toàn bộ tôm sú đã sơ chế vào nồi.', 'Bước 3 - Nêm gia vị và thêm nước: Sau khi xếp tôm xong, mình bắt đầu nêm gia vị cho món tôm hấp gừng sả nhé: Cho 1/2 muỗng cà phê muối. Thêm 1/2 muỗng cà phê bột ngọt (chỉ một chút thôi vì tôm đã rất ngọt rồi). Và 1/2 muỗng cà phê đường để tăng thêm độ ngọt cho tôm. Tiếp theo, rải đều phần sả và gừng còn lại lên trên mặt tôm. Dành một chút nước mắm (khoảng 1-2 muỗng cà phê) rưới nhẹ lên tôm để tăng thêm mùi thơm và độ đậm đà. Cuối cùng, cho vài muỗng nước lọc vào nồi. Lượng nước này vừa đủ để tạo hơi nước giúp tôm chín và không bị khô.', 'Bước 4 - Hấp tôm sả gừng: Đậy nắp nồi lại và đặt lên bếp. Ban đầu, để lửa trung bình cho nồi sôi từ từ. Khi nước sôi bùng lên, mùi sả và gừng thơm lừng sẽ lan tỏa khắp bếp, rất hấp dẫn. Hấp khoảng 10 phút là tôm sẽ chín tới (đối với tôm sú lớn). Hấp kiểu này sẽ giữ được trọn vẹn vị ngọt tự nhiên của tôm.', 'Bước 5 - Hoàn tất và thưởng thức: Sau khoảng 10 phút, tôm đã chín hồng hào và rất hấp dẫn. Cho vài lát ớt đã thái vào nồi, đậy nắp lại và hấp thêm khoảng 1 phút nữa. Bước này giúp ớt dậy mùi thơm mà không bị quá cay. Món tôm hấp sả gừng của chúng ta đã hoàn thành rồi! Tôm vừa chín tới, không bị teo, màu sắc tuyệt vời và mùi thơm thì ngào ngạt.', 'Bước 6 - Thành phẩm: Món tôm hấp sả gừng nóng hổi, thơm lừng đã sẵn sàng để thưởng thức. Bạn có thể chấm kèm với muối tiêu chanh hoặc nước mắm gừng tùy thích. Phần nước hấp dưới đáy nồi cũng rất ngọt và đậm đà đấy nhé!']","['Xem chi tiết:Cách chọn tôm và cách bảo quản tôm tươi trong tủ lạnh được lâu nhất', 'Để món tôm hấp sả gừng thêm phần trọn vị và giữ nhiệt tốt, việc sử dụng dụng cụ nấu phù hợp là rất quan trọng.Nồi đất nắp kính 19 cm Dong hwa Tucbeghi G-704Hlà một lựa chọn lý tưởng.Nồi Dong Hwađược làm từ chất liệu đất sét cao cấp, nung ở nhiệt độ cao, giúp giữ nhiệt cực tốt và tỏa nhiệt đều, đảm bảo món ăn chín tới và thơm ngon.Thiết kế nắp kính trong suốt tiện lợi, giúp bạn dễ dàng quan sát quá trình hấp mà không cần mở nắp, giữ trọn hơi nóng và hương vị.Kích thước 19cm nhỏ gọn, phù hợp cho các món hấp, kho, nấu canh cho gia đình nhỏ, mang lại hương vị thơm ngon đặc trưng.Nồi đất Dong hwa Tucbeghi G-704HHàng phải chuyển về160.000₫300.000₫-46%Xem chi tiết', 'Không nên hấp quá lâu vì tôm sẽ bị teo lại, mất đi độ săn chắc và ngọt ngon.', 'Xem thêm:Cách làm tôm sú nướng bơ tỏi thơm ngon đơn giản tại nhà2 Cách làm tôm sú sốt bơ tỏi thơm lừng, mềm ngon ai cũng phải mêHướng dẫn cách làm tôm sú nướng bơ phô mai ngon tuyệt tại nhà']",,dienmayxanh.com
https://www.dienmayxanh.com/vao-bep/cach-nau-ga-hap-hem-la-mieng-ngon-chuan-vi-mien-tay-tai-nha-23434,Món Hấp,"Cách nấu gà hấp hèm lạ miệng, ngon chuẩn vị miền Tây tại nhà cực dễ","Bạn muốn tự tay làm món gà hấp hèm thơm ngon, chuẩn vị?Vào bếpcùng Điện máy XANH khám phá công thức lẩu gà hấp hèm đậm đà hương vị hèm rượu đặc trưng.Món từ gàhấp này sẽ giúp bạn chiêu đãi cả nhà bữa ăn hấp dẫn, đảm bảo ai cũng mê!",,25 phút + 1 giờ 10 phút,Cho 4 - 6 người,,13,"['Xương gà - 1 kg', 'Gà - 1 con ((1.5kg))', 'Hèm - 250 gr ((hoặc cơm rượu))', 'Sả - 4 cây', 'Hành tím - 10 củ', 'Ớt sừng - 1 ít', 'Hành tây - 2 củ', 'Hành lá và rau răm - 1 ít', 'Sa tế - 20 gr', 'Nước hèm - 50 ml ((nước cơm rượu))', 'Gừng - 1 miếng', 'Gia vị thông dụng - 1 ít ((hạt nêm/ muối/ đường))', 'Món ăn kèm - 1 ít ((cải thảo/ cải bẹ xanh/ bún))']","['Bước 1 - Sơ chế xương gà và hầm nước dùng: Đầu tiên, bạn rửa sạch 1kg xương gà với nước muối để loại bỏ mùi tanh. Sau đó, trụng xương gà trong nồi nước sôi có thêm một miếng gừng khoảng 5 phút rồi rửa sạch lại lần nữa. Cho xương gà đã trụng vào nồi lớn với 3 lít nước, hầm khoảng 30 phút để lấy nước dùng ngọt. Nếu có thời gian, bạn có thể hầm lâu hơn (1 tiếng) hoặc nếu dùng xương heo thì hầm ít nhất 45 phút.', 'Bước 2 - Sơ chế nguyên liệu: Với 250gr hèm (hoặc cơm rượu), bạn lưu ý chọn loại đã ủ ít nhất 5 ngày để có mùi rượu nồng và vị chua nhẹ đặc trưng. Hành tím và một củ hành tây nhỏ, bạn xay nhuyễn hoặc giã nát rồi vắt lấy nước cốt để riêng, phần bã bỏ đi. Sả cắt khúc khoảng 7 - 8cm rồi đập dập. Ớt sừng và củ hành tây còn lại thì cắt lát mỏng để trang trí sau. Hành lá và rau răm cắt nhỏ.', 'Bước 3 - Ướp gà: Cho gà vào tô lớn. Ướp gà với 5gr hạt nêm, 5gr muối, 3gr đường, 20gr sa tế, 50ml nước hèm và phần nước cốt hành tím, hành tây đã vắt. Trộn đều gia vị cho gà thấm, sau đó cho vào ngăn mát tủ lạnh ướp khoảng 30 phút hoặc ướp lâu hơn để giúp gà thấm vị ngon hơn.', 'Bước 4 - Hấp gà với sả thơm lừng: Trải một lớp sả đập dập dưới đáy nồi hấp. Đặt gà đã ướp lên trên lớp sả, đậy nắp lại. Hấp gà trên lửa nhỏ khoảng 20 - 30 phút tùy kích thước gà. Nước từ thịt gà, sả và hèm sẽ tự tiết ra làm chín gà mà không cần thêm nước.', 'Bước 5 - Xào gà cho dậy mùi: Phi thơm hành tím trong chảo. Khi hành thơm và hơi vàng, cho gà đã hấp vào xào (bỏ phần sả đã hấp). Xào gà cho đến khi thịt gà săn lại và thấm đều mùi thơm của hành phi. Đổ toàn bộ phần nước hấp gà còn lại vào chảo, tiếp tục đun và đảo nhẹ cho đến khi nước hơi cạn là được.', 'Bước 6 - Nấu lẩu gà hấp hèm: Vớt xương gà ra khỏi nồi nước dùng. Cho toàn bộ phần gà đã xào vào nồi nước dùng. Cho phần xác hèm còn lại vào một lòng inox hoặc rây rồi thả vào nồi lẩu. Nấu thêm khoảng 10 phút. Nêm gia vị cho lẩu gồm 5gr muối, 5gr hạt nêm. Không cần thêm đường vì hèm đã có vị ngọt tự nhiên.', 'Bước 7 - Thành phẩm: Múc lẩu gà hấp hèm ra tô hoặc thố. Trang trí với vài lát hành tây, ớt sừng, hành lá và rau răm lên trên. Khi ăn, bạn có thể đặt nồi lẩu lên bếp để giữ nóng, thêm cải thảo, cải bẹ xanh vào và thưởng thức cùng bún hoặc mì. Đừng quên chấm gà với muối ớt xanh để tăng thêm hương vị nhé!']","['Nấu gà hấp hèm ngon chuẩn vị sẽ dễ dàng hơn vớiBộ nồi quánh inox nắp kính Tefal Optispace G7376S44. Đây là trợ thủ đắc lực giúp bạn chế biến món ăn hấp dẫn này một cách hoàn hảo.Nồi Tefalđược làm từ chất liệu inox cao cấp, đảm bảo độ bền vượt trội và an toàn cho sức khỏe. Thiết kế đáy nồi dày dặn giúp truyền nhiệt đều, giữ nhiệt tốt, cho món ăn chín mềm và thơm ngon.Nắp kính trong suốt tiện lợi giúp bạn dễ dàng quan sát quá trình nấu mà không cần mở nắp. Tay cầm cách nhiệt chắc chắn, chống nóng, mang lại sự an toàn và thoải mái khi sử dụng.Bộ nồi quánh Tefal Optispace còn tương thích với mọi loại bếp, kể cả bếp từ, giúp bạn linh hoạt hơn trong việc nấu nướng. Dễ dàng vệ sinh sau khi sử dụng, tiết kiệm thời gian cho người nội trợ.Bộ nồi quánh inox Tefal Optispace G7376S441.720.000₫2.347.000₫-26%Xem chi tiết', 'Xem thêm:Cách làm gà hấp xì dầu giữ trọn vị ngọt bằng nồi lẩu hấp đa năngCách làm gà hấp lá chúc thơm ngon bằng nồi xửng hấp inox4 cách làm sốt chấm gà luộc thần thánh, càng chấm càng ghiền cực dễ làm']",,dienmayxanh.com
https://www.dienmayxanh.com/vao-bep/cach-lam-tai-heo-cuon-bap-bo-gion-ngon-hap-dan-don-gian-ai-08138,Món Hấp,"Cách làm tai heo cuộn bắp bò giòn ngon, hấp dẫn đơn giản ai cũng làm được","Tai heo cuộn bắp bòhấpgiòn sần sật, mềm ngọt vị thịt, cay cay vị tiêu, đây chắc hẳn sẽ là món ngon không thể bỏ qua mỗi khi sum họp gia đình vào dịp cuối tuần. Hãy cùng Điện máy XANHvào bếpthực hiện ngay nhé!",,30 phút + 45 phút,Cho 4 người,,7,"['Tai heo - 2 cái', 'Thịt bắp bò - 300 gr', 'Giấm - 50 ml', 'Gừng - 1 miếng', 'Chanh - 1 quả', 'Hành tím - 2 củ', 'Gia vị thông dụng - 1 ít ((muối/tiêu/bột ngọt))']","['Bước 1 - Sơ chế bắp bò và tai heo: Sơ chế bắp bò: Rửa sạch bắp bò với nước muối loãng, sau đó rửa lại với nước sạch. Tiếp theo, xoa bóp đều miếng bắp bò với muối và bột ngọt rồi ướp 15 phút cho thấm gia vị. Sơ chế tai heo: Dùng dao cạo sạch lông của tai heo, sau đó cắt bỏ phần dơ bên trong tai. Tiếp theo, rửa sạch tai heo với hỗn hợp nước muối và giấm trong 5 - 10 phút. Sau đó, rửa lại với nước sạch, để ráo. Bắc nồi lên bếp, cho vào 1 lít nước, 1 muỗng cà phê muối, 1 củ hành tím đập dập, 50ml giấm. Khi nước sôi, cho tai heo vào chần sơ từ 2 - 3 phút. Chuẩn bị 1 tô nước pha cùng nước cốt chanh, sau đó cho tai heo vào ngâm trong 15 phút cho nguội hoàn toàn. Cuối cùng, vớt tai heo ra để ráo nước rồi lau cho khô. Mẹo sơ chế tai heo trắng, không hôi', 'Dùng giấm hoặc chanh, muối:Dùng hỗn hợp giấm và muối hoặc nước cốt chanh và muối, chà xát toàn bộ phần tai heo cho thật đều. Sau đó ngâm tai heo khoảng 10 phút, vớt ra để ráo là được.', 'Dùng bột mì hoặc bột năng: Dùng bột phủ lên tai heo rồi chà xát thật đều đến khi tạo bọt, sau đó bạn cạo bỏ lớp bọt đó đi. Tiếp tục chà xát bằng bột thêm vài lần nữa cho đến khi tai heo sạch, hết mùi hôi thì có thể rửa lại với nước, để ráo và chờ chế biến.', 'Dùng phèn chua:Ngâm tai heo trong dung dịch phèn chua khoảng 5 - 10 phút, vớt ra cạo sạch. Sau đó, ngâm lại trong nước muối pha loãng, cạo thêm 1 lần nữa rồi rửa lại với nước sạch là được.', 'Dùng muối và nước khế:Vắt nước khế lên tai heo, chà xát thật đều rồi cạo sạch lớp bẩn bên ngoài. Chà xát thêm với 1 ít muối rồi rửa lại với nước để giúp tai heo sạch hoàn toàn.', 'Dùng nước vo gạo hoặc dưa chua:Ngâm tai heo trong hỗn hợp nước vo gạo hoặc dưa chua trong khoảng 5 - 10 phút, vớt ra dùng dao cạo thật sạch. Sau đó dùng chanh chà xát toàn bộ tai heo rồi cạo lại 1 lần nữa là xong!', 'Bước 2 - Cuộn tai heo: Xếp 2 tai heo nối tiếp nhau, sau đó đặt miếng bắp bò lên, rắc đều tiêu lên bắp bò. Tiếp theo, cuộn tròn tai heo lại rồi dùng dây buộc thật chặt. Cuối cùng, gói kín tai heo bằng 1 lớp giấy bạc và dùng dây buộc chặt lại.', 'Bước 3 - Luộc tai heo: Bắc nồi nước lên bếp, cho vào tai heo, 1 củ hành tím đập dập, 1 miếng gừng đập dập. Luộc tai heo trên lửa trung bình khoảng 30 phút, sau đó bạn tắt bếp và ủ tai heo trong nồi thêm 10 phút nữa. Tiếp theo, vớt ra để nguội rồi cho vào ngăn mát tủ lạnh từ 5 - 6 tiếng cho tai heo cứng lại.', 'Bước 4 - Hoàn thành: Khi tai heo cứng lại, bạn dùng dao cắt thành nhiều miếng có độ dày khoảng 1/2 lóng tay nhỏ là có thể thưởng thức.', 'Bước 5 - Thành phẩm: Khi ăn bạn sẽ cảm nhận được độ giòn sần sật của tai heo, thịt bò thì mềm ngọt, đan xen cùng chút cay nhẹ của tiêu. Bạn có thể chấm món ăn cùng với nước mắm cay hoặc tương ớt cũng đều rất ngon.']","['Xem chi tiết:Cách chọn mua tai heo trắng, tươi ngon', 'Mẹo sơ chế tai heo trắng, không hôiDùng giấm hoặc chanh, muối:Dùng hỗn hợp giấm và muối hoặc nước cốt chanh và muối, chà xát toàn bộ phần tai heo cho thật đều. Sau đó ngâm tai heo khoảng 10 phút, vớt ra để ráo là được.Dùng bột mì hoặc bột năng: Dùng bột phủ lên tai heo rồi chà xát thật đều đến khi tạo bọt, sau đó bạn cạo bỏ lớp bọt đó đi. Tiếp tục chà xát bằng bột thêm vài lần nữa cho đến khi tai heo sạch, hết mùi hôi thì có thể rửa lại với nước, để ráo và chờ chế biến.Dùng phèn chua:Ngâm tai heo trong dung dịch phèn chua khoảng 5 - 10 phút, vớt ra cạo sạch. Sau đó, ngâm lại trong nước muối pha loãng, cạo thêm 1 lần nữa rồi rửa lại với nước sạch là được.Dùng muối và nước khế:Vắt nước khế lên tai heo, chà xát thật đều rồi cạo sạch lớp bẩn bên ngoài. Chà xát thêm với 1 ít muối rồi rửa lại với nước để giúp tai heo sạch hoàn toàn.Dùng nước vo gạo hoặc dưa chua:Ngâm tai heo trong hỗn hợp nước vo gạo hoặc dưa chua trong khoảng 5 - 10 phút, vớt ra dùng dao cạo thật sạch. Sau đó dùng chanh chà xát toàn bộ tai heo rồi cạo lại 1 lần nữa là xong!', 'Xem thêm:Cách làm chả tai heo (chả đỏ) giòn dai hấp dẫn dễ làm cho ngày TếtCách làm tai heo xào sả ớt giòn ngon, lạ miệng, ăn là ghiềnCách làm gỏi tai heo dưa leo giòn ngon đơn giản tại nhà']",,dienmayxanh.com
https://www.dienmayxanh.com/vao-bep/mach-ban-bi-quyet-lam-mong-gio-luoc-trang-gion-khong-hoi-cuc-23414,Món Hấp,"Mách bạn bí quyết làm móng giò luộc trắng giòn, không hôi cực dễ tại nhà","Bạn đang tìm cách luộc móng giò trắng giòn, dai sần sật mà không bị nứt? Chuyên mụcVào bếphôm nay sẽ bật mí bí quyết luộc chân giò heo hoàn hảo. Với hướng dẫn chi tiết này, bạn sẽ có ngaymón hấpluộc thơm ngon, chinh phục mọi thực khách.",,20 phút + 1 giờ 10 phút,Cho 3 - 4 người,,8,"['Móng giò - 1 kg ((2 cái))', 'Gừng - 1 củ', 'Hành khô - 1 củ', 'Chanh - 1 quả', 'Hành hoa - 1 nhánh', 'Ớt - 1 quả', 'Bột ngọt/ bột canh/ muối/ nước mắm - 1 ít', 'Nước đá viên - 1 ít']","['Bước 1 - Sơ chế và khử mùi hôi móng giò: Khi chọn mua móng giò, hãy ưu tiên những chiếc có da hồng hào, không có mùi lạ. Móng giò tươi sẽ có độ đàn hồi tốt khi ấn vào. Sau khi mua về, bạn cần làm sạch kỹ lưỡng. Dùng dao hoặc lưỡi lam cạo sạch hết phần lông và lớp da cáy bên ngoài. Đảm bảo loại bỏ hoàn toàn móng và các phần bẩn để móng giò được trắng và không hôi. Đầu tiên, bạn hãy chuẩn bị một nồi nước sôi. Khi nước đã sôi bùng, nhẹ nhàng cho 1 kg móng giò đã làm sạch vào trần sơ. Đợi nước sôi lại khoảng 30 giây để loại bỏ hoàn toàn mùi hôi và các tạp chất trên da. Sau đó, vớt móng giò ra và rửa lại thật kỹ dưới vòi nước lạnh cho thật sạch. Bước này cực kỳ quan trọng để móng giò luộc của chúng ta trắng và thơm ngon hơn.', 'Bước 2 - Luộc chân giò heo trắng ngon: Bắc một nồi sạch lên bếp, đổ nước sao cho ngập hoàn toàn móng giò để đảm bảo chín đều. Nêm vào nồi 10 gr bột ngọt, 5 gr bột canh và 30 ml nước mắm để tăng độ đậm đà, giúp gia vị thấm sâu vào từng thớ thịt. Thêm gừng đập dập, hành khô thái lát và hành hoa thái khúc vào nồi. Đun sôi nước, sau đó mở vung và luộc ở nhiệt độ cao trong khoảng 5 phút đầu. Tiếp theo, giảm nhỏ lửa xuống khoảng 100 độ C và tiếp tục om móng giò thêm 50 phút nữa, vẫn để vung mở. Tổng thời gian luộc chân giò heo là khoảng 55 - 60 phút để đạt độ mềm vừa phải mà vẫn giữ được độ dai sần sật.', 'Bước 3 - Làm nguội nhanh và trình bày món ăn: Trong lúc chờ móng giò chín, bạn hãy chuẩn bị một thau nước lọc lớn có bỏ thêm đá viên. Khi móng giò đã chín, nhẹ nhàng vớt ra ngay lập tức và cho vào thau nước đá. Ngâm móng giò trong nước đá khoảng 5 - 10 phút cho đến khi nguội hẳn. Mẹo nhỏ này sẽ giúp móng giò của bạn trắng sáng, săn chắc và đặc biệt là không bị nứt, giữ được vẻ đẹp hoàn hảo. Sau khi móng giò đã nguội hoàn toàn và săn chắc, vớt ra đĩa. Bạn có thể bọc màng thực phẩm và để vào tủ mát khoảng 2 - 3 tiếng để móng giò định hình tốt hơn, khi chặt sẽ dễ dàng và đẹp mắt hơn. Khi móng giò đã đủ lạnh, mang ra chặt thành từng miếng vừa ăn. Hãy cứa dao vào rãnh xương rồi dùng lực chặt dứt khoát. Xếp móng giò đã chặt ra đĩa, trang trí thêm vài cọng hành hoa cho đẹp mắt và hấp dẫn.', 'Bước 4 - Thành phẩm: Món móng giò luộc của bạn đã hoàn thành với màu trắng ngần, da giòn sần sật, thịt mềm ngọt và đậm đà gia vị. Chấm kèm muối tiêu chanh hoặc nước mắm tỏi ớt chua ngọt là hết sảy! Đây chắc chắn sẽ là món khai vị hoặc món nhậu lý tưởng cho những bữa tiệc gia đình.']","['Để món móng giò luộc thêm phần hoàn hảo, việc lựa chọn dụng cụ nấu nướng chất lượng là vô cùng quan trọng.Bộ 4 nồi chảo quánh nhôm chống dính nắp kính Sunhouse SHG7979MP4sẽ là trợ thủ đắc lực cho mọi gian bếp.Nồi Sunhouseđược làm từ chất liệu nhôm cao cấp, giúp truyền nhiệt nhanh và đều, đảm bảo móng giò chín mềm từ trong ra ngoài. Lớp chống dính bền bỉ giúp bạn dễ dàng vệ sinh sau khi nấu.Thiết kế nắp kính tiện lợi giúp bạn dễ dàng quan sát quá trình luộc mà không cần mở vung liên tục, giữ nhiệt hiệu quả. Quai cầm chắc chắn, chống nóng, đảm bảo an toàn khi di chuyển nồi.Với bộ nồi chảo này, bạn không chỉ luộc móng giò mà còn có thể chế biến đa dạng các món ăn khác một cách tiện lợi và nhanh chóng, mang đến những bữa ăn ngon miệng cho gia đình.Bộ 4 nồi chảo quánh nhôm Sunhouse SHG7979MP41.350.000₫1.580.000₫-14%Xem chi tiết', 'Xem thêm:Cách làm móng giò nấu canh chua chua ngọt chuẩn vị bằng nồi lẩu điệnCách nấu canh măng khô móng giò heo ngon bổ dưỡng hấp dẫn chuẩn vịCách làm móng giò kho sả ớt giòn ngon, đậm đà cả nhà thích mê']",,dienmayxanh.com
https://www.dienmayxanh.com/vao-bep/cach-lam-goi-xoai-ca-tre-kieu-thai-la-mieng-doc-dao-va-vo-13662,Món Gỏi,"Cách làm gỏi xoài cá trê kiểu Thái lạ miệng, độc đáo và vô cùng đơn giản","Món gỏithường được phần lớn mọi người yêu thích bởi cách làm đơn giản, hương vị thơm ngon, dễ ăn. Hôm nay, Điện máy XANH sẽ giới thiệu thêm đến bạn món gỏi xoài cá trê kiểu Thái lạ miệng, độc đáo, ai cũng mê. Còn chần chừ gì nữa, cùngvào bếpthực hiện ngay thôi!",,10 phút + 30 phút,Cho 4 người,,11,"['Cá trê - 1 con ((khoảng 1kg))', 'Xoài keo xanh - 1 quả', 'Cà rốt - 1 củ', 'Chanh - 1/2 quả', 'Ớt sừng - 2 quả', 'Rau răm - 5 nhánh', 'Hành tím - 6 củ', 'Đậu phộng - 50 gr', 'Nước mắm - 3 muỗng canh', 'Dầu ăn - 3 muỗng canh', 'Gia vị thông dụng - 1 ít ((Muối/ đường/ hạt nêm/ bột ngọt/ tiêu xay))']","['Bước 1 - Sơ chế nguyên liệu: Để khử mùi tanh và làm sạch cá trê, bạn rửa cá với nước muối loãng trong 5 phút rồi rửa sạch lại với nước, để ráo sau đó dùng dao lọc lấy thịt cá rồi cắt cá thành miếng vừa ăn. Bạn ướp cá với 1 muỗng cà phê bột ngọt, 1 muỗng cà phê hạt nêm, 1/2 muỗng cà phê tiêu xay, đảo đều và để ướp 15 phút cho cá thấm gia vị. Cách 1:Bạn dùng hỗn hợp gồm muối hạt, giấm ăn hoặc nước cốt chanh chà xát lên toàn bộ thân cá rồi rửa sạch lại với nước.Cách 2:Ngoài ra bạn có thể dùng tro bếp chà xát lên thân cá rồi tuốt dọc nhiều lần sau đó rửa lại với nước sạch cũng giúp cá sạch nhớt và khử mùi tanh hiệu quả. Xoài xanh, cà rốt bạn gọt bỏ vỏ rồi cắt sợi sau đó để xoài xanh và cà rốt được giòn ngon hơn, bạn ngâm vào tô nước đá trong 10 phút và vớt ra để ráo. Hành tím bóc vỏ, rửa sạch và cắt lát mỏng. Rau răm bạn nhặt lấy lá rồi rửa sạch, cắt nhỏ. Ớt sừng bạn bỏ cuống, rửa sạch, 1 quả bạn cắt sợi, 1 quả bạn băm nhỏ.', 'Cách 1:Bạn dùng hỗn hợp gồm muối hạt, giấm ăn hoặc nước cốt chanh chà xát lên toàn bộ thân cá rồi rửa sạch lại với nước.', 'Cách 2:Ngoài ra bạn có thể dùng tro bếp chà xát lên thân cá rồi tuốt dọc nhiều lần sau đó rửa lại với nước sạch cũng giúp cá sạch nhớt và khử mùi tanh hiệu quả.', 'Bước 2 - Làm nước mắm trộn gỏi: Bạn cho vào chén 4 muỗng canh đường, 3 muỗng canh nước mắm, phần ớt băm nhỏ. Vắt lấy cốt nửa quả chanh cho vào chén, bạn đảo đều, nêm nếm lại cho vừa ăn là hoàn thành phần nước mắm trộn gỏi rồi!', 'Bước 3 - Rang đậu phộng: Đậu phộng nhặt sạch, sau đó cho đậu phộng lên chảo, thêm 1 muỗng cà phê muối và rang ở lửa nhỏ khoảng 5 - 7 phút cho chín vàng, để nguội rồi tách bỏ vỏ, giã nhỏ.', 'Bước 4 - Phi hành tím: Bắc chảo lên bếp mở lửa vừa, bạn cho vào chảo 3 muỗng canh dầu ăn, khi dầu nóng bạn cho hành tím vào phi vàng thơm. Khi hành tím đã vàng thơm, bạn vớt hành tím ra chén.', 'Bước 5 - Chiên cá trê: Tiếp tục ở chảo phi hành tím, bạn cho cá trê vào chiên ở lửa vừa khoảng 5 phút cho tới khi cá vàng đều 2 mặt thì vớt ra để ráo dầu.', 'Bước 6 - Trộn gỏi: Bạn cho xoài xanh, cà rốt vào tô, thêm rau răm, cá trê đã chiên, hành phi, ớt sừng cắt sợi, đậu phộng giã nhỏ, nước mắm trộn gỏi và đeo bao tay ni lông trộn đều là có thể thưởng thức được rồi!', 'Bước 7 - Thành phẩm: Bạn bày món gỏi xoài cá trê kiểu Thái ra dĩa, món ăn là sự kết hợp tuyệt vời từ các nguyên liệu đơn giản tạo nên một món gỏi vừa đẹp mắt vừa thơm ngon, hấp dẫn. Khi ăn, bạn sẽ cảm nhận được vị chua chua của xoài thấm đẫm gia vị, cá trê giòn, ngọt thịt, đậu phộng bùi bùi, hành phi thơm thơm rất ngon, đảm bảo bạn sẽ nghiền!']","['Xem chi tiết:Cách chọn mua cá trê tươi ngon', 'Xem chi tiết:Cách chọn mua xoài xanh ngon', 'Xem chi tiết:Cách chọn mua cà rốt tươi ngon', 'Cách sơ chế cá trê sạch nhớt, không tanh:Cách 1:Bạn dùng hỗn hợp gồm muối hạt, giấm ăn hoặc nước cốt chanh chà xát lên toàn bộ thân cá rồi rửa sạch lại với nước.Cách 2:Ngoài ra bạn có thể dùng tro bếp chà xát lên thân cá rồi tuốt dọc nhiều lần sau đó rửa lại với nước sạch cũng giúp cá sạch nhớt và khử mùi tanh hiệu quả.', 'Để tiết kiệm thời gian, bạn cũng có thể dùng đậu phộng rang sẵn nha.', 'Xem thêm:Cách làm gỏi xoài khô cá lóc chua cay cực ngon chuẩn Nam Bộ.Cách làm gỏi xoài Thái Lan chuẩn vị chua cay thơm ngon khó cưỡngCách làm gỏi xoài tôm thịt giòn ngon không bị ra nước đơn giản tại nhà.']",,dienmayxanh.com
https://www.dienmayxanh.com/vao-bep/cach-lam-goi-ga-rau-nhut-thom-ngon-don-gian-de-lam-ai-cung-me-11707,Món Gỏi,Cách làm gỏi gà rau nhút thơm ngon đơn giản dễ làm ai cũng mê,"Rau nhút là một loại rau rất phổ biến mà lại vô cùng dinh dưỡng, nếu bạn chưa từng thử ăn món gỏi gà rau nhút thì ngần ngại gì mà khôngvào bếpcùng Điện máy XANH làm ngaymón gỏithơm ngon lại dinh dưỡng này cho cả gia đình mình nào!",,1 giờ,Cho 4 người,,13,"['Gà ta thả vườn làm sạch - 1 con ((2kg))', 'Rau nhút - 1 bó', 'Rau răm - 1 ít', 'Muối tiêu - 1.5 muỗng canh', 'Chanh - 1 trái', 'Ớt sừng - 1 trái', 'Tỏi phi - 1 muỗng canh', 'Hành phi - 1 muỗng canh', 'Đậu phộng rang - 1 muỗng canh', 'Sả - 2 nhánh', 'Gừng - 1 củ', 'Gia vị - 1 ít ((muối/đường/bột ngọt/hạt nêm))', 'Nước đá - 1 ít']","['Bước 1 - Sơ chế rau nhút và trụng rau nhút: Rau nhút bạn mua về tuốt bỏ phần phao trắng, sau đó nhặt thành khúc ngắn vừa ăn, lấy luôn cả phần lá. Bạn đem rửa sạch phần rau nhút đã nhặt với nước muối, qua 3 lần sau đó vớt lên để ráo. Bạn bắc 1 nồi nước lên bếp, cho vào 1 muỗng cà phê hạt nêm, 1 muỗng cà phê đường, 1 muỗng cà phê bột ngọt, 1 muỗng cà phê muối. Đến khi nước sôi thì bạn cho rau nhút vào chần sơ trong khoảng 2 phút. Bạn chuẩn bị một thau nước và đá lạnh, sau khi hết 2 phút bạn vớt rau nhút ra thau đá lạnh ngâm để giữ độ giòn cho rau nhút. Ngâm khoảng 10 phút thì bạn vớt ra để ráo nước.', 'Bước 2 - Sơ chế và luộc gà: Gà mua về bạn rửa sạch lại với nước lạnh và muối. Bạn bắc 1 nồi nước lên bếp, cho 2 nhánh sả đập dập và 1 củ gừng thái lát vào nồi nước. Tiếp theo bạn thêm vào nước luộc 1 muỗng cà phê hạt nêm, 2 muỗng cà phê đường, 1 muỗng cà phê bột ngọt, 1 muỗng cà phê muối. Bạn cho gà vào luộc trong 30 phút hoặc cho đến khi gà chín. Bạn có thể dùng đũa xăm vào phần thịt để kiểm tra nếu bạn có thể xăm thủng qua phần thịt thì gà đã chín. Bạn vớt gà ra thau để nguội bớt, sau đó xé gà ra thành từng miếng thịt nhỏ để chuẩn bị trộn gỏi.', 'Bước 3 - Làm nước trộn gỏi: Bạn cho vào chén 1.5 muỗng canh muối tiêu, 4 muỗng canh đường, 1 ít bột ngọt rồi trộn đều. Ớt mua về rửa sạch sau đó bạn băm nhỏ trái ớt sừng cho thêm vào chén. Tiếp tục cho thêm 1 trái chanh vắt lấy nước và 1 muỗng canh nước mắm thêm vào, sau đó khuấy đều. Rau răm bạn rửa sạch cắt nhỏ.', 'Bước 4 - Trộn gỏi: Bạn cho gà vào thau, thêm phần rau nhút đã sơ chế vào. Tiếp tục rưới phần nước sốt lên và trộn đều. Cuối cùng bạn cho thêm 1 muỗng canh hành phi, một muỗng canh tỏi phi, 1 muỗng canh đậu phộng rang, 1 ít rau răm đã cắt nhỏ, trộn đều và cho ra đĩa là hoàn thành.', 'Bước 5 - Thành phẩm: Món gỏi gà rau nhút tươi xanh dọn ra đĩa trông thật bắt mắt. Rau nhút giòn ngọt cùng thịt gà dai mềm hấp dẫn ai nhìn thấy cũng sẽ muốn dùng ngay! Món này mà dùng với cháo gà nóng hổi nữa là ""hết sảy con bà bảy"".']","['Xem chi tiết:Cách chọn mua gà ngon, đơn giản', 'Trụng rau trước và ngâm đá sẽ giúp rau xanh và giòn hơn.', 'Xem thêm:Cách luộc gà ngon, vàng ruộm và không bị nứt da', 'Bạn có thể thay muối tiêu bằng muối ớt hoặc muối tôm, muối chấm khác tùy theo sở thích nhé!', 'Xem thêm:Cách làm rau nhút xào tỏi thơm ngon, đơn giản tại nhà2 cách nấu canh khoai sọ rau rút (rau nhút) với sườn và cua hấp dẫnCách làm tôm mực xào rau nhút đơn giản, nhanh chóng cho bữa cơm gia đình']",,dienmayxanh.com
https://www.dienmayxanh.com/vao-bep/cach-lam-nom-ga-xe-phay-gia-do-gion-ngon-nham-nhi-mai-khong-14953,Món Gỏi,Cách làm nộm gà xé phay giá đỗ giòn ngon nhâm nhi mãi không ngán,Món nộm gà xé phay giá đỗ chẳng những thơm ngon mà còn giàu dinh dưỡng tốt cho sức khỏe. Thế bạn còn chần chờ gì mà không bắt tayvào bếpcùng Điện máy XANH thực hiện những bước đơn giản để có ngaymón gỏi - saladhấp dẫn cho cả nhà có ngày hè thanh mát nhé!,,15 phút + 25 phút,Cho 4 người,,13,"['Thịt ức gà - 300 gr', 'Giá đỗ - 300 gr', 'Dưa leo - 1 trái', 'Cà rốt - 1/2 củ', 'Gừng - 1/2 củ', 'Hành lá - 1 nhánh', 'Rau mùi - 1 ít', 'Ớt - 1 trái', 'Tỏi - 3 tép', 'Đậu phộng rang - 1 muỗng canh', 'Nước mắm - 2 muỗng cà phê', 'Giấm - 1 muỗng canh', 'Gia vị thông dụng - 1 ít ((muối/ đường/ hạt nêm))']","['Bước 1 - Sơ chế thịt gà: Thịt gà mua về rửa với 1 ít muối, sau đó rửa sạch lại với nước, nên chọn phần ức gà hoặc má đùi gà để các thớ thịt dày và dễ xé hơn. Để sơ chế gà sạch trước hết bạn cần nhổ bỏ những sợi lông cứng, đen trên da gà, cắt bỏ tuyến nhờn, mỡ và rửa sạch phần máu tụ bên trong gà.Sau đó dùng gừng đập dập và 1 ít rượu trắng chà xát lên thân gà khoảng 10 phút rồi rửa sạch lại với nước.Ngoài ra, bạn có thể rửa gà với nước muối loãng rồi xả trực tiếp dưới vòi nước chảy để loại bỏ những chất bẩn khó trôi trên thân gà. Bắc nồi nước lên bếp từ đun với lửa vừa rồi cho thịt gà vào luộc, để khử mùi tanh của gà và giúp thịt thơm ngon hơn, bạn cho nồi luộc gà 1/2 củ gừng và 1 nhánh hành lá và luộc khoảng 10 - 15 phút. Sau khi thịt gà chín thì để ra tô cho nguội bớt rồi dùng tay xé gà thành từng miếng nhỏ vừa ăn.', 'Để sơ chế gà sạch trước hết bạn cần nhổ bỏ những sợi lông cứng, đen trên da gà, cắt bỏ tuyến nhờn, mỡ và rửa sạch phần máu tụ bên trong gà.', 'Sau đó dùng gừng đập dập và 1 ít rượu trắng chà xát lên thân gà khoảng 10 phút rồi rửa sạch lại với nước.', 'Ngoài ra, bạn có thể rửa gà với nước muối loãng rồi xả trực tiếp dưới vòi nước chảy để loại bỏ những chất bẩn khó trôi trên thân gà.', 'Bước 2 - Sơ chế rau củ: Dưa leo và cà rốt gọt vỏ, rửa sạch. Dưa leo cắt miếng vừa ăn, cà rốt cắt sợi mỏng. Tỏi bạn lột vỏ đem băm nhuyễn cùng với ớt. Rau mùi rửa sạch, cắt khúc ngắn khoảng 1 lóng tay. Giá đỗ sau khi rửa sạch thì chần qua nước sôi khoảng 10 giây rồi để ráo.', 'Bước 3 - Làm nộm gà xé phay giá đỗ: Cho hỗn hợp các nguyên liệu vào chén gồm: 1 muỗng canh giấm, 1 muỗng cà phê đường, 1 muỗng cà phê hạt nêm, 2 muỗng cà phê nước mắm, tỏi ớt băm, trộn đều đến khi gia vị tan hoàn toàn rồi nếm lại cho vừa ăn. Chuẩn bị cái tô lớn rồi cho giá, dưa leo, cà rốt và thịt gà đã sơ chế vào cùng với phần vừa pha và trộn đều lên. Cuối cùng bạn chỉ cần cho gỏi ra dĩa, rắc thêm vào 1 ít đậu phộng rang nữa là thưởng thức được rồi.', 'Bước 4 - Thành phẩm: Món nộm gà xé phay giá đỗ hoàn thành mang màu sắc vô cùng bắt mắt, món này ăn kèm với bánh phồng tôm nữa là hết sẩy. Thịt gà ngon ngậy, dai mềm, mọng nước ăn cùng phần rau củ tươi giòn, ngấm đều vị nước trộn chua ngọt xen lẫn 1 chút cay the của tỏi ớt, bùi béo của đậu phộng.']","['Xem chi tiết:Cách chọn mua thịt gà đúng chuẩn', 'Mẹo sơ chế thịt gà sạch sẽ:Để sơ chế gà sạch trước hết bạn cần nhổ bỏ những sợi lông cứng, đen trên da gà, cắt bỏ tuyến nhờn, mỡ và rửa sạch phần máu tụ bên trong gà.Sau đó dùng gừng đập dập và 1 ít rượu trắng chà xát lên thân gà khoảng 10 phút rồi rửa sạch lại với nước.Ngoài ra, bạn có thể rửa gà với nước muối loãng rồi xả trực tiếp dưới vòi nước chảy để loại bỏ những chất bẩn khó trôi trên thân gà.', 'Xem thêm:Cách làm nộm gà xé phay thơm ngon hấp dẫn dễ làm ngay tại nhàCách làm gỏi gà bắp cải giòn ngon, siêu hấp dẫn ngay tại nhàCách làm gỏi gà ngó sen trắng giòn ngon miệng đơn giản ngay tại nhà']",,dienmayxanh.com
https://www.dienmayxanh.com/vao-bep/cach-lam-goi-bo-ba-khia-cuc-ngon-va-vo-cung-don-gian-cho-ca-14590,Món Gỏi,Cách làm gỏi bò ba khía cực ngon và vô cùng đơn giản cho cả nhà,"Gỏi bò ba khía giòn ngon, mới lạ với màu sắp hấp dẫn cùng hương vị thơm ngon chắc chắn sẽ khiến bạn mê mẩn. Hãy cùngvào bếpvới Điện máy XANH để thực hiện ngaymón gỏithơm ngon với công thức dưới đây nhé!",,1 giờ 30 phút + 25 phút,Cho 2 người,,14,"['Thịt bò - 300 gr', 'Ba khía - 3 con', 'Chuối chát - 2 quả', 'Cà chua - 4 quả', 'Hành tây - 2 củ', 'Tỏi - 1 củ', 'Ớt - 6 quả', 'Me chua - 20 gr', 'Rau răm - 20 gr', 'Đậu phộng rang - 30 gr', 'Nước cốt chanh - 3 muỗng canh', 'Dầu ăn - 2 muỗng canh', 'Nước mắm - 3 muỗng canh', 'Gia vị thông dụng - 1 ít ((muối/ bột ngọt/ đường))']","['Bước 1 - Sơ chế nguyên liệu: Thịt bò bạn rửa sạch rồi cắt lát mỏng. Ba khía rửa sạch và tách nhỏ. Tỏi bạn lột vỏ, rửa sạch. Tiếp theo, bạn băm nhỏ tỏi và ớt. Hành tây lột vỏ, rửa sạch rồi bào sợi. Để khử bớt mùi hăng của hành tây, bạn cho hành tây bào vào nước đá ngâm trong 10 - 15 phút, rồi vớt ra để ráo. Chuối chát bạn gọt vỏ, cắt lát dài và mỏng. Để chuối không bị thâm, bạn ngâm chuối vàothaunước pha với 1 muỗng canh nước cốt chanh, bạn ngâm khoảng 10 - 15 phút rồi vớt ra để ráo. Cà chua bạn rửa sạch, bỏ hạt và cắt thành từng lát mỏng.', 'Bước 2 - Ướp ba khía: Ba khía bạn tách nhỏ ra, rồi ướp với 2muỗng canhtỏi ớt băm, 3muỗng cà phêđường, 2 muỗng canh nước cốt chanh và trộn đều. Bạn ướp ba khía trong 1 tiếng để ba khía thấm đều gia vị.', 'Bước 3 - Xào thịt bò: Bạn bắcchảolênbếpvà đun nóng 2 muỗng canh dầu ăn. Khi dầu nóng bạn cho tỏi băm vào phi thơm, rồi bạn cho thịt bò vào xào nhanh tay với lửa lớn. Bạn cho vào thịt bò 1/2 muỗng cà phê muối, 1 muỗng cà phê bột ngọt, 1 muỗng cà phê đường và đảo đều trong 5 - 7 phút để thịt bò săn lại.', 'Bước 4 - Làm nước mắm me: Me bạn ngâm với nước nóng và dằm ra để lấy nước cốt me. Tiếp theo, bạn pha với nước cốt me với 3 muỗng canh nước mắm, 1 muỗng canh tỏi ớt băm, 1/2 muỗng cà phê đường, 1/4 muỗng cà phê muối và khuấy đều. Sau đó, bạn có thể nêm nếm lại nước mắm me để hợp với khẩu vị.', 'Bước 5 - Trộn gỏi: Bạn cho vào thau lần lượt là hành tây bào, chuối chát, cà chua, ba khía đã ướp, thịt bò và trộn đều. Tiếp theo, bạn rưới đều nước mắm me vào và trộn đều từ dưới lên để các nguyên liệu thấm đều gia vị. Cuối cùng, bạn cho gỏi ra dĩa, cho rau răm và đậu phộng rang lên trên gỏi là hoàn thành.', 'Bước 6 - Thành phẩm: Gỏi bò ba khía thơm ngon với hương vị chua chua cay cay hấp dẫn mới lạ, cùng với độ giòn ngon của hành tây, chát nhẹ của chuối chát hoà quyện lại với nhau. Bạn có thể ăn kèm gỏi ba khía với cơm nóng và nước mắm ớt cay, chắc chắc bạn sẽ bị hấp dẫn bởi món ăn này đấy!']","['Xem chi tiết:Cách chọn mua thịt bò tươi ngon', 'Xem chi tiết:Cách chọn mua cà chua ngon, không bị dập', 'Xem thêm:Cách làm gỏi xoài ba khía tại nhà chua chua ngọt ngọt ăn cực đã miệngCách làm gỏi bò rau thơm đơn giản hấp dẫn ai cũng làm được tại nhàCách làm gỏi bò cóc non giòn ngon khó cưỡng, càng ăn càng mê']",,dienmayxanh.com
https://www.dienmayxanh.com/vao-bep/2-cach-lam-nom-sua-du-du-va-nom-sua-rau-thom-dai-gion-thom-10759,Món Gỏi,2 cách làm nộm sứa đu đủ và nộm sứa rau thơm dai giòn thơm ngon hấp dẫn,"Nộm sứa đặc sản miền biển bạn có muốn thử tại nhà không nào? Cùng Điện máy XANHvào bếpvà chúng mình sẽ mách bạn công thức làm mónnộmsứa đu đủ và nộm sứa rau thơm cực kỳ thơm ngon, đậm đà, chuẩn vị nhà hàng này nhé.",,20 phút + 10 phút + 30 phút + 10 phút,Cho 4 người,,11,"['Thịt sứa - 350 gr', 'Đu đủ - 1/2 trái', 'Cà rốt - 1 củ', 'Ớt sừng - 1 trái', 'Tỏi - 3 tép', 'Chanh - 1 trái', 'Rau răm - 1 ít ((khoảng 1 nắm tay))', 'Đậu phộng rang - 1 muỗng canh', 'Dầu ăn - 2 muỗng cà phê', 'Nước mắm - 3 muỗng cà phê', 'Đường - 5 muỗng cà phê']","['Bước 1 - Sơ chế nguyên liệu: Thịt sứa bạn mang đi rửa nhiều lần với nước sạch. Sau đó bạn trụng thịt sứa với nước nóng khoảng 80 độ C trong 2 phút, vớt ra để ráo, rồi cắt nhỏ thịt sứa nhỏ vừa ăn. Đu đủ bạn bỏ hạt, mang đu đu với cà rốt đi gọt vỏ, bào sợi, rửa sạch, vớt ra cho vào thau nước đá. Ớt sừng bạn rửa kỹ vỏ ớt, bỏ cuống và hạt rồi cũng cắt sợi rồi ngâm vào nước đá chung với đu đủ và cà rốt. Mách bạn:Đu đủ, cà rốt, ớt sừng nên bỏ vào thau nước đá ngâm trong 10 phút cho chúng giòn và ngon hơn. Với rau răm, bạn nhặt lấy lá còn non, mang đi rửa và cắt nhỏ. Tỏi bóc vỏ rồi băm nhuyễn.', 'Bước 2 - Làm nước trộn nộm: Cho tỏi băm vào chén, vắt thêm nước cốt 1 trái chanh, 5 muỗng cà phê đường, 3 muỗng cà phê nước mắm và khuấy đều để hỗn hợp hòa tan vào nhau.', 'Bước 3 - Trộn các nguyên liệu: Cho đu đủ, cà rốt, ớt, thịt sứa vào thau và đổ hết phần nước trộn nộm vào, trộn đều lên. Sau đó bạn cho thêm khoảng 2 muỗng cà phê dầu ăn vào, trộn lên và để trong 5 phút cho các nguyên liệu thấm gia vị. Cuối cùng bạn cho thêm rau răm đã cắt nhỏ vào, trộn đều tay. Cho nộm ra dĩa và rắc thêm 1 muỗng canh đậu phộng rang nữa là có thể thưởng thức rồi!', 'Bước 4 - Thành phẩm: Dĩa nộm sứa đu đủ vô cùng hấp dẫn với màu sắc tươi sáng từ đu đủ, cà rốt, ớt, sứa và rau răm vô cùng bắt mắt. Nộm có vị chua ngọt vừa phải, cay nhẹ kết hợp cùng với thịt sứa dai dai, nhai sựn sựt, đu đủ và cà rốt giòn ngọt, cuốn hút vô cùng. Bạn nhất định phải thử nhé!']","['Mách bạn:Đu đủ, cà rốt, ớt sừng nên bỏ vào thau nước đá ngâm trong 10 phút cho chúng giòn và ngon hơn.', 'Xem chi tiết:Cách chọn mua cà rốt tươi ngon', 'Xem chi tiết:3 cách làm tai heo ngâm chua ngọt ăn là nghiện', 'Mẹo không cay mắt khi cắt hành tây:Bạn có thể nhai kẹo cao su liên tục khi cắt hành tây, việc bạn phải mở miệng thường xuyên sẽ giúp bạn hút bớt các hạt li ti bắn ra trong lúc cắt hành trước khi chúng bay lên mắt bạn.Để không bị cay mắt khi cắt hành tây bạn có thể cho chúng vào tủ lạnh 15 - 20 phút trước khi cắt.Bạn cũng có thể cắt hành tây dưới vò nước hoặc dùng khoai tây chà lên 2 mặt dao.Tránh bị cay mắt khi cắt hành bạn cũng có thể dùng giấm và nước thoa lên thớt và dao trước khi cắt hành tây.', 'Ngâm cà rốt, khế, chuối chát vào giấm đường để cà rốt giòn, khế không bị chua, chuối chát không bị đen và.Sau khi cà rốt, khế, chuối chát đã thấm giấm đường thì vắt ráo nước để khi trộn với sứa món nộm không bị ra nước.', 'Xem thêm:Cách làm nộm sứa dưa chuột giòn ngon đơn giản tại nhàCách làm nộm sứa xoài xanh giòn sần sật, ngon cực phẩm ăn là ghiềnCách làm nộm sứa tai lợn hấp dẫn thanh mát đổi vị cho cả nhà']",,dienmayxanh.com
https://www.dienmayxanh.com/vao-bep/cach-lam-goi-ga-bap-chuoi-hoa-chuoi-gion-ngon-thanh-mat-cuc-15623,Món Gỏi,Cách làm gỏi gà bắp chuối (hoa chuối) giòn ngon thanh mát cực đơn giản,"Món gỏilà một trong các món ăn rất quen thuộc với người Việt Nam, nguyên liệu làm gỏi rất đa dạng như thịt gà, thịt heo, tôm,... kết hợp với các loại rau củ tươi giòn tạo thành món ăn rất đặc sắc. Hôm nay, các bạn hãy cùngvào bếpvới Điện máy XANH làm gỏi gà bắp chuối dai giòn, chua ngọt đậm đà, cực kỳ kích thích vị giác nhé!",,15 phút + 30 phút,Cho 2 người,,12,"['Gà ta - 1/2 con', 'Bắp chuối bào sẵn - 500 gr', 'Hành tây lớn - 1 củ', 'Hành tím - 50 gr', 'Rau thơm - 1 ít ((húng trắng/ húng nhủi/ rau răm))', 'Hành phi - 50 gr', 'Đậu phộng rang - 50 gr', 'Tỏi - 3 tép', 'Ớt - 2 trái', 'Giấm trắng - 4 muỗng canh', 'Nước mắm - 1 muỗng canh', 'Gia vị thông dụng - 1 ít ((muối/ đường/ bột ngọt/ hạt nêm))']","['Bước 1 - Sơ chế thịt gà: Thịt gà mua về rửa qua 1 lần nước rồi dùng muối xoa bóp thịt thật kỹ khoảng 3 phút rồi rửa lại với nước sạch. Tiếp đến, cho gà vàonồi, đổ ngập nước, thêm vào 1/3 muỗng cà phê hạt nêm, 1/3 muỗng cà phê bột ngọt, 3 củ hành tím đã bóc vỏ. Bắc nồi gà lênbếp, bật lửa vừa luộc khoảng 10 - 15 phút tính từ lúc nước sôi, lúc này gà đã chín, vớt gà ra rổ, để nguội. Sau khi gà đã nguội thì gỡ thịt gà, xé thành các sợi nhỏ vừa ăn.', 'Bước 2 - Sơ chế bắp chuối và rau củ: Chuẩn bịthaunước muối pha loãng rồi cho bắp chuối bào vào ngâm khoảng 5 - 10 phút, sau đó vớt ra rửa lại 2 - 3 lần nước cho sạch, để ráo. Các loại rau thơm nhặt bỏ lá già xấu, sâu úa rồi rửa sạch, để ráo nước và cắt nhỏ. Tỏi bóc vỏ, rửa sạch cùng với ớt rồi đem băm nhỏ. Hành tây và hành tím lột vỏ, rửa sạch rồi đem cả hai cắt lát mỏng, sau đó hòa tan 2 muỗng canh giấm với 1 muỗng canh đường, cho hành tây và hành tím đã cắt lát vào, trộn đều.', 'Bước 3 - Làm gỏi gà bắp chuối: Cho vàochéntrộn đều các nguyên liệu gồm 1 muỗng canh nước mắm ngon, 2 muỗng canh đường, 2 muỗng canhgiấm trắng, 2 trái ớt và 3 tép tỏi băm nhuyễn. Nêm nếm lại cho vừa với khẩu vị gia đình. Tiếp đến, cho bắp chuối, thịt gà đã xé nhỏ, các loại rau thơm, đậu phộng rang, vớt hành tây và hành tím cắt lát ngâm giấm đường vào thau sạch. Bạn nhớ chừa lại 1 ít thịt gà và đậu phộng để rắc mặt đĩa cho đẹp. Rưới từ từ phần nước trộn gỏi vừa pha vào thau gỏi, vừa rưới vừa trộn nhẹ nhàng và nếm thử thấy vừa miệng thì ngưng.', 'Bước 4 - Thành phẩm: Lấy gỏi gà bắp chuối rađĩa, rắc lên trên thịt gà và đậu phộng vừa chừa lại lúc nãy, thêm 1 ít hành phi và vài sợi ớt đỏ cho thêm phần bắt mắt. Vậy là bạn đã hoàn thành món gỏi gà bắp chuối siêu ngon, thịt gà dai mềm ngọt thịt, bắp chuối giòn giòn, đậu phộng bùi béo, rau thơm và hành phi thơm lừng, tất cả thấm vị chua ngọt vô cùng kích thích vị giác. Xem chi tiết:2 cách làm gỏi gà hoa chuối và hoa phượng thơm ngon đổi vị cho gia đình Xem chi tiết:2 cách làm gỏi gà hoa chuối và hoa phượng thơm ngon đổi vị cho gia đình']","['Xem chi tiết:Cách chọn mua thịt gà ngon', 'Xem chi tiết:Cách chọn mua hoa chuối ngon', 'Món gỏi gà bắp chuối thơm ngon, hấp dẫn chắc chắn là lựa chọn tuyệt vời cho những bữa cơm gia đình bạn. Ngoài cách làm được chị Linh Trinh chia sẻ ở trên, bạn có thể tham khảo thêm một số cách làm khác trên trang Điện máy XANH để xem thử công thức nào phù hợp với khẩu vị của mình nhé!Xem chi tiết:2 cách làm gỏi gà hoa chuối và hoa phượng thơm ngon đổi vị cho gia đình', 'Xem thêm:Cách làm gỏi gà rau răm hành tây giòn ngon thơm lừng cực đơn giản2 Cách làm gỏi gà xoài xanh thơm ngon dễ làm tại nhà cho cả gia đìnhCách làm gỏi gà bắp cải giòn ngon, siêu hấp dẫn ngay tại nhà']",,dienmayxanh.com
https://www.dienmayxanh.com/vao-bep/cong-thuc-nuoc-tron-nom-tron-goi-da-nang-chuan-vi-chua-ngot-23493,Món Gỏi,"Công thức nước trộn nộm, trộn gỏi đa năng, chuẩn vị chua ngọt ngon đậm đà","Bạn đang tìm kiếm công thức nước trộn nộm chuẩn vị, giúpmón gỏi - saladthêm phần hấp dẫn?Vào bếpngay với bí quyết pha chế sốt đa năng chua ngọt, đậm đà này. Đảm bảo nộm tai heo, gỏi sứa hay nộm gà đều ngon khó cưỡng!",,25 phút + 20 phút,Cho Khoảng 1.5 - 2 lít sốt thành phẩm,,12,"['Nước mắm - 500 ml', 'Đường - 900 gr', 'Giấm - 80 gr', 'Nước cốt quất - 100 ml', 'Nước cốt chanh - 50 ml', 'Muối rang - 35 gr', 'Mì chính - 15 gr ((bột ngọt))', 'Sốt hiệu con gà Thái Lan - 100 gr ((hoặc tương ớt Sriracha))', 'Dứa - 200 gr ((thơm))', 'Ớt ngọt - 200 gr ((ớt sừng))', 'Ớt cay - 20 gr ((ớt chỉ thiên))', 'Tỏi băm - 60 gr']","['Bước 1 - Sơ chế nguyên liệu và chuẩn bị gia vị: Đầu tiên, bạn gọt vỏ và thái nhỏ 200gr dứa. Đối với ớt, bạn chuẩn bị 200gr ớt sừng để tạo màu đẹp và 20gr ớt cay để tăng thêm vị nồng đậm đà cho nước trộn nộm. Ớt sừng sau khi bỏ cuống, bạn bổ đôi, cạo sạch hạt bên trong rồi cắt khúc. Ớt cay thì chỉ cần cắt khúc nhỏ. Để giảm bớt vị hăng và giúp ớt không bị tách nước khi làm sốt, bạn hãy chần sơ toàn bộ phần ớt đã cắt qua nước sôi rồi vớt ra ngay. Với 35gr muối hạt, để giảm vị mặn gắt và giúp sốt thêm hài hòa, bạn cho vào chảo và rang trên lửa nhỏ khoảng 1 - 2 phút cho đến khi muối khô ráo và hơi ngả vàng nhẹ.', 'Bước 2 - Xay nhuyễn hỗn hợp sốt trộn gỏi: Bạn cho lần lượt tất cả các nguyên liệu đã chuẩn bị vào máy xay sinh tố, bao gồm: dứa, toàn bộ phần ớt đã chần, 500ml nước mắm, 80gr giấm, 35gr muối rang, 15gr mì chính, 100gr sốt hiệu con gà Thái Lan và 900gr đường. Sau đó, bạn xay hỗn hợp thật nhuyễn và mịn.', 'Bước 3 - Nấu và hoàn thiện nước sốt trộn gỏi chua ngọt: Đổ toàn bộ hỗn hợp vừa xay vào một chiếc nồi lớn và bắc lên bếp. Bạn đun sôi trên lửa vừa, trong lúc đun nhớ khuấy đều tay để đường tan hết và sốt không bị cháy dưới đáy nồi. Khi sốt sôi, bạn hạ nhỏ lửa và tiếp tục đun thêm một lúc cho sốt hơi sánh lại rồi tắt bếp. Để sốt nguội về khoảng 20°C (còn hơi ấm), bạn cho 100ml nước cốt quất, 50ml nước cốt chanh và 60gr tỏi băm vào, khuấy đều lần cuối.', 'Bước 4 - Thành phẩm và bảo quản: Sau khi sốt đã nguội hoàn toàn, bạn có thể chiết vào các chai, lọ sạch, đậy kín nắp và bảo quản trong ngăn mát tủ lạnh để dùng dần. Sốt có thể bảo quản được đến cả tháng mà vẫn giữ được hương vị thơm ngon, đậm đà. Với công thức nước trộn nộm đa năng này, bạn đã có ngay một loại sốt ""thần thánh"" để chế biến mọi món gỏi - salad từ nộm tai heo, nộm gà đến gỏi sứa. Sốt có màu sắc đẹp mắt, vị chua ngọt hài hòa, đậm đà và hương thơm lôi cuốn, chắc chắn sẽ làm bùng nổ vị giác của bạn!']","['Để việc sơ chế nguyên liệu trở nên nhanh chóng và dễ dàng hơn, một chiếcmáy xay sinh tố đa năng Gaabor JM-16M02Asẽ là trợ thủ đắc lực trong căn bếp của bạn.Máy xay sinh tố Gaabornổi bật với động cơ mạnh mẽ, giúp xay nhuyễn mọi loại thực phẩm từ dứa, ớt đến tỏi chỉ trong tích tắc.Thiết kế lưỡi dao sắc bén cùng cối xay dung tích lớn giúp bạn dễ dàng xay lượng lớn nguyên liệu mà không cần chia nhỏ nhiều lần.Với chất liệu cao cấp, an toàn cho sức khỏe và dễ dàng vệ sinh, sản phẩm này chắc chắn sẽ làm hài lòng mọi tín đồ ẩm thực.Máy xay đa năng Gaabor JM-16M02AOnline giá rẻ quá770.000₫999.000₫-22%Xem đặc điểm nổi bậtChất liệu cối xay bằngnhựa PCdễ vệ sinh.Máy xay sinh tố đa năng, có thể sử dụng đểxay đá, sinh tố, rau củ và thức ăn.Với 3 cốc xoay chuyên biệt:cốc ép, xay thịt và cốc nghiềnphù hợp để sử dụng hằng ngày trong gia đình.Bảng điều khiểnnúm vặnvới 3 tốc độ xay giúp bạn dễ dàng điều chỉnh theo nhu cầu.Công suất vận hành 500Wmạnh mẽ giúp máy hoạt động ổn định.Máy đi kèm các tính năng an toàn: Tự ngắt khi quá tải điện, khóa an toàn chống bật nắp khi đang xay, chân đế chống trượt, hệ thống tản nhiệt bảo vệ động cơ,...Thương hiệu Gaabor - Đức, sản xuất tại Trung Quốc.Xem chi tiết', 'Việc cho nước cốt chanh, quất và tỏi vào sau cùng khi sốt đã nguội sẽ giúp giữ được hương thơm tươi mát đặc trưng, tránh làm sốt bị đắng và đảm bảo vị thanh mát cho món nộm.', 'Xem thêm:Công thức trộn nộm giò lụa dưa chuột giòn ngon giải ngấy, đơn giản tại nhàCách làm nộm su hào miền Bắc giòn ngon, dễ làm, ăn chay hay mặn đều hợpCách làm nộm mề gà chua cay dai giòn sần sật nhanh gọn với kéo và dao']",,dienmayxanh.com
https://www.dienmayxanh.com/vao-bep/cach-lam-goi-cu-hu-dua-tai-heo-gion-ngon-kho-cuong-tai-nha-14499,Món Gỏi,Cách làm gỏi củ hủ dừa tai heo giòn ngon khó cưỡng tại nhà,"Gỏi củ hủ dừa trộn với tai heo làmón gỏi trộnsiêu hấp dẫn, chắc hẳn sẽ khiến bạn bất ngờ bởi độ giòn ngon của nó đó. Hôm nay hãy cùng chị Nhật bắt tayvào bếpchế biến món ngon này cho cả nhà cùng thưởng thức nhân dịp cuối tuần nhé. Chúc bạn thành công!",,30 phút + 20 phút,Cho 2 - 3 người,,11,"['Tai heo - 1 cái', 'Củ hủ dừa - 500 gr', 'Cà rốt - 1 củ', 'Rau răm - 1 ít', 'Hành tím - 10 củ', 'Ớt - 8 trái', 'Tỏi - 1 củ', 'Chanh - 2 trái', 'Dầu ăn - 100 ml', 'Nước mắm - 1/2 chén ((chén ăn cơm))', 'Gia vị thông dụng - 1 ít ((Đường/ bột ngọt/ muối))']","['Bước 1 - Sơ chế tai heo: Tai heo khi mua về, bạn sẽ dùngdaocạo sạch phần lông và chất bẩn để khử bớt mùi hôi. Sau đó đem tai heo đi rửa thật sạch với hỗn hợp muối, 1 ít nước cốt chanh rồi đem đi luộc. Bắcnồilênbếp, thêm vào khoảng 500ml nước và đun sôi. Khi nước đã sôi thì bạn tiến hành cho tai heo đã sơ chế vào và luộc trong 30 - 40 phút thì tắt bếp. Sau đó, bạn vớt tai heo ra và cắt thành các lát nhỏ để trộn gỏi. Cách 1:Sau khi cạo sạch lông và chất bẩn trên tai heo, bạn dùng giấm hoặc hỗn hợp muối pha nước cốt chanh chà xát kỹ lên tai heo. Tiếp đến, ngâm tai heo vào hỗn hợp nước cốt chanh hoặcgiấmkhoảng 5 phút rồi rửa sạch lại với nước và để ráo.Cách 2:Dùngbột mìhoặcbột năngchà xát thật mạnh lên tai heo để tạo bọt, tiếp đến bạn dùng dao cạo sạch lớp bọt này đi, rửa sạch. Lặp lại thao tác nhiều lần giúp tai heo trắng, sạch và hết mùi hôi.Cách 3:Ngâm tai heo trong nước vo gạo khoảng 10 phút, sau đó lấy tai heo ra cạo sạch các chất dơ, rửa qua rồi dùng miếng chanh chà lên bề mặt thịt cho đến khi sạch rồi rửa lại lần nữa, để ráo.Xem chi tiết:Mẹo sơ chế tai heo không bị hôi Xem chi tiết:Mẹo sơ chế tai heo không bị hôi', 'Cách 1:Sau khi cạo sạch lông và chất bẩn trên tai heo, bạn dùng giấm hoặc hỗn hợp muối pha nước cốt chanh chà xát kỹ lên tai heo. Tiếp đến, ngâm tai heo vào hỗn hợp nước cốt chanh hoặcgiấmkhoảng 5 phút rồi rửa sạch lại với nước và để ráo.', 'Cách 2:Dùngbột mìhoặcbột năngchà xát thật mạnh lên tai heo để tạo bọt, tiếp đến bạn dùng dao cạo sạch lớp bọt này đi, rửa sạch. Lặp lại thao tác nhiều lần giúp tai heo trắng, sạch và hết mùi hôi.', 'Cách 3:Ngâm tai heo trong nước vo gạo khoảng 10 phút, sau đó lấy tai heo ra cạo sạch các chất dơ, rửa qua rồi dùng miếng chanh chà lên bề mặt thịt cho đến khi sạch rồi rửa lại lần nữa, để ráo.', 'Bước 2 - Sơ chế các nguyên liệu khác: Củ hủ dừa rửa sạch rồi cắt nhỏ, sau đó bạn sẽ ngâm nó trong nước có nước cốt của 1/2 trái chanh để cho trắng củ hủ dừa. Ngâm đến khi gần trộn gỏi thì bạn vớt ra và để ráo nước. Cà rốt gọt vỏ rửa sạch rồi cắt sợi nhỏ, để giảm bớt mùi hăng cà rốt thì bạn có thể cho thêm nước cốt 1/2 trái chanh và 1 muỗng canh đường rồi bóp thật đều và vắt ráo nước. Rau răm rửa sạch cắt nhỏ. Tỏi bóc vỏ, ớt bỏ cuống, đem rửa sơ qua với nước rồi cho cả 2 vào cối tiến hành giã nhuyễn.', 'Bước 3 - Phi hành tím: Hành tím lột vỏ, rửa sạch, cắt mỏng rồi để ráo. Sau đó, bạn bắcchảolên bếp, thêm vào khoảng 100ml dầu ăn, đợi đến khi dầu nóng thì cho toàn bộ phần hành tím đã cắt mỏng vào và phi vàng thơm rồi tắt bếp.', 'Bước 4 - Làm nước mắm trộn gỏi: Bạn cần chuẩn bị 1 cáitôđể làm nước mắm trộn gỏi gồm các gia vị sau: 3 muỗng cà phê đường, 1 muỗng cà phê bột ngọt, ớt, tỏi giã nhuyễn, nước cốt 1/2 trái  và 1/2 chén (chén ăn cơm) nước mắm vào tô rồi khuấy thật đều để hỗn hợp hòa tan hoàn toàn.', 'Bước 5 - Trộn gỏi: Bạn chuẩn bị 1thaulớn để tiến hành trộn gỏi. Đầu tiên cho tai heo đã cắt vào trước sau đó cho 2 muỗng canh nước mắm trộn gỏi đã pha vào trộn đều, rồi cho lần lượt củ hủ dừa, cà rốt đã cắt vào. Tiếp tục sẽ thêm vào thau gỏi 3 muỗng nước mắm trộn gỏi và nước cốt 1/2 trái chanh rồi trộn thật đều tay. Cuối cùng bạn sẽ cho rau răm đã cắt nhỏ và hành phi vào rồi trộn thật đều thêm một lần nữa. Sau đó, bạn sẽ nêm nếm lại cho phù hợp với khẩu vị của mình nhé!', 'Bước 6 - Thành phẩm: Sau khi hoàn thành các bước trên là bạn đã có ngay dĩa gỏi củ hủ dừa tai heo vừa thơm ngon, hấp dẫn vừa bắt mắt, cuốn hút vô cùng. Củ hủ dừa, tai heo dai giòn, sần sật cùng với cà rốt, rau răm được trộn đều phần nước mắm chua chua ngọt ngọt cực kỳ kích thích vị giác. Hãy thử ngay và cảm nhận bạn nhé!']","['Xem thêm:Củ hủ dừa (cổ hũ dừa) là gì, bao nhiêu 1kg? Cách bảo quản củ hủ dừa', 'Xem chi tiết:Cách chọn mua tai heo ngon, chất lượng', 'Mẹo sơ chế tai heo không bị hôiCách 1:Sau khi cạo sạch lông và chất bẩn trên tai heo, bạn dùng giấm hoặc hỗn hợp muối pha nước cốt chanh chà xát kỹ lên tai heo. Tiếp đến, ngâm tai heo vào hỗn hợp nước cốt chanh hoặcgiấmkhoảng 5 phút rồi rửa sạch lại với nước và để ráo.Cách 2:Dùngbột mìhoặcbột năngchà xát thật mạnh lên tai heo để tạo bọt, tiếp đến bạn dùng dao cạo sạch lớp bọt này đi, rửa sạch. Lặp lại thao tác nhiều lần giúp tai heo trắng, sạch và hết mùi hôi.Cách 3:Ngâm tai heo trong nước vo gạo khoảng 10 phút, sau đó lấy tai heo ra cạo sạch các chất dơ, rửa qua rồi dùng miếng chanh chà lên bề mặt thịt cho đến khi sạch rồi rửa lại lần nữa, để ráo.Xem chi tiết:Mẹo sơ chế tai heo không bị hôi', 'Xem thêm:3 cách trộn gỏi củ hủ dừa với tôm thịt, thịt gà và bao tử thơm ngonCách làm gỏi tai heo chua ngọt thơm ngon nhanh gọn khó cưỡngCách làm gỏi tai heo dưa leo giòn ngon đơn giản tại nhà']",,dienmayxanh.com
https://www.dienmayxanh.com/vao-bep/cach-lam-kim-chi-bang-goi-gia-vi-o-food-tai-nha-sieu-don-gian-23479,Món Gỏi,Cách làm kim chi bằng gói gia vị O'food tại nhà siêu đơn giản,"Vào bếplàm kim chi bằng gói gia vị O'food chưa bao giờ đơn giản đến thế! Bạn lo lắng các bước muối kim chi cải thảo phức tạp? Đừng lo, với hướng dẫn chi tiết này, bạn sẽ có ngaymón gỏi - saladkim chi giòn ngon, chuẩn vị Hàn Quốc chỉ trong tích tắc.",,30 phút + 25 phút,Cho 1 cây cải thảo (khoảng 1.5 - 2kg),,6,"['Cải thảo - 1 cây ((khoảng 1.5 - 2kg))', 'Cải trắng - 1 củ', 'Cà rốt - 1 củ', 'Hành lá - 1 bó', 'Sốt muối kim chi Ofood - 1.5 gói', 'Muối hạt - 1 ít']","['Bước 1 - Sơ chế cải thảo: Đầu tiên, bạn cắt cây cải thảo thành 4 phần dọc theo chiều dài. Chuẩn bị một thau nước muối loãng, sau đó rửa sạch từng kẽ lá cải thảo. Cải thảo thường bám bẩn ở nhiều chỗ, nên nhớ rửa thật kỹ để đảm bảo vệ sinh nha.', 'Bước 2 - Muối cải thảo làm mềm: Sau khi rửa sạch, bạn sát muối hạt lên từng lá cải thảo một. Bước này giúp cải thảo mềm ra, dễ dàng thấm gia vị hơn khi muối kim chi. Sát muối xong, cứ để cải thảo tự ngấm muối trong khoảng 1-2 tiếng hoặc cho đến khi lá cải mềm dẻo.', 'Bước 3 - Sơ chế rau củ làm kim chi: Trong lúc chờ cải thảo, bạn hãy gọt vỏ củ cải trắng và cà rốt, sau đó cắt thành lát hoặc sợi mỏng vừa ăn. Hành lá thì rửa sạch, cắt khúc dài khoảng 3-4cm. Cho tất cả vào một thau lớn để chuẩn bị trộn.', 'Bước 4 - Rửa sạch và làm ráo cải thảo: Khi cải thảo đã mềm dẻo đúng độ, bạn mang đi rửa lại thật kỹ dưới vòi nước sạch khoảng vài lần để loại bỏ bớt độ mặn. Nhớ rửa nhẹ tay thôi nhé, không lại làm nát lá cải. Sau khi rửa xong, vắt nhẹ cải thảo và để vào rổ cho ráo nước hoàn toàn.', 'Bước 5 - Trộn sốt kim chi và ướp cải thảo: Bạn cho gói sốt muối kim chi Ofood vào thau rau củ đã sơ chế (củ cải, cà rốt, hành lá). Tùy theo lượng cải thảo, bạn có thể điều chỉnh lượng sốt cho phù hợp (khoảng 1.5 gói sốt cho 1.5 - 2kg cải thảo). Trộn đều hỗn hợp này lên. Tiếp theo, bạn lấy từng lá cải thảo đã ráo nước, dùng tay phết đều hỗn hợp sốt vừa trộn lên từng kẽ lá. Cứ kiên trì làm từng chút một để sốt ngấm đều vào mọi ngóc ngách của lá cải.', 'Bước 6 - Thành phẩm: Sau khi phết sốt xong, bạn có thể thưởng thức ngay một ít kim chi cải thảo để cảm nhận vị giòn sần sật và cay nhẹ đặc trưng. Kim chi lúc này vẫn còn hơi giòn, rất ngon miệng. Phần còn lại, bạn cho vào bình thủy tinh hoặc hộp đựng thực phẩm, đậy kín và bảo quản trong ngăn mát tủ lạnh. Kim chi sẽ ngon hơn sau vài ngày ủ, khi vị chua thanh chuẩn Hàn Quốc đã phát triển hoàn toàn.']","['Để bảo quản kim chi sau khi chế biến được lâu và giữ trọn hương vị, việc sử dụng hộp đựng thực phẩm chất lượng là vô cùng quan trọng.Hộp đựng thực phẩm thuỷ tinh Hàn Quốc 370 ml Lock&Lock LLG1101là lựa chọn hoàn hảo cho món kim chi nhà bạn.Hộp đựng thực phẩm Lock&Lockđược làm từ thủy tinh chịu nhiệt cao cấp, an toàn tuyệt đối cho sức khỏe và không bám mùi, bám màu thực phẩm.Thiết kế nắp khóa 4 cạnh cùng gioăng silicone giúp kín hơi tuyệt đối, giữ cho kim chi luôn tươi ngon và không bị ám mùi ra tủ lạnh.Dung tích 370ml vừa vặn để đựng một lượng kim chi vừa phải, tiện lợi cho việc bảo quản và sử dụng hàng ngày.Hộp đựng thực phẩm thuỷ tinh Lock&Lock LLG1101Online giá rẻ quá75.000₫117.000₫-35%Xem chi tiết', 'Trong quá trình chờ cải thảo ngấm muối, bạn có thể quay ra sơ chế các nguyên liệu khác để tiết kiệm thời gian.', 'Xem thêm:Cách làm kim chi cải thảo chuẩn vị Hàn Quốc cực ngon, giòn và thấm vị2 Cách nấu canh kim chi thịt bò Hàn Quốc chuẩn vị nóng hổi cực đơn giảnCách làm bánh kim chi chiên Hàn Quốc đơn giản, thơm ngon, đậm đà']",,dienmayxanh.com
https://www.dienmayxanh.com/vao-bep/cach-lam-goi-ca-rot-gion-ngon-don-gian-tai-nha-13621,Món Gỏi,"Cách làm gỏi cà rốt giòn ngon, đơn giản tại nhà","Thay đổi khẩu vị cho bữa ăn hàng ngày bằng món gỏi cà rốt giòn ngon, đơn giản mà bạn có thể dễ dàng thực hiện tại nhà để cả gia đình cùng thưởng thức. Hôm nay Điện máy XANH sẽ hướng dẫn bạn cách làmmón gỏi trộnthơm ngon này nhé. Bắt tayvào bếpthực hiện ngay thôi nào!",,30 phút,Cho 2 người,,11,"['Cà rốt - 2 củ', 'Đậu đũa - 50 gr', 'Cà chua bi - 5 trái', 'Hạt điều - 30 gr', 'Tỏi - 1 củ', 'Ớt - 3 trái', 'Đường - 1/2 muỗng cà phê', 'Đường thốt nốt - 1 muỗng cà phê', 'Nước cốt chanh - 1 muỗng canh', 'Nước mắm - 1 muỗng canh', 'Muối - 1 ít']","['Bước 1 - Sơ chế nguyên liệu: Cà rốt sau khi mua về bạn gọt vỏ, sau đó rửa lại với nước sạch rồi bào sợi nhuyễn. Đậu đũa tước bỏ xơ ở 2 bên hông, rửa sạch, cắt thành từng khúc nhỏ vừa ăn. Cà chua bi rửa sạch rồi dùngdaocắt làm đôi. Tỏi bóc vỏ, rửa sạch. Ớt sau khi nhặt bỏ cuống bạn cũng rửa lại với nước cho sạch.', 'Bước 2 - Giã hạt điều với tỏi và ớt: Chuẩn bị cối, cho tỏi, ớt và 1 ít muối vào rồi giã nhuyễn. Kế đến, bạn cho hạt điều (hoặc có thể thay thế bằng đậu phộng) vào cối, rồi tiếp tục giã nhuyễn.', 'Bước 3 - Giã cà chua và đậu đũa với hỗn hợp ớt tỏi hạt điều: Cho vàotôhỗn hợp tỏi, ớt hạt điều đã giã nhuyễn cùng với đậu đũa và cà chua. Sau đó, dùng chày giã nhẹ nhàng từ từ đến khi các nguyên liệu hơi dập là được.', 'Bước 4 - Trộn gỏi: Sau khi thấy các nguyên liệu đã hơi dập, thì cho tiếp vào tô cà rốt đã bào sợi cùng với 1/2 muỗng cà phê đường, 1 muỗng cà phê đường thốt nốt và 1 muỗng canh nước cốt chanh. Sau đó tiếp tục giã nhẹ để gỏi được thấm đều gia vị. Cuối cùng, cho vào tô 1 muỗng canh nước mắm rồi dùngmuỗngtrộn đều là bạn đã hoàn thành rồi.', 'Bước 5 - Thành phẩm: Vậy là chỉ với vài bước thực hiện bạn đã có thể hoàn thành món gỏi cà rốt thơm ngon, hấp dẫn. Cà rốt thì giòn giòn thấm đẫm gia vị đậm đà, kết hợp với cà chua thanh mát cùng đậu que giòn ngon. Tuy chỉ là một món gỏi được chế biến từ các nguyên liệu đơn giản, nhưng hương vị mà nó đem đến chắc chắn sẽ khiến bạn vô cùng yêu thích đấy nhé!']","['Xem chi tiết:Cách chọn mua cà rốt tươi ngon', 'Xem chi tiết:Cách chọn mua cà chua ngon, không bị dập', 'Xem thêm:Cách làm gỏi dưa leo sụn gà chua ngọt giòn ngon hấp dẫn đổi vị bữa ănCách làm gỏi gà ngó sen trắng giòn ngon miệng đơn giản ngay tại nhàCách làm gỏi bưởi tôm thịt chua ngọt giòn ngon hấp dẫn dễ làm tại nhà']",,dienmayxanh.com
https://www.dienmayxanh.com/vao-bep/cach-lam-salad-ngu-sac-gion-ngon-dep-mat-doi-vi-cho-bua-com-17164,Món Gỏi,Cách làm salad ngũ sắc giòn ngon đẹp mắt đổi vị cho bữa cơm,"Saladlà món dùng khai vị thanh đạm hoặc thường được ăn kèm với nhiều món chính để kích thích vị giác. Hôm nay, Điện máy XANH sẽ mách bạn cách làm salad ngũ sắc hấp dẫn, tươi mát, cực kì đơn giản ngay tại nhà nhé!Vào bếplàm ngay thôi nào.",,20 phút + 5 phút,Cho 2 người,,10,"['Bắp cải tím - 100 gr', 'Bắp cải trắng - 100 gr', 'Cà rốt - 1 củ ((củ vừa))', 'Hoa chuối thái sợi - 100 gr', 'Dưa chuột - 1 quả ((quả vừa))', 'Ớt - 1 quả', 'Tỏi - 1/2 củ', 'Chanh - 1 quả', 'Nước mắm - 3 muỗng canh', 'Muối/ đường - 1 ít']","['Bước 1 - Sơ chế các nguyên liệu: Bước đầu tiên, bạn cần rửa sạch toàn bộ nguyên liệu rau củ đã chuẩn bị. Sau đó, tiến hành thái các lát mỏng, bạn cũng có thể dùngdaohoặc dụng cụ bào sợi rau củ cầm tay để dễ thực hiện hơn nhé. Sau khi thái sợ toàn bộ rau củ, bạn đem ngâm tất cả vào mộtthaunước muối loãng để trong 10 phút. Tiếp đó, ngâm vào thau nước đá lạnh trong vòng 10 phút để rau củ giữ được độ giòn tươi ngon. Tỏi ớt bạn đem đi lột vỏ và băm nhuyễn.', 'Bước 2 - Làm nước trộn salad: Trong thời gian chờ ngâm rau củ, bạn tiến hành làm nước trộn salad nhé. Cho vào bát lớn 2muỗngcanh đường, 1 muỗng canh nước cốt chanh, 5 muỗng canh nước lọc, 3 muỗng canh nước mắm. Tất cả khuấy đều sau đó cho tỏi và ớt băm nhỏ vào là được.', 'Bước 3 - Trộn salad ngũ sắc: Rau sau khi ngâm xong bạn vớt ra vẩy cho ráo nước hoàn toàn. Tiếp đó, bạn trộn đều tất cả các nguyên liệu rau củ vào cùng một thau lớn và rưới nước trộn vào. Bày radĩa, trang trí cho bắt mắt và thưởng thức thôi nào. Như vậy là đã hoàn thành xong món salad ngũ sắc giòn tan, bổ sung thêm vitamin cho bữa ăn rồi đó.', 'Bước 4 - Thành phẩm: Phần salad đầy màu sắc bắt mắt của các loại rau củ kết hợp cùng nước sốt chua ngọt hấp dẫn giúp món ăn tăng thêm hương vị. Cùng gia đình nhâm nhi món này thì thật thích phải không nào!']","['Xem chi tiết:Cách chọn mua cà rốt tươi ngon', 'Xem chi tiết:Cách chọn mua hoa chuối ngon không bị già', 'Xem chi tiết:Cách chọn mua dưa chuột tươi, không bị đắng', 'Xem thêm:Cách làm gỏi cuốn ngũ sắc đẹp mắt, thơm ngon lạ miệng cho cả nhàCách làm gỏi bò ngũ sắc thơm ngon chua chua ngọt ngọt cho cả gia đìnhTổng hợp 22 cách làm món gỏi chay thanh mát hấp dẫn thơm ngon đơn giản']",,dienmayxanh.com
https://www.dienmayxanh.com/vao-bep/cach-lam-goi-be-thui-bap-chuoi-moi-la-hap-dan-de-lam-tai-nha-11475,Món Gỏi,Cách làm gỏi bê thui bắp chuối mới lạ hấp dẫn dễ làm tại nhà,"Cácmón gỏi trộnluôn có được sức hút thật khó cưỡng bởi vừa thơm ngon mà còn dễ dàng chế biến. Hôm nay, Điện máy XANH sẽ tiếp tục bật mí cho bạn cách làm món gỏi cũng hấp dẫn không kém. Cùngvào bếpvới Điện máy XANH thực hiện ngay món gỏi bê thui bắp chuối thôi nhé!",,40 phút + 15 phút,Cho 3 người,,13,"['Hoa chuối - 200 gr', 'Thịt bê thui - 300 gr', 'Cà rốt - 150 gr ((1/2 củ))', 'Ngò ôm - 3 nhánh', 'Ngò rí - 3 nhánh', 'Ớt hiểm - 2 trái', 'Tỏi băm - 2 muỗng cà phê', 'Dầu hào - 1/4 muỗng canh', 'Nước cốt chanh - 3 muỗng canh', 'Nước tương - 1/4 muỗng canh', 'Nước mắm - 2 muỗng canh', 'Dầu ăn - 2 muỗng canh', 'Gia vị thông dụng - 1 ít ((Hạt nêm/ Muối/ Đường/ Bột ngọt/ Tiêu xay))']","['Bước 1 - Ướp thịt bê thui: Chuẩn bị 1 cái chén rồi cho 300gr thịt bê thui cùng 1/4 muỗng canh hạt nêm, 1/4 muỗng canh bột ngọt, 1/4 muỗng canh tiêu xay, 1/4 muỗng canh nước tương và 1/4 muỗng canh dầu hào vào, trộn đều tất cả lên với nhau rồi để thấm gia vị trong vòng 30 phút.', 'Bước 2 - Xào thịt bê: Bắc cái chảo lên bếp cùng 2 muỗng canh dầu ăn và 2 muỗng cà phê tỏi băm, tiến hành phi thơm với lửa vừa. Kế đến, cho 300gr thịt bê thui đã ướp vào xào 7 - 10 phút, đến khi thịt bê chín đều thì tắt bếp cho ra tô.', 'Bước 3 - Sơ chế các loại rau củ: Hoa chuối mua về cho vào thau nước muối pha loãng tiến hành ngâm 5 - 7 phút rồi rửa lại với nước sạch, để ráo. Với cà rốt thì bạn gọt vỏ, rửa sơ rồi dùng dao cắt sợi vừa ăn. Để cà rốt được giòn ngon hơn thì bạn có thể tiến hành trộn cà rốt với đường nhé!Muốn hoa chuối không bị thâm đen nên ngâm vào hỗn hợp nước cốt chanh và muối pha loãng ngay khi vừa rửa xong.', 'Để cà rốt được giòn ngon hơn thì bạn có thể tiến hành trộn cà rốt với đường nhé!', 'Muốn hoa chuối không bị thâm đen nên ngâm vào hỗn hợp nước cốt chanh và muối pha loãng ngay khi vừa rửa xong.', 'Bước 4 - Trộn gỏi: Lấy 1 cái tô rồi cho 200gr hoa chuối và 1/2 củ cà rốt đã sơ chế, 3 muỗng canh nước cốt chanh, 2 muỗng canh đường, 2 muỗng canh nước mắm và 2 trái ớt hiểm cắt khúc vào, trộn đều lên rồi để thấm gia vị trong khoảng 15 phút. Sau đó, thêm nốt toàn bộ phần bê thui vừa xào cùng 3 nhánh ngò ôm và 3 nhánh ngò rí rửa sạch cắt khúc vào, đảo đều lên lần nữa, nêm nếm vừa ăn rồi bày biện ra dĩa.', 'Bước 5 - Thành phẩm: Thế là, món gỏi bê thui bắp chuối được ra lò rồi đấy! Quá đỗi đơn giản các bạn nhỉ? Thật khó tin được 1 món gỏi thơm ngon như thế lại không mất quá nhiều thời gian để thực hiện. Gỏi bê thui bắp chuối được khoác lên mình vị mặn, ngọt, chua cay đều đủ cả, đã thế còn là cái giòn rụm của cà rốt và thịt bê thui tươi ngon. Không thể đợi chờ thêm để mà thưởng thức đó!']","['Để cà rốt được giòn ngon hơn thì bạn có thể tiến hành trộn cà rốt với đường nhé!Muốn hoa chuối không bị thâm đen nên ngâm vào hỗn hợp nước cốt chanh và muối pha loãng ngay khi vừa rửa xong.', 'Xem thêm:Cách làm gỏi bắp chuối (hoa chuối) tôm thịt giòn ngon, đơn giảnCách làm gỏi bắp chuối luộc - bắp chuối xé phay dân dã, hấp dẫn, đơn giản2 cách làm măng trúc xào thịt bò và thịt bê dân dã đổi vị cho bữa cơm']",,dienmayxanh.com
https://www.dienmayxanh.com/vao-bep/cach-lam-ca-trich-phile-de-tron-goi-va-che-bien-ca-trich-ep-23449,Món Gỏi,Cách làm cá trích phile để trộn gỏi và chế biến cá trích ép trứng tại nhà,"Cá trích phile có thể làm nhiều món như gỏi cá trích, cá trích ép trứng, cá trích phi lên chiên giòn,... Hôm nay, hãy cùngvào bếptham khảo cách làm cá trích phi lê siêu đơn giản. Đây chắc chắn sẽ làmẹo vào bếphữu ích mà bạn nên ghi chú lại ngay!",,10 phút + 30 phút,Cho 1kg cá trích tươi,,1,['Cá trích tươi - 1 kg'],"['Bước 1 - Sơ chế cá trích sạch sẽ: Đầu tiên, bạn cần đánh vảy cá trích thật kỹ và sạch. Hãy dùng dụng cụ đánh vảy hoặc sống dao để loại bỏ hết vảy bám trên thân cá. Sau đó, cắt bỏ phần đầu và phần lườn bụng. Phần này chứa xương và nội tạng, cần loại bỏ để cá không bị tanh. Rửa cá lại thật sạch dưới vòi nước chảy mạnh. Đảm bảo loại bỏ hết máu và chất bẩn còn sót lại.', 'Bước 2 - Cách phi lê cá trích đơn giản tại nhà: Đặt cá lên thớt. Dùng dao sắc (dao phi lê nhỏ sẽ dễ hơn, nhưng dao lớn cũng được nếu bạn quen tay) lách sát xương sống, nhẹ nhàng tách phần thịt cá ra khỏi xương. Thực hiện tương tự với mặt còn lại để có được hai miếng phi lê cá trích hoàn chỉnh.', 'Bước 3 - Thành phẩm: Bạn đã có những miếng cá trích phile tươi ngon, sẵn sàng cho món gỏi trứ danh. Thịt cá trắng hồng, săn chắc, không còn xương dăm, giữ trọn hương vị biển cả.']","['Để quá trình phi lê cá trích trở nên dễ dàng và chuyên nghiệp hơn, một bộ dao kéo sắc bén là không thể thiếu.Bộ dao kéo inox Delites LK-2431sẽ là trợ thủ đắc lực cho bạn trong mọi công đoạn sơ chế.Dao Delitesđược làm từ chất liệu inox cao cấp, đảm bảo độ sắc bén vượt trội và bền bỉ theo thời gian. Lưỡi dao mỏng, sắc giúp bạn thực hiện các đường cắt chính xác và gọn gàng.Tay cầm được thiết kế công thái học, mang lại cảm giác cầm nắm chắc chắn và thoải mái. Điều này giúp giảm thiểu mỏi tay khi bạn thực hiện các thao tác phi lê đòi hỏi sự tỉ mỉ.Ngoài ra, bộ sản phẩm còn đi kèm kéo và các loại dao với kích cỡ khác nhau, đáp ứng mọi nhu cầu từ cắt tỉa rau củ đến sơ chế thịt cá. Giúp công việc bếp núc trở nên nhanh chóng và hiệu quả hơn.Bộ dao kéo inox Delites LK-2431Online giá rẻ quá140.000₫250.000₫-44%Xem chi tiết', 'Sau bước này, khi đã phi lê xong, chúng ta sẽ không rửa lại cá nữa để giữ trọn vị ngọt và béo tự nhiên.', 'Phần xương cá sau khi phi lê có thể tận dụng để nấu nước dùng hoặc nấu cho thú cưng ăn, rất tiện lợi và không lãng phí.', 'Xem thêm:Cá trích nấu gì ngon? Tổng hợp 8 món ngon từ cá trích thơm ngon dễ làm', 'Xem thêm:Cách làm gỏi cá trích đặc sản Phú Quốc cực ngon tại nhà2 cách làm cá trích chiên giòn và chiên nước mắm giòn rụm thơm ngonCách làm gỏi cuốn cá trích thơm ngon khó cưỡng tại nhà']",,dienmayxanh.com
https://www.dienmayxanh.com/vao-bep/cach-lam-salad-tao-gion-ngon-thanh-mat-cuc-ky-hap-dan-11956,Món Gỏi,"Cách làm salad táo với tôm giòn ngon, thanh mát, cực kỳ hấp dẫn","Salad táo giòn ngon, thanh đạm với hương vị cực hấp dẫn. Không chỉ ngon miệng mà còn giàu dưỡng chất, thích hợp cho các bạn đang ăn theo chế độ eatclean. Hôm nay, cùngvào bếptrổ tài thực hiệnmón saladnày để thưởng thức ngay nhé!",,30 phút + 15 phút,Cho 2 người,,9,"['Tôm sú - 150 gr', 'Táo đỏ - 1 quả', 'Rau mầm - 100 gr', 'Bắp cải tím - 50 gr', 'Dưa leo - 1 quả', 'Chanh vàng - 1 quả', 'Mè trắng - 1/2 muỗng cà phê ((đã rang))', 'Nước sốt Mayonnaise - 1 muỗng canh', 'Gia vị thông dụng - 1 ít ((tiêu xay/ đường/ muối))']","['Bước 1 - Sơ chế tôm, luộc tôm: Tôm mua về bạn lột bỏ phần vỏ tôm. Sau đó, dùngdaocắt dọc theo đường lưng tôm rồi cẩn thận loại bỏ đường chỉ đen rồi dùng xiên xiên thẳng ruột tôm để định hình thân tôm. Bắcnồilênbếp, cho vào nồi khoảng 200ml nước, đợi nước sôi thì cho tôm vào luộc chín. Sau khoảng 10 phút thì tôm đã chín, bạn cẩn thận vớt ratô. Tiếp đến, cắt tôm làm 4 theo chiều dọc, nêm thêm 1/3 muỗng cà phê tiêu để tôm thêm thơm ngon, đậm đà hơn.', 'Bước 2 - Pha hỗn hợp sốt trộn: Dùng đồ mài để mài khoảng 1/2 lớp vỏ của quả chanh vàng. Quả chanh thì bạn cắt làm đôi, vắt nước cốt cho vàochén. Để làm sốt trộn, cho vào chén 1.5 muỗng cà phê đường, 1/3 muỗng cà phê muối, tất cả phần vỏ chanh mài và 3 muỗng canh nước cốt chanh, khuấy thật đều để chúng hòa quyện hoàn toàn vào nhau.', 'Bước 3 - Sơ chế các loại rau củ: Dưa leo bạn cắt bỏ 2 đầu, loại bỏ phần ruột rửa thật sạch rồi cắt lát mỏng. Bắp cải tím cắt sợi dày khoảng 1/2 lóng tay, rửa thật sạch rồi vớt rarổđể ráo. Táo rửa thật sạch, cắt bỏ phần lõi rồi cắt sợi mỏng, cho ngay vào tô, rưới vào 1 muỗng canh nước sốt trộn salad vừa trộn.', 'Bước 4 - Trộn salad: Cho dưa leo, bắp cải tím vào tô trộn, rưới hết phần nước sốt và đổ thêm táo vào, trộn đều để rau củ thấm đều nước sốt.', 'Bước 5 - Hoàn thành: Bạn trình bày rau mầm lênđĩa, cho phần rau củ đã trộn sốt lên trên rồi xếp tôm lên bề mặt, rắc thêm một ít mè rang và nước sốt Mayonnaise để món ăn thêm thơm ngon, hấp dẫn hơn.', 'Bước 6 - Thành phần: Salad táo đã hoàn thành có màu sắc bắt mắt, hấp dẫn, thơm ngon. Các nguyên liệu có hàm lượng dinh dưỡng cao, đặc biệt là rau mầm, rất tốt cho sức khỏe, giúp nâng cao sức đề kháng. Salad thanh đạm, tôm đậm đà, rau củ giòn ngon, cảm nhận được vị hơi chua của nước sốt chanh vàng vô cùng hấp dẫn và ngon miệng.']","['Xem chi tiết:Cách chọn mua tôm tươi ngon, an toàn', 'Xem chi tiết:Cách chọn mua táo tươi, giòn ngọt', 'Xem chi tiết:Cách chọn mua dưa leo tươi ngon, không đắng', 'Dùng vỏ chanh mài giúp tạo mùi thơm đặc trưng cho món salad.', 'Nên trộn táo với hỗn hợp gia vị ngay khi chúng được cắt lát để táo không bị thâm đen và ăn thấm gia vị hơn nhé!', 'Trước khi trộn, bạn nên để rau củ vào tủ lạnh trong khoảng 10 phút để khi trộn rau củ thêm giòn ngon hơn.', 'Xem thêm:Cách làm salad trứng sốt vải chua ngọt thơm ngon lạ miệng thanh mát2 cách làm salad táo tươi mát thơm ngon hỗ trợ giảm cân tại nhàCách làm xà lách (salad) trộn dầu giấm vô cùng đơn giản tại nhà']",,dienmayxanh.com
https://www.dienmayxanh.com/vao-bep/cach-ngam-hanh-tim-thai-lat-an-lien-an-bun-bo-hue-chuan-vi-23430,Món Gỏi,Cách ngâm hành tím thái lát ăn liền ăn bún bò Huế chuẩn vị,"Bạn muốnvào bếptự tay làm món hành ngâm chua ngọt ăn liền giòn ngon, không hăng để ăn kèm bún phở haymón gỏi - salad? Với cách ngâm hành tím thái lát ăn liền siêu dễ này, bạn sẽ có ngay món ăn kèm giòn rụm, hết hăng!",,30 phút + 15 phút,Cho 300gr hành củ,,6,"['Hành củ - 300 gr ((hành Cô Đơn))', 'Đường - 100 gr', 'Giấm gạo - 100 ml', 'Nước lọc - 100 ml', 'Muối - 1 thìa cà phê', 'Đá viên - 1 ít']","['Bước 1 - Sơ chế hành tím: Đầu tiên, chuẩn bị 300gr hành củ, loại hành Cô Đơn. Nếu các bạn dùng hành hương thì sẽ thơm hơn một xíu đó. Chuẩn bị một tô nước, cho hết hành vào ngâm khoảng 4 đến 5 tiếng. Việc này sẽ giúp hành dễ lột vỏ hơn rất nhiều. Sau khi ngâm, hành tím sẽ rất dễ lột. Lúc này, bạn chỉ cần cắt bỏ đầu, cắt bỏ đuôi rồi rửa sạch là vỏ hành tự động bong ra hết. Lột rất dễ dàng mà cũng không bị hăng nữa đâu.', 'Bước 2 - Giảm hăng và tạo độ giòn cho hành: Sau khi gọt vỏ và rửa sạch, cho hành vào tủ lạnh khoảng 1 đến 2 tiếng đồng hồ để hành hơi lạnh lạnh, giúp giảm bớt độ hăng. Tiếp theo, dùng dao hai lưỡi để thái hành. Các bạn thái từ dưới gốc thái lên để miếng hành được đẹp. Nói chung, các bạn thích thái kiểu nào thì tùy ý gia đình mình nha. Nếu muốn để nguyên củ thì nên chọn hành hương cho tép nhỏ, muối sẽ nhanh thấm hơn. Hành này mà để nguyên củ to thì lâu được ăn lắm. Mình đã thái xong hết hành rồi nè. Chuẩn bị nửa tô nước, cho vào khoảng 2 thìa cà phê đường, khuấy nhẹ cho đường tan. Sau đó, bỏ thêm 3 viên đá nhỏ vào. Mang hết chỗ hành vừa thái xong cho vào tô, trộn đều để hành ngập trong nước đường. Ngâm hành trong nước đường với đá này khoảng 20 đến 30 phút để hành bớt hăng và giòn hơn. Sau nửa tiếng, vớt hành ra và để cho thật ráo nước. Lúc này, hành đã giảm được khoảng 70% độ hăng rồi đó, chỉ còn khoảng 30% nữa thôi. Khi ngâm vào giấm đường là sẽ ngon ngay.', 'Bước 3 - Nấu nước ngâm hành tím: Dùng 100 ml nước lọc, 100 ml giấm gạo và 100 gr đường. Tức là tỉ lệ gần bằng nhau đó các bạn. Nếu dùng chén để đong thì cứ đông thể tích gần bằng nhau là được. Cho tất cả vào một cái nồi/xoong. Thêm vào 1 thìa cà phê muối biển. Muối biển có nhiều khoáng chất và làm cho vị của món dưa hành ngon hơn, không bị quá gắt. Nấu cho hỗn hợp này tan hết đường và để cho thật nguội. Nấu cho nước giấm đường sôi nhẹ, đường tan thì tắt bếp, nhớ là phải để thật nguội mới đi ngâm hành nha các bạn.', 'Bước 4 - Ngâm hành: Dùng một hộp kính sạch để ngâm hành. Cho hành đã để ráo vào trong hộp. Nếu các bạn thích đẹp thì có thể ngâm thêm ớt hoặc các thứ khác vào đây. Tiếp tục, đổ phần nước giấm đã để thật nguội vào hộp hành. Lúc này, nước có thể hơi thiếu một chút, nhưng đừng lo nha các bạn. Khi hành thấm giấm đường, nó sẽ xèo xuống và tiết ra một lượng nước, lúc đó nước sẽ vừa đủ ngập hành. 1-2 tiếng sau mình sẽ mở cho các bạn xem, nước sẽ không còn thiếu nữa đâu. Đậy nắp lại và để ở nhiệt độ phòng khoảng 7 đến 8 tiếng. Sau đó mới mang bỏ vào ngăn mát tủ lạnh.', 'Bước 5 - Thành phẩm: Hành đã ra nước nè, bây giờ nước nó nhiều, ngập hành luôn. Vì vậy không nên nấu nước nhiều quá, đến chừng hành ra nước nó xèo xuống thì nước sẽ bị thừa. Nước ngâm thì chua chua ngọt ngọt, mặn mặn vừa phải. Hành muối chua ngọt này mà ăn kèm với phở, bún, mì quảng, bún thịt nướng... nói chung là ăn được với nhiều món lắm các bạn. Kể cả chế mì tôm ở nhà, bỏ vào ăn cũng rất là ngon. Hành giòn rụm, không còn hăng đâu, chua chua ngọt ngọt đã vừa ăn như thế này rồi. Bây giờ mang bỏ vào ngăn mát tủ lạnh để ăn dần nha các bạn.']","['Để món hành muối chua ngọt giữ được độ giòn ngon và bảo quản lâu, việc lựa chọn dụng cụ chứa đựng phù hợp là rất quan trọng.Bộ 3 hộp đựng thực phẩm nhựa 500 - 1000 - 2000 ml Inochi Hokkaido HIN.HOCN.BO02 Kemsẽ là trợ thủ đắc lực cho bạn.Cáchộp đựng thực phẩm Inochiđược làm từ nhựa PP nguyên sinh cao cấp, không chứa BPA, đảm bảo an toàn tuyệt đối cho sức khỏe gia đình bạn.Thiết kế nắp đậy kín hơi giúp thực phẩm tươi ngon lâu hơn, ngăn chặn vi khuẩn xâm nhập và giữ trọn hương vị món ăn.Với nhiều dung tích khác nhau, bộ hộp này tiện lợi cho việc lưu trữ đa dạng thực phẩm, từ hành muối đến các món ăn khác trong tủ lạnh.Bộ 3 hộp đựng thực phẩm nhựa Inochi Hokkaido HIN.HOCN.BO02 Kem50.000₫Xem chi tiết', 'Xem chi tiết:Cách bóc vỏ hành tím nhanh chóng, không bị nóng tay cay mắt', 'Xem chi tiết:7 cách làm hành tây, hành tím bớt hăng chỉ trong tíc tắc mà bạn nên biết', 'Xem thêm:Cách làm củ hành tím ngâm nước mắm để lâu vẫn giòn cho ngày TếtCách muối dưa hành giòn ngon, không bị hăng đơn giản tại nhàCách làm tỏi ngâm giấm ớt không bị xanh tại nhà để được lâu']",,dienmayxanh.com
https://www.dienmayxanh.com/vao-bep/cach-lam-goi-ca-dieu-hong-thom-ngon-hap-dan-la-mieng-de-lam-15449,Món Gỏi,Cách làm gỏi cá diêu hồng thơm ngon hấp dẫn lạ miệng dễ làm,Cuối tuần này bạn đã có thực đơn gì để tụ tập cùng với bạn bè chưa? Nếu chưa thì hãy lưu lại ngay công thức món gỏi cá diêu hồng vừa độc đáo lại hấp dẫn mà Điện máy XANH sẽ chia sẻ ngay sau đây nhé! Cùngvào bếpvà thực hiệnmón gỏinày thôi nào!,,15 phút + 15 phút,Cho 4 người,,13,"['Cá diêu hồng - 1 con', 'Gạo - 320 gr', 'Gừng - 1 củ', 'Nghệ - 1/2 củ', 'Sả - 4 tép', 'Ớt - 8 quả', 'Rau - 1 ít ((lá mơ/ lá cóc/ lá ổi/ lá xoài))', 'Men chua - 30 gr', 'Bột thính - 140 gr', 'Nước - 140 ml', 'Dầu ăn - 2 muỗng canh', 'Nước mắm - 1 muỗng cà phê', 'Gia vị thông dụng - 1 ít ((Muối/ đường/ bột ngọt))']","['Bước 1 - Sơ chế cá: Bạn đem 1 con cá diêu hồng mua về đi mổ bụng, bỏ phần ruột bên trong, đánh sạch vảy, rửa với nước rồi dùng giấy thấm thấm khô cá. Dùngdaolóc lấy hai phần thịt lưng của cá, lóc bỏ phần da. Cho vào trong dĩa 140gr gạo, để phần thịt cá vừa lóc lên, đổ thêm 280gr gạo nữa sao cho gạo phủ kín phần thịt cá và để sang một bên. Cắt phần đầu và phần da đem bằm thật nhuyễn rồi cho vào dĩa riêng.', 'Bước 2 - Sơ chế các nguyên liệu khác: Bạn lấy 1 củ gừng đem rửa sạch bụi bẩn, cạo bỏ lớp vỏ, cắt lát rồi đem giã nhuyễn. Rửa sạch 1/2 củ nghệ, đập dập. 4 tép sả bỏ gốc, lột bỏ 2 - 3 lớp vỏ già phía ngoài, rửa sạch, để ráo rồi đem đi băm nhuyễn cùng 2 tép sả, 1/2 củ nghệ và 1/4 củ gừng đã giã. 8 quả ớt rửa sạch, để ráo, bỏ cuống và cắt nhỏ. Lá mơ, lá cóc, lá ổi, lá xoài bạn đem đi rửa sạch và để cho ráo nước.', 'Bước 3 - Làm nước sốt: Bắcchảolên bếp, để lửa lớn, cho vào 2 muỗng canh dầu ăn, đợi cho dầu nóng thì cho tất cả phần gừng, sả, nghệ vào phi thơm. Sau đó, bạn chỉnh lửa vừa, cho phần đầu và da cá đã băm nhuyễn vào, nêm nếm khoảng 1muỗng cà phêbột ngọt, 1/2 muỗng cà phê đường, 4 quả ớt cắt nhỏ, 1 muỗng cà phê hạt nêm, 1 muỗng cà phê nước mắm, 30gr men chua rồi xào đều tay. Đến khi men có mùi thơm tỏa ra thì cho vào 140ml nước lọc, khuấy đều và nấu thêm tầm 5 - 10 phút nữa rồi tắt bếp.', 'Bước 4 - Ướp cá: Bạn lấy 2 lát thịt cá ủ trong gạo ra, gạt bỏ hết đi gạo dính trên cá, cắt thành nhiều lát mỏng rồi cho ra dĩa. Tiếp đó, bạn vắt bỏ nước phần củ gừng đã giã nhuyễn còn lại cho vào phần thịt cá, ướp vào 2 tép sả băm, 4 quả ớt cắt nhỏ, dùngđũatrộn đều. Thêm vào 1/2 muỗng cà phê bột ngọt, 1 muỗng cà phê muối rồi trộn đều, để trong 10 phút cho cá thấm gia vị.', 'Bước 5 - Hoàn thành: Sau 10 phút, bạn phủ đều 150gr bột thính lên thịt cá rồi bày ra dĩa. Khi ăn, bạn cuốn cá với các loại rau ăn kèm, chấm thêm nước sốt là được.', 'Bước 6 - Thành phẩm: Sau một thời gian xắn tay áo với các công đoạn thì cuối cùng chúng ta cũng hoàn thành xong món gỏi cá diêu hồng rồi. Thịt cá săn chắc, thơm mùi thính và có vị cay cay chứ không bị tanh. Mùi thơm của gừng và sả cực kích thích vị giác. Món này mà dùng để lai rai cùng bạn bè thì đúng tuyệt cú mèo đó nha!']","['Xem chi tiết:Cách chọn mua cá diêu hồng tươi ngon', 'Xem thêm:Cách làm gỏi cá hồi tươi ngon, đảm bảo tại nhàCách làm món gỏi cá nhảy Tây Bắc độc đáo thơm ngon lạ miệngCách làm gỏi cá đuối thơm ngon, lạ miệng ăn một lần là nghiện']",,dienmayxanh.com
https://www.dienmayxanh.com/vao-bep/cong-thuc-tron-nom-gio-lua-dua-chuot-gion-ngon-giai-ngay-don-23424,Món Gỏi,"Công thức trộn nộm giò lụa dưa chuột giòn ngon giải ngấy, đơn giản tại nhà","Bạn đang tìm công thức nộm giò lụa dưa chuột ngon bá cháy? Món gỏi dưa chuột giòn mát, chua cay mặn ngọt này sẽ là lựa chọn hoàn hảo cho bữa ăn gia đình. Cùngvào bếplàmmón gỏi - saladđể khám phá cách làm nộm dưa chuột với giò đơn giản!",,20 phút + 10 phút,Cho 2 - 3 người,,6,"['Chả lụa - 200 gr ((giò lụa))', 'Dưa leo - 2 trái', 'Cà rốt - 1 củ', 'Tắc - 4 trái', 'Ngò rí - 1 ít', 'Gia vị thông dụng - 1 ít ((đường/nước mắm/tương ớt/tỏi/ớt))']","['Bước 1 - Sơ chế giò lụa và rau củ: Đầu tiên, bạn cắt chả lụa (giò lụa) thành miếng vừa ăn. Bạn có thể dùng cây sắn bông (dao gợn sóng) để tạo hình đẹp mắt hơn nhé. Dưa leo rửa sạch, cắt bỏ hai đầu. Sau đó, dùng muỗng cà phê nạo bỏ phần ruột bên trong để khi làm nộm dưa chuột không bị ra nước, giữ được độ giòn ngon. Dùng cây sắn bông hoặc dao thái dưa leo thành lát mỏng vừa ăn. Cà rốt gọt vỏ, rửa sạch, cũng dùng cây sắn bông hoặc dao thái sợi. Ngò rí rửa sạch, cắt khúc ngắn khoảng 2 - 3 cm.', 'Bước 2 - Ngâm dưa leo và cà rốt: Cho dưa leo và cà rốt đã thái vào một tô lớn. Thêm 2 muỗng canh đường vào, trộn đều để đường thấm vào rau củ. Để hỗn hợp ngâm khoảng 30 phút. Bước sơ chế dưa chuột này giúp dưa leo và cà rốt ra bớt nước, giữ độ giòn và không làm loãng món nộm giò dưa leo.', 'Bước 3 - Chuẩn bị tỏi ớt và nước cốt tắc: Tỏi bóc vỏ, ớt rửa sạch. Băm nhuyễn tỏi và ớt. Nếu bạn không ăn cay nhiều, có thể giảm lượng ớt tùy theo khẩu vị nhé. Tắc rửa sạch, cắt đôi và vắt lấy nước cốt.', 'Bước 4 - Pha nước trộn nộm giò dưa chuột: Trong một chén lớn, cho 2 muỗng canh đường, 2 muỗng canh nước mắm, 1 muỗng nước cốt tắc và 1 muỗng canh tương ớt. Thêm tỏi và ớt băm nhuyễn vào. Khuấy đều cho đường tan hoàn toàn và các gia vị hòa quyện vào nhau.', 'Bước 5 - Trộn nộm giò lụa dưa chuột: Sau 30 phút, dưa leo và cà rốt đã ra rất nhiều nước. Bạn hãy chắt bỏ hết phần nước này đi, đừng rửa lại với nước sạch để giữ nguyên vị giòn ngọt của rau củ. Vắt nhẹ cho ráo nước. Cho dưa leo, cà rốt đã ráo nước, chả lụa (giò lụa) và ngò rí vào tô lớn. Rưới từ từ phần nước trộn nộm đã pha vào, trộn đều nhẹ nhàng để các nguyên liệu thấm vị.', 'Bước 6 - Thành phẩm: Trình bày món nộm giò lụa dưa chuột ra đĩa. Bạn có thể trang trí thêm vài lát ớt hoặc cọng ngò rí cho đẹp mắt. Món nộm giò dưa chuột giòn ngon, chua cay mặn ngọt đã sẵn sàng để thưởng thức cùng gia đình rồi!']","['Để việc sơ chế nguyên liệu trở nên dễ dàng và an toàn hơn, một chiếc thớt chất lượng là không thể thiếu.Thớt chặt gỗ tràm chữ nhật 25 x 35 cm Trường Sơn SLC35là lựa chọn lý tưởng cho mọi căn bếp.Thớt Trường Sơnđược làm từ gỗ tràm tự nhiên, đảm bảo độ bền cao và an toàn cho sức khỏe khi tiếp xúc với thực phẩm.Với kích thước 25 x 35 cm, thớt cung cấp không gian rộng rãi để bạn thoải mái thái, băm, chặt các loại nguyên liệu.Thiết kế chữ nhật tiện dụng cùng khả năng chống ẩm mốc tốt giúp thớt luôn sạch sẽ và dễ dàng vệ sinh sau mỗi lần sử dụng.Thớt chặt gỗ tràm chữ nhật 25 x 35 cm Trường Sơn SLC35330.000₫340.000₫Xem chi tiết', 'Xem thêm:Cách làm nộm su hào miền Bắc giòn ngon, dễ làm, ăn chay hay mặn đều hợpCách làm nộm chân vịt rút xương giòn ngon lạ miệng với nồi và bộ dao thớtCách làm nộm thịt lợn siêu ngon, ăn hoài không ngấy với riềng, sả, ớt']",,dienmayxanh.com
https://www.dienmayxanh.com/vao-bep/cach-lam-goi-ca-moi-moi-la-thom-ngon-don-gian-tai-nha-11841,Món Gỏi,Cách làm gỏi cá mòi mới lạ thơm ngon đơn giản tại nhà,"Gỏi cá mòi là mộtmón gỏi trộnthơm ngon, hấp dẫn, giữ nguyên được hương vị tự nhiên của cá mòi, quyện cùng nước chấm cực độc đáo, ăn vào là ghiền. Hôm nay, cùngvào bếpvới Điện máy XANH để thực hiện ngay món ăn hấp dẫn này nhé!",,45 phút + 10 phút,Cho 4 phần ăn,,14,"['Cá mòi - 1 kg', 'Sả - 7 cây', 'Lá lốt - 5 cái', 'Lá chanh - 5 cái', 'Thính - 50 gr ((khoảng 1/3 tô ăn cơm))', 'Riềng - 250 gr', 'Trứng vịt - 2 quả', 'Gạo - 100 gr', 'Ớt - 3 trái', 'Hành tím băm - 3 muỗng canh', 'Mắm tôm - 2 muỗng canh', 'Dầu ăn - 3 muỗng canh', 'Gia vị thông dụng - 1 ít ((bột ngọt/ đường/ muối))', 'Rau ăn kèm - 1 ít ((lá sung/ lá mơ/ diếp cá/...))']","['Bước 1 - Sơ chế cá mòi: Cá mòi mua về rửa sạch, làm sạch vảy, cắt bỏ đầu và mang cá. Phần bụng và trứng cá thì bạn cắt ra, rửa sạch rồi để riêng. Sau đó, bạn rửa cá thật sạch dưới vòi nước, móc hết lớp màng bên trong bụng cá và chắc chắn cá không còn máu tụ hay nội tạng. Để cá ráo nước. Rửa cá xong thì bạn trộn phần thân cá với gạo và để khoảng 15 phút.', 'Bước 2 - Băm bụng và trứng cá: Phần bụng cá và trứng cá bạn băm nhỏ với 5 cái lá lốt cho đến khi thật nhuyễn rồi cho ra 1 cáitô, để đó.', 'Bước 3 - Cắt nhỏ và vắt ráo cá: Lấy thân cá ra khỏi gạo, phủi thật sạch gạo còn sót lại và cắt cá thành những lát thật mỏng. Bạn cứ để nguyên xương mà cắt, như vậy thì món gỏi sẽ giòn ngon hơn. Sau khi cắt cá xong, lấy riềng đã giã nhỏ vắt lấy nước cho vào, trộn đều lên rồi vắt cá cho thật ráo. Số xác riềng bạn giữ lại, đừng bỏ đi.', 'Bước 4 - Trộn thính cá: Sả bỏ phần bẹ già và thân xanh, rửa sạch rồi cắt lát mỏng. Lá chanh rửa sạch và cắt chỉ. Cho vàothaucá 1 muỗng cà phê bột ngọt rồi trộn đều. Sau đó cho thính vào, trộn đều tay cho lớp thính áo đều quanh cá mòi. Tiếp tục, cho sả và lá chanh cắt chỉ vào, trộn đều lên. Cho 1 lượng vừa phải xác riềng vào, trộn thật nhẹ nhàng, không bóp mạnh tay để tránh làm nát cá.', 'Bước 5 - Làm nước chấm: Bắc 1 cáinồilênbếpvà cho vào 3 muỗng canh dầu ăn, đun nóng. Cho vào 3 muỗng canh hành băm rồi phi thơm. Khi có mùi thơm tỏa ra, cho phần bụng cá đã được băm nhuyễn vào, khuấy đều và nấu cho sôi. Lúc này, cho  1/3 tô mẻ vào (tương đương 3.5 vá canh mẻ), khuấy đều rồi tắt bếp. Cho vào 1 tô nước, 3 trái ớt cắt lát và 2 muỗng canh mắm tôm, khuấy cho đều và đun sôi trở lại. Sau khoảng 3 - 5 phút, nước chấm sôi lên và bạn ngửi thấy mùi mắm tôm tỏa ra, nêm nếm với 1/2 muỗng cà phê muối, 1 muỗng canh đường và 1/2 muỗng cà phê bột ngọt. Đập vào 2 quả trứng vịt rồi khuấy đều tay, trứng vịt sẽ làm nước chấm có vị béo bùi ngon hơn. Nếm lại xem có vừa ăn rồi tắt bếp.', 'Bước 6 - Thành phẩm: Gỏi cá mòi cực kì thơm ngon đã sẵn sàng rồi đây. Gỏi cá không hề tanh mà giữ được hương vị tự nhiên của cá, có vị giòn ngọt, lớp thính làm món ăn khô ráo, không bị chảy nước. Khi ăn, bạn có thể cuốn bánh trắng hoặc ăn với rau ăn kèm là lá sung, rau diếp cá, tía tô và 1 số loại rau khác theo ý thích. Món ăn chấm cùng nước chấm chua chua cay cay, tạo nên 1 món ăn cực hấp dẫn.']","['Xem chi tiết:Cách chọn mua cá mòi tươi ngon', 'Trộn thân cá với gạo như vậy sẽ giúp cá mòi khô hơn và bớt tanh hơn.', 'Xem thêm:2 cách làm gỏi cá lăng ngon miệng hấp dẫn đơn giản chuẩn vịCách làm gỏi cá tầm thơm ngon bổ dưỡng đơn giản hấp dẫnCách làm gỏi cá mè ngon miệng chuẩn vị không tanh đơn giản tại nhà']",,dienmayxanh.com
https://www.dienmayxanh.com/vao-bep/hoc-cach-danh-tiet-canh-lon-dong-ngot-thom-cuc-dinh-tai-nha-23419,Món Gỏi,Học cách đánh tiết canh lợn đông ngọt thơm cực đỉnh tại nhà,"Bạn mê mẩn món tiết canh lợn nhưng ngại ra ngoài? Đừng lo! CùngVào bếpvới tôi để học cách đánh tiết canh lợn đông chuẩn vị, giòn sần sật ngay tại nhà. Công thức đánhtiết canhlợn này đảm bảo thành công, mang đến món ăn tươi ngon, an toàn cho cả gia đình.",,20 phút + 25 phút,Cho 5 bát con,,10,"['Tiết lợn tươi - 1 bát ((mới đặt mua tại lò mổ còn nóng hổi))', 'Cuống họng lợn - 1 cái ((đã luộc sẵn loại nhiều sụn))', 'Rau thơm - 1 ít ((rau mùi/rau kinh giới/rau húng))', 'Lạc rang - 1 chén', 'Ớt - 1 quả', 'Hành củ nướng - 1 củ', 'Chanh - 1 quả', 'Lá chanh - 1 ít', 'Nước đun sôi để nguội - 1 bát', 'Mì chính - 2 thìa cà phê']","['Bước 1 - Sơ chế nguyên liệu: Thái lá chanh thành sợi nhỏ. Cho ra đĩa riêng. Đập dập củ hành nướng, sau đó băm nhỏ. Cho ra đĩa. Thái ớt thành từng lát mỏng. Vắt chanh lấy nước cốt, để riêng.', 'Bước 2 - Chuẩn bị nhân: Thái mỏng cuống họng lợn đã luộc, sau đó băm nhuyễn. Cố gắng băm càng nhuyễn càng tốt để nhân có độ giòn sần sật đặc trưng. Cho vào tô lớn. Băm nhuyễn các loại rau thơm (rau mùi, rau kinh giới, rau húng). Cho vào tô nhân. Thêm lá chanh thái sợi và hành nướng băm vào tô nhân. Trộn đều tất cả các nguyên liệu làm nhân. Lưu ý không cho thêm mắm muối hay gia vị khác vào đây vì tiết đã được hãm sẵn với muối.', 'Bước 3 - Pha nước hãm và chia nhân: Trong một bát nước đun sôi để nguội, cho 2 thìa cà phê mì chính vào và khuấy đều cho tan hoàn toàn. Đây là bí quyết giúp tiết canh có vị ngọt thanh và đông nhanh hơn. Chia đều phần nhân đã trộn vào 5 bát con. Đảm bảo mỗi bát có lượng nhân tương đồng để tiết canh được đẹp mắt và ngon đều.', 'Bước 4 - Cách hãm và đánh tiết canh lợn đông: Đặt bát tiết lợn tươi và bát nước mì chính đã pha ra mâm để tiện thao tác. Dùng mui múc tiết và nước theo tỷ lệ: múc đầy 1 mui tiết, sau đó múc 1.5 đến 2 mui nước đã pha mì chính vào một bát riêng, khuấy đều. Đổ hỗn hợp tiết và nước đã khuấy vào từng bát nhân đã chia. Khuấy nhẹ nhàng để tiết hòa quyện với nhân. Bổ sung thêm tiết vào các bát cho đầy đặn nếu còn thừa tiết.', 'Bước 5 - Chờ tiết đông và trang trí: Để các bát tiết canh đã đánh yên khoảng hơn chục phút (khoảng 10-15 phút) ở nhiệt độ phòng cho tiết đông lại. Tiết canh lợn sẽ đông nhanh và chắc như thạch. Khi tiết đã đông hoàn toàn, trang trí bằng cách đặt một ngọn rau kinh giới tươi ở giữa bát. Rắc lạc rang đã chuẩn bị lên trên bề mặt bát tiết. Xếp vài lát ớt thái mỏng và chút lá chanh thái sợi để tăng thêm hương vị thơm ngon và màu sắc hấp dẫn cho món ăn.', 'Bước 6 - Thành phẩm: Bát tiết canh lợn đông sánh mịn, màu đỏ tươi đẹp mắt. Nhân giòn sần sật, thơm lừng mùi rau thơm, lá chanh và hành nướng. Khi ăn, vắt thêm chút chanh tươi để có vị chua cay hài hòa, kích thích vị giác. Món này sẽ càng thêm tuyệt vời khi dùng kèm với một ly rượu, mang đến trải nghiệm ẩm thực đúng điệu.']","['Để chế biến món tiết canh lợn thơm ngon, việc sở hữu một con dao sắc bén là vô cùng quan trọng.Dao chặt inox Delites CW KF20sẽ là trợ thủ đắc lực giúp bạn sơ chế nguyên liệu nhanh chóng và dễ dàng.Với thiết kế tiện dụng,dao delitesgiúp bạn băm nhỏ cuống họng hay thái sợi lá chanh một cách dễ dàng, đảm bảo độ chuẩn xác cho món ăn.Lưỡi dao làm từ inox cao cấp, sắc bén và bền bỉ, giúp bạn thao tác nhanh gọn, tiết kiệm thời gian chuẩn bị.Cán dao chắc chắn, vừa tay, mang lại cảm giác thoải mái và an toàn khi sử dụng, ngay cả khi băm chặt các nguyên liệu cứng.Dao chặt inox Delites CW KF20240.000₫270.000₫-11%Xem chi tiết', 'Xem chi tiết:Cách làm sạch cuống họng heo đơn giản tại nhà, dễ thực hiện', 'Tiết canh lợn rất dễ đông, bạn không cần quá lo lắng về tỷ lệ nước. Có thể điều chỉnh lượng nước một chút để tiết đầy đặn hơn nếu muốn.', 'Xem thêm:Cách hãm tiết canh vịt đông như rau câu dễ dàng thành công ngay lần đầuCách làm tiết canh dê với vị ngon hấp dẫn đơn giản ngay tại nhàCách làm tiết canh thỏ thơm ngon dễ làm đơn giản ngay tại gian bếp nhà bạn']",,dienmayxanh.com
https://www.dienmayxanh.com/vao-bep/cach-lam-sashimi-ca-trich-ep-trung-tai-nha-sieu-don-gian-23411,Món Gỏi,Cách làm sashimi cá trích ép trứng tại nhà siêu đơn giản chuẩn nhà hàng,"Mê mẩn Sashimi cá trích ép trứng chuẩn vị nhà hàng? CùngVào bếpvới công thứcMón gỏi - saladđộc đáo này, bạn sẽ tự tay làm ra những miếng sashimi cá trích ép trứng tươi ngon, giòn sần sật. Đảm bảo đánh thức mọi giác quan và làm hài lòng mọi thực khách!",,15 phút + 30 phút,Cho 4-6 người,,3,"['Phi lê cá trích - 2 kg ((đã làm sạch))', 'Trứng cá chuồn - 500 gr', 'Gia vị ăn kèm - 1 ít ((gừng hồng/rong nho/củ cải trắng/wasabi/nước tương Nhật Bản))']","['Bước 1 - Sơ chế nguyên liệu làm Sashimi cá trích ép trứng: Cá trích phi lê rửa sạch, sau đó ngâm giấm khoảng 5-10 phút để khử tanh và làm chín tái. Thời gian ngâm có thể điều chỉnh tùy theo khẩu vị cá bạn muốn. Vớt cá ra và để ráo nước hoàn toàn. Trứng cá chuồn rửa sạch, ngâm giấm nhẹ rồi để ráo. Sau đó, cho trứng cá vào ngăn đá tủ lạnh ướp lạnh khoảng 15-20 phút để trứng giòn hơn khi làm. Các loại gia vị ăn kèm như gừng hồng, rong nho, củ cải trắng rửa sạch, chuẩn bị sẵn sàng để trình bày.', 'Bước 2 - Ép cá trích và trứng cá chuồn tạo hình: Chuẩn bị một chiếc khuôn nhựa chuyên dùng để làm cơm cuộn hoặc sushi. Cho khoảng 3 muỗng canh trứng cá chuồn vào khuôn, sau đó dùng nắp khuôn ấn xuống để tạo hình một lớp trứng cá phẳng. Tiếp tục xếp đều những miếng cá trích phi lê đã sơ chế lên trên lớp trứng cá đã ép. Dùng nắp khuôn nhấn xuống để cố định. Sau đó, đặt một vật nặng như tấm thớt gỗ lên trên, giữ yên trong khoảng 20 phút để cá trích ép trứng có thể thành hình khối chắc chắn và đẹp mắt.', 'Bước 3 - Cách thái cá trích ép trứng chuẩn đẹp: Để có những miếng sashimi cá trích ép trứng đẹp mắt và không bị vỡ, bạn cần chọn một chiếc dao thật bén. Không dùng dao chưa mài bén vì sẽ làm miếng cá bị nát, ảnh hưởng đến thẩm mỹ và trải nghiệm thưởng thức. Đặt nghiêng lưỡi dao một góc khoảng 45 độ so với khối cá trích ép trứng. Cắt dứt khoát một đường để miếng sashimi phẳng, mịn và đẹp.', 'Bước 4 - Trình bày và thưởng thức Sashimi cá trích ép trứng: Đập hoặc xay nhuyễn một ít đá, cho vào một ít muối hột để đá lâu tan. Cho đá vào giữa đĩa, sau đó bọc đĩa lại bằng màng bọc thực phẩm. Xếp những miếng cá trích ép trứng đã cắt lên xung quanh phần đá đã bọc. Cách này giúp cá giữ được độ tươi và giòn lâu hơn trong suốt bữa ăn. Pha nước tương Nhật Bản với một ít wasabi theo khẩu vị để làm nước chấm sashimi đặc trưng. Khi ăn, dùng kèm rong nho, gừng hồng và củ cải trắng. Chấm với nước chấm wasabi sẽ mang đến cho bạn món cá trích ép trứng tròn vị đúng chuẩn nhà hàng.', 'Bước 5 - Thành phẩm: Món Sashimi cá trích ép trứng tươi ngon, đẹp mắt đã sẵn sàng để bạn thưởng thức. Từng miếng cá trích béo ngậy kết hợp với trứng cá chuồn giòn sần sật, hòa quyện cùng vị cay nồng của wasabi và gừng hồng, tạo nên một trải nghiệm ẩm thực Nhật Bản khó quên ngay tại nhà.']","['Để món Sashimi cá trích ép trứng của bạn thêm hoàn hảo, việc sở hữu một bộ dao sắc bén là cực kỳ quan trọng.Bộ dao inox Delites LK2310-Wsẽ là trợ thủ đắc lực cho bạn trong mọi công đoạn chế biến.Dao Delitesđược làm từ chất liệu inox cao cấp, đảm bảo độ bền bỉ và khả năng chống gỉ sét vượt trội theo thời gian.Lưỡi dao sắc bén giúp bạn cắt cá trích ép trứng một cách dứt khoát, tạo ra những lát sashimi phẳng mịn và đẹp mắt.Thiết kế tay cầm chắc chắn, vừa vặn, mang lại cảm giác thoải mái và an toàn khi sử dụng, giúp thao tác chế biến trở nên dễ dàng hơn.Bộ dao inox Delites LK2310-WOnline giá rẻ quá190.000₫290.000₫-34%Xem chi tiết', 'Sử dụng Bộ dao inox Delites LK2310-W sẽ giúp bạn có những đường cắt hoàn hảo, sắc nét như đầu bếp chuyên nghiệp.', 'Xem thêm:4 cách làm sashimi tươi ngon, hấp dẫn đơn giản tại nhàGợi ý 5 cách rã đông cá hồi làm sashimi nhanh chóng, đúng cáchCách làm sashimi cá ngừ tươi sống đúng chuẩn nhà hàng Nhật']",,dienmayxanh.com
https://www.dienmayxanh.com/vao-bep/hoc-ngay-mon-goi-bo-khoai-mon-chien-gion-la-mieng-gion-rum-23397,Món Gỏi,"Học ngay món gỏi bò khoai môn chiên giòn lạ miệng, giòn rụm cực hấp dẫn","Vào bếpngay với món gỏi bò khoai môn giòn rụm lạ miệng! Đây làmón gỏi - saladhoàn hảo cho bữa tiệc, kết hợp thịt bò mềm, khoai môn chiên giòn và nước mắm chua ngọt đậm đà. Đảm bảo ai cũng mê!",,25 phút + 20 phút,Cho 2 - 3 người,,16,"['Thịt bò - 150 gr', 'Khoai môn - 80 gr', 'Cà rốt - 30 gr', 'Dưa leo - 1/2 quả', 'Hành tây - 1/2 củ ((80gr))', 'Hành tím - 3 củ ((80gr))', 'Đậu phộng rang - 30 gr ((giã dập))', 'Tỏi phi - 10 gr', 'Hành phi - 10 gr', 'Rau răm/ ngò rí - 1 ít', 'Tương ớt - 15 gr', 'Bột chiên giòn - 1 ít', 'Nước cốt tắc - 100 gr', 'Bánh phồng tôm - 1 ít ((ăn kèm))', 'Gia vị thông dụng - 1 ít ((bột ngọt/ đường/ nước mắm/ muối/ dầu ăn))', 'Ớt tươi - 1 ít']","['Bước 1 - Sơ chế nguyên liệu: Đầu tiên, bạn gọt vỏ khoai môn, rửa sạch rồi thái thành lát mỏng, sau đó thái chỉ nhỏ. Tương tự, cà rốt cũng gọt vỏ, rửa sạch và thái chỉ. Dưa leo rửa sạch, bỏ ruột để khi trộn gỏi không bị ra nước, sau đó thái thành lát xéo mỏng. Hành tây và hành tím bóc vỏ, rửa sạch rồi thái lát mỏng.', 'Bước 2 - Pha nước sốt trộn gỏi: Trong một chiếc bát, bạn cho lần lượt 100gr nước cốt tắc, 150gr đường, 15gr nước mắm và 15gr muối. Dùng muỗng khuấy đều cho đến khi tất cả các gia vị tan hoàn toàn và hòa quyện vào nhau.', 'Bước 3 - Xào thịt bò mềm ngọt: Bắc chảo lên bếp, cho một ít dầu ăn vào đun nóng. Cho 150gr thịt bò đã thái mỏng vào chảo. Xào nhanh tay trên lửa lớn. Nêm vào một chút bột ngọt và một ít nước mắm cho thịt bò đậm đà. Khi thịt bò vừa chín tái, săn lại thì tắt bếp và trút ra đĩa ngay.', 'Bước 4 - Chiên khoai môn giòn rụm: Cho khoai môn đã thái chỉ vào một tô, rắc một lớp bột chiên giòn mỏng và xóc đều để bột áo đều các sợi khoai. Bắc một chảo khác lên bếp, cho nhiều dầu ăn vào đun nóng già (nhiệt độ khoảng 120°C). Cho khoai môn vào chiên ngập dầu. Chiên trong khoảng 7 - 8 phút ở lửa vừa cho đến khi khoai môn chuyển màu vàng nâu đẹp mắt và giòn rụm. Vớt khoai môn ra, để lên giấy thấm dầu để loại bỏ dầu thừa.', 'Bước 5 - Trộn gỏi bò khoai môn và trình bày đẹp mắt: Trong một tô lớn, cho tất cả các loại rau củ đã thái vào (cà rốt, dưa leo, hành tây, hành tím). Thêm vào 10gr tỏi phi và 10gr hành phi. Rưới đều phần nước sốt trộn gỏi đã pha và thêm 15gr tương ớt vào. Dùng tay (đeo găng tay) bóp và trộn đều cho rau củ thấm gia vị. Tiếp theo, cho phần thịt bò đã xào vào và trộn đều. Cuối cùng, cho rau răm cắt nhỏ vào trộn sơ qua.', 'Bước 6 - Thành phẩm: Để trình bày, bạn có thể dùng một khuôn tròn đặt lên đĩa, lót một lớp khoai môn chiên giòn xuống đáy, sau đó cho phần gỏi đã trộn lên trên, nén nhẹ. Rắc thêm một lớp khoai môn chiên giòn và 30gr đậu phộng rang giã dập lên trên cùng. Nhẹ nhàng nhấc khuôn ra, trang trí thêm vài cọng ngò rí và ớt thái sợi cho đẹp mắt. Món gỏi bò khoai môn dùng kèm với bánh phồng tôm giòn tan là ngon nhất.']","['Để món gỏi bò khoai môn thêm phần hoàn hảo, việc sơ chế nguyên liệu đòi hỏi những dụng cụ sắc bén và bền bỉ.Bộ dao thép không gỉ Lock&Lock CKK305sẽ là trợ thủ đắc lực cho mọi công đoạn bếp núc của bạn.Dao Lock&Lockđược chế tác từ thép không gỉ cao cấp, đảm bảo độ sắc bén vượt trội và độ bền bỉ theo thời gian, giúp bạn thái rau củ và thịt bò dễ dàng.Thiết kế tay cầm công thái học mang lại cảm giác thoải mái, chắc chắn khi sử dụng, giúp bạn thao tác an toàn và chính xác từng đường dao.Bộ dao đa năng này bao gồm nhiều loại dao khác nhau, phù hợp cho mọi công việc bếp núc từ thái lát mỏng khoai môn, băm nhỏ hành tím đến thái thịt bò.Bộ dao thép không gỉ Lock&Lock CKK305Online giá rẻ quá357.000₫803.000₫-55%Xem chi tiết', 'Bỏ ruột dưa leo giúp gỏi không bị ra nước, giữ độ giòn ngon lâu hơn. Để hành tây bớt hăng, bạn có thể ngâm vào nước đá lạnh vài phút sau khi thái.', 'Nên chọn phần nạc vai bò Úc để thịt mềm và ngọt. Tránh xào quá lâu sẽ làm thịt bò bị dai.', 'Xem thêm:Cách làm gỏi bò ớt chuông hấp dẫn bắt mắt thơm ngon đơn giảnCách làm gỏi bò rau răm mềm thơm hấp dẫn ngon khó cưỡngCách làm gỏi bò ngũ sắc thơm ngon chua chua ngọt ngọt cho cả gia đình']",,dienmayxanh.com
https://www.dienmayxanh.com/vao-bep/cach-lam-mi-tron-xa-xiu-thom-ngon-hap-dan-dam-da-de-lam-tai-12959,Món Cuốn,Cách làm mì trộn xá xíu thơm ngon hấp dẫn đậm đà dễ làm tại nhà,Bạn đang tìm sự đổi mới để bữa ăn gia đình thêm hấp dẫn? Thế thì còn chờ gì mà không trổ tài với món mì trộn xá xíu thơm ngon đậm đà bằng cách làm siêu đơn giản. Nhanh tayvào bếpcùng Điện máy XANH vớimón trộnnày ngay nhé!,,20 phút + 30 phút,Cho 3 người,,15,"['Mì khô - 100 gr', 'Thịt heo - 800 gr', 'Sốt ướp thịt nướng xá xíu - 1 gói ((80gr))', 'Rượu mai quế lộ - 1 muỗng canh', 'Mạch nha - 1 muỗng canh', 'Nước tương - 4 muỗng canh', 'Tương ớt - 1 muỗng canh', 'Dầu hào - 1 muỗng canh', 'Dầu mè thơm - 1 muỗng cà phê', 'Bột bắp - 3 muỗng canh', 'Tỏi phi - 1.5 muỗng canh', 'Rau xà lách - 1 cây', 'Giá - 1 ít', 'Dưa chua - 1 ít', 'Đường/ tiêu - 1 ít']","['Bước 1 - Sơ chế và ướp thịt: Thịt heo mua về rửa sạch với nước nhiều lần, để ráo rồi cắt miếng vừa ăn và cho vào tô. Ướp thịt với: 1 gói sốt ướp thịt nướng xá xíu, 2/3 muỗng canh tỏi phi, 1 muỗng canh mạch nha, 2 muỗng canh nước tương, 1 muỗng canh dầu hào, 1.5 muỗng canh đường, 1/4 muỗng cà phê tiêu, 1 muỗng canhrượu mai quế lộ, trộn đều và ướp khoảng 15 phút để thịt thấm gia vị. Cách 1:Bạn có thể chần sơ thịt khoảng 3 phút với nước sôi rồi rửa lại với nước lạnh là có thể chế biến được rồi.Cách 2:Khi luộc thịt, bạn có vào nồi nước luộc thêm 1 củ hành đập dập sẽ khử mùi hôi hiệu quả đấy.', 'Cách 1:Bạn có thể chần sơ thịt khoảng 3 phút với nước sôi rồi rửa lại với nước lạnh là có thể chế biến được rồi.', 'Cách 2:Khi luộc thịt, bạn có vào nồi nước luộc thêm 1 củ hành đập dập sẽ khử mùi hôi hiệu quả đấy.', 'Bước 2 - Làm xá xíu: Bắc chảo lên bếp, cho thịt vừa ướp vào và phần nước sốt vào khìa với lửa lớn. Khìa đến khi thấy thịt săn lại thì cho vào 150ml nước lọc và hạ bếp xuống đun với lửa vừa đến khi thịt cạn nước thì gắp thịt ra dĩa, để nguội rồi cắt miếng vừa ăn.', 'Bước 3 - Luộc xúc xích: Cho tiếp vào chảo 300ml nước lọc, 1/2 muỗng canh tỏi phi, 1 muỗng cà phê dầu mè thơm, 2 muỗng canh nước tương, 1 muỗng canh tương ớt, đảo đều và đun đến khi nước sôi. Tiếp theo cho xúc xích vào và đun thêm khoảng 5 phút để xúc xích chín đều. Thêm từ từ vào chảo 3 muỗng canh bột bắp pha loãng, đảo đều đến khi nước sốt sệt lại thì tắt bếp.', 'Bước 4 - Trụng mì: Bắc nồi nước sôi lên bếp và cho mì khô vào trụng trong khoảng 1 phút thì vớt ra để ráo nước rồi cho vào thau. Thêm vào mì 1/3 muỗng canh tỏi phi sau đó trộn đều lên. Không nên trụng sợi mì quá lâu sẽ làm mì bị bở nát, quá mềm không ngon. Trụng sợi mì vừa chín tới là được.Sau khi vớt ra mì ra có thể trụng sơ mì với nước lạnh để giúp sợi mì săn lại giữ được độ dai ngon mà không bị quá mềm.', 'Không nên trụng sợi mì quá lâu sẽ làm mì bị bở nát, quá mềm không ngon. Trụng sợi mì vừa chín tới là được.', 'Sau khi vớt ra mì ra có thể trụng sơ mì với nước lạnh để giúp sợi mì săn lại giữ được độ dai ngon mà không bị quá mềm.', 'Bước 5 - Hoàn thành: Chuẩn bị 1 cái tô, cho 1 ít giá trụng và rau xà lách vào. Nước sốt vừa làm cho vào thau mì, trộn đều lên và cho vào tô rau xà lách. Lấy phần xúc xích, thịt xá xíu và 1 ít dưa chua cho lên mặt nữa là thưởng thức được rồi.', 'Bước 6 - Thành phẩm: Thế là đã hoàn thành món mì trộn xá thơm lừng với màu sắc bày trí bắt mắt. Sợi mì trụng chín vừa tới, giữ được độ dai ngon mà không bị bở. Thịt chín mềm, ngấm gia vị mặn mặn ngọt ngọt đậm đà, ăn cùng với miếng xúc xích dai giòn nữa thì quá là tuyệt vời đấy!']","['Xem chi tiết:Cách chọn mua thịt heo tươi ngon', 'Cách khử mùi hôi thịt heo hiệu quả:Cách 1:Bạn có thể chần sơ thịt khoảng 3 phút với nước sôi rồi rửa lại với nước lạnh là có thể chế biến được rồi.Cách 2:Khi luộc thịt, bạn có vào nồi nước luộc thêm 1 củ hành đập dập sẽ khử mùi hôi hiệu quả đấy.', 'Cách trụng mì dai ngon, không bị bở:Không nên trụng sợi mì quá lâu sẽ làm mì bị bở nát, quá mềm không ngon. Trụng sợi mì vừa chín tới là được.Sau khi vớt ra mì ra có thể trụng sơ mì với nước lạnh để giúp sợi mì săn lại giữ được độ dai ngon mà không bị quá mềm.', 'Xem thêm:Cách làm mì khô xá xíu hấp dẫn, thơm ngon ""quên lối về"" đơn giản tại nhàCách làm mì trộn phô mai xúc xích thơm ngon hấp dẫn dễ làm tại nhàCách làm mì trộn trứng muối siêu ngon đậm đà béo bùi dễ làm tại nhà']",,dienmayxanh.com
https://www.dienmayxanh.com/vao-bep/cong-thuc-nuoc-tuong-toi-ot-chua-ngot-theo-cach-nay-dam-bao-23500,Món Cuốn,Công thức nước tương tỏi ớt chua ngọt theo cách này đảm bảo ngon chuẩn vị,"Bạn đang tìm cách làm nước tương tỏi ớt chua ngọt đậm đà, chuẩn vị để ăn với bún, mì xào, hay cácmón cuốn - trộn? Cùngvào bếpkhám phá công thức pha chế nước chấm này, đảm bảo tỏi ớt nổi đẹp, bảo quản lâu, giúp mọi món ăn của bạn thêm phần hấp dẫn!",,20 phút,Cho Một hũ lớn (khoảng 700ml - 1 lít),,6,"['Nước tương - 3 chén', 'Nước dừa tươi - 3 chén ((có thể thay bằng nước lọc))', 'Đường - 1 chén', 'Tỏi lớn - 1 củ', 'Ớt sừng trâu - 5 trái ((hoặc ớt khác tùy độ cay))', 'Chanh tươi - 1 trái']","['Bước 1 - Sơ chế chanh, tỏi, ớt: Đầu tiên, để món nước tương tỏi ớt không bị đắng, bạn hãy gọt bỏ hoàn toàn phần vỏ xanh của trái chanh, chỉ giữ lại phần múi chanh trắng bên trong. Phần vỏ chứa tinh dầu có thể làm nước tương bị đắng khi pha chế. Tiếp theo, tỏi và ớt sẽ được đem đi xay nhuyễn. Một mẹo nhỏ để tỏi ớt nổi đẹp trên mặt nước tương là bạn nên băm hoặc xay nhuyễn hoặc băm nhỏ thay vì giã, và đảm bảo tỏi ớt phải tươi. Nếu giã, tỏi ớt dễ bị chìm xuống đáy.', 'Bước 2 - Nấu nước tương chua ngọt đậm đà: Bạn chuẩn bị một chiếc nồi, cho vào đó 3 chén nước tương (hay xì dầu), 3 chén nước dừa tươi và 1 chén  đường. Nếu không có nước dừa, bạn có thể thay bằng nước lọc nhưng nước dừa sẽ giúp nước tương ngon và thơm hơn rất nhiều. Bắt nồi lên bếp, khuấy đều cho đường tan hoàn toàn. Sau khi đường tan, tiếp tục đun cho hỗn hợp sôi kỹ. Trong quá trình nấu, hãy nhớ vớt bọt để nồi nước tương của chúng ta được trong và đẹp mắt hơn nhé. Việc nấu sôi kỹ cũng giúp bảo quản nước tương lâu hơn, đặc biệt khi dùng nước dừa. Khi nước tương đã sôi kỹ, tắt bếp và để nguội bớt. Chúng ta sẽ chờ cho đến khi nước tương còn hơi ấm, khoảng 40 - 50°C là lý tưởng.', 'Bước 3 - Pha chế nước tương tỏi ớt ăn bún: Khi nước tương đã nguội bớt và còn hơi ấm, đây là lúc bạn cho tỏi ớt băm nhuyễn và múi chanh đã sơ chế vào. Chú ý là luôn cho tỏi ớt và chanh vào sau cùng, khi nước tương đã nấu xong và nguội bớt. Nếu cho vào quá sớm hoặc khi nước tương còn nóng, tỏi ớt và chanh sẽ dễ bị chìm, làm mất đi vẻ đẹp của món nước chấm này.', 'Bước 4 - Thành phẩm và bảo quản: Để bảo quản nước tương tỏi ớt chua ngọt, bạn nên cho vào hũ thủy tinh sạch và để trong tủ lạnh. Với cách này, bạn có thể dùng trong khoảng 1 tuần. Nếu muốn bảo quản lâu hơn nữa, bạn đừng cho tỏi ớt và chanh vào ngay. Thay vào đó, hãy nấu phần nước tương đường dừa, để nguội và cất riêng. Khi nào ăn, bạn mới lấy một lượng vừa đủ ra và cho tỏi ớt, chanh tươi vào. Cách này giúp nước tương giữ được độ tươi ngon và bảo quản được lâu hơn rất nhiều. Vậy là món nước tương tỏi ớt chua ngọt đã hoàn thành! Bạn có thể dùng nước chấm này ăn kèm với bún, mì xào, hủ tiếu hoặc các món chiên, món luộc đều rất hợp.']","['Để có món nước tương tỏi ớt thơm ngon, việc xay nhuyễn tỏi ớt là cực kỳ quan trọng.Máy xay thịt đa năng Philips HR1501/00 1 lítsẽ là trợ thủ đắc lực giúp bạn thực hiện công đoạn này nhanh chóng và dễ dàng.Máy xay thịt Philipsvới thiết kế nhỏ gọn, hiện đại, dễ dàng tháo lắp và vệ sinh sau khi sử dụng. Lưỡi dao sắc bén giúp xay nhuyễn mọi loại thực phẩm từ tỏi ớt đến thịt cá chỉ trong tích tắc.Dung tích cối xay 1 lít phù hợp cho việc chuẩn bị nguyên liệu với số lượng vừa phải cho các bữa ăn gia đình. Chất liệu cối xay bằng nhựa cao cấp, an toàn cho sức khỏe.Sản phẩm còn được trang bị nhiều tính năng an toàn, đảm bảo quá trình sử dụng luôn tiện lợi và hiệu quả.Máy xay thịt đa năng Philips HR1501/00 450W 1 lít750.000₫790.000₫-5%Xem chi tiết', 'Xem thêm:Công thức làm nước chấm heo quay độc đáo, mới lạ, càng chấm càng ghiềnLàm ngay công thức gỏi cuốn mắm nêm với bí quyết nước chấm đỉnh caoCách làm nước chấm vịt nướng, vịt quay thơm ngon giúp nâng tầm món ăn']",,dienmayxanh.com
https://www.dienmayxanh.com/vao-bep/cach-lam-mi-tron-trung-muoi-sieu-ngon-dam-da-beo-bui-de-lam-12537,Món Cuốn,Cách làm mì trộn trứng muối siêu ngon đậm đà béo bùi dễ làm tại nhà,Bạn đã thử món mì trộn trứng muối chưa? Mì dai mềm quyện với vị béo hoàn hảo của trứng muối ngon khó tả. Cùng Điện máy XANHvào bếphọc ngay cách làmmón trộnngon này ngay nhé!,,10 phút + 30 phút,Cho 2 người,,12,"['Mì gói - 1 gói', 'Lòng đỏ trứng muối - 3 cái', 'Trứng gà - 1 quả', 'Xúc xích - 1 cái', 'Cải ngọt - 100 gr', 'Sữa tươi - 2 muỗng canh', 'Hành lá - 2 nhánh', 'Bột ớt - 1/2 muỗng cà phê', 'Tỏi băm - 1 muỗng cà phê', 'Gừng - 1 củ', 'Muối/ đường - 1 ít', 'Dầu ăn - 1 ít']","['Bước 1 - Sơ chế nguyên liệu: Cải ngọt mua về bạn tách bẹ cải, rửa sạch rồi cắt thành từng khúc vừa ăn. Xúc xích bạn cắt chéo thành từng lát mỏng vừa phải. Hành lá rửa sạch, cắt bỏ chân rễ hành rồi rửa sạch với nước. Cắt hành lá nhỏ vừa ăn rồi cho vào đĩa.', 'Bước 2 - Làm sốt trứng muối: Cho một ít gừng cắt lát vào xửng hấp. Tiếp đến bạn cho trứng muối vào chén rồi cho vào xửng hấp cùng trong 10 - 15 phút cho trứng chín mềm. Sau khi hấp chín bạn nhấc chén trứng muối ra khỏi nồi, dùng nĩa tán nhuyễn trứng muối. Đập quả trứng gà cho vào chén mới, dùng nĩa đánh đều trứng. Cho tiếp phần trứng muối cùng 2 muỗng canh sữa tươi vào phần trứng gà và khuấy trộn cho hỗn hợp hòa vào nhau. Khi hỗn hợp nhuyễn mịn thì bạn nêm vào phần sốt 1/2 muỗng cà phê bột ớt, 1/2 muỗng cà phê đường, 1/4 muỗng cà phê muối rồi khuấy đều cho gia vị hòa tan vào phần sốt. Cho chảo lên bếp, thêm 1 chút dầu rồi đun nóng dầu. Khi dầu nóng, bạn cho 1 muỗng cà phê tỏi băm vào đảo đều tay đến khi tỏi vàng thơm thì cho hỗn hợp sốt trứng muối vào chảo. Đảo đều với lửa nhỏ vừa đến khi hỗn hợp sốt sệt lại thì tắt bếp.', 'Bước 3 - Trụng cải và mì: Bắc một nồi nước sôi lên bếp, khi nước sôi bạn cho phần rau cải ngọt vào trụng trong 1 phút rồi vớt rau ra để ráo nước. Tiếp tục cho 1 vắt mì gói vào nồi trụng 1 - 2 phút cho mì nở đều, vớt ra để ráo nước rồi cho vào đĩa. Khi thấy gói mì vừa rã cọng thì đảo nhanh tay rồi vớt ra ngay.Để giữ mì được độ dai, có thể xả mì dưới vòi nước lạnh rồi vẩy ráo. Sau đó, bạn có thể cho vào mì ít dầu ăn, trộn đều để mì không dính vào nhau.', 'Khi thấy gói mì vừa rã cọng thì đảo nhanh tay rồi vớt ra ngay.', 'Để giữ mì được độ dai, có thể xả mì dưới vòi nước lạnh rồi vẩy ráo. Sau đó, bạn có thể cho vào mì ít dầu ăn, trộn đều để mì không dính vào nhau.', 'Bước 4 - Thành phẩm: Cho mì, rau trụng vào đĩa. Thêm xúc xích, phần sốt trứng và chút hành lá rải trên mặt mì là bạn đã hoàn thành xong món mì trộn trứng muối rồi. Mì trộn dai mềm ăn với sốt trứng muối thơm béo, đây quả là một bữa sáng hoàn hảo cho gia đình bạn đấy.']","['Xem thêm:Cách làm trứng muối tại nhàCách khử mùi tanh và cách bảo quản trứng muối', 'Xem chi tiết:Cách chọn mua trứng gà tươi ngon', 'Mẹo nhỏ:Để khử mùi tanh trứng muối, bạn ngâm trứng muối trong rượu trắng khoảng 10 phút để khử mùi tanh, sau đó bạn rửa sạch lại với nước lã.', 'Mẹo nhỏ:Khi thấy gói mì vừa rã cọng thì đảo nhanh tay rồi vớt ra ngay.Để giữ mì được độ dai, có thể xả mì dưới vòi nước lạnh rồi vẩy ráo. Sau đó, bạn có thể cho vào mì ít dầu ăn, trộn đều để mì không dính vào nhau.', 'Xem thêm:2 cách làm mì trộn chua cay Thái Lan thơm ngon bùng vị đơn giản tại nhà4 cách làm mì trộn bò cay siêu hấp dẫn, đơn giản cực ngon miệng4 cách làm mì trộn muối ớt, trứng muối, kim chi và bò cay ngon tuyệt']",,dienmayxanh.com
https://www.dienmayxanh.com/vao-bep/cach-lam-com-bento-hinh-hoa-tang-thay-co-ngay-20-11-sieu-dep-14613,Món Cuốn,Cách làm cơm bento hình hoa tặng thầy cô ngày 20/11 siêu đẹp mắt,"Cơm bento đến từ đất nước Nhật Bản là một món ăn tuy có cách làm đơn giản, nhưng hương vị lại vô cùng độc đáo và thú vị.Ngày lễ20/11 này, bạn đã có dự định gì để tri ân thầy cô chưa?Vào bếpcùng Điện máy XANH và làm ngay 1 phần bento hấp dẫn, thơm ngon để trao tặng người thầy hay người cô mà bạn kính mến nhé!",,5 phút + 25 phút,Cho 2 người,,8,"['Cơm nóng - 1 chén ((loại chén ăn cơm))', 'Rong biển - 1 lá', 'Trứng gà - 1 quả', 'Jambon - 200 gr', 'Đậu Hà Lan - 200 gr', 'Xúc xích - 1 cây', 'Hạt bắp - 1 ít', 'Xà lách - 1 cây']","['Bước 1 - Luộc trứng và đậu Hà Lan: Trứng gà sau khi mua về, bạn cho vào nồi nước và luộc chín trứng. Sau đó, bạn vớt trứng ra, bóc vỏ và cắt làm đôi. Đối với đậu Hà Lan, bạn rửa sạch và cũng luộc chín. Sau đó vớt ra và để ráo.', 'Bước 2 - Làm cơm cuộn: Bạn gấp đôi miếng rong biển lại rồi tách nó thành 2 phần bằng nhau. Bạn trải 1 lớp màng bọc thực phẩm lên chiếu tre. Sau đó, bạn đặt nửa miếng rong biển lên và trải đều cơm lên khắp bề mặt. Bạn có thể thấm 1 ít nước lên tay để việc trải cơm trở nên dễ dàng hơn. Tiếp theo, bạn vừa cuộn vừa giữ chiếu tre 1 lần rồi giở ra. Bạn nhẹ nhàng tách lớp màng bọc thực phẩm khỏi cuộn rong biển rồi dùng kéo cắt cuộn rong biển thành từng cánh hoa với chiều rộng khoảng 1/2 lóng tay.', 'Bước 3 - Tỉa hoa jambon: Jambon sau khi mua về, bạn cắt lát thật mỏng. Bạn gấp đôi lát jambon lại rồi dùng kéo lần lượt cắt nhiều đường thẳng từ đường gấp đôi lên phân nửa của miếng jambon. Sau đó, bạn cuộn miếng jambon lại là đã có ngay một chiếc hoa jambon xinh xắn và thú vị rồi đấy!', 'Bước 4 - Tỉa hoa xúc xích: Bạn cắt đôi xúc xích, sau đó bạn tỉa hoa xúc xích với lưỡi kéo dưới nằm ở tâm xúc xích, còn lưỡi kéo trên thì cắt đến khoảng 1/2 tới 1/3 thân của xúc xích. Tiếp theo, bạn cho xúc xích vàolò vi sóngvà làm nóng trong 10 - 20 giây thì lấy ra.', 'Bước 5 - Trang trí hộp bento: Bạn xếp cơm cuộn thành một bông hoa vào 1 góc trong hộp trước, rồi mới đặt hoa jambon vào giữa các cuộn cơm. Tùy vào sở thích cá nhân mà bạn có thể cắt bớt đi phần rìa của cơm cuộn để món ăn trông hợp mắt hơn. Sau đó, bạn dùng 2 - 3 lát xà lách đã rửa sạch để lót phía dưới hộp rồi mới đặt thêm 5 viên thịt chiên cạnh hoa cơm cuộn và rải 2 - 3 hạt đậu Hà Lan lên. Bạn đặt nửa quả trứng ở phía bên dưới của thịt viên. Cuối cùng, bạn xếp 2 miếng hoa xúc xích ở khoảng trống giữa các nguyên liệu trên cùng 1 hạt bắp làm nhị hoa là hoàn thành xong phần trang trí cho món ăn.', 'Bước 6 - Thành phẩm: Cơm bento hình hoa được trang trí khéo léo với hạt cơm mềm dẻo, jambon dai mềm, trứng luộc bùi ngọt, thịt viên thơm ngon cùng đậu Hà Lan bùi béo và xúc xích được tỉa hoa một cách ngộ nghĩnh. Tất cả hương vị và màu sắc đều được kết hợp một cách khéo léo để tạo ra một món ăn tuy đơn giản nhưng lại vô cùng hấp dẫn và thú vị. Vào bếp và thực hiện công thức đơn giản này để trao tay những người mà bạn quý mến một phần bento vừa bắt mắt vừa đáng yêu ngay nhé!']","['Xem thêm:Cách làm xúc xích bò thơm ngon tại nhà hấp dẫn ai cũng mêCách làm xúc xích gà mới lạ thơm ngon hấp dẫn đổi vị ngày Tết', 'Xem chi tiết:Cách chọn trứng gà tươi ngon', 'Xem thêm:Cách làm thịt viên chiên rim tỏi ớt thơm ngon, đậm đà cho bữa cơm4 cách làm thịt viên kho ngon miệng dễ làm đổi vị bữa cơm', 'Xem thêm:Cách trang trí Halloween bento siêu đáng yêu siêu đơn giản ai cũng làm được2 cách làm cơm bento cho người yêu cực đơn giản, siêu dễ thươngCách làm bento cake - bánh kem mini Hàn Quốc cực dễ thương gây sốt giới trẻ']",,dienmayxanh.com
https://www.dienmayxanh.com/vao-bep/2-cach-lam-bo-cuon-nam-kim-cham-ap-chao-thom-lung-dam-da-11401,Món Cuốn,2 cách làm bò cuộn nấm kim châm áp chảo thơm lừng đậm đà hương vị,"Bò cuộn nấm kim châm không phải là mộtmón cuộnquá lạ, thường xuất hiện trong thực đơn nhiều nhà hàng thịt nướng, mang hương vị hấp dẫn, đậm đà khiến bao người yêu thích. Cùng trổ tàivào bếpđể thực hiện món bò cuộn kim châm chiêu đãi gia đình ngay nhé!",,25 phút + 20 phút + 25 phút + 30 phút,Cho 2 người,,7,"['Thịt thăn bò - 200 gr', 'Nấm kim châm - 100 gr', 'Gừng - 1 củ', 'Nước tương - 2 muỗng canh', 'Rượu Mirin - 2 muỗng canh', 'Dầu ăn - 1 muỗng canh', 'Gia vị thông dụng - 1 ít ((đường/ muối/ tiêu xay))']","['Bước 1 - Sơ chế nguyên liệu: Để khử mùi hôi của thịt bò, bạn dùng gừng tươi giã nhuyễn chà xát lên bề mặt rồi rửa thật sạch với nước lạnh. Sau đó, cắt miếng dày khoảng 1/3 lóng tay. Để khử mùi hôi nấm kim châm, bạn ngâm nấm trong hỗn hợp nước muối khoảng 5 phút, sau đó vớt ra rửa sạch rồi tách thành từng bó nhỏ.', 'Bước 2 - Cuốn bò: Trải miếng thịt bò lênthớt, sau đó, lấy nấm kim châm đặt lên trên, sao cho phần gốc nấm nằm trên miếng bò, còn phần ngọn nằm ra ngoài. Rồi từ từ cuốn lại, bạn sẽ được 1 cuốn bò, làm lần lượt đến hết phần thịt bò và nấm đã chuẩn bị nhé.', 'Bước 3 - Nấu sốt: Bắcchảolênbếp, cho vào 2 muỗng canh rượu mirin, 2 muỗng canh nước tương và 1 muỗng canh đường, khuấy thật đều để các gia vị hòa quyện vào nhau, đun sốt trong 5 phút đến khi sốt sôi rồi tắt bếp.', 'Bước 4 - Áp chảo bò: Bắt chảo lên bếp, cho vào 1 muỗng canh dầu ăn, đợi dầu nóng, lần lượt gắp bò cuộn cho vào. Rắc lên bề mặt một ít tiêu xay và muối. Trở đều các mặt để bò chín đều, sau đó, dùng cọ quét đều nước sốt lên bề mặt của bò cuộn, áp chảo thêm khoảng 5 phút nữa thì tắt bếp.', 'Bước 5 - Thành phẩm: Bò cuộn nấm kim châm áp chảo sốt rượu mirin có màu nâu đẹp mắt và hương thơm đặc trưng của rượu mirin đầy quyến rũ. Thịt bò mang hương vị không quá đậm nhưng khi ăn bạn sẽ thưởng thức được trọn vẹn hương vị tự nhiên của thịt bò, vô cùng hấp dẫn. Bạn có thể chấm thêm nước sốt còn dư lúc nãy để tăng hương vị món ăn nhé!']","['Xem chi tiết:Rượu mirin là gì? Mua ở đâu, giá cả? Công dụng và các loại mirin phổ biến', 'Xem thêm:Cách nhận biết mật ong thật, giả và cách bảo quản mật ong đúng cách', 'Xem chi tiết:2 cách làm ớt sa tế siêu ngon, an toàn tại nhà và cách bảo quản', 'Xem thêm:Cách làm đậu hũ cuộn nấm kim châm nướng chay cho tiệc chay đa dạng2 cách làm thịt xông khói cuộn nấm kim châm và măng tây áp chảo ngonCách làm thịt ba chỉ cuộn nấm kim châm áp chảo hấp dẫn thơm ngon dễ làm']",,dienmayxanh.com
https://www.dienmayxanh.com/vao-bep/cach-lam-banh-tacos-phap-theo-cong-thuc-chuan-vi-ngon-nhu-23482,Món Cuốn,"Cách làm bánh tacos Pháp theo công thức chuẩn vị, ngon như ngoài tiệm","Bạn mê mẩn bánh tacos Pháp? Hãy cùng Điện máy XANHvào bếplàmmón bánhsiêu hot này nhé! Với công thức gà ướp đậm đà và sốt phô mai béo ngậy, bạn sẽ có ngay chiếc taco Pháp ngon bá cháy tại nhà, chuẩn vị hơn cả ngoài tiệm!",,20 phút + 40 phút,Cho 2 phần,,14,"['Ức gà - 400 gr', 'Khoai tây - 3 củ ((cỡ vừa))', 'Bánh tortilla - 1 cái ((đường kính 30cm))', 'Dầu ô liu - 30 ml', 'Bột tỏi - 5 gr', 'Bột ớt cay - 5 gr', 'Bột Paprika - 5 gr', 'Bột nghệ - 5 gr', 'Bột gừng - 5 gr', 'Chanh - 1 quả ((vắt lấy nước cốt))', 'Kem tươi ít béo - 400 ml ((light cream))', 'Phô mai Emmental bào sợi - 100 gr', 'Muối/ tiêu xay - 1 ít', 'Phô mai dạng miếng - 1 ít ((phô mai raclette/ phô mai cheddar))']","['Bước 1 - Ướp gà chuẩn vị taco Pháp: Trong tô trộn, cho 2 muỗng canh dầu ô liu, 1 muỗng cà phê bột tỏi, 1 muỗng cà phê ớt bột (có thể giảm nếu không ăn cay), 1 muỗng cà phê bột paprika, 1 muỗng cà phê bột nghệ, 1 muỗng cà phê tiêu, 1 muỗng cà phê gừng, 1/2 muỗng cà phê muối và nước cốt 1 quả chanh. Trộn đều. Ức gà 400gr rửa sạch, cắt thành khối vuông vừa ăn. Bạn có thể dùng thịt bò, xúc xích hoặc thịt băm tùy thích. Cho gà vào tô, trộn đều để thịt thấm gia vị. Dùng màng bọc thực phẩm bọc kín tô và để gà ướp trong tủ lạnh ít nhất 1 tiếng.', 'Bước 2 - Chuẩn bị khoai tây chiên giòn: Trong lúc chờ gà thấm, bạn chuẩn bị 3 củ khoai tây. Gọt vỏ, rửa sạch rồi cắt thành dạng que. Đun nóng dầu ăn trong chảo. Cho khoai tây vào chiên ngập dầu cho đến khi vàng giòn. Vớt khoai ra, đặt lên giấy thấm dầu để loại bỏ dầu thừa. Rắc một chút muối và xóc đều.', 'Bước 3 - Làm sốt phô mai béo ngậy cho bánh tacos: Cho 400ml kem tươi tách béo vào nồi đun nóng trên lửa nhỏ, thêm 1/2 muỗng cà phê muối và 1/2 muỗng cà phê tiêu. Khuấy đều. Sau khoảng 3 phút, cho 100gr phô mai Emmental bào vào nồi kem. Đun thêm 5 phút nữa, khuấy đều mỗi phút cho đến khi sốt sánh mịn. Tắt bếp. (Lượng sốt này đủ cho 3 - 4 chiếc tacos).', 'Bước 4 - Áp chảo thịt gà: Sau 1 tiếng ướp, cho thịt gà đã ướp vào chảo nóng, áp chảo khoảng 8 phút. Đảo đều vài lần trong quá trình nấu để gà chín vàng đều.', 'Bước 5 - Hoàn thiện và ép bánh tacos: Đặt bánh tortilla vào máy ép bánh mì đã làm nóng khoảng 20 giây. (Nếu không có máy, bạn có thể làm nóng trên chảo). Lấy bánh ra, phết các loại sốt yêu thích của bạn lên bánh (ví dụ: sốt burger, sốt tiêu,...). Xếp thịt gà đã áp chảo, khoai tây chiên, sốt phô mai và các loại phô mai lát khác (ví dụ: 2 lát phô mai raclette, 1 lát phô mai cheddar cắt đôi) lên bánh. Gấp bánh tortilla lại theo hình vuông hoặc chữ nhật. Đặt bánh vào máy ép bánh mì, ép theo chiều ngang khoảng 2 phút, sau đó xoay dọc và ép thêm 2 phút nữa để tạo vân đẹp mắt. (Nếu không có máy, bạn có thể áp chảo trên lửa vừa cho đến khi vỏ bánh vàng giòn).', 'Bước 6 - Thành phẩm: Bánh tacos Pháp nóng hổi, vàng giòn với lớp nhân đậm đà, sốt phô mai béo ngậy đã sẵn sàng để thưởng thức. Cắt đôi và chiêm ngưỡng thành quả của bạn!']","['Để món bánh tacos Pháp của bạn thêm phần hoàn hảo, việc sở hữu một chiếc chảo chất lượng là vô cùng quan trọng. Gợi ý cho bạnchảo nhôm chống dính đáy từ 24 cm Elmich EL5985BE24- trợ thủ đắc lực cho mọi món chiên xào.Chảo Elmichđược làm từ hợp kim nhôm cao cấp, giúp truyền nhiệt nhanh và đều, tiết kiệm năng lượng hiệu quả.Lớp chống dính bền bỉ, an toàn cho sức khỏe, giúp bạn chiên rán mà không lo thức ăn bị dính hay cháy khét.Đáy từ phù hợp với mọi loại bếp, từ bếp gas, bếp hồng ngoại đến bếp từ, mang lại sự tiện lợi tối đa khi sử dụng.Chảo nhôm chống dính đáy từ Elmich EL5985BE24240.000₫390.000₫-38%Xem chi tiết', 'Xem thêm:Cách làm bánh donut phủ đường mềm ngon đơn giản mà không cần máy trộn bộtCách làm crepe pudding socola và matcha hot trend bằng máy đánh trứngTặng bạn cách làm bánh Baklava Thổ Nhĩ Kỳ bằng lò nướng đơn giản']",,dienmayxanh.com
https://www.dienmayxanh.com/vao-bep/cach-lam-pho-bo-tron-chua-ngot-ngon-mieng-hap-dan-chuan-vi-12755,Món Cuốn,Cách làm phở bò trộn chua ngọt ngon miệng hấp dẫn chuẩn vị tại nhà,"Chị em nội trợ luôn có nỗi băn khoăn, suy nghĩ làm sao đem đến những món ăn thơm ngon, hấp dẫn cho gia đình mình. Hiểu được điều đó, nên hôm nay Điện máy XANH sẽ mách cho bạn công thức làmmón trộnmới lạ mà ai cũng mê mẩn. Cùng bắt tayvào bếptrổ tài làm ngay món phở bò trộn thôi nhé!",,20 phút + 30 phút,Cho 2 người,,14,"['Bánh phở - 1 kg', 'Thịt bò - 200 gr', 'Đu đủ xanh - 150 gr', 'Cà rốt - 1 củ', 'Giá đỗ - 150 gr', 'Đậu phộng rang - 100 gr', 'Tỏi băm - 4 muỗng cà phê', 'Ớt băm - 1 muỗng cà phê', 'Rau xà lách - 300 gr', 'Nước mắm - 2 muỗng canh', 'Giấm - 3 muỗng canh', 'Dầu hào - 1 muỗng cà phê', 'Dầu ăn - 2 muỗng canh', 'Gia vị thông dụng - 1 ít ((Hạt nêm/ Đường/ Tiêu xay))']","['Bước 1 - Sơ chế và ướp thịt bò: Đầu tiên, với 200gr thịt bò mua về bạn đem rửa sạch, sau đó lấy khăn ẩm sạch lau sơ qua bề mặt thịt để loại bỏ các bụi bẩn còn sót lại, rồi dùng dao cắt thành từng lát mỏng vừa ăn. Kế đến, bạn lấy cái chén cùng toàn bộ phần thịt bò vừa cắt, 1muỗngcà phê dầu hào, 1/2 muỗng cà phê hạt nêm, 1/2 muỗng cà phê tiêu xay và 1 muỗng cà phê tỏi băm vào, trộn đều lên rồi để thịt bò được thấm đều gia vị trong vòng 10 phút. Cách khử mùi hôi thịt bò: Xem chi tiết:Cách khử mùi hôi thịt bò', 'Cách 1:Đầu tiên, lấy gừng giã nhuyễn đem nướng chín, sau đó chà xát qua phần bề mặt thịt 3 phút, rồi rửa lại vài lần với nước sạch là được.', 'Cách 2:Ngoài ra, cách hiệu quả khác là bạn có thể ngâm thịt bò cùng rượu khoảng 15 phút.', 'Cách 3:Bên cạnh đó, ngâm thịt bò với nước cốt chanh hoặc giấm 3 - 5 phút khử mùi cũng rất hiệu quả.', 'Cách 4:Tiến hành dùng muối chà xát qua phần thịt khoảng 5 phút thì thịt bò sẽ được khử mùi ngay lập tức.', 'Bước 2 - Sơ chế các nguyên liệu khác: Cà rốt, đu đủ xanh mua về bạn gọt vỏ, rửa sạch rồi để ráo. Sau đó, dùng dao bào bào cả 2 nguyên liệu thành từng sợi mỏng vừa ăn. Kế đến, lấy tô rồi cho toàn bộ phần cà rốt, đu đủ xanh vừa bào sợi, 2 muỗng canh đường và 2 muỗng canh giấm vào, dùngđũađảo đều rồi để đồ chua được thấm đều gia vị khoảng 15 - 20 phút. Còn với xà lách, giá đỗ thì bạn bỏ bớt các phần dập úng rồi đem rửa với nước sạch vài lần, để ráo. Cuối cùng, bạn đem xà lách cắt thành từng khúc vừa ăn nữa là được.', 'Bước 3 - Làm sốt trộn: Chuẩn bị nguyên liệu xong, bạn lấy chén rồi cho 2 muỗng canh nước mắm, 2 muỗng canh đường, 1 muỗng canh giấm và 6 muỗng canh nước ấm vào, dùng muỗng khuấy đều đến khi hỗn hợp được hòa tan với nhau. Thấy đường đã tan, thì bạn nêm nếm gia vị vừa ăn rồi thêm nốt 1 muỗng cà phê tỏi băm và 1 muỗng cà phê ớt băm vào, đảo đều lên lần nữa là được rồi nhé!', 'Bước 4 - Xào bò: Kế đến, bắc chảo lên bếp cùng 2 muỗng canh dầu ăn và 2 muỗng cà phê tỏi băm còn lại vào phi thơm với lửa vừa. Sau đó, cho 200gr thịt bò đã ướp vào, dùng đũa xào đều khoảng 3 phút. Cuối cùng, bạn tiếp tục thêm nốt 150gr giá đỗ đã rửa vào, đảo đều 3 phút nữa rồi nêm nếm gia vị vừa ăn, tắt bếp cho radĩa.', 'Bước 5 - Hoàn thành: Chuẩn bị nguyên liệu xong, bạn lấy tô rồi lần lượt cho rau xà lách đã rửa, bún tươi, đồ chua, thịt bò vừa xào cùng giá đỗ, đậu phộng rang và 1 ít nước sốt trộn vào, trộn đều lên nữa là thưởng thức được rồi nhé!', 'Bước 6 - Thành phẩm: Phở bò trộn không nhiều dầu mỡ sẽ là sự lựa chọn lý tưởng mà bạn có thể dành tặng cho các thành viên trong gia đình mình để đổi vị. Hương thơm thoang thoảng từ thịt bò mềm ngọt lại còn đậm đà thật cuốn hút. Đặc biệt, khi kết hợp cùng bún tươi trắng nõn, đồ chua chua chua ngọt ngọt và xà lách tươi xanh làm cho ăn mãi mà không biết ngán là gì. À mà sự thơm ngon ấy làm sao thiếu được chén nước sốt trộn mặn ngọt cay cay nơi đầu lưỡi được. Ngoài ra, bạn còn có thể chuẩn bị thêm 1 ít rau thơm để ăn cùng nữa nhé!']","['Xem chi tiết:Cách chọn mua thịt bò tươi ngon', 'Xem chi tiết:Cách chọn mua cà rốt tươi ngon', 'Cách khử mùi hôi thịt bò:Cách 1:Đầu tiên, lấy gừng giã nhuyễn đem nướng chín, sau đó chà xát qua phần bề mặt thịt 3 phút, rồi rửa lại vài lần với nước sạch là được.Cách 2:Ngoài ra, cách hiệu quả khác là bạn có thể ngâm thịt bò cùng rượu khoảng 15 phút.Cách 3:Bên cạnh đó, ngâm thịt bò với nước cốt chanh hoặc giấm 3 - 5 phút khử mùi cũng rất hiệu quả.Cách 4:Tiến hành dùng muối chà xát qua phần thịt khoảng 5 phút thì thịt bò sẽ được khử mùi ngay lập tức.Xem chi tiết:Cách khử mùi hôi thịt bò', 'Muốn thịt bò không bị dai thì bạn không nên xào quá lâu nhé!', 'Xem thêm:Cách làm phở trộn thịt băm thơm ngon hấp dẫn, đổi vị cho gia đìnhCách làm phở trộn hải sản thơm ngon, lạ miệng, ăn là ghiền4 cách làm phở trộn chay nấm và rau củ thanh đạm thơm ngon đơn giản']",,dienmayxanh.com
https://www.dienmayxanh.com/vao-bep/cach-lam-hu-tieu-mi-kho-sieu-ngon-hap-dan-dam-da-de-lam-tai-12188,Món Cuốn,2 cách làm hủ tiếu mì khô siêu ngon hấp dẫn đậm đà dễ làm tại nhà,"Để bữa sáng thêm phần ngon miệng, Điện máy XANH xin mách bạn mộtmón trộncực kì thơm ngon, bắt mắt mang tên hủ tiếu mì khô. Cùng bắt tayvào bếpvà trổ tài thực hiện ngay món ăn hấp dẫn này nhé!",,20 phút + 40 phút + 1 giờ + 30 phút,Cho 4 người,,14,"['Hủ tiếu dai - 150 gr', 'Mì khô - 150 gr', 'Tôm sú - 300 gr', 'Mực ống - 300 gr', 'Tỏi băm - 2 muỗng canh', 'Rau cần tây - 1 ít', 'Ớt hiểm - 1 ít', 'Hành phi - 2 muỗng canh', 'Dầu hào - 2 muỗng canh', 'Dầu mè - 1 muỗng canh', 'Dầu ăn - 2 muỗng canh', 'Nước mắm - 1 muỗng canh', 'Nước tương - 2 muỗng canh', 'Gia vị thông dụng - 1 ít ((đường/muối/hạt nêm/tiêu xay))']","['Bước 1 - Sơ chế hải sản: Để loại sạch bụi bẩn và mùi tanh, tôm sau khi mua về các bạn bóc vỏ, bỏ đầu và lấy sạch chỉ lưng. Mang tôm đi bóp với muối khoảng 5 phút sau đó rửa sạch, để ráo. Mực ống mua về, dùng taykéophần đầu ra khỏi thân, rút bỏ xương sống và loại bỏ nội tạng bên trong. Đầu mực bỏ ruột, cắt bỏ mắt và nặn bỏ răng mực. Mang mực đi bóp với muối sau đó xả sạch lại với nước, để ráo. Tiếp theo, dùngdaokhứa các đường nhỏ hình vẩy rồng lên miếng mực  để giúp chúng dễ thấm gia vị và đẹp mắt hơn.', 'Bước 2 - Nấu sốt: Cho vàotô2.5 muỗng canh đường, 1 muỗng cà phê tiêu xay, 1 muỗng canh nước mắm, 2 muỗng canhdầu hào, 2 muỗng canh nước tương, 1 muỗng cà phê hạt nêm, 2 muỗng canh nước lọc. Tiếp theo dùng muỗng khuấy thật đều cho các gia vị tan hoàn toàn. Bắcchảolên bếp, cho vào chảo 2 muỗng canh dầu ăn và đun nóng, sau đó cho tiếp 2 muỗng canh tỏi băm vào phi thơm. Khi tỏi đã dậy mùi, các bạn trút hỗn hợp nước sốt vừa pha vào sau đó mở lửa vừa và đun cho đến khi hỗn hợp sốt sôi. Kế đến, các bạn tắt bếp rồi thêm tiếp 2 muỗng canhhành phivào, khuấy thật đều rồi trút nước sốt ra tô, để nguội.', 'Bước 3 - Luộc tôm, mực: Bắc mộtnồinước lên bếp và đun sôi, sau đó trút toàn bộ phần tôm, mực vào nồi tiếp tục đun ở mức lửa cao nhất khoảng 2 phút thì tắt bếp ngay. Dùng rây vớt tôm và mực ra ngoài sau đó mang xả sơ lại với nước lạnh, để ráo. Mách nhỏ:Để tôm và mực được giòn, ngọt, không bị dai các bạn chỉ nên luộc tôm, mực khoảng 2 phút tính từ lúc thả vào nồi sau đó phải mang ra và xả lại ngay với nước lạnh.', 'Bước 4 - Trụng mì và hủ tiếu: Bắc 1 nồi nước khác lên bếp và đun cho thật sôi. Kế đến lần lược cho mì và hủ tiếu trụng khoảng 1 - 2 phút sau đó vớt ra tô. Kế đến cho vào tô khoảng 1 muỗng canh dầu mè và trộn thật đều. Cách trụng mì, hủ tiếu dai ngon, không bị bở', 'Khi đun nước sôi bạn có thể thêm vào 1 muỗng canh dầu ăn, rồi mới cho mì hủ tiếu vào trụng, đảo đều, trụng khoảng 2 phút thì vớt hết ra.', 'Cho vào tô và có thể trộn thêm 1 ít dầu ăn để đảm bảo chúng không dính vào nhau.', 'Bước 5 - Thành phẩm: Cho mì và hủ tiếu vào tô, xếp tôm và mực lên trên sau đó cho thêm 1 ít rau cần cắt nhỏ và ớt hiểm cắt lát. Cuối cùng rưới nước sốt lên trên rồi trang trí lại cho đẹp mắt là hoàn thành. Khi ăn hãy trộn thật đều các nguyên liệu lại với nhau. Gắp một đũa cho vào miệng, bạn sẽ cảm nhận được độ dai dai của mì và hủ tiếu, vị giòn ngọt của tôm, mực quyện cùng với nước sốt đậm đà, thơm nức mùi tỏi và hành phi cực đưa vị. Còn chần chờ gì nữa, vào bếp và trổ tài thực hiện ngay nhé!']","['Để tôm và mực được giòn, ngọt, không bị dai các bạn chỉ nên luộc tôm, mực khoảng 2 phút tính từ lúc thả vào nồi sau đó phải mang ra và xả lại ngay với nước lạnh.', 'Cách trụng mì, hủ tiếu dai ngon, không bị bởKhi đun nước sôi bạn có thể thêm vào 1 muỗng canh dầu ăn, rồi mới cho mì hủ tiếu vào trụng, đảo đều, trụng khoảng 2 phút thì vớt hết ra.Cho vào tô và có thể trộn thêm 1 ít dầu ăn để đảm bảo chúng không dính vào nhau.', 'Trụng xương heo qua nước sôi rồi xả lại với nước lạnh trước khi hầm không chỉ giúp loại bỏ mùi hôi cùng tạp chất, mà còn giúp nước dùng sau khi nấu được trong hơn.', 'Lưu ý:Bạn không nên nêm muối ngay từ đầu vì độ mặn trong muối sẽ khiến xương bị khô cứng lại, không còn ngon.Bạn không nên cho củ cải trắng cùng cà rốt vào quá sớm vì không chỉ làm củ bị mất màu do đun quá lâu, còn làm ảnh hưởng đến hương vị của nước dùng nữa đấy!', 'Xem thêm:2 cách làm mì trộn chua cay Thái Lan thơm ngon bùng vị đơn giản tại nhà4 cách làm mì trộn bò cay siêu hấp dẫn, đơn giản cực ngon miệngCách làm hủ tiếu gà trộn sốt đặc biệt đậm vị dễ làm tại nhà']",,dienmayxanh.com
https://www.dienmayxanh.com/vao-bep/cach-lam-bun-kho-tron-tom-don-gian-dam-vi-cuc-ngon-mieng-13849,Món Cuốn,Cách làm bún khô trộn tôm đơn giản đậm vị cực ngon miệng,"Hôm nay, Điện máy XANH giới thiệu tới bạn mộtmón trộnkhá hấp dẫn mà cách thực hiện vô cùng đơn giản, hãyvào bếpkết hợp bún khô, tôm tươi và một số loại rau thơm quen thuộc, thêm chút hành phi, đậu phộng rang để làm món bún khô trộn tôm dai ngon, đậm vị nhé!",,15 phút + 15 phút,Cho 2 người,,12,"['Bún khô - 10 gr', 'Tôm tươi - 200 gr', 'Đậu phộng rang - 50 gr', 'Hành tím - 3 củ', 'Tỏi - 1 củ', 'Ớt - 2 trái', 'Rau thơm và ngò gai - 50 gr ((húng quế/ diếp cá/ húng nhủi/...))', 'Nước cốt chanh - 1 muỗng canh', 'Nước mắm - 2 muỗng canh', 'Đường - 2 muỗng canh', 'Tiêu xay - 1 ít', 'Dầu ăn - 3 muỗng canh']","['Bước 1 - Sơ chế nguyên liệu: Bún khô mua về cho vào rổ rửa qua 2 lần nước rồi cho vào nồi nước luộc khoảng 5 phút trên lửa vừa cho mềm, rồi vớt bún ra ngâm vào thau nước lạnh, khi bún nguội hẳn thì cho ra rổ, để ráo. Hành tím lột vỏ, rửa sạch, cắt lát mỏng. Tiếp đến, bắc chảo lên bếp, cho vào 2 muỗng canh dầu ăn đun nóng rồi hạ lửa nhỏ, cho hành vào phi vàng giòn rồi vớt ra chén. Tỏi lột vỏ, rửa sạch cùng với ớt rồi đem cả hai băm nhỏ. Các loại rau thơm và ngò gai rửa sạch, cắt nhỏ.', 'Bước 2 - Sơ chế tôm: Tôm rửa qua một lần nước rồi lột vỏ lấy thịt tôm, chẻ lưng tôm để lấy hết chỉ đen, sau đó rửa lại cho sạch. Tiếp đến, cho tôm vào chảo rang với 1 muỗng canh dầu ăn trên lửa lớn, thấy tôm chuyển màu đỏ là được (có thể luộc hoặc hấp cho tôm chín đều được). Để lấy chỉ tôm nhanh nhất là bạn rạch 1 đường trên lưng tôm rồi dùng đầu nhọn của que tăm khều chỉ tôm ra loại bỏ.Ngoài ra, bạn có thể gập đầu tôm rồi bóp nhẹ từ đuôi tôm để lộ phân tôm, sau đó cầm phân tôm kéo nhẹ để lôi chỉ tôm ra ngoài.', 'Để lấy chỉ tôm nhanh nhất là bạn rạch 1 đường trên lưng tôm rồi dùng đầu nhọn của que tăm khều chỉ tôm ra loại bỏ.', 'Ngoài ra, bạn có thể gập đầu tôm rồi bóp nhẹ từ đuôi tôm để lộ phân tôm, sau đó cầm phân tôm kéo nhẹ để lôi chỉ tôm ra ngoài.', 'Bước 3 - Làm nước sốt và trộn bún: Cho vào tô và khuấy đều các nguyên liệu gồm 2 muỗng canh nước mắm, 2 muỗng canh đường, 4 muỗng canh nước lọc, 1 muỗng canh cốt chanh, tỏi và ớt băm. Cho bún và tôm vào thố cùng với phần nước sốt vừa pha, thêm 2/3 chỗ hành phi, trộn nhẹ nhàng để bún thấm gia vị. Tiếp đến, lấy lượng bún trộn tôm vừa đủ ăn ra đĩa, rắc lên trên hành phi, đậu phộng, 1 ít rau thơm, ngò gai, 1 ít tiêu xay là có thể thưởng thức.', 'Bước 4 - Thành phẩm: Bún khô trộn tôm trông thật bắt mắt, bún dai dai, tôm tươi ngọt thịt, hòa quyện cùng hành phi thơm lừng, đậu phộng bùi giòn, nước sốt pha chua ngọt thấm vị vô cùng hấp dẫn.']","['Xem chi tiết:Cách chọn mua tôm tươi ngon, chất lượng', 'Mẹo sơ chế và lấy chỉ tôm nhanh, sạchĐể lấy chỉ tôm nhanh nhất là bạn rạch 1 đường trên lưng tôm rồi dùng đầu nhọn của que tăm khều chỉ tôm ra loại bỏ.Ngoài ra, bạn có thể gập đầu tôm rồi bóp nhẹ từ đuôi tôm để lộ phân tôm, sau đó cầm phân tôm kéo nhẹ để lôi chỉ tôm ra ngoài.', 'Xem thêm:Cách làm bún gà trộn ngon miệng dễ làm hấp dẫn đổi vị bữa ăn gia đình2 cách làm bún gạo lứt trộn ngon miệng dễ làm giúp hỗ trợ giảm cânCách làm phở trộn thịt băm thơm ngon hấp dẫn, đổi vị cho gia đình']",,dienmayxanh.com
https://www.dienmayxanh.com/vao-bep/cach-lam-kimbap-uc-ga-rau-cu-gion-ngon-don-gian-tai-nha-07985,Món Cuốn,"Cách làm kimbap ức gà rau củ giòn ngon, đơn giản tại nhà","Khi bạn đã chán ngán với những bữa ăn kiêng không chút hương vị, hãy thử làm món kimbap ức gà rau củ. Đây là mộtmón từ gà, không có cơm hoặc tinh bột mà lại cực kì thơm ngon! Cùngvào bếphọc làm ngay thôi!",,40 phút + 20 phút,Cho 2 phần ăn,,17,"['Ức gà - 100 gr ((1 cái ức gà))', 'Trứng gà - 4 quả', 'Dưa leo - 1 trái', 'Ớt chuông đỏ - 1 trái', 'Ớt chuông vàng - 1 trái', 'Rau xà lách - 150 gr ((rau diếp))', 'Thanh cua - 1 cái', 'Rong biển cuộn kimbap - 1 gói', 'Rượu trắng - 1 muỗng canh', 'Phô mai - 20 miếng', 'Mật ong - 1 muỗng canh', 'Sữa chua - 2 muỗng canh', 'Nước cốt chanh - 1 muỗng canh', 'Lá nguyệt quế khô - 1 lá', 'Tiêu hạt/ tiêu xay - 1 ít', 'Dầu ăn - 2 muỗng canh', 'Muối - 1/2 muỗng cà phê']","['Bước 1 - Luộc và cắt ức gà: Ức gà mua về rửa sạch. Luộc ức gà bằng cách cho ức gà vào nồi nước lạnh với 1 lá nguyệt quế, vài hạt tiêu sọ khô và 1 muỗng canh rượu trắng. Đun cho đến khi nước sôi thì bạn tắt bếp. Sau đó, bạn đậy vung kín trong khoảng 10 phút để nhiệt lượng được giữ bên trong nồi và làm chín gà. Luộc ức gà như vậy thì thịt gà sẽ không còn mùi khó chịu và có mùi vị thơm ngon hơn. Trước khi chế biến, bạn hoà giấm và muối theo tỉ lệ: 2 muối 1 giấm rồi xoa đều quanh miếng thịt rồi rửa lại thật sạch với nước.Hoặc bạn chà sát vài lát chanh lên thịt gà với 1 ít muối, sau đó rửa lại thật sạch bằng nước lạnh.Bạn cũng có thể đập dập 1 củ gừng với một ít rượu trắng và xoa bóp lên thịt gà và để yên trong khoảng 30 phút trước khi nấu sẽ giúp át đi mùi hôi khó chịu.Xem chi tiết:Cách khử mùi hôi ức gà. Xem chi tiết:Cách khử mùi hôi ức gà. Sau đó bạn lấy gà ra, bỏ vào trong 1 lớp giấy bạc, bọc gà lại và để ức gà ""nghỉ ngơi"" trong 10 phút. Làm như vậy ức gà sẽ được mọng nước và ngon hơn. Tiếp theo, bạn lấy gà ra khỏi giấy bạc rồi cắt ức gà thành những miếng có bề dày vừa ăn. Bạn nhớ cắt ức gà ngang sớ thịt. Như vậy thì thịt gà sẽ mềm hơn khi ăn. Cuối cùng, bạn cắt ức những miếng nhỏ để một lát cuộn kimbap dễ hơn.', 'Trước khi chế biến, bạn hoà giấm và muối theo tỉ lệ: 2 muối 1 giấm rồi xoa đều quanh miếng thịt rồi rửa lại thật sạch với nước.', 'Hoặc bạn chà sát vài lát chanh lên thịt gà với 1 ít muối, sau đó rửa lại thật sạch bằng nước lạnh.', 'Bạn cũng có thể đập dập 1 củ gừng với một ít rượu trắng và xoa bóp lên thịt gà và để yên trong khoảng 30 phút trước khi nấu sẽ giúp át đi mùi hôi khó chịu.', 'Bước 2 - Chiên trứng: Đập 4 quả trứng ra 1 cái tô, cho vào 1/2 muỗng cà phê muối rồi đánh cho đều lên. Bắc 1 cái chảo lên bếp, đun nóng và quét 1 lớp dầu ăn thật mỏng. Lúc này, hạ lửa thật nhỏ. Tráng 1 lớp trứng thật mỏng. Lần lượt chiên những miếng trứng mỏng cho đến khi hết trứng rồi để cho trứng nguội bớt. Cắt trứng thành những sợi mỏng vừa ăn.', 'Bước 3 - Sơ chế các nguyên liệu khác: Dưa leo, ớt chuông vàng, ớt chuông đỏ rửa sạch, bỏ hạt, cắt chỉ. Rau xà lách rửa sạch, để ráo. Cà rốt rửa sạch bào sợi. Thanh cua cắt làm 4. Để bỏ hạt dưa leo, bạn có thể cắt dưa leo thành từng khúc có độ dài cỡ 2 - 3 đốt ngón tay. Sau đó, bạn cắt từ phần vỏ vào theo chuyển động đường tròn (như cách bạn gọt vỏ táo vậy) cho đến phần hạt.Như vậy, chúng ta có thể bỏ được hạt dưa leo và đồng thời có thể có được phần dưa leo mỏng như ý muốn.Bạn có thể bỏ vỏ cà rốt hoặc không vì hầu hết dưỡng chất của cà rốt có trong phần vỏ này.', 'Để bỏ hạt dưa leo, bạn có thể cắt dưa leo thành từng khúc có độ dài cỡ 2 - 3 đốt ngón tay. Sau đó, bạn cắt từ phần vỏ vào theo chuyển động đường tròn (như cách bạn gọt vỏ táo vậy) cho đến phần hạt.', 'Như vậy, chúng ta có thể bỏ được hạt dưa leo và đồng thời có thể có được phần dưa leo mỏng như ý muốn.', 'Bạn có thể bỏ vỏ cà rốt hoặc không vì hầu hết dưỡng chất của cà rốt có trong phần vỏ này.', 'Bước 4 - Cuộn kimbap: Trải 1 lớp rong biển bên dưới. Đặt 2 miếng phô mai lên trên cùng. Phần còn lại của miếng rong biển, bạn phủ đầy bằng trứng cắt nhỏ. Trải lên trên lần lượt là 4 lá rau xà lách (rau diếp), cà rốt cắt sợi, ớt chuông đỏ, ớt chuông vàng, dưa leo cắt sợi và thịt ức gà theo ý muốn. Rắc 1 ít tiêu lên phần ức gà rồi bỏ thanh cua lên trên cùng. Cuộn kimbap lại cho thật chặt tay để khi ăn phần nhân bên trong không bị rơi ra. Cuộn xong, bạn cắt kimbap thành những khoanh nhỏ vừa ăn.', 'Bước 5 - Làm nước chấm: Cho 2 muỗng canh sữa chua vào 1 cái chén nhỏ. Cho vào thêm 1 muỗng canh nước cốt chanh và 1 muỗng canh mật ong rồi khuấy đều.', 'Bước 6 - Thành phẩm: Kimbap ức gà rau củ không hề có cơm hoặc tinh bột, đầy đủ chất dinh dưỡng nhưng lại rất ít calo, rất tốt cho những người ăn kiêng mà vẫn ngon lành và trọn vị. Khi ăn hãy chấm cùng nước sốt sữa chua, hương vị này sẽ làm bạn thích thú ""quên lối về"".']","['Xem thêm:Cách chọn ức gà tươi ngon', 'Mẹo khử mùi hôi ức gà:Trước khi chế biến, bạn hoà giấm và muối theo tỉ lệ: 2 muối 1 giấm rồi xoa đều quanh miếng thịt rồi rửa lại thật sạch với nước.Hoặc bạn chà sát vài lát chanh lên thịt gà với 1 ít muối, sau đó rửa lại thật sạch bằng nước lạnh.Bạn cũng có thể đập dập 1 củ gừng với một ít rượu trắng và xoa bóp lên thịt gà và để yên trong khoảng 30 phút trước khi nấu sẽ giúp át đi mùi hôi khó chịu.Xem chi tiết:Cách khử mùi hôi ức gà.', 'Để bỏ hạt dưa leo, bạn có thể cắt dưa leo thành từng khúc có độ dài cỡ 2 - 3 đốt ngón tay. Sau đó, bạn cắt từ phần vỏ vào theo chuyển động đường tròn (như cách bạn gọt vỏ táo vậy) cho đến phần hạt.Như vậy, chúng ta có thể bỏ được hạt dưa leo và đồng thời có thể có được phần dưa leo mỏng như ý muốn.Bạn có thể bỏ vỏ cà rốt hoặc không vì hầu hết dưỡng chất của cà rốt có trong phần vỏ này.', 'Bạn có thể sử dụng mành tre chuyên dụng dùng để cuốn kimbap, như vậy sẽ cuốn được chặt tay hơn mà kimbap không bị bể nát.', 'Xem thêm:2 cách làm kimbap cá ngừ cay và thịt bò cay thơm ngon đậm vị đơn giản2 cách làm kimbap trứng chiên đơn giản thơm ngon lạ miệng hấp dẫn2 cách làm kimbap chiên giòn rụm đơn giản cực ngon miệng.']",,dienmayxanh.com
https://www.dienmayxanh.com/vao-bep/cach-lam-cha-cuon-la-buoi-la-mieng-thom-ngon-kho-cuong-14441,Món Cuốn,"Cách làm chả cuốn lá bưởi lạ miệng, thơm ngon, khó cưỡng","Bạn đang phân vân không biết nênvào bếpthực hiện món gì cho gia đình, người thân vào dịp cuối tuần. Đừng lo lắng nhé, hôm nay Điện máy XANH sẽ mách bạn cách làm món chả cuốn lá bưởi, mộtmón cuốnthơm ngon, hấp dẫn mà lại cực kì đơn giản, dễ làm đó nha!",,20 phút + 20 phút,Cho 3 người,,5,"['Thịt heo - 300 gr', 'Lá bưởi - 20 gr ((khoảng 20 lá))', 'Hành tím - 2 củ', 'Nước mắm - 1 muỗng cà phê', 'Gia vị thông dụng - 1 ít ((muối/ tiêu xay/ bột ngọt))']","['Bước 1 - Sơ chế nguyên liệu: Đối với hành tím, bạn lột bỏ vỏ, rửa sạch rồi bằm nhuyễn. Tương tự với hành tím, thịt bạn mua về, rửa sạch, sau đó cũng bằm nhuyễn. Với lá bưởi, bạn ngâm trong nướcmuốiloãng khoảng 5 phút rồi rửa sạch lại với nước nhiều lần, để ráo. Chần qua nước sôi:Bạn cho thịt vàonồinước đang được đun sôi khoảng 2 - 3 phút. Sau đó, nhanh tay vớt thịt ra rồi rửa lại với nước sạch là đã có thể khử được mùi của thịt rồi!Ngâm trong nước muối loãng:Thịt sau khi được làm sạch, bạn ngâm trong nước hòa tan với muối hạt trong 25 - 30 phút, sau đó rửa lại với nước sạch cũng có thể hạn chế mùi hôi của thịt.Sử dụng nguyên liệu để khử mùi:Trước khi chuẩn bị luộc sơ thịt, bạn có thể thả thêm vào nồi nước các nguyên liệu như hành khô, rượu trắng,giấm ăn, gừng hoặc sả và chần sơ trong khoảng 2 - 3 phút nhé!Xem chi tiết:Cách sơ chế thịt heo sạch và không bị hôi. Xem chi tiết:Cách sơ chế thịt heo sạch và không bị hôi.', 'Chần qua nước sôi:Bạn cho thịt vàonồinước đang được đun sôi khoảng 2 - 3 phút. Sau đó, nhanh tay vớt thịt ra rồi rửa lại với nước sạch là đã có thể khử được mùi của thịt rồi!', 'Ngâm trong nước muối loãng:Thịt sau khi được làm sạch, bạn ngâm trong nước hòa tan với muối hạt trong 25 - 30 phút, sau đó rửa lại với nước sạch cũng có thể hạn chế mùi hôi của thịt.', 'Sử dụng nguyên liệu để khử mùi:Trước khi chuẩn bị luộc sơ thịt, bạn có thể thả thêm vào nồi nước các nguyên liệu như hành khô, rượu trắng,giấm ăn, gừng hoặc sả và chần sơ trong khoảng 2 - 3 phút nhé!', 'Bước 2 - Ướp thịt: Cho 1 muỗng cà phê muối, 1 muỗng cà phêbột ngọt, 1 muỗng cà phê tiêu xay, 1 muỗng cà phênước mắmcùng hành tím đã băm nhuyễn vào phần thịt được chuẩn bị ở công đoạn sơ chế. Tiếp theo, bạn trộn đều hỗn hợp thịt nhé!', 'Bước 3 - Cuốn chả: Cho một lượng nhân thịt vừa đủ lên mặt lá bưởi. Tiếp đó, bạn cuốn chặt lại như cuốn chả giò là được nha. Bạn làm lần lượt như thế đến khi hết phần nhân thịt nhé!', 'Bước 4 - Nướng chả: Khi bếp than hừng lửa, bạn cho phần chả đã chuẩn bị lên và bắt đầu nướng. Đừng quên trở đều tay để chả không bị cháy và được chín đều nhé! Nếu quan sát thấy phần lá bưởi dần mềm lại thì nghĩa là chả cuốn lá bưởi đã chín. Bạn có thể bày rađĩavà thưởng thức nha!', 'Bước 5 - Thành phẩm: Món chả cuốn lá bưởi nóng hổi, thoang thoảng mùi lá bưởi cùng hương vị đậm đà của chả thịt mềm mại chắc chắn sẽ khiến bạn thích ngay từ lần thưởng thức đầu tiên. Đừng quên chấm chả cuốn lá bưởi với chút nước mắm pha chua ngọt hay tương ớt nhé, Điện máy XANH đảm bảo sẽ ngon ngất ngây đấy!']","['Xem chi tiết:Cách chọn thịt lợn ngon, an toàn', 'Cách sơ chế thịt heo sạch, không hôiChần qua nước sôi:Bạn cho thịt vàonồinước đang được đun sôi khoảng 2 - 3 phút. Sau đó, nhanh tay vớt thịt ra rồi rửa lại với nước sạch là đã có thể khử được mùi của thịt rồi!Ngâm trong nước muối loãng:Thịt sau khi được làm sạch, bạn ngâm trong nước hòa tan với muối hạt trong 25 - 30 phút, sau đó rửa lại với nước sạch cũng có thể hạn chế mùi hôi của thịt.Sử dụng nguyên liệu để khử mùi:Trước khi chuẩn bị luộc sơ thịt, bạn có thể thả thêm vào nồi nước các nguyên liệu như hành khô, rượu trắng,giấm ăn, gừng hoặc sả và chần sơ trong khoảng 2 - 3 phút nhé!Xem chi tiết:Cách sơ chế thịt heo sạch và không bị hôi.', 'Bạn có thể chiên chả cuốn lá bưởi bằngchảonếu như nhà không có lò than nhé!', 'Xem thêm:Cách làm thịt cuốn lá nho chiên lạ miệng, hấp dẫn, ăn là ghiềnCách làm thịt cuốn lá lốt chiên giòn thơm ngon, hấp dẫn, dễ làm tại nhàCách làm cải thảo cuốn thịt chiên và cuốn cá hồi hấp dẫn, đơn giản']",,dienmayxanh.com
https://www.dienmayxanh.com/vao-bep/cach-lam-mi-tron-pho-mai-xuc-xich-thom-ngon-hap-dan-de-lam-12604,Món Cuốn,Cách làm mì trộn phô mai xúc xích thơm ngon hấp dẫn dễ làm tại nhà,"Buổi sáng ăn gì vừa ngon, dễ làm lại đủ năng lượng? Cùng Điện máy XANHvào bếphọc ngay cách làm mì trộn phô mai xúc xích cực ngon, dễ làm cho bữa sáng đủ chất và năng lượng vớimón trộnsiêu ngon và hot này nhé!",,15 phút + 40 phút,Cho 2 người,,12,"['Mì không gia vị Hàn Quốc - 1 gói ((có thể dùng mì gói thường))', 'Phô mai que Mozzarella - 5 cây', 'Xúc xích - 4 cây', 'Tỏi - 1 củ', 'Hành tây - 1 củ', 'Hành lá - 4 nhánh', 'Trứng cút - 4 quả', 'Mè trắng rang - 1 muỗng canh', 'Bột ớt Hàn Quốc - 1 muỗng canh', 'Tương ớt Hàn Quốc - 4 muỗng cà phê', 'Dầu ăn - 2 muỗng cà phê', 'Muối/ đường - 1 ít']","['Bước 1 - Sơ chế nguyên liệu: Dùngdaocắt xúc xích thành từng khúc dài khoảng 1 đốt ngón tay, sau đó bạn khứa nhẹ 3 - 4 đường sâu đến gần giữa đoạn xúc xích. Khi cắt kiểu này, xúc xích chiên sẽ xòe ra đẹp mắt hơn. Hành tây bạn bóc vỏ rửa sạch, sau đó bạn cắt đôi hành tây. Tiếp tục cắt hành tây thành hình múi cau mỏng. Hành lá cắt bỏ rễ dùng phần lá, tỏi rửa sạch. Tiếp đến bạn cắt nhỏ hành lá và tỏi rồi cho vào đĩa. Phô mai bạn cắt thành sợi nhỏ để dễ tan chảy nhé.', 'Bước 2 - Luộc mì và trứng cút: Cho khoảng 2 lít nước vàonồivà nấu sôi, bạn thêm vào nồi nước 1 chút muối để sợi mì chín sẽ đậm vị hơn và không bị dính vào nhau. Khi nước sôi, bạn cho mì vào luộc trong 2 phút rồi vớt mì ra. Cho trứng cút vào nồi nước luộc mì và luộc trứng cút trong 5 phút là chín. Vớt trứng cút ra rồi bóc vỏ. Để lột vỏ trứng cút dễ dàng, bước luộc có vai trò rất quan trọng. Bạn có thể cho trứng vào nồi với 1 ít muối thêm nước nhẹ nhàng vào.Nấu đến sôi, vặn lửa nhỏ đậy nắp và luộc khoảng 4 - 5 phút, giúp trứng chín tới vừa ăn, mà không bị khô.Trong lúc luộc nên dùng đũa khuấy đều theo chiều kim đồng hồ, cách này giúp lòng đỏ trứng cút tập trung ở giữa khi cắt ra sẽ rất đẹp mắt.Sau khi trứng cút chín bạn vớt trứng và cho ngay vào nước đá lạnh. Sau đó bạn cho trứng cút vào hộp, đậy thật kín và lắc đều. Giúp vỏ trứng tự tróc đều mà không phải tốn quá nhiều thời gian.', 'Để lột vỏ trứng cút dễ dàng, bước luộc có vai trò rất quan trọng. Bạn có thể cho trứng vào nồi với 1 ít muối thêm nước nhẹ nhàng vào.', 'Nấu đến sôi, vặn lửa nhỏ đậy nắp và luộc khoảng 4 - 5 phút, giúp trứng chín tới vừa ăn, mà không bị khô.', 'Trong lúc luộc nên dùng đũa khuấy đều theo chiều kim đồng hồ, cách này giúp lòng đỏ trứng cút tập trung ở giữa khi cắt ra sẽ rất đẹp mắt.', 'Sau khi trứng cút chín bạn vớt trứng và cho ngay vào nước đá lạnh. Sau đó bạn cho trứng cút vào hộp, đậy thật kín và lắc đều. Giúp vỏ trứng tự tróc đều mà không phải tốn quá nhiều thời gian.', 'Bước 3 - Chiên xúc xích: Cho 1 muỗng cà phê dầu ăn vàochảo, khi dầu nóng bạn cho phần xúc xích vào chiên với lửa vừa. Trong khi chiên bạn nhớ trở đều xúc xích để tránh làm cháy nhé. Khi xúc xích vàng đều bạn tắt bếp và vớt xúc xích ra đĩa.', 'Bước 4 - Làm mì phô mai xúc xích: Cho 1 muỗng cà phê dầu ăn vào chảo, cho phần tỏi vào phi thơm vàng. Tiếp đến bạn cho 70ml nước, 1 muỗng canh mè trắng, 2 muỗng cà phê đường, 1 muỗng canh ớt bột Hàn Quốc, 4 muỗng cà phê tương ớt Hàn Quốc vào chảo. Khuấy đều và cho hỗn hợp quyện vào nhau. Khi phần sốt sôi lại, bạn cho phần xúc xích vào đảo đều cho ngấm gia vị. Vặn lửa nhỏ và cho mì gói, hành tây vào chảo. Đảo đều mì rồi rải phô mai cắt sợi lên trên. Đậy nắp và nấu với lửa nhỏ trong 2 phút cho phần phô mai tan chảy. Sau 2 phút bạn tắt bếp, cắt đôi trứng cút và hành lá cho lên mặt mì là hoàn thành xong món mì trộn cay xúc xích phô mai rồi đấy.', 'Bước 5 - Thành phẩm: Mì cay đậm đà, dai dai quyện với phần sốt ăn kèm và phô mai béo tan chảy kéo sợi, cùng với xúc xích vô cùng hấp dẫn, ăn một miếng là chỉ muốn ăn liền miếng thứ 2. Quá đơn giản đúng không? Đừng quên thêm ngay món ăn này vào thực đơn của mình nhé.']","['Xem thêm:Cách làm phô mai Mozzarella - Mozzarella cheese bằng sữa tươi đơn giảnCách làm xúc xích heo tại nhà an toàn cực ngon hấp dẫn', 'Cáchlột vỏ trứng cút nhanh, dễ dàng:Để lột vỏ trứng cút dễ dàng, bước luộc có vai trò rất quan trọng. Bạn có thể cho trứng vào nồi với 1 ít muối thêm nước nhẹ nhàng vào.Nấu đến sôi, vặn lửa nhỏ đậy nắp và luộc khoảng 4 - 5 phút, giúp trứng chín tới vừa ăn, mà không bị khô.Trong lúc luộc nên dùng đũa khuấy đều theo chiều kim đồng hồ, cách này giúp lòng đỏ trứng cút tập trung ở giữa khi cắt ra sẽ rất đẹp mắt.Sau khi trứng cút chín bạn vớt trứng và cho ngay vào nước đá lạnh. Sau đó bạn cho trứng cút vào hộp, đậy thật kín và lắc đều. Giúp vỏ trứng tự tróc đều mà không phải tốn quá nhiều thời gian.', 'Xem thêm:4 cách làm mì trộn bò cay siêu hấp dẫn, đơn giản cực ngon miệngCách làm mì trộn tóp mỡ ngon tới ngạt thởCách làm mì trộn phô mai bạch tuộc cay thơm ngon, bùi béo, ăn là ghiền']",,dienmayxanh.com
https://www.dienmayxanh.com/vao-bep/cach-lam-lau-sach-bo-dam-da-huong-vi-tai-nha-don-gian-khong-23561,Món Lẩu,Cách làm lẩu sách bò đậm đà hương vị tại nhà đơn giản không bị dai,"Chào cả nhà, hôm nay hãy cùngvào bếpvớimón lẩusách bò đậm đà bản sắc Việt! Đừng lo cách làm lẩu sách bò phức tạp, với bí quyết sơ chế sách bò giòn ngon và nước dùng ngọt thanh, bạn sẽ có ngay nồi lẩu dạ sách bò tuyệt hảo.",,45 phút + 30 phút,Cho 500gr sách bò (gồm tổ ong và sách),,15,"['Dừa tươi - 1 quả ((lấy nước))', 'Sách bò - 500 gr ((gồm tổ ong và xách))', 'Bắp bò - 300 gr', 'Mẻ - 1 bát', 'Hành tây - 1 củ', 'Gừng - 1 củ', 'Hành tím - 3 củ', 'Sả - 3 cây', 'Dứa - 1/2 quả', 'Ngò gai - 1 ít ((Mùi tàu))', 'Cần tây - 1 ít', 'Rau ngổ - 1 ít', 'Rau nhúng lẩu tùy thích - 1 ít', 'Nước tương/xì dầu - 1 ít', 'Ớt - 1 ít']","['Bước 1 - Sơ chế sách bò và các nguyên liệu khác: Sách bò nếu chưa làm sạch, bạn cần sơ chế sách bò thật kỹ theo hướng dẫn riêng để loại bỏ mùi hôi và đảm bảo vệ sinh. Bắp bò thái thành những lát mỏng vừa ăn để khi nhúng lẩu nhanh chín và mềm ngon. Dừa tươi lấy toàn bộ phần nước. Dứa gọt vỏ, bỏ mắt, thái miếng vừa ăn. Hành tây bóc vỏ, thái hạt lựu hoặc thái múi cau. Gừng gọt vỏ, một phần thái lát mỏng, một phần đập dập. Bóc vỏ hành, sả đập dập, thái nhỏ. Rau ăn kèm gồm ngò gai, cần tây, rau ngổ mang đi rửa sạch rồi thái khúc. Các loại rau nhúng lẩu khác như cải, cà chua cũng rửa sạch, để ráo.', 'Bước 2 - Trụng sơ sách bò: Đun sôi một nồi nước với một chút rượu trắng và gừng đập dập. Khi nước sôi bùng, cho cả phần tổ ong và sách bò vào trụng nhanh khoảng 2 phút.', 'Bước 3 - Xào thơm gia vị và nấu nước dùng lẩu: Đặt nồi lên bếp (có thể dùng Nồi lẩu điện Sunhouse SHD4524 3.5 lít), cho một ít dầu ăn hoặc mỡ lợn vào. Khi dầu nóng, cho sả và hành củ thái nhỏ vào phi thơm cho đến khi vàng đều. Tiếp tục cho dứa và hành tây vào đảo đều khoảng 2-3 phút cho dậy mùi. Cho mẻ vào nồi, đảo đều. Lúc này, bạn sẽ cảm nhận được mùi thơm rất đặc trưng và hấp dẫn. Đổ toàn bộ nước dừa tươi đã chuẩn bị vào nồi. Đun sôi hỗn hợp. Khi nước lẩu sôi, cho nốt phần dứa còn lại vào. Nêm nếm gia vị với muối, đường, mì chính (bột ngọt), hạt tiêu, nước mắm sao cho vừa khẩu vị gia đình.', 'Bước 4 - Thưởng thức lẩu sách bò: Thái sách bò thành miếng vừa ăn. Khi nước lẩu đã sôi và nêm nếm vừa ăn, bạn cho phần tổ ong vào nồi trước, đun thêm khoảng 10-15 phút để tổ ong mềm hơn. Khi ăn, bật nồi lẩu điện Sunhouse SHD4524 3.5 lít ở chế độ giữ nóng. Nhúng từng lát bắp bò và sách bò vào nồi nước lẩu đang sôi. Sau đó, nhúng các loại rau ăn kèm tùy thích như ngò gai, cần tây, rau ngổ, cải, cà chua. Nước chấm: Pha nước tương (xì dầu) với vài lát ớt tươi để tăng thêm hương vị cho món lẩu.', 'Bước 5 - Thành phẩm: Nồi lẩu sách bò nóng hổi, thơm lừng, với nước dùng đậm đà vị ngọt tự nhiên từ dừa và dứa, vị chua thanh của mẻ, cùng hương thơm đặc trưng của sả, gừng. Sách bò giòn sần sật, không dai, không hôi, kết hợp với bắp bò mềm ngọt và rau xanh tươi mát. Đây chắc chắn là món ăn tuyệt vời để quây quần bên gia đình và bạn bè.']","['Xem chi tiết:Cách nhận biết và phân biệt các phần thịt bò chính xác và nhanh nhất', 'Xem chi tiết:Lá sách bò là gì? Cách chọn mua, sơ chế sách bò trắng, sạch, không hôi', 'Để món lẩu sách bò thêm phần trọn vẹn và tiện lợi, Hùng giới thiệu đến bạnNồi lẩu điện Sunhouse SHD4524 3.5 lít– trợ thủ đắc lực cho mọi gia đình.Nồi lẩu điện Sunhousevới dung tích lớn, phù hợp cho bữa ăn gia đình 4-6 người, giúp bạn thoải mái chuẩn bị món lẩu mà không lo thiếu chỗ.Chất liệu chống dính cao cấp giúp việc vệ sinh sau khi nấu trở nên dễ dàng hơn bao giờ hết, đồng thời đảm bảo an toàn cho sức khỏe.Với công suất mạnh mẽ và khả năng giữ nhiệt tốt, nồi giúp nước lẩu sôi nhanh, giữ nóng lâu, cho món lẩu sách bò luôn thơm ngon nóng hổi.Nồi lẩu đa năng Sunhouse SHD4524 3.5 lítOnline giá rẻ quá590.000₫970.000₫-39%Xem chi tiết', 'Mục đích của việc trụng là giúp sách bò thơm hơn và loại bỏ mùi, không nên trụng quá lâu vì sẽ làm sách bị dai và mất đi độ giòn. Vớt sách ra, để ráo.', 'Nước lẩu sách bò ngon sẽ có vị ngọt thanh tự nhiên từ dừa và dứa, vị chua nhẹ của mẻ, cùng hương thơm của các loại gia vị.', 'Nhúng bắp bò và sách bò đến đâu ăn đến đó để giữ được độ giòn ngon, không bị dai.', 'Xem thêm:Cách làm sách bò xào khế thơm ngon lạ miệng giòn dai dễ làm tại nhàCách làm sách bò xào dứa cực thơm ngon đơn giản ai cũng mêCách làm nộm (gỏi) sách bò giòn dai hấp dẫn đậm đà hương vị']",,dienmayxanh.com
https://www.dienmayxanh.com/vao-bep/cach-lam-lau-bach-tuoc-nhung-ot-cay-nong-gion-gion-thom-ngon-10482,Món Lẩu,"Cách làm lẩu bạch tuộc nhúng ớt cay nóng, giòn giòn thơm ngon đơn giản","Bữa ăn gia đình sẽ trở nên hấp dẫn hơn nếu có thêm những món ăn lạ miệng, hấp dẫn khiến cả nhà cùng ""mê tít"". Hôm nay, hãy cùngvào bếpcùng Điện máy XANH cùng xem ngay cách thực hiệnmón lẩubạch tuộc nhúng ớt cay nồng và thơm ngon cho cả gia đình cùng thưởng thức nhé!",,30 phút + 20 phút,Cho 4 người,,20,"['Bạch tuộc - 700 gr', 'Sả - 5 cây', 'Gừng - 2 nhánh', 'Tỏi - 5 tép', 'Hành tím - 5 củ', 'Ớt xiêm - 15 trái', 'Ớt đỏ - 2 trái', 'Cà chua bi - 5 quả', 'Dưa leo - 4 trái', 'Xà lách - 300 gr', 'Rau ngò/ rau húng/ diếp cá/ tía tô - 1 ít', 'Nấm mối - 200 gr ((có thể thay thế bằng loại nấm bạn thích))', 'Nước mắm - 5 muỗng canh', 'Nước cốt chanh - 1 muỗng canh', 'Dầu ăn - 2 muỗng canh', 'Dầu hào - 1 muỗng canh', 'Nước tương - 1 muỗng canh', 'Giấm - 5 muỗng canh', 'Muối/ hạt nêm - 1 ít', 'Bánh tráng mỏng - 1 gói ((cuốn ăn kèm))']","['Bước 1 - Sơ chế bạch tuộc: Bạch tuộc mua về, bỏ nội tạng và túi mực đi. Cho vào 1 ít muối rồi chà xát bạch tuộc cho đến khi bạch tuộc hết nhớt. Rửa lại với nước sạch. Lặp lại khoảng 2 - 3 lần, cho đến khi thấy bạch tuộc không còn nhớt nữa thì dừng lại. Cho bạch tuộc ra 1 cái dĩa rồi để ráo. Để khử mùi tanh của bạch tuộc, bạn nên nhẹ nhàng cắt bỏ mắt, túi mực và phần nội tạng bên trong, rửa lại nhiều lần dưới vòi nước chảy.Chà xát bạch tuộc với hỗn hợp muối và gừng hoặc hỗn hợp muối và giấm ăn, sau đó rửa sạch với vài lần nước.Bạn có thể sử dụng bột mì hoặc nước ngâm gạo để ngâm cho bạch tuột được sạch sẽ hoàn toàn và không còn bị nhớt.', 'Để khử mùi tanh của bạch tuộc, bạn nên nhẹ nhàng cắt bỏ mắt, túi mực và phần nội tạng bên trong, rửa lại nhiều lần dưới vòi nước chảy.', 'Chà xát bạch tuộc với hỗn hợp muối và gừng hoặc hỗn hợp muối và giấm ăn, sau đó rửa sạch với vài lần nước.', 'Bạn có thể sử dụng bột mì hoặc nước ngâm gạo để ngâm cho bạch tuột được sạch sẽ hoàn toàn và không còn bị nhớt.', 'Bước 2 - Sơ chế các nguyên liệu khác: Sả đập dập, cắt thành từng khúc dài 2 đốt ngón tay. Tỏi, hành tím lột vỏ, cắt lát mỏng. Ớt xiêm nhặt bỏ cuống, rửa sạch và để nguyên. Gừng cạo vỏ, 1 nhánh thì cắt lát mỏng, 1 nhánh thì giã nhỏ với 2 trái ớt đỏ. Sau đó pha hỗn hợp gừng, ớt đỏ giã nhỏ với 1 muỗng canh đường, 1 muỗng canh nước cốt chanh và 3 muỗng nước mắm để làm nước mắm gừng. Cà chua bi rửa sạch. Dưa leo rửa sạch, bổ làm 4 rồi cắt khúc vừa ăn. Xà lách bỏ đi phần lá già, héo, giữ lại lá non xanh rồi rửa sạch. Rau húng, rau ngò, rau diếp cá, tía tô ngắt lấy lá và ngọn non, rửa sạch.', 'Bước 3 - Nấu nước lẩu ớt xanh: Bắc 1 cái nồi lên bếp và cho vào 2 muỗng canh dầu ăn. Cho hành tím, tỏi và gừng cắt lát vào, phi thơm. Cho sả đập dập vào xào trong 1 - 2 phút. Tiếp theo, bạn thêm ớt xiêm vào, đảo đều rồi đổ vào khoảng 1.5 lít nước, đun sôi. Nêm nước lẩu với 1 muỗng canh dầu hào, 1 muỗng canh nước tương, 1 muỗng canh hạt nêm và 5 muỗng canh giấm ăn. Khuấy đều, nêm nếm lại cho vừa ăn. Sau đó, bạn cho cà chua bi vào, đun sôi là nước lẩu đã có thể dùng.', 'Bước 4 - Hoàn thành: Bạn lần lượt cho nấm mối (hoặc loại nấm mình yêu thích) và bạch tuộc vào nước lẩu, để khoảng 5 - 7 phút cho các nguyên liệu chín là có thể thưởng thức được rồi.', 'Bước 5 - Thành phẩm: Món lẩu bạch tuộc nhúng ớt có phần nước lẩu chua chua và cay nồng, vừa ăn vừa hít hà cực kích thích. Bạch tuộc tươi sống nhúng qua có vị ngọt và hơi dai giòn, cực thơm ngon. Bạn có thể chấm bạch tuộc với nước mắm gừng hoặc cuốn bánh tráng với rau sống để ăn cũng đều thơm ngon.']","['Xem chi tiết:Cách chọn mua bạch tuộc tươi ngon', 'Cách sơ chế bạch tuộc không tanhĐể khử mùi tanh của bạch tuộc, bạn nên nhẹ nhàng cắt bỏ mắt, túi mực và phần nội tạng bên trong, rửa lại nhiều lần dưới vòi nước chảy.Chà xát bạch tuộc với hỗn hợp muối và gừng hoặc hỗn hợp muối và giấm ăn, sau đó rửa sạch với vài lần nước.Bạn có thể sử dụng bột mì hoặc nước ngâm gạo để ngâm cho bạch tuột được sạch sẽ hoàn toàn và không còn bị nhớt.', 'Bạn có thể gia giảm lượng ớt xiêm theo khẩu vị của gia đình, nhưng món lẩu nhúng này ăn cay 1 chút mới ngon.', 'Xem thêm:Cách nấu lẩu tiêu xanh chay thơm ngon siêu đơn giản cho ngày mưa lạnh2 cách nấu lẩu mắt cá ngừ đại dương siêu ngon đậm đà chuẩn vị nhà hàngCách làm bạch tuộc nhúng giấm giòn ngon, lạ vị cực hấp dẫn đơn giản tại nhà']",,dienmayxanh.com
https://www.dienmayxanh.com/vao-bep/cach-nau-lau-mam-ca-tra-nong-hoi-dam-da-dan-da-hap-dan-huong-13768,Món Lẩu,"Cách nấu lẩu mắm cá tra nóng hổi, hấp dẫn đậm đà dân dã hương vị miền Tây","Bạn là tín đồ thích những món mắm ngon miền Tây. Hôm nay, Điện máy XANH sẽ mách bạn công thức làm món lẩu mắm cá tra nóng hổi, hấp dẫn. Cùngvào bếpđể nấu ngaymón lẩuthơm ngon này bạn nha!",,10 phút + 25 phút,Cho 4 người,,13,"['Cá tra - 1 con', 'Mắm cá sặc - 300 gr', 'Cà tím - 2 trái', 'Khổ qua - 3 trái', 'Đậu bắp - 300 gr', 'Rau ăn lẩu - 1 ít ((rau muống/ bông súng))', 'Sả - 10 nhánh', 'Hành tím - 2 củ ((cắt lát))', 'Ớt sừng - 2 trái ((cắt lát))', 'Ớt  hiểm - 5 trái', 'Tỏi băm - 3 tép', 'Dầu ăn - 2 muỗng canh', 'Gia vị thông dụng - 1 ít ((muối/ đường/ bột ngọt))']","['Bước 1 - Sơ chế cá tra: Cá tra mua về bạn dùng dao cạo lớp da ngoài để bỏ lớp nhớt, sau đó làm sạch, cắt khúc khoảng 2 lóng tay rồi để ráo. Cách khử mùi tanh cá tra Xem thêm:Cách khử mùi tanh cá tra', 'Cách 1:Dùng nước cốt chanh hòa với nước ấm đem ngâm cùng cá 5 - 7 phút, mùi tanh sẽ biến mất ngay.', 'Cách 2:Ngâm cá với nước muối 5 - 10 phút hoặc chà xát muối vào thân cá, không những khử mùi mà còn loại bỏ nhớt rất hiệu quả.', 'Cách 3:Dùng rượu hoặc giấm trắng pha loãng ngâm trong vòng 5 phút với cá rồi rửa sạch lại với nước.', 'Bước 2 - Sơ chế nguyên liệu khác: Cà tím rửa sạch chẻ đôi rồi cắt khúc khoảng 2 lóng tay. Khổ qua bóc bỏ ruột cắt khúc khoảng 1 lóng tay, đậu bắp rửa sạch rồi cắt khúc vừa ăn. Các loại rau nhúng lẩu, bạn rửa sạch để ráo. Sả rửa sạch, 1/2 phần sả đem đập dập, phần còn lại băm nhuyễn. Ớt hiểm băm nhỏ 3 trái.', 'Bước 3 - Nấu nước dùng: Cho vào nồi 500ml nước rồi cho mắm cá sặc và sả đập dập vào, bắc lên bếp nấu ở lửa vừa khoảng 10 phút cho mắm cá sặc nhừ ra. Sau đó, bạn lọc bỏ xương cá và lấy phần nước mắm cá. Cho nước lọc mắm cá vào nồi thêm 2 lít nước vào nấu sôi.', 'Bước 4 - Xào sả và ớt: Bắc chảo lên bếp cho vào 2 muỗng canh dầu ăn và bật lửa vừa, đợi dầu nóng thì cho hành tím cắt mỏng và tỏi băm vào phi thơm. Sau đó cho sả băm và ớt băm vào chảo xào đều tay cho sả vàng thơm thì tắt bếp.', 'Bước 5 - Nấu lẩu: Cho vào nồi nước dùng ớt hiểm và ớt sừng cắt lát, và 1/2 phần sả ớt xào vào. Tiếp theo cho cá tra và nêm thêm 2 muỗng canh đường và 1/2 muỗng canh bột ngọt, nấu lửa vừa khoảng 10 phút. Khi cá chín bạn nêm thêm 1/2 muỗng canh muối, thử lại cho vừa khẩu vị gia đình bạn. Cuối cùng, bạn vớt cá ra, cho khổ qua và cà tím vào nấu chín, rồi cho đậu bắp vào nấu thêm 2 - 3 phút thì bạn cho phần sả xào ớt còn lại vào nồi rồi tắt bếp nhé!', 'Bước 6 - Thành phẩm: Nồi lẩu mắm cá tra thơm phức, nóng hổi, ăn kèm với các loại rau tăng thêm hương vị thơm ngon vô cùng. Cá tra béo ngậy không tanh, nước lẩu cay nhẹ rất kích thích vị giác. Bạn có thể ăn kèm lẩu vớibún tươisẽ làm cho món ăn thêm ngon hơn nha!']","['Xem chi tiết:Cách chọn mua cà tím tươi ngon', 'Cách khử mùi tanh cá traCách 1:Dùng nước cốt chanh hòa với nước ấm đem ngâm cùng cá 5 - 7 phút, mùi tanh sẽ biến mất ngay.Cách 2:Ngâm cá với nước muối 5 - 10 phút hoặc chà xát muối vào thân cá, không những khử mùi mà còn loại bỏ nhớt rất hiệu quả.Cách 3:Dùng rượu hoặc giấm trắng pha loãng ngâm trong vòng 5 phút với cá rồi rửa sạch lại với nước.Xem thêm:Cách khử mùi tanh cá tra', 'Xem thêm:Cách nấu lẩu mắm cá kèo dân dã thơm ngon đậm đà không tanh đơn giảnCách làm lẩu mắm cá lóc mới lạ hấp dẫn đơn giản tại nhà cho cả gia đìnhCách nấu lẩu mắm miền Tây thơm ngon ngất ngây dễ làm tại nhà ăn là ghiền']",,dienmayxanh.com
https://www.dienmayxanh.com/vao-bep/cach-lam-lau-ca-tram-chua-cay-thom-ngon-dam-da-bo-duong-07640,Món Lẩu,Cách làm lẩu cá trắm chua cay thơm ngon đậm đà bổ dưỡng,"Lẩu cá trắm chua cay là mộtmón lẩuhấp dẫn, thơm ngon với nguyên liệu dễ tìm mua, cách thực hiện lại đơn giản. Hôm nay, bạn hãy cùng Điện máy XANHvào bếpthực hiện món ăn chua chua cay cay này cho gia đình cùng thưởng thức nhé!",,25 phút + 30 phút,Cho 4 người,,9,"['Cá trắm - 1 con ((khoảng 3 - 4kg))', 'Cà chua - 2 quả', 'Nghệ - 1 củ', 'Hành lá - 3 nhánh', 'Rau thì là - 2 nhánh', 'Ớt - 2 trái', 'Tương hột - 1 muỗng canh', 'Cơm mẻ - 1 muỗng canh', 'Rau thơm - 1 ít']","['Bước 1 - Sơ chế cá trắm: Cá trắm sau khi mua về, bạn làm sạch vây, vảy, bỏ ruột và mang. Sau đó, rửa cá nhiều lần qua nước sạch rồi cắt khúc dày khoảng 1 lóng tay vừa ăn. Cách khử mùi tanh cá trắm Xem chi tiết:7 cách giúp khử mùi tanh của cá', 'Sau khi sơ chế, bạn cho cá vào ngâm với 1 ít rượu trắng pha loãng trong khoảng 5 phút rồi rửa lại với nước.', 'Nếu khử mùi tanh cá với gừng, bạn chỉ cần thái lát mỏng gừng rồi ngâm cá và gừng trong nước khoảng 5 phút.', 'Sữa tươi không đường nếu bạn ngâm qua với cá khoảng 5 phút rồi rửa sạch với nước cũng có thể khử đi bớt mùi tanh của cá.', 'Bước 2 - Sơ chế các nguyên liệu khác: Nghệ cạo sạch vỏ, giã nhuyễn. Cà chua bạn thái múi cau. Thì là, hành lá bỏ gốc, rửa sạch, cắt khúc. Ớt thái lát mỏng. Các loại rau thơm ăn kèm bạn sơ chế theo từng loại rồi rửa sạch để ráo.', 'Bước 3 - Ướp cá trắm: Nghệ giã nhuyễn trộn đều cùng 1 muỗng canh tương hột rồi cho cá trắm đã sơ chế vào. Cho thêm 1 ít thì là, sau đó trộn đều hỗn hợp gia vị với cá trắm, ướp trong khoảng 15 - 20 phút cho cá thấm gia vị.', 'Bước 4 - Nấu lẩu: Cho cà chua vào nồi cùng 1 muỗng canh cơm mẻ, thêm khoảng 1 - 1.5 lít nước lọc vào, đậy nắp, nấu trên lửa lớn đến khi nước lẩu sôi. Sau đó, bạn cho cá đã ướp vào nấu cùng nước lẩu khoảng 10 phút, cá chín thì cho thêm 1 ít rau thơm vào nhúng lẩu để ăn cùng. Mách nhỏ:Để nước lẩu được thơm ngon hơn, bạn có thể sử dụng nước dừa thay cho nước lọc.Tùy theo khẩu vị của gia đình, bạn có thể gia giảm các gia vị cho vừa ăn. Mách nhỏ:', 'Để nước lẩu được thơm ngon hơn, bạn có thể sử dụng nước dừa thay cho nước lọc.', 'Tùy theo khẩu vị của gia đình, bạn có thể gia giảm các gia vị cho vừa ăn.', 'Bước 5 - Thành phẩm: Như vậy món lẩu cá trắm chua ngọt, thơm ngon đã sẵn sàng. Nước lẩu có vị đặc trưng của tương hột và cơm mẻ dễ ăn, phần thịt cá trắm mềm ngọt, thấm đều gia vị ăn cùng rau thơm giúp tăng thêm hương vị. Bạn có thể ăn cùng 1 ít bún hoặc cơm với món lẩu này rất phù hợp. Chúc bạn và gia đình ngon miệng!']","['Xem chi tiết:Cách chọn mua cá trắm tươi ngon', 'Xem chi tiết:Cách chọn mua cà chua tươi ngon', 'Xem chi tiết:Cách làm cơm mẻ thơm ngon đơn giản ngay tại nhà', 'Cách khử mùi tanh cá trắmSau khi sơ chế, bạn cho cá vào ngâm với 1 ít rượu trắng pha loãng trong khoảng 5 phút rồi rửa lại với nước.Nếu khử mùi tanh cá với gừng, bạn chỉ cần thái lát mỏng gừng rồi ngâm cá và gừng trong nước khoảng 5 phút.Sữa tươi không đường nếu bạn ngâm qua với cá khoảng 5 phút rồi rửa sạch với nước cũng có thể khử đi bớt mùi tanh của cá.Xem chi tiết:7 cách giúp khử mùi tanh của cá', 'Để nước lẩu được thơm ngon hơn, bạn có thể sử dụng nước dừa thay cho nước lọc.Tùy theo khẩu vị của gia đình, bạn có thể gia giảm các gia vị cho vừa ăn.', 'Xem thêm:Cách làm cá trắm kho tương bần thơm ngon chuẩn vị miền Bắc đơn giản tại nhàCách làm cá trắm chiên giòn sốt chua ngọt thơm ngon, đậm đà hấp dẫn2 cách nấu canh chua cá trắm ngon thanh mát giải nhiệt ngày hè']",,dienmayxanh.com
https://www.dienmayxanh.com/vao-bep/cach-nau-lau-thai-bang-goi-gia-vi-chua-cay-lam-san-sieu-don-23495,Món Lẩu,Cách nấu lẩu Thái bằng gói gia vị chua cay làm sẵn siêu đơn giản,"Thèm lẩu Thái chua cay đậm đà mà ngại ra ngoài? Đừng lo! Với hướng dẫnVào bếpnày, bạn sẽ biết cách nấu lẩu Thái bằng gói gia vị Aji-Quick cực đơn giản tại nhà. Chỉ vài bước, có ngaymón lẩuhải sản thơm ngon, chuẩn vị Thái Lan!",,25 phút + 25 phút,Cho 2-3 người,,10,"['Cá ngừ - 1/2 con', 'Tôm - 200 gr', 'Nấm bào ngư - 1 ít', 'Nấm đùi gà - 1 ít', 'Rau ăn lẩu Thái - 1 ít ((rau muống/rau má/rau mồng tơi/rau ngổ))', 'Gia vị lẩu Thái Aji-Quick canh chua - 1 gói', 'Tỏi - 1 củ', 'Cà chua - 2 quả', 'Sả - 3 nhánh', 'Gia vị thông dụng - 1 ít ((đường/muối/bột ngọt/hạt nêm))']","['Bước 1 - Sơ chế nguyên liệu lẩu Thái: Rau muống, rau mồng tơi, rau má, rau ngổ rửa sạch, để ráo. Nấm bào ngư, nấm đùi gà rửa sạch, cắt miếng vừa ăn. Cá ngừ rửa sạch, cắt khúc vừa ăn. Tôm rửa sạch, có thể lột vỏ hoặc để nguyên vỏ tùy thích. Tỏi bóc vỏ, băm nhỏ. Sả đập dập, cắt khúc. Cà chua rửa sạch, bổ múi cau.', 'Bước 2 - Nấu nước lẩu Thái bằng gói gia vị: Đặt nồi lên bếp, cho một ít dầu ăn vào. Khi dầu nóng, cho tỏi băm vào phi thơm. Tiếp đến, cho thơm và cà chua bổ múi cau vào xào cùng để tạo màu sắc hấp dẫn cho nước lẩu. Khi thơm và cà chua đã xào xong, cho lượng nước lọc vừa đủ vào nồi. Thêm vài khúc sả đập dập để tăng hương thơm. Đun sôi nước, sau đó cho gói gia vị lẩu Thái Aji-Quick canh chua vào, khuấy đều.', 'Bước 3 - Nêm nếm và hoàn thiện nước lẩu: Để nước lẩu ngọt hơn, bạn có thể cho phần đầu cá ngừ vào nấu cùng trong lúc này. Nêm nếm lại nước lẩu cho vừa khẩu vị gia đình (thêm đường, muối, bột ngọt hoặc hạt nêm nếu cần). Cuối cùng, cho rau ngổ vào nồi để tăng thêm mùi thơm đặc trưng của món lẩu Thái.', 'Bước 4 - Thành phẩm: Khi nước lẩu đã sôi và nêm nếm vừa ăn, bạn bắt đầu nhúng các loại nấm (nấm bào ngư, nấm đùi gà), tôm, cá ngừ và các loại rau ăn lẩu khác vào. Thưởng thức nồi lẩu Thái hải sản chua cay đậm đà cùng bún tươi hoặc mì gói.']","['Xem chi tiết:Tôm sú là gì? Giá bao nhiêu? Các loại tôm sú, gợi ý món ăn và cách chế biến', 'Xem chi tiết:Cách chọn và sơ chế các loại nấm thông dụng dùng trong các món ăn', 'Để bữa lẩu thêm trọn vẹn và tiện lợi,Nồi lẩu điện Sunhouse SHD4524 3.5 lítlà lựa chọn lý tưởng cho gia đình bạn.Vớinồi lẩu điện Sunhouse, bạn dễ dàng điều chỉnh nhiệt độ, giữ nước lẩu luôn nóng hổi, thơm ngon.Dung tích 3.5 lít phù hợp cho 2-3 người ăn, giúp bạn thoải mái chuẩn bị nguyên liệu.Chất liệu cao cấp, chống dính, dễ dàng vệ sinh sau mỗi bữa ăn.Nồi lẩu đa năng Sunhouse SHD4524 3.5 lítOnline giá rẻ quá590.000₫970.000₫-39%Xem chi tiết', 'Xem thêm:2 cách nấu lẩu thái thập cẩm chua cay thơm ngon đậm đà, đơn giản tại nhà3 cách nấu lẩu thái tom yum từ đơn giản đến thập cẩm cực ngon miệngCách làm cá chép nấu lẩu Thái ngày mưa thơm ngon hấp dẫn với nồi lẩu điện']",,dienmayxanh.com
https://www.dienmayxanh.com/vao-bep/cach-nau-lau-chan-gio-heo-thom-ngon-bo-duong-cho-ca-nha-cung-11441,Món Lẩu,"Cách nấu lẩu chân giò heo thơm ngon, bổ dưỡng cho cả nhà cùng thưởng thức","Lẩu chân giò heo thơm béo nóng hổi nấu cùng măng chua chua cực thơm ngon, bổ dưỡng mà cả nhà đều sẽ yêu thích khi thưởng thức đấy! Hôm nay, hãy cùng với Điện máy XANHvào bếpthực hiệnmón lẩuhấp dẫn này ngay thôi nào!",,30 phút + 1 giờ,Cho 4 người,,14,"['Giò heo - 1.4 kg ((1 cái giò heo))', 'Măng tươi - 400 gr', 'Rau móp chua - 200 gr', 'Sả - 5 tép', 'Tỏi - 2 củ', 'Hành tím - 30 gr', 'Hành tây - 1 củ', 'Hành boa rô - 1 cây', 'Lá chanh - 8 lá', 'Ớt khô - 5 trái', 'Đường phèn - 20 gr', 'Nước mắm - 2 muỗng canh', 'Dầu ăn - 4 muỗng canh', 'Gia vị thông dụng - 1 ít ((muối/ hạt nêm/ bột ngọt/ đường/ tiêu xay))']","['Bước 1 - Sơ chế và ướp chân giò heo: Chân giò mua về bạn nhổ sạch lông cứng còn bám trên da rồi dùng muối hạt chà xát khắp toàn bộ chân giò, sau đó rửa thật sạch dưới vòi nước chảy. Tiếp đó bạn dùngdaothật bén cắt 1 đường bên ngoài chân giò theo chiều từ trên xuống, cắt chạm đến xương ống giò rồi nhẹ nhàng khứa bỏ phần xương này ra. Lúc này bạn chặt chân giò thành các khoanh vừa ăn là được. Bạn làm sạch vỏ và băm nhỏ một ít riềng và 2 củ tỏi. Ướp thịt và chân giò với 1 muỗng cà phê muối, 1 muỗng canh đường, 1 muỗng canh nước mắm, 1/2 muỗng cà phê bột ngọt, 1 muỗng cà phê tiêu, phần riềng băm và tỏi băm. Trộn đều chân giò và để khoảng 30 phút để thịt ngấm gia vị.', 'Bước 2 - Sơ chế các nguyên liệu khác: Măng bóc sạch bẹ vỏ cứng, cắt thành từng miếng vuông vừa ăn rồi đem ngâm trong nước muối khoảng 10 phút. Bắc 1nồinước lênbếp, đun sôi rồi cho vào 1/2 muỗng canh muối và phần măng đã cắt miếng vuông vào luộc trong 5 phút. Sau đó vớt ra rửa lại với nước. Để khử hết chất độc trong măng, bạn có thể luộc măng rồi vớt ra rửa lại thật sạch với nước vài lần, cho đến khi nước luộc măng không còn màu vàng nữa.Hoặc bạn có thể luộc chung với khoảng 1 nắm lá bồ ngót, sau đó vớt ra chế biến.Bên cạnh đó, bạn có thể khử hết độc của măng bằng cách ngâm măng qua đêm với nước lọc, thay nước định kì 2 giờ 1 lần.Xem chi tiết:Cách luộc măng tươi không đắng, sạch nhựa Xem chi tiết:Cách luộc măng tươi không đắng, sạch nhựa Hành tím bóc vỏ, riềng rửa sạch và cạo vỏ, sả bỏ hết phần vỏ già bên ngoài rồi đem đập dập hết các nguyên liệu này. Hành tây lột vỏ, rửa sạch rồi bổ múi cau. Hành boa rô thì rửa sạch, cắt thành từng khúc chéo có độ dày khoảng 1/2 đốt ngón tay. Rau móp chua thì cắt thành khúc nhỏ.', 'Để khử hết chất độc trong măng, bạn có thể luộc măng rồi vớt ra rửa lại thật sạch với nước vài lần, cho đến khi nước luộc măng không còn màu vàng nữa.', 'Hoặc bạn có thể luộc chung với khoảng 1 nắm lá bồ ngót, sau đó vớt ra chế biến.', 'Bên cạnh đó, bạn có thể khử hết độc của măng bằng cách ngâm măng qua đêm với nước lọc, thay nước định kì 2 giờ 1 lần.', 'Bước 3 - Xào giò heo: Bắc 1 cái nồi khác lên bếp, để lửa vừa rồi cho vào 4 muỗng canh dầu ăn và đun nóng. Khi dầu nóng bạn cho toàn bộ phần hành tím, riềng và sả đập dập vào, phi thơm. Tiếp theo bạn cho toàn bộ giò heo vào, xào trong 5 - 10 phút để giò heo săn lại. Lúc này, bạn thêm 8 lá chanh cùng 1 muỗng canh nước mắm vào nồi, đảo đều. Sau đó, bạn cho măng vào xào với nồi chân heo trong 10 phút để gia vị thấm vào măng.', 'Bước 4 - Nấu lẩu chân giò heo: Đổ 1.5 lít nước vào nồi cùng với 1 củ hành tây bổ múi cau, đun thêm khoảng 5 phút thì là cho hành boa rô và rau móp chua vào. Đậy vung lại, hạ nhỏ lửa rồi đun trong 1 tiếng để chân giò chín mềm. Sau khi đun lẩu, bạn có thể thử xem giò heo mềm chưa bằng cách dùngđũaxiên vào miếng thịt, nếu đũa xiên qua dễ dàng thì giò đã chín mềm. Nêm lẩu với 1/2 muỗng cà phê muối, 2 muỗng cà phê hạt nêm và 20gr đường phèn. Nấu thêm 5 phút, cho 5 trái ớt khô lên trên, đảo đều rồi nêm nếm lại cho hợp khẩu vị và tắt bếp.', 'Bước 5 - Thành phẩm: Cho phần lẩu đã nấu xong ranồi lẩu điệnhaynồi lẩu inoxhoặc dùng nồi lẩu cù lao để mang ra bàn và thưởng thức. Lẩu chân giò heo nóng hổi, dậy mùi hấp dẫn, nhìn thôi đã thấy mê. Chân giò mềm béo, mọng nước quyện cùng nước dùng chua ngọt vừa miệng, măng tươi, rau móp chua ăn giòn giòn, vô cùng hợp vị. Bạn có thể thưởng thức món lẩu với bún và nhúng thêm các loại rau khác để ăn kèm nhé!']","['Xem chi tiết:Cách chọn mua măng tươi ngon đúng chuẩn', 'Cách luộc măng tươi không đắng, sạch nhựaĐể khử hết chất độc trong măng, bạn có thể luộc măng rồi vớt ra rửa lại thật sạch với nước vài lần, cho đến khi nước luộc măng không còn màu vàng nữa.Hoặc bạn có thể luộc chung với khoảng 1 nắm lá bồ ngót, sau đó vớt ra chế biến.Bên cạnh đó, bạn có thể khử hết độc của măng bằng cách ngâm măng qua đêm với nước lọc, thay nước định kì 2 giờ 1 lần.Xem chi tiết:Cách luộc măng tươi không đắng, sạch nhựa', 'Nếu bạn không có đường phèn thì có thể dùng đường cát trắng cũng được, nhưng dùng đường phèn sẽ giúp nước lẩu có vị ngọt thanh hơn.', 'Xem thêm:2 cách làm chân giò hầm ngũ vị và hầm đậu phộng thơm ngon, bổ dưỡngCách làm lẩu thịt heo quay nấu chao thơm béo, lạ miệng ăn là mê ngayCách làm lẩu bạch tuộc nhúng ớt cay nóng, giòn giòn thơm ngon đơn giản']",,dienmayxanh.com
https://www.dienmayxanh.com/vao-bep/cach-nau-lau-bo-my-thom-ngon-thanh-ngot-vi-ca-chua-15930,Món Lẩu,Cách nấu lẩu bò Mỹ thơm ngon thanh ngọt vị cà chua,"Thay đổi khẩu vị vào ngày cuối tuần bằng món lẩu bò Mỹ thơm ngon với nước dùng có vị ngọt thanh, chua nhẹ từ cà chua, chắc chắn sẽ khiến cả gia đình bạn yêu thích. Vậy thì còn chần chừ gì nữa, hãy cùngvào bếpvới Điện máy XANH để thực hiện ngaymón lẩuhấp dẫn này nhé!",,30 phút + 20 phút,Cho 3 người,,16,"['Thịt bò - 500 gr', 'Tôm sú - 400 gr', 'Cà chua - 7 trái', 'Cà chua bi - 200 gr', 'Tỏi - 4 tép', 'Gừng - 4 lát', 'Hành tím - 2 củ', 'Quế - 1 nhánh', 'Lá quế/ hoa hồi - 1 ít', 'Nước dùng bò - 1.5 lít', 'Nước sốt cà - 2 muỗng canh', 'Tương cà - 3 muỗng canh', 'Dầu điều - 2 muỗng canh', 'Nấm ăn kèm - 1 ít ((nấm đông cô/ nấm kim châm))', 'Rau ăn kèm - 1 ít ((rau cải thìa/ bông cải xanh/ cải thảo/ bắp))', 'Gia vị thông dụng - 1 ít ((muối/ đường))']","['Bước 1 - Sơ chế nguyên liệu: Tôm sau khi mua về, bạn rửa sạch với nước rồi cắt bớt râu và chân lại cho gọn. Sau đó dùngdaonhọn cắt dọc theo sống lưng để lấy chỉ trên lưng tôm. Cà chua rửa sạch, 1 nửa bạn cắt hạt lựu, nửa còn lại bạn cắt miếng vừa ăn. Cà chua bi cũng rửa sạch, rồi cắt đôi. Tỏi, gừng, hành tím bỏ vỏ, rửa sạch lại với nước. Các loại nấm ăn kèm như nấm đông cô, nấm kim châm, ngâm với nước muối pha loãng khoảng 5 phút, rửa sạch. Rau ăn kèm bạn cũng ngâm với nước muối pha loãng, rồi rửa sạch với nước.', 'Bước 2 - Nấu nước lẩu cà chua: Bắcnồilênbếp, cho 2muỗngcanh dầu điều vào đun sôi ở lửa vừa. Khi thấy dầu sôi, bạn cho 4 tép tỏi, 2 củ hành tím, 2 lá quế, 3 cái hoa hồi, 1 nhánh quế vào và xào đến khi dậy mùi thơm. Kế đến, cho tiếp 5 muỗng canh sốt cà chua vào, đảo sơ rồi cho vào 1,5 lít nước dùng bò, cà chua đã cắt hạt lựu và cà chua bi. Nấu nước lẩu trên bếp ở lửa vừa khoảng 30 phút đến khi cà chua chín mềm thì tắt bếp. Sau đó lọc nước lẩu qua rây để lấy nước. Cuối cùng, bạn bắt nồi nước lẩu cà chua lại lên bếp, rồi nêm nếm lại với 3 muỗng canh tương cà, 2 muỗng canh đường và 1/2 muỗng cà phê muối là được.', 'Bước 3 - Nấu lẩu: Khi thấy nồi nước lẩu sôi bùng trở lại thì bạn cho các nguyên liệu như bắp, cà chua, tôm, các loại rau và nấm ăn kèm cùng với thịt bò Mỹ vào rồi chờ khoảng 5 - 10 phút đến khi nguyên liệu chín là bạn đã có thể thưởng thức được rồi. Với món lẩu bò Mỹ thơm ngon có nước dùng cà chua đậm đà này thì bạn có thể ăn kèm chung với bún hoặc mì tươi đều phù hợp đấy nhé!', 'Bước 4 - Thành phẩm: Vậy là chỉ với vài bước thực hiện đơn giản, bạn đã có ngay một nồi lẩu bò Mỹ nóng hổi với màu sắc cùng mùi thơm vô cùng hấp dẫn rồi. Nước lẩu thì đậm đà có vị chua chua, ngọt ngọt mà lại còn có mùi thơm nồng của cà chua cực kỳ kích thích. Kết hợp với nước lẩu thơm ngon là ba chỉ bò Mỹ mềm ngon, không bị dai, tôm thì tươi ngọt hòa cùng các loại nấm dai dai, rau tươi xanh, chắc chắn sẽ khiến bạn càng ăn càng mê đấy nhé!']","['Xem chi tiết:Cách chọn mua thịt ba chỉ ngon', 'Xem chi tiết:Cách chọn mua tôm tươi ngon', 'Xem chi tiết:Cách chọn mua cà chua tươi ngon', 'Bạn có thể nêm nếm lại sao cho phù hợp với khẩu vị của gia đình mình nhé!', 'Xem thêm:Cách nấu lẩu bò nhúng giấm (dấm) nóng hổi thơm ngon cực đơn giản tại nhàCách nấu lẩu bò thập cẩm hấp dẫn thơm lừng đơn giản tại nhàCách nấu lẩu bò mắm ruốc thơm lừng, siêu đơn giản, đảm bảo cực hao mồi']",,dienmayxanh.com
https://www.dienmayxanh.com/vao-bep/2-cach-nau-lau-ca-chach-trach-nau-me-va-chua-cay-thom-ngon-08382,Món Lẩu,2 cách nấu lẩu cá chạch (trạch) nấu mẻ và chua cay thơm ngon đậm đà,"Khi tiết trời se lạnh, thật tuyệt vời khi cả nhà quây quần bên nhau cùng thưởng thức nồi lẩu nóng, nghi ngút khói. Để có thể giúp bạn bổ sung thêm nhiều cáchnấu lẩuthì hôm nay Điện máy XANH sẽ giới thiệu đến bạn 2 cách nấu lẩu cá chạch (trạch) nấu mẻ và chua cay thơm ngon đậm đà.Vào bếpthôi!",,30 phút + 30 phút + 30 phút + 30 phút,Cho 4 người,,21,"['Cá chạch - 1 kg', 'Mẻ - 150 gr', 'Thơm - 1/4 trái', 'Sả - 4 tép', 'Nước dừa tươi - 1 lít', 'Ngò gai - 3 nhánh', 'Rau om - 4 nhánh', 'Rau quế - 5 nhánh', 'Bắp chuối - 300 gr', 'Bông so đũa - 300 gr', 'Kèo nèo - 300 gr', 'Chanh - 1 quả', 'Rau muống - 500 gr', 'Tỏi - 4 tép', 'Hành tím - 5 củ', 'Ớt sừng - 1 quả', 'Hành tây - 1 củ', 'Hành phi - 2 muỗng canh', 'Dầu ăn - 2 muỗng canh', 'Nước mắm - 2 muỗng canh', 'Gia vị thông dụng - 1 ít ((đường/ hạt nêm/ bột ngọt/ muối))']","['Bước 1 - Sơ chế cá chạch: Cá chạch sau khi mua về bạn làm sạch bỏ hết phần ruột. Kế tiếp, dùng chanh hoặc giấm tưới lên mình cá, chờ vài phút cho lớp nhớt đông lại rồi bạn dùng dao cạo sạch nhớt. Sau đó, rửa lại thật sạch với nước và để ráo cho vào ngăn mát tủ lạnh.', 'Bước 2 - Sơ chế rau ăn kèm: Bắp chuối sau khi mua về bạn dùng dao bào và bào thành những sợi mảnh rồi cho vào ngâm trong hỗn hợp nước muối và chanh từ 10 - 15 phút để bắp chuối không bị thâm đen. Sau đó vớt ra để ráo. Rau muống bạn nhặt thành từng khúc vừa ăn rồi cắt bỏ bớt phần lá. Sau đó, rửa sạch với nước muối pha loãng và để ráo. Bông so đũa bạn ngắt bỏ phần nhụy ở bên trong. Sau đó mang đi ngâm với nước muối pha loãng khoảng 15 phút rồi rửa sạch với nước và để ráo. Kèo nèo mua về rửa sạch, cắt khúc vừa ăn rồi bóp kèo nèo trong hỗn hợp nước muối cho bớt bị đắng, sau đó vắt để ráo nước. Ngò gai, rau om, rau quế bạn nhặt lá rồi rửa sạch với nước và để ráo.', 'Bước 3 - Sơ chế các nguyên liệu khác: Hành tím bạn bóc vỏ, cắt thành những lát mỏng. Tỏi bóc vỏ, cắt thành những lát mỏng rồi băm nhuyễn. Sả đập dập, cắt thành từng khúc dài khoảng 2 lóng tay. Hành tây bạn cắt múi cau. Ớt bạn cắt thành lát mỏng. Thơm mua về bạn cắt bỏ vỏ, bỏ cùi, rửa sơ với nước rồi cắt thành những miếng vừa ăn.', 'Bước 4 - Nấu lẩu: Bắc nồi lên bếp, cho vào nồi 2 muỗng canh dầu ăn. Đợi dầu nóng cho hành tím, tỏi và sả vào phi thơm. Kế tiếp cho thơm và ớt vào xào chung khoảng 10 giây rồi cho tiếp vào nồi 1 lít nước dừa tươi, 1 lít nước sạch, 3 muỗng canh đường, 2 muỗng cà phê hạt nêm, 1/2 muỗng cà phê bột ngọt rồi nấu sôi. Khi nước sôi, bạn múc nước trong nồi cho vào chén đựng mẻ khuấy đều rồi đem đi lọc qua rây để lấy nước. Lặp lại bước lọc như trên 3 lần để có thể lấy được hết nước chua có trong mẻ. Sau đó bạn cho hết tất cả nước mẻ lọc được vào nồi, nêm thêm 1 muỗng canh đường, 2 muỗng canh nước mắm và tiếp tục nấu. Cuối cùng cho hành tây vào nấu thêm khoảng 3 phút nữa rồi nêm nếm lại cho vừa ăn và tắt bếp.', 'Bước 5 - Thành phẩm: Bạn rắc thêm ngò gai, rau om, rau quế cắt nhỏ và hành phi lên trên cho nước lẩu thơm hơn. Món lẩu hoàn thành mang một vị chua đặc trưng của mẻ. Lúc ăn lẩu bạn cho cá trạch vào và nhúng cùng các loại rau. Món này ăn kèm với bún tươi và chén nước mắm để chấm nữa thì ngon hết nấc.']","['Xem chi tiết:Cách chọn mua rau muống ngon và công dụng của rau muống.', 'Xem chi tiết:3 cách làm mẻ chua nhanh không bị vón cục.', 'Xem chi tiết:Cách chọn mua cà chua tươi ngon', 'Xem thêm:2 cách làm cá chạch nấu canh chua ngon miệng thanh nhiệt đơn giản tại nhà.Cách làm khô cá chạch thơm ngon, lạ vị ai ăn cũng mê.Cách làm cá chạch kho tương riềng thơm ngon đậm tình thôn quê.']",,dienmayxanh.com
https://www.dienmayxanh.com/vao-bep/cach-lam-lau-long-bo-ham-sa-thom-ngon-moi-la-don-gian-tai-nha-07885,Món Lẩu,Cách làm lẩu lòng bò hầm sả thơm ngon mới lạ đơn giản tại nhà,Cuối tuần mọi người cùng nhau ngồi quây quần trò chuyện bên bếp lẩu nóng hổi thì hạnh phúc vô cùng đấy. Thế thì hãy cùng Điện máy XANHvào bếpthực hiện ngaymón lẩulòng bò hầm sả thơm ngon hấp dẫn này nhé!,,30 phút + 1 giờ,Cho 4 người,,17,"['Lòng bò - 500 gr', 'Cải trắng - 2 củ', 'Cà rốt - 1 củ', 'Sắn - 1 củ', 'Sả cây - 4 nhánh', 'Sả băm - 1 chén', 'Tỏi - 3 tép', 'Ớt hiểm - 2 trái', 'Hành lá - 3 nhánh', 'Ngò rí - 1 ít', 'Nước dừa tươi - 1 lít', 'Cơm mẻ - 3 muỗng canh', 'Nước mắm - 3 muỗng canh', 'Sa tế - 2 muỗng cà phê', 'Bột ngũ vị hương - 1 muỗng cà phê', 'Dầu ăn - 4 muỗng canh', 'Gia vị thông dụng - 1 ít ((muối/ đường/ hạt nêm/ bột ngọt))']","['Bước 1 - Sơ chế và ướp lòng bò: Lòng bò mua về rửa sạch, cắt nhỏ vừa ăn. Để khử mùi tanh của lòng bò, bạn luộc sơ lòng với 1 ít gừng cắt lát khoảng 3 - 5 phút. Ướp lòng bò với 1 muỗng cà phê muối, 1/2 muỗng cà phê bột ngọt, 1 muỗng cà phê đường, 1 muỗng cà phê hạt nêm, 1 muỗng canh nước mắm, 1 muỗng cà phê bột ngũ vị hương, 2 muỗng cà phê sa tế, trộn đều rồi để yên khoảng 20 - 30 phút để thấm gia vị. Xem thêm:Cách làm lòng bò luộc sạch ngon đúng chuẩn, không bị hôi Xem thêm:Cách làm lòng bò luộc sạch ngon đúng chuẩn, không bị hôi', 'Bước 2 - Sơ chế các nguyên liệu khác: Cà rốt, củ cải trắng, củ sắn gọt vỏ, rửa sạch, cắt khúc vừa ăn. Sả đập dập. Tỏi lột vỏ, băm nhuyễn. Ớt cắt nhỏ. Hành lá, ngò rí rửa sạch, cắt khúc khoảng 2 lóng tay.', 'Bước 3 - Làm nước chấm: Chuẩn bị 1 cái chén, cho vào 3 muỗng canh cơm mẻ, phần ớt cắt nhỏ, 1/3 phần sả băm sẵn, 1 muỗng cà phê bột ngọt, 1 muỗng cà phê đường, 2 muỗng canh nước mắm, khuấy đều.', 'Bước 4 - Xào lòng bò: Bắc chảo lên bếp, cho vào 2 muỗng canh dầu ăn. Dầu nóng thì cho 1/2 lượng tỏi băm vào phi thơm. Cho tiếp phần lòng bò đã ướp vào xào khoảng 5 - 7 phút.', 'Bước 5 - Nấu lẩu: Bắc nồi lên bếp với 2 muỗng canh dầu ăn. Dầu nóng thì cho sả đập dập vào phi khoảng 1 phút, cho tiếp phần tỏi băm còn lại vào đảo đều rồi thêm vào 1/2 phần sả băm còn lại, phi thơm hỗn hợp. Tiếp theo cho vào nồi khoảng 1 lít nước dừa tươi, 500ml nước lọc, đảo đều rồi cho củ sắn vào đun với lửa vừa. Khi nước sôi thì cho cà rốt và củ cải trắng vào hầm khoảng 3 - 5 phút. Sau đó cho phần lòng bò đã xào sơ vào đun khoảng 10 phút thì cho phần sả băm còn lại vào đảo đều. Đun thêm khoảng 10 phút, nêm nếm gia vị cho vừa ăn thì tắt bếp rồi cho hành lá và ngò rí cắt khúc vào là hoàn thành rồi.', 'Bước 6 - Thành phẩm: Món lẩu lòng bò hầm sả có mùi thơm đặc trưng nức mũi. Nước lẩu có vị ngọt tự nhiên, đậm từ các loại củ hòa quyện cùng với miếng lòng bò dai dai giòn giòn. Đặc biệt món ăn khi ăn kèm với nước chấm cơm mẻ chua chua cay cay thì quá là tuyệt vời đấy! Món ăn dùng kèm mì hoặc bún đều ngon nhé.']","['Xem chi tiết:Cách chọn mua cà rốt tươi ngon', 'Xem chi tiết:Cách chọn mua củ cải trắng tươi ngon', 'Cách sơ chế lòng bò không tanh, hôi:Bạn có thể bóp lòng bò chung với muối và 1 ít bột mì đến khi lòng hết nhớt rồi rửa lại với nước nhiều lần.Xem thêm:Cách làm lòng bò luộc sạch ngon đúng chuẩn, không bị hôi', 'Xào lòng trước khi nấu để lòng săn lại và thấm gia vị hơn.', 'Xem thêm:Cách nấu lẩu lòng bò thơm dứa mềm ngon không hôi ấm lòng ngày mưaCách nấu bò hầm sả thơm ngon, đơn giản tại nhàCách nấu lẩu mì Hàn Quốc thơm nồng, đơn giản ai cũng làm được']",,dienmayxanh.com
https://www.dienmayxanh.com/vao-bep/cach-lam-lau-ba-ba-nau-me-am-nong-cho-ngay-se-lanh-bo-duong-23464,Món Lẩu,"Cách làm lẩu ba ba nấu mẻ ấm nóng cho ngày se lạnh, bổ dưỡng ngon khó cưỡng","Bạn đang tìm kiếm cách nấu lẩu ba ba thơm ngon, bổ dưỡng cho những ngày se lạnh?Món lẩuba ba nấu mẻ này sẽ làm ấm lòng cả gia đình, mang đến hương vị đậm đà khó quên. Cùngvào bếpkhám phá công thức món lẩu đặc biệt này nhé!",,30 phút + 45 phút,Cho 4 người,,6,"['Thịt baba - 900 gr', 'Cơm mẻ - 1 chén', 'Tỏi/ Sả/ Ớt - 1 ít', 'Bún - 1 ít', 'Rau ăn kèm - 1 ít ((tai tượng/ rau muống/ chuối cây xắt/ bông bí/ ngò gai/ rau ôm))', 'Gia vị thông dụng - 1 ít ((muối/ bột ngọt/ bột nêm/ đường/ nước mắm/ dầu ăn/ tiêu xay))']","['Bước 1 - Sơ chế ba ba: Đầu tiên, bạn cho ba ba vào thau, trụng qua nước sôi để dễ dàng cạo sạch lớp nhớt. Cạo kỹ phần mai, bụng và kẽ chân để loại bỏ hoàn toàn mùi tanh. Sau đó, rửa sạch lại với nước lạnh và chặt ba ba thành những miếng vừa ăn. Ướp ba ba với 1/3 muỗng canh muối, 1/3 muỗng canh bột ngọt, 1/3 muỗng canh hạt nêm, 2 muỗng canh đường, một ít tiêu xay (khoảng 1/4 muỗng cà phê), 2 muỗng canh nước mắm và 2 trái ớt cắt lát. Đảo đều cho gia vị thấm vào thịt, để khoảng 20 phút trước khi nấu.', 'Bước 2 - Sơ chế các nguyên liệu khác: Tỏi đập dập, băm nhuyễn. Ớt (dùng để làm muối ớt chấm) xắt nhỏ. Ngò gai và rau ôm xắt nhỏ. Phần gốc sả cắt khoảng 6 - 7 phân băm nhuyễn để phi thơm, phần còn lại cắt khúc để cho vào nồi lẩu. Các loại rau ăn kèm như tai tượng, rau muống, chuối cây xắt, bông bí rửa sạch, để ráo nước.', 'Bước 3 - Chuẩn bị nước mẻ: Bắc một chảo nước lên bếp đun sôi, cho 1 chén cơm mẻ vào. Dùng vá tán nhuyễn để lọc lấy phần nước cốt mẻ, bỏ đi phần bã. Đây là bí quyết tạo nên hương vị đặc trưng cho món lẩu ba ba nấu mẻ.', 'Bước 4 - Xào sơ ba ba và nấu lẩu: Bắc chảo khác lên bếp, cho dầu ăn vào. Khi dầu nóng, cho sả băm vào phi thơm khoảng 2 phút. Tiếp theo, cho tỏi băm và một ít ớt xắt vào phi chung đến khi dậy mùi thơm. Cho ba ba đã ướp vào chảo, đảo đều đến khi thịt săn lại và không còn màu đỏ. Đổ nước cốt mẻ đã lọc vào chảo, thêm nước lọc (tổng cộng khoảng hơn 1 lít nước lẩu). Cho sả cây cắt khúc vào. Nêm thêm 1/2 muỗng canh muối, 1/4 muỗng canh bột ngọt, khoảng 2 muỗng canh đường. Đảo đều cho gia vị tan hết. Trong quá trình nấu, bạn nhớ vớt bọt thường xuyên để nước lẩu được trong và ngon hơn. Khi ba ba gần chín (dùng đũa xiên thử thấy mềm), cho thêm hơn 1 muỗng canh nước mắm vào, đảo đều. Nước mắm cho sau cùng sẽ giữ được hương thơm đặc trưng.', 'Bước 5 - Làm muối chấm: Trong lúc chờ lẩu chín, bạn làm muối ớt chấm. Cho hơn 1 muỗng canh muối cục và ớt (có thể dùng cả ớt đỏ và ớt xanh để tạo màu đẹp) đã xắt nhỏ vào cối, băm nhuyễn.', 'Bước 6 - Thành phẩm: Khi món lẩu ba ba nấu mẻ đã chín tới, bạn múc ra nồi lẩu. Cho các loại rau ăn kèm như tai tượng, rau muống, bắp chuối cây, bông bí, ngò gai, rau ôm vào. Dùng nóng với bún và chấm cùng muối ớt cay nồng.']","['Để món lẩu ba ba nấu mẻ thêm phần trọn vẹn, việc lựa chọn dụng cụ nấu nướng phù hợp là rất quan trọng.Bộ 3 nồi inox 3 lớp nguyên khối nắp kính Green Cook GCS256-T1sẽ là trợ thủ đắc lực cho bạn.Nồi Green Cookđược làm từ inox 3 lớp nguyên khối, giúp truyền nhiệt nhanh và đều, giữ nhiệt tốt, đảm bảo món lẩu luôn nóng hổi và thơm ngon.Thiết kế nắp kính trong suốt tiện lợi, giúp bạn dễ dàng quan sát quá trình nấu mà không cần mở nắp, giữ trọn hương vị và dinh dưỡng của món ăn.Chất liệu inox cao cấp an toàn cho sức khỏe, dễ dàng vệ sinh sau khi sử dụng, mang lại sự tiện lợi tối đa cho căn bếp của bạn.Bộ 3 nồi inox 3 lớp nguyên khối Green Cook GCS256-T1Online giá rẻ quá1.190.000₫2.200.000₫-45%Xem chi tiết', 'Xem thêm:Cách làm ba ba rang muối siêu hấp dẫn, thích hợp làm mồi nhấm hao biaCách nấu ba ba om chuối đậu ngon khó cưỡng, chuẩn vị như nhà hàngCách làm trâu nhúng mẻ mềm mọng, chua thơm đậm vị với nồi lẩu điện']",,dienmayxanh.com
https://www.dienmayxanh.com/vao-bep/cach-nau-lau-xi-quach-ngon-ngot-khong-bi-hoi-don-gian-ngay-08392,Món Lẩu,"Cách nấu lẩu xí quách ngon ngọt, không bị hôi đơn giản ngay tại nhà","Cuối tuần bạn đã nghĩ ra món ăn nào mới để chiêu đãi cả nhà mình chưa? Hôm nay, Điện máy XANH sẽ mách bạn công thức để thực hiện món lẩu xí quách ngon ngọt, hấp dẫn và không bị hôi đơn giản ngay tại nhà nhé! Cùngvào bếpđể trổ tài nấumón lẩunày nào!",,20 phút + 1 giờ,Cho 4 người,,12,"['Xương bò - 3 kg', 'Bắp Mỹ - 1 trái ((cắt khúc))', 'Củ cải trắng - 1 củ ((cắt khúc))', 'Cà rốt - 2 củ ((cắt khúc))', 'Hành lá - 2 nhánh ((cắt nhỏ))', 'Gừng tươi - 2 củ ((cắt lát))', 'Hành tím - 5 củ ((đập dập))', 'Tỏi - 1 muỗng cà phê ((băm nhuyễn))', 'Ớt - 1 trái ((cắt nhỏ))', 'Tắc - 1 trái ((quất))', 'Nước tương - 3 muỗng canh', 'Gia vị thông dụng - 1 ít (( muối/ đường/ bột ngọt/ hạt nêm))']","['Bước 1 - Sơ chế và trụng xương bò: Xương bò bạn mua về rửa qua với nước muối loãng, sau đó rửa sạch lại vài lần với nước. Bạn nấu sôi khoảng 1 lít nước, sau đó xương bò bào trụng khoảng 5 - 7 phút để khử mùi hôi của xương bò, sau đó bạn vớt xương bò ra để ráo. Mách nhỏ:Bạn nên nhờ người bán chặc xương bò làm đôi, để khi hoàn thành món ăn mình ăn được tủy nhé!', 'Bước 2 - Hầm xí quách: Bạn cho xương bò vào nồi, tiếp theo cho nước vào vừa ngập phần xương. Kế đến, cho hết phần bắp cắt khúc, hành tím đập dập và gừng cắt lát vào và hầm cho đến khi nước sôi khoảng 10 - 15 phút trên lửa vừa. Mách nhỏ:Để nước hầm được trong thì khi nước sôi, bạn vớt bỏ hết phần bọt đi nhé. Tiếp tục cho củ cải cắt khúc và cà rốt vào hầm khoảng 40 - 50 phút trên lửa vừa cho củ cải chín mềm. Cuối cùng bạn nêm 2 muỗng cà phê muối, 2 muống cà phê hạt nêm, 2 muỗng cà phê đường và 1 muỗng cà phê bột ngọt vào. Nấu thêm khoảng 5 phút cho gia vị ngấm rồi bạn nêm nếm lại vừa ăn, tắt bếp là hoàn thành.', 'Bước 3 - Làm nước chấm: Bạn cho vào đĩa 3 muỗng canh nước tương, 1 muỗng cà phê đường, 1 muỗng cà phê tỏi băm, 1 quả ớt cắt nhỏ và vắt 1 quả tắc vào, khuấy đều hỗn hợp, nêm nếm vừa khẩu vị gia đình mình là được nhé!', 'Bước 4 - Thành phẩm: Cho lẩu xí quách ra khỏi nồi thêm tí hành lá cắt nhỏ và thưởng thức nào. Nước dùng ngọt thanh, trong veo, xí quách mềm ngọt, hút được cả tủy béo ngậy không bị hôi. Chấm kèm nước chấm cay cay chua chua. Món này sẽ làm cả nhà mình xuýt xoa nha!']","['Xem thêm:Cách chọn mua cà rốt tươi ngon', 'Bạn nên nhờ người bán chặc xương bò làm đôi, để khi hoàn thành món ăn mình ăn được tủy nhé!', 'Để nước hầm được trong thì khi nước sôi, bạn vớt bỏ hết phần bọt đi nhé.', 'Xem thêm:Cách nấu lẩu bò thơm ngon nóng hổi chẳng khác gì ngoài hàngCách nấu lẩu bao tử hầm tiêu xanh nóng hổi, thơm ngon đậm đà2 cách nấu lẩu mắt cá ngừ đại dương siêu ngon đậm đà chuẩn vị nhà hàng']",,dienmayxanh.com
https://www.dienmayxanh.com/vao-bep/2-cach-nau-lau-bo-kim-chi-chua-cay-ngon-hap-dan-de-lam-cho-10573,Món Lẩu,2 cách nấu lẩu bò kim chi chua cay ngon hấp dẫn dễ làm cho bữa tiệc,"Lẩu bò kim chi làmón lẩukhông thể phù hợp hơn dành cho những buổi tụ họp bạn bè, vừa ngon miệng, vừa chất lượng. Thịt bò ngọt đậm đà kết hợp cùng kim chi cay cay giúp đỡ ngấy. Hôm nay, cùng trổ tàivào bếpthực hiện món lẩu vô cùng thơm ngon này nhé.",,30 phút + 45 phút + 20 phút + 30 phút,Cho 4 người,,16,"['Đuôi bò - 1 kg', 'Thịt bắp bò - 200 gr', 'Kim chi - 300 gr', 'Rau cải - 200 gr', 'Nấm đùi gà - 300 gr', 'Cà chua - 2 trái', 'Hành tây - 1 củ', 'Ớt sa tế - 2 muỗng canh', 'Sả - 3 tép', 'Gừng - 1 củ', 'Hành tím băm - 1/2 muỗng canh', 'Tỏi băm - 1/2 muỗng canh', 'Viên thả lẩu - 1 ít ((cá viên/ bò viên/ đậu hũ hải sản))', 'Bột ớt Hàn Quốc - 1/2 muỗng canh', 'Dầu ăn - 1 muỗng canh', 'Gia vị thông dụng - 1 ít ((đường/ muối/ hạt nêm))']","['Bước 1 - Sơ chế bắp bò và đuôi bò: Đuôi bò rửa thật sạch với nước. Để khử mùi hôi, bạn luộc sơ chúng với nước thêm xíu muối và gừng trong 15 phút. Sau 15 phút, bạn vớt ra rửa sạch với nước rồi để ráo. Cách khử mùi đuôi bò:Bên cạnh việc luộc đuôi bò với xíu muối và gừng, để khử mùi hôi của đuôi bò bạn cũng có thể ngâm chúng với nước muối trong 10 phút, sau đó, rửa sạch với nước lạnh rồi vớt ra rổ để ráo. Đối với bắp bò, để khử mùi hôi, bạn chà xát chúng với muối, rửa lại nhiều lần với nước rồi để ráo. Sau khi thịt bò ráo thì bạn cắt lát mỏng.', 'Bước 2 - Sơ chế rau nấm ăn kèm: Rau cải cắt bỏ lá bị hư và góc rễ đi, rửa sạch với nước rồi xếp ra đĩa. Để khử mùi hôi của nấm, bạn ngâm nấm đùi gà và nấm kim châm vào nước muối loãng trong 10 phút. Sau đó vớt ra để ráo. Nấm đùi gà sau khi rửa sạch rồi thì cắt lát, còn nấm kim châm thì bạn dùng thịt bắp bò cuộn lại thành thịt bò cuộn nấm kim châm. Cà chua cắt bỏ cuống, rửa thật sạch với nước rồi cắt thành hình múi cau. Hành tây lột bỏ vỏ, rửa sạch rồi cắt nhỏ.', 'Bước 3 - Nấu lẩu: Cho vào nồi lẩu điện 1 muỗng canh dầu ăn, đợi dầu nóng, bạn cho 1/2 muỗng canh hành tím băm, 1/2 muỗng canh tỏi băm và 3 tép sả đã đập dập vào, đảo đều chúng tỏa hương thơm thì bạn cho kim chi vào. Tiếp tục đảo thêm khoảng 1 phút nữa thì cho hành tây và cà chua vào, nấu hỗn hợp này trong khoảng 15 phút. Sau 15 phút thì bạn tiếp tục cho đuôi bò vào, nêm thêm 1/2 muỗng canhớt bột Hàn Quốc, 2 muỗng canhớt sa tế, rồi đổ thêm khoảng 1 lít nước nóng. Sau khi đổ thêm nước thì bạn nêm tiếp thêm 1 muỗng canh đường, 1/2 muỗng canh muối, 1/2 muỗng canh hạt nêm, nấu thêm 20 phút nữa. Sau 20 phút, bạn nêm nếm lại cho hợp với khẩu vị gia đình bạn là có thể bắt đầu thưởng thức được rồi.', 'Bước 4 - Thành phẩm: Lẩu đuôi bò kim chi sau khi hoàn thành vô cùng hấp dẫn, nước lẩu đậm đà, màu đỏ tươi bắt mắt. Khi thưởng thức bạn sẽ cảm nhận được vị ngọt của các loại topping, rau nấm và nước lẩu hòa quyện vô cùng đậm đà, vừa miệng. Khi ăn, bạn nên nhúng từ từ các loại topping, rau nấm vào, ăn đến đâu thì nhúng đến đó để đảm bảo độ ngon của món lẩu nhé.']","['Xem chi tiết:Cách chọn mua thịt bò tươi ngon', 'Xem chi tiết:Cách chọn mua nấm hương (nấm đông cô) tươi ngon.', 'Xem chi tiết:Cách chọn nấm đùi gà tươi ngon, chất lượng', 'Xem chi tiết:Cách chọn mua nấm kim châm tươi ngon, chất lượng', 'Xem chi tiết:Cách chọn mua cà chua tươi ngon, chất lượng', 'Cách khử mùi đuôi bò:Bên cạnh việc luộc đuôi bò với xíu muối và gừng, để khử mùi hôi của đuôi bò bạn cũng có thể ngâm chúng với nước muối trong 10 phút, sau đó, rửa sạch với nước lạnh rồi vớt ra rổ để ráo.', 'Xem thêm:Cách làm đậu hũ mềm ngon bằng máy xay sinh tố đơn giản tại nhà.', 'Xem thêm:Cách làm xúc xích heo tại nhà an toàn cực ngon hấp dẫn.Cách làm xúc xích gà mới lạ thơm ngon hấp dẫn.', 'Xem thêm:Hướng dẫn chi tiết cách nấu lẩu kim chi Hàn Quốc ngon ngất ngây.2 cách nấu lẩu bò viên sa tế và chua cay thơm ngon dễ làm cho bữa tiệc.Cách nấu lẩu bò nướng hầm sả thơm lừng hấp dẫn ngon khó cưỡng.']",,dienmayxanh.com
https://www.dienmayxanh.com/vao-bep/cach-nau-lau-ghe-rau-muong-thanh-ngot-bo-duong-thom-ngon-don-14848,Món Lẩu,"Cách nấu lẩu ghẹ rau muống thanh ngọt, bổ dưỡng thơm ngon đơn giản tại nhà","Lẩu ghẹ rau muống là mộtmón lẩulạ miệng, chỉ cần vài nguyên liệu đơn giản cùng bí quyết nêm nếm chuẩn vị là bạn đã có ngay một món ăn để thoải mái chiêu đãi bạn bè. Cùngvào bếphọc ngay cách nấu lẩu ghẹ rau muống thanh ngọt, bổ dưỡng đơn giản ngay tại nhà nhé!",,20 phút + 30 phút,Cho 4 người,,10,"['Ghẹ - 2 kg', 'Rau muống - 1 kg', 'Cà chua - 2 quả', 'Tỏi phi - 1 muỗng canh', 'Hành tím phi - 1 muỗng canh', 'Gừng băm - 1 muỗng cà phê', 'Nước dùng xương - 300 ml ((hoặc nước luộc thịt heo/ thịt gà))', 'Nước mắm - 1 muỗng cà phê', 'Sa tế - 1 muỗng cà phê', 'Gia vị thông dụng - 1 ít ((đường/ hạt nêm/ bột ngọt))']","['Bước 1 - Sơ chế ghẹ: Ghẹ bạn rửa thật sạch, tiếp đến, cẩn thận tách phần mai ghẹ ra để riêng rồi bẻ phần thân ghẹ làm đôi theo chiều dọc rồi loại bỏ phần phổi rồi để vàorổcho ráo nước.', 'Bước 2 - Sơ chế các nguyên liệu khác: Rau muống bạn ngắt lấy phần cọng non, giòn, bẻ từng khúc vừa ăn rồi rửa nhiều lần với nước lạnh. Còn cà chua thì rửa sạch, cắt bỏ phần đầu rồi cắt tiếp thành hình múi cau.', 'Bước 3 - Nấu nước dùng: Bắcchảo lớn lòng sâuhoặc nồi lênbếp, cho vào 1 muỗng canh tỏi phi, 1 muỗng canh hành tím phi, 2 quả cà chua đã cắt hình múi cau rồi đảo đều khoảng 1 phút. Tiếp theo thêm vào 150ml nước dùng xương và đun trong khoảng 5 - 7 phút thì nêm thêm 1/2 muỗng cà phê đường, 1 muỗng canh bột ngọt, 1/2 muỗng canh hạt nêm, 1 muỗng cà phê nước mắm và 1 muỗng cà phêsa tế, khuấy đều cho gia vị tan hết. Sau đó, thêm vào 150ml nước dùng xương còn lại vào và đun với lửa lớn vừa đến khi phần nước lẩu sôi lên. Lúc này bạn có thể nêm nếm lại lần nữa sao cho phù hợp với khẩu vị của cả nhà nhé!', 'Bước 4 - Luộc ghẹ và rau muống: Sau khi đun nước dùng xong thì cho toàn bộ ghẹ vào, đảo sơ, đậy nắp lại và nấu trong 10 - 15 phút, đến khi vỏ ghẹ chuyển sang màu cam nhạt thì bạn cẩn thận vớt ghẹ cho vào một cáinồi. Tiếp đó, bạn thêm vào nước dùng lẩu 1 muỗng cà phê gừng băm và cho rau muống vào, luộc sơ khoảng 3 - 5 phút thì cẩn thận gắp vào nồi đã đựng ghẹ.', 'Bước 5 - Hoàn thành: Cuối cùng bạn đổ hết phần nước dùng lẩu vào nồi ghẹ và rau muống rồi đem đun lại cho sôi nóng là đã hoàn thành và sẵn sàng để thưởng thức ngay rồi.', 'Bước 6 - Thành phẩm: Lẩu ghẹ rau muống với cách làm đơn giản, điểm nhấn chính là phần nước dùng siêu ngọt nước, đậm đà, cùng với đó phần thịt ghẹ dai mềm, phần gạch thơm béo, rau muống giòn giòn, mọng nước chắc chắn sẽ khiến bạn sẽ thích mê khi thưởng thức. Bạn nhớ ăn lẩu kèm bún tươi hay mì gói cũng như chuẩn vị thêm một chénsốt chấm ớt xanhđể chấm ghẹ nhé!']","['Xem chi tiết:Bí quyết chọn mua ghẹ ngon, chắc thịt', 'Xem thêm:3 cách nấu lẩu ghẹ thơm ngon nức mũi, ai thấy cũng ghiềnCách nấu lẩu kim chi hải sản Hàn Quốc chua cay đậm đà hương vị ngon hết ý2 cách nấu lẩu nghêu rau muống và lẩu nghêu chua cay ngọt thơm hấp dẫn']",,dienmayxanh.com
https://www.dienmayxanh.com/vao-bep/cach-lam-lau-luon-nau-me-chua-ngot-hap-dan-an-khong-ngung-08158,Món Lẩu,"Cách làm lẩu lươn nấu mẻ chua ngọt hấp dẫn, ăn không ngừng","Hôm nay hãy cùng với Điện máy XANHvào bếp, xem ngay cách làm món lẩu lươn nấu mẻ chua ngọt, thơm ngon, ăn là ghiền. Chỉ với các bước vô cùng đơn giản, đảm bảo bạn có thể thực hiện đượcmón lẩuhấp dẫn này một cách nhanh chóng!",,15 phút + 30 phút,Cho 4 người,,12,"['Lươn - 1 kg', 'Hành tím - 1 muỗng canh (( băm nhuyễn))', 'Hành phi - 2 muỗng cà phê', 'Tỏi - 1 muỗng canh (( băm nhuyễn))', 'Tỏi phi - 2 muỗng cà phê', 'Ớt sừng - 1 trái (( cắt lát))', 'Cà chua - 2 quả (( cắt múi cau))', 'Rau sống các loại - 100 gr', 'Cơm mẻ - 3 muỗng canh', 'Nước mắm - 1/2 muỗng canh', 'Dầu ăn - 1 muỗng canh', 'Gia vị thông dụng - 1 ít ((đường/ muối/ hạt nêm/ bột ngọt))']","['Bước 1 - Sơ chế lươn: Lươn mua về làm sạch nhớt, loại bỏ phần nội tạng bên trong rồi dùng dao cắt thành từng đoạn ngắn vừa ăn. Cách sơ chế lươn sạch nhớt, khử mùi tanh', 'Cách 1:Dùng muối chà xát toàn thân lươn thật đều trong khoảng 2 phút, tuốt hết nhớt đi. Rửa lại với nước cho thật sạch.', 'Cách 2:Bạn có thể dùng nước vo gạo hoặc nước cốt chanh tuốt thân lươn nhiều lần, từ đầu đến đuôi. Khi tuốt hết nhớt, rửa lại với nước sạch từ 1 - 2 lần.', 'Cách 3:Tro bếp cũng được sử dụng khá phổ biến, bạn chỉ cần dùng tro chà xát thật đều trên thân lươn, dùng tay tuốt hết chất nhớt đi. Rửa lại với nước là sạch ngay.', 'Cách 4:Cho lươn vào túi nilong, đặt trong ngăn đá tủ lạnh trong khoảng 2 giờ, sau đó mang đi ngăm nước, dùng giẻ lưới tuốt đều nhiều lần từ đầu đến đuôi lươn. Rửa lại với nước để làm sạch nhớt hoàn toàn.', 'Bước 2 - Ướp lươn: Ướp lươn với 1.5 muỗng cà phê hạt nêm, 1/2 muỗng cà phê bột ngọt, 1 muỗng cà phê tỏi phi, 1 muỗng cà phê hành phi, thêm vài lát ớt sừng cắt mỏng vào. Dùng đũa trộn đều giúp lươn thấm đều gia vị. Mách bạn:Bạn có thể tự điều chỉnh lượng gia vị nêm nếm lại sao cho phù hợp với khẩu vị của gia đình.', 'Bước 3 - Nấu lẩu: Bắc lên bếp 1 cái nồi đun nóng 1 muỗng canh dầu ăn, phi thơm 1 muỗng canh hành tím băm, 1 muỗng canh tỏi băm. Khi hành tỏi vàng bạn thêm vào nồi 1 lít nước, đun với lửa lớn đến khi nước sôi. Dùng rây lược lại khoảng 3 muỗng canh cơm mẻ cho vào nồi, khuấy đều. Cho cà chua, nêm với 2 muỗng cà phê hạt nêm, 1/3 muỗng cà phê muối, 3 muỗng cà phê đường, thêm 1/2 muỗng canh nước mắm, dùng muỗng khuấy đều rồi nêm nếm lại cho vừa ăn. Thêm vào 1 muỗng cà phê tỏi phi, 1 muỗng cà phê hành phi, cho dậy mùi thơm hấp dẫn, vài lát ớt sừng cắt mỏng giúp tạo màu sắc bắt mắt, là có thể tắt bếp.', 'Bước 4 - Hoàn thành: Cho một lượng nước lẩu vừa đủ vào nồi nhỏ hơn và đặt trên bếp gas, bày thêm rau sống đã được chuẩn bị trước đó. Thêm đĩa lươn đã được tẩm ướp đầy đủ gia vị và chuẩn bị thưởng thức. Đun đến khi nước lẩu sôi bùng lên thì nhúng thịt lươn vào nồi, đậy nắp giúp thịt lươn nhanh chín hơn. Nhúng thêm rau sống yêu thích, chờ nồi lẩu sôi trở lại, thịt lươn chín là có thể dùng rồi. Mách bạn:Nên chia lươn thành nhiều lần nhúng, ăn đến đâu nhúng đến đó, sẽ ngon hơn rất nhiều.', 'Bước 5 - Thành phẩm: Nước dùng được nếm nếm đầy đủ gia vị mang hương vị đậm đà, kết hợp với cơm mẻ tạo vị chua chua ngọt ngọt, vị thanh tự nhiên. Thoang thoảng mùi thơm của gạo lên men, mùi thơm của hành tỏi phi, ăn kèm với thịt lươn chín đều, thớ thịt dày, dai ngon mà không bị bở nát, ăn là ghiền. Lẩu lươn nấu mẻ thích hợp dùng chung với bún, thêm nhiều rau sống và chấm với nước mắm nguyên chất là ngon ngất ngây nhé.']","['Xem chi tiết:Cách chọn lươn ngon, săn chắc thịt', 'Xem chi tiết:3 cách làm mẻ chua nhanh, không bị mốc cực dễ ngay tại nhà', 'Cách sơ chế lươn sạch nhớt, khử mùi tanhCách 1:Dùng muối chà xát toàn thân lươn thật đều trong khoảng 2 phút, tuốt hết nhớt đi. Rửa lại với nước cho thật sạch.Cách 2:Bạn có thể dùng nước vo gạo hoặc nước cốt chanh tuốt thân lươn nhiều lần, từ đầu đến đuôi. Khi tuốt hết nhớt, rửa lại với nước sạch từ 1 - 2 lần.Cách 3:Tro bếp cũng được sử dụng khá phổ biến, bạn chỉ cần dùng tro chà xát thật đều trên thân lươn, dùng tay tuốt hết chất nhớt đi. Rửa lại với nước là sạch ngay.Cách 4:Cho lươn vào túi nilong, đặt trong ngăn đá tủ lạnh trong khoảng 2 giờ, sau đó mang đi ngăm nước, dùng giẻ lưới tuốt đều nhiều lần từ đầu đến đuôi lươn. Rửa lại với nước để làm sạch nhớt hoàn toàn.', 'Mách bạn:Bạn có thể tự điều chỉnh lượng gia vị nêm nếm lại sao cho phù hợp với khẩu vị của gia đình.', 'Mách bạn:Nên chia lươn thành nhiều lần nhúng, ăn đến đâu nhúng đến đó, sẽ ngon hơn rất nhiều.', 'Xem thêm:Cách nấu lẩu cá bông lau thơm ngon, chuẩn vị miền Tây đơn giản tại nhàCách làm cá tra nhúng giấm đặc sản miền Tây thơm ngon đơn giảnCách nấu lẩu cá chim chua cay thơm ngon đậm đà hấp dẫn']",,dienmayxanh.com
https://www.dienmayxanh.com/vao-bep/cach-nau-lau-duoi-bo-thuoc-bac-bang-noi-ap-suat-nhanh-chong-15720,Món Lẩu,Cách nấu lẩu đuôi bò thuốc bắc bằng nồi áp suất nhanh chóng cực hấp dẫn,"Một trong những đặc trưng của nền ẩm thực Việt làmón lẩu. Hiện nay, lẩu được chế biến với nguyên liệu rất đa dạng. Ngay bây giờ, Điện máy XANH sẽ mách bạn cách nấu lẩu đuôi bò thuốc bắc vừa hấp dẫn, vừa nhanh chóng bằng nồi áp suất. Hãy cùngvào bếpđể khám phá công thức ngay nhé!",,20 phút + 30 phút,Cho 5 người,,20,"['Đuôi bò - 2 kg', 'Thuốc bắc - 1 gói ((100gr))', 'Mì trứng - 1 gói', 'Đậu hũ - 2 miếng', 'Nấm đùi gà - 200 gr', 'Nấm kim chi - 200 gr', 'Mướp - 2 quả', 'Rau ăn kèm lẩu - 500 gr ((rau muống/ cải xanh/ rau mồng tơi/ rau má))', 'Ớt - 2 quả', 'Sả - 10 cây', 'Gừng - 1 củ', 'Hành tây - 1 củ', 'Hành tím - 5 củ', 'Tỏi - 3 củ', 'Chao trắng - 1 ít', 'Sữa đặc - 1 muỗng cà phê', 'Nước mắm - 1 muỗng canh', 'Rượu trắng - 1 ít', 'Đường phèn - 1 muỗng canh', 'Muối - 1 ít']","['Bước 1 - Sơ chế nguyên liệu: Đuôi bò sau khi mua về, bạn cạo sạch lông còn sót lại, rồi rửa vớirượucho hết mùi hôi, sau đó dùng dao chặt nhỏ thành từng đoạn vừa ăn. Cách 1: Đuôi bò sau khi cạo sạch lông thì dùng 1 muỗng canh muối chà xát lên khắp đuôi bò, rồi rửa lại thật sạch với nước. Cách này vừa đơn giản, vừa khử mùi rất hiệu quả.Cách 2: Bạn đun khoảng 500ml nước đến khi sôi thì cho đuôi bò vào chần sơ trong vòng 7 - 10 phút. Sau đó, chỉ cần vớt đuôi bò ra và rửa lại với nước.Cách 3: Sau khi rửa sơ với nước sạch, bạn cho đuôi bò vào ngâm với rượu và 1 ít gừng giã nhỏ. Sau 5 phút thì vớt đuôi bò ra rửa lại với nước là xong.Xem thêm:Tuyệt chiêu khử mùi hôi các loại thịt hay chị em nên biết Xem thêm:Tuyệt chiêu khử mùi hôi các loại thịt hay chị em nên biết Với hành tây, hành tím, gừng thì bạn rửa sạch, rồi cho hành tây và gừng vào nồi chiên không dầu nướng trong vòng 5 phút với nhiệt độ khoảng 170 độ C. Sau đó, tiếp tục cho củ hành tím vào nướng cùng thêm 5 phút. Sả thì bạn tách bỏ vỏ sần sùi, rửa sạch rồi cắt đôi. Đậu hũ thì bạn rửa sơ với nước sạch, rồi dùng dao cắt thành những miếng vuông vừa ăn.', 'Cách 1: Đuôi bò sau khi cạo sạch lông thì dùng 1 muỗng canh muối chà xát lên khắp đuôi bò, rồi rửa lại thật sạch với nước. Cách này vừa đơn giản, vừa khử mùi rất hiệu quả.', 'Cách 2: Bạn đun khoảng 500ml nước đến khi sôi thì cho đuôi bò vào chần sơ trong vòng 7 - 10 phút. Sau đó, chỉ cần vớt đuôi bò ra và rửa lại với nước.', 'Cách 3: Sau khi rửa sơ với nước sạch, bạn cho đuôi bò vào ngâm với rượu và 1 ít gừng giã nhỏ. Sau 5 phút thì vớt đuôi bò ra rửa lại với nước là xong.', 'Bước 2 - Sơ chế rau củ ăn kèm: Các loại rau như cải xanh, rau muống, mồng tơi, rau má thì nhặt bỏ lá già, những lá bị héo úa rồi đem đi rửa sạch, sau đó cắt khúc ngắn. Với nấm kim châm, nấm đùi gà thì gọt bỏ chân nấm, rồi rửa sạch với nước muối. Mướp thì bạn dùng dao bào sạch vỏ, rửa sạch và cắt lát vừa ăn.', 'Bước 3 - Hầm đuôi bò: Đầu tiên, bạn lần lượt cho toàn bộ đuôi bò, hành tây, hành tím, gừng đã nướng, sả cắt đôi vào nồi áp suất. Kế đến là đổ nước vào nồi sao cho vừa ngập các nguyên liệu và hầm áp suất trong vòng 15 phút. Tiếp theo, bạn rửa sạch toàn bộ nguyên liệu trong gói thuốc bắc, rồi cho vào rổ để ráo nước. Sau 15 phút thì xả van khí của nồi áp suất, rồi cho thuốc bắc vào nồi và tiếp tục hầm áp suất thêm 5 phút. Sau 5 phút, bạn xả hết khí trong nồi áp suất, sau đó nêm nếm nước lẩu với 1 muỗng canh nước mắm, 2 muỗng cà phê muối, 1 muỗng canh đường phèn. Bạn có thể nêm nếm thêm cho vừa với khẩu vị của mình. Cuối cùng là cho đuôi bò hầm thuốc bắc ra một nồi lẩu.', 'Bước 4 - Pha nước chấm: Bạn lột sạch vỏ tỏi, rồi đem đi giã nhuyễn cùng với ớt. Sau đó, lần lượt cho tỏi ớt giã nhuyễn, 1 muỗng cà phêsữa đặc, 2 viênchao trắngvào chén, rồi tán đều đến khi chao nhuyễn là được.', 'Bước 5 - Thành phẩm: Bày nồi lẩu đuôi bò thuốc bắc ra bàn ăn, cùng với các loại rau, nấm, đậu hũ và mì trứng. Khi thưởng thức, bạn chỉ cần mở bếp đun nóng lại nước lẩu, rồi nhúng rau, mì ăn kèm. Nồi lẩu đuôi bò thuốc bắc đặc trưng bởi mùi thơm của thuốc bắc, nước lẩu thì có vị ngọt thanh, tự nhiên từ đuôi bò, thuốc bắc, đuôi bò thì chín mềm. Xương đuôi bò bạn phải chấm với chao để cảm nhận được vị đậm đà hơn nhé.']","['Xem thêm:Mẹo chọn mua, cách chế biến thịt bò không hôi và các món ngon từ thịt bò', 'Xem thêm:Tổng hợp 14 món hầm, tiềm thuốc bắc bồi bổ sức khoẻ, tăng sức đề kháng', 'Mẹo khử mùi hôi ở đuôi bòCách 1: Đuôi bò sau khi cạo sạch lông thì dùng 1 muỗng canh muối chà xát lên khắp đuôi bò, rồi rửa lại thật sạch với nước. Cách này vừa đơn giản, vừa khử mùi rất hiệu quả.Cách 2: Bạn đun khoảng 500ml nước đến khi sôi thì cho đuôi bò vào chần sơ trong vòng 7 - 10 phút. Sau đó, chỉ cần vớt đuôi bò ra và rửa lại với nước.Cách 3: Sau khi rửa sơ với nước sạch, bạn cho đuôi bò vào ngâm với rượu và 1 ít gừng giã nhỏ. Sau 5 phút thì vớt đuôi bò ra rửa lại với nước là xong.Xem thêm:Tuyệt chiêu khử mùi hôi các loại thịt hay chị em nên biết', 'Lưu ý: Để cảm nhận được vị ngọt và thơm của đuôi bò và thuốc bắc, bạn nên nêm nếm nhạt thôi nhé.', 'Xem thêm:2 cách nấu lẩu đuôi bò khoai môn và thuốc bắc mềm ngon đậm đàCách làm đuôi bò hầm đậu đen thơm ngon, giúp giảm đau xương khớpCách làm đuôi bò hầm củ sen thơm ngon, thanh mát và bổ dưỡng']",,dienmayxanh.com
https://www.dienmayxanh.com/vao-bep/cach-nau-lau-ca-tam-nau-me-thom-ngon-la-vi-chieu-dai-gia-dinh-08094,Món Lẩu,Cách nấu lẩu cá tầm nấu mẻ thơm ngon lạ vị chiêu đãi gia đình dịp cuối tuần,"Cá tầm là một cá giàu chất dinh dưỡng và dễ chế biến. Hôm nay, chuyên trangVào bếpcủa Điện máy XANH sẽ hướng dẫn bạn cách làmmón lẩucá tầm nấu mẻ thơm ngon, đơn giản tại nhà để chiêu đãi gia đình nhé. Trổ tài vào bếp ngay nào!",,20 phút + 45 phút,Cho 4 người,,15,"['Cá tầm - 1 con ((khoảng 1kg))', 'Cơm mẻ - 100 gr ((khoảng 1/2 tô canh))', 'Bắp chuối hột - 200 gr', 'Bông súng - 200 gr', 'Cần tàu - 3 nhánh', 'Rau ngổ - 2 nhánh ((ngò ôm))', 'Ngò gai - 3 nhánh', 'Tỏi - 1 củ', 'Chanh - 1 quả', 'Sả - 2 cây', 'Lá sả - 2 lá', 'Ớt - 3 trái', 'Nước mắm - 3 muỗng canh', 'Dầu ăn - 2 muỗng canh', 'Đường/ hạt nêm - 1 ít']","['Bước 1 - Sơ chế cá tầm: Cá tầm mua về, để làm sạch lớp nhớt bạn đem ngâm vào trong thau nước có pha muối và giấm khoảng 3 - 5 phút. Sau đó, dùng dao cạo sạch nhớt. Bắt đầu tiến hành cắt bỏ hết gai trên thân cá rồi rửa lại với nước sạch. Sau đó, dùng 1 quả chanh chà xát lên toàn bộ thân cá để loại bỏ mùi tanh và làm sạch nhớt thêm 1 lần nữa. Tiếp đến, bạn dùng dao rạch một đường dọc bụng cá rồi tiến hành loại bỏ hết phần ruột bên trong. Cuối cùng đem cá rửa lại với nước sạch rồi cắt thành những khúc vừa ăn theo chiều ngang. Mách nhỏ:Ở bước cạo nhớt, bạn nên thực hiện thao tác này khoảng 2 - 3 lần để loại bỏ được hoàn toàn nhớt, giúp món ăn ngon hơn.Để thực hiện món ăn nhanh chóng và dễ dàng, bạn có thể nhờ người bán làm sạch cá rồi mang về rửa lại với muối là đã có thể chế biến ngay. Mách nhỏ:', 'Ở bước cạo nhớt, bạn nên thực hiện thao tác này khoảng 2 - 3 lần để loại bỏ được hoàn toàn nhớt, giúp món ăn ngon hơn.', 'Để thực hiện món ăn nhanh chóng và dễ dàng, bạn có thể nhờ người bán làm sạch cá rồi mang về rửa lại với muối là đã có thể chế biến ngay.', 'Bước 2 - Sơ chế các nguyên liệu khác: 1 củ tỏi đập dập, cắt vỏ rồi băm nhuyễn. Tương tự như vậy, bạn cũng băm nhỏ 2 cây sả và 3 trái ớt rồi trộn lại với nhau tạo thành hỗn hợp sả ớt. Rửa sạch 3 nhánh cần tàu, 200gr bắp chuối hột, 200gr bông súng rồi đem cắt thành những khúc vừa ăn. 3 nhánh ngò gai và 2 nhánh rau ngổ đem rửa với nước sạch rồi cắt nhỏ, trộn lẫn với nhau.', 'Bước 3 - Nấu nước lẩu: Đầu tiên, bạn bắc nồi lên bếp và đun sôi 2 muỗng canh dầu ăn. Tiếp đến, cho phần tỏi băm nhuyễn vào phi thơm. Khi thấy tỏi gần chín thì cho 1/2 hỗn hợp sả ớt băm vào đảo đều tay khoảng 1 - 2 phút rồi vớt ra dĩa. Tiếp tục đun sôi 1 lít nước trong nồi, khi thấy nước vừa sôi lên thì bạn dùng rây lọc 1/2 tô cơm mẻ vào, cho thêm 2 muỗng cà phê hạt nêm, 3 muỗng cà phê đường trắng cùng 3 muỗng canh nước mắm vào rồi khuấy đều tay để các gia vị hòa quyện vào nhau. Chờ cho đến khi nước lẩu thật sôi thì bạn bắt đầu cho cá tầm, 2 lá sả cùng hỗn hợp sả ớt còn lại vào nấu trong khoảng 20 - 25 phút ở lửa vừa. Mách nhỏ: Để giúp nước lẩu được trong và thơm ngon hơn, trong quá trình đun, bạn nhớ vớt bỏ bọt đi nhé. Mách nhỏ: Để giúp nước lẩu được trong và thơm ngon hơn, trong quá trình đun, bạn nhớ vớt bỏ bọt đi nhé.', 'Bước 4 - Hoàn thành: Sau khi thịt cá đã chín, bạn cho cần tàu, rau ngổ, ngò gai, bông súng và bắp chuối đã sơ chế vào nấu thêm khoảng 5 - 10 phút, nêm nếm lại cho vừa ăn rồi tắt bếp. Vậy là món cá tầm nấu mẻ đã hoàn thành xong.', 'Bước 5 - Thành phẩm: Món lẩu cá tầm nấu mẻ toả mùi hương nồng nàn, vô cùng kích thích vị giác. Thịt cá chắc ngọt trộn lẫn với bông súng, bắp chuối dai mềm hoà quyện trong phần nước lẩu chua ngọt đậm đà. Món này ăn kèm với nước mắm ớt và bún thì ngon hết sẩy.']","['Xem chi tiết:Cách chọn mua cá tươi ngon chất lượng', 'Xem chi tiết:3 cách làm mẻ chua nhanh không bị mốc cực dễ', 'Ở bước cạo nhớt, bạn nên thực hiện thao tác này khoảng 2 - 3 lần để loại bỏ được hoàn toàn nhớt, giúp món ăn ngon hơn.Để thực hiện món ăn nhanh chóng và dễ dàng, bạn có thể nhờ người bán làm sạch cá rồi mang về rửa lại với muối là đã có thể chế biến ngay.', 'Để giúp nước lẩu được trong và thơm ngon hơn, trong quá trình đun, bạn nhớ vớt bỏ bọt đi nhé.', 'Xem thêm:Cách nấu lẩu cá bông lau thơm ngon, chuẩn vị miền Tây đơn giản tại nhà2 cách nấu lẩu cá bớp ngon không tanh chua chua cay cay ai cũng ghiềnCách làm lẩu cá trê nấu mẻ thơm ngon thanh mát đậm hương vị']",,dienmayxanh.com
https://www.dienmayxanh.com/vao-bep/cach-nau-lau-bao-tu-ham-tieu-xanh-nong-hoi-thom-ngon-dam-da-08207,Món Lẩu,"Cách nấu lẩu bao tử hầm tiêu xanh nóng hổi, thơm ngon đậm đà","Vào những ngày thời tiết trở gió hay những ngày cuối đông se lạnh, cả gia đình được ngồi quanh nồi lẩu nóng hổi thì thật tuyệt vời. Hôm nay Điện máy XANH sẽ cùng các bạnvào bếpđể nấu ngay mộtmón lẩuthơm ngon nhé!",,20 phút + 40 phút,Cho 4 người,,15,"['Bao tử heo - 500 gr', 'Cà rốt - 100 gr', 'Củ cải trắng - 150 gr', 'Tiêu xanh - 50 gr', 'Gừng - 1 củ', 'Hành tây - 50 gr', 'Hành lá - 20 gr', 'Cần tàu - 20 gr', 'Hành phi - 1 thìa cà phê', 'Hành tím - 1 củ', 'Dầu ăn - 2 thìa canh', 'Nước mắm - 1 thìa canh', 'Dầu hào - 1 thìa canh', 'Rượu trắng - 2 thìa canh', 'Gia vị thông dụng - 1 ít ((đường/ hạt nêm/ muối/ bột ngọt))']","['Bước 1 - Sơ chế nguyên liệu: Để bao tử heo được sạch và không còn mùi tanh, bạn dùng muối chà sát lên khắp bao tử, cạo sạch chất nhầy, và rửa bao tử qua nhiều lần nước cho sạch. Các nguyên liệu khác như cà rốt, củ cải trắng, hành tây cắt thành từng miếng vừa ăn. Cần tàu, hành lá bạn cắt khúc. Tiêu xanh bạn rửa sạch để ráo và giã nhuyễn 1 chùm. Gừng bạn cắt lát 1/2 củ, phần còn lại giã nhuyễn. Hành tím băm nhuyễn. Bạn dùng muối hột hoặc muối thường chà sát bên trong lẫn bên ngoài của bao tử rồi rửa sạch lại với nước.Bạn cũng có thể dùng nước cốt chanh để rửa bao tử.Ngoài ra bạn có thể luộc bao tử qua nước có pha muối và gừng để khử mùi của bao tử.Xem chi tiết:Cách sơ chế bao tử sạch không tanh Xem chi tiết:Cách sơ chế bao tử sạch không tanh', 'Bạn dùng muối hột hoặc muối thường chà sát bên trong lẫn bên ngoài của bao tử rồi rửa sạch lại với nước.', 'Bạn cũng có thể dùng nước cốt chanh để rửa bao tử.', 'Ngoài ra bạn có thể luộc bao tử qua nước có pha muối và gừng để khử mùi của bao tử.', 'Bước 2 - Luộc sơ bao tử: Bạn bắc khoảng 1/3 nồi nước lên bếp, thêm 1 củ gừng cắt lát và 2 thìa canh rượu trắng sau đó cho bao tử vào luộc với lửa lớn, nước sôi bạn để lửa vừa và luộc trong 5 phút. Tiếp theo bạn vớt bao tử ra, rửa lại với nước cho nguội rồi cắt thành miếng nhỏ vừa ăn.', 'Bước 3 - Ướp bao tử: Bạn cho bao tử ra tô để ướp, thêm tiêu xanh đã giã và gừng giã nhuyễn vào, cho 1 thìa canh nước mắm, 1 thìa canh dầu hào, 1/2 thìa canh muối sau đó trộn đều, ướp trong 5 phút cho bao tử thấm gia vị.', 'Bước 4 - Nấu lẩu: Bắc nồi lên bếp, cho 2 thìa canh dầu ăn vào đun nóng, dầu nóng bạn cho hành tím băm vào phi thơm, sau đó cho bao tử đã ướp vào xào sơ khoảng 5 phút với lửa vừa. Tiếp theo bạn cho 1.5 lít nước lọc vào đun sôi lên, nước sôi bạn cho cà rốt, củ cải trắng, tiêu xanh, hành tây và nêm 3 thìa canh hạt nêm, 1.5 thìa canh bột ngọt, 4 thìa canh đường vào nấu thêm 10 phút trên lửa vừa đến khi sôi lại, bạn có thể nêm nếm lại cho vừa ăn sau đó thêm hành lá và cần tây vào rồi tắt bếp.', 'Bước 5 - Thành phẩm: Lẩu bao tử hầm tiêu xanh nóng hổi thơm phức, bao tử dai giòn, rau củ mềm ngọt, ăn kèm với ít mướp, rau mồng tơi và mì tươi là hết sảy nhé!']","['Mẹo sơ chế bao tử sạch không tanh:Bạn dùng muối hột hoặc muối thường chà sát bên trong lẫn bên ngoài của bao tử rồi rửa sạch lại với nước.Bạn cũng có thể dùng nước cốt chanh để rửa bao tử.Ngoài ra bạn có thể luộc bao tử qua nước có pha muối và gừng để khử mùi của bao tử.Xem chi tiết:Cách sơ chế bao tử sạch không tanh', 'Xem thêm:Cách làm bao tử heo rim nước mắm đơn giản, hấp dẫn, giòn sần sậtCách làm gỏi dưa leo bao tử heo - nộm dưa chuột dạ dày lợn giòn ngon2 cách nấu phá lấu bao tử heo thơm đậm đà đúng điệu Sài Gòn']",,dienmayxanh.com
https://www.dienmayxanh.com/vao-bep/cach-nau-lau-ca-tam-chua-cay-thanh-mat-giai-nhiet-cho-bua-an-08001,Món Lẩu,"Cách nấu lẩu cá tầm chua cay thanh mát, giải nhiệt cho bữa ăn tại nhà","Lẩu cá tầm chua cay là mộtmón lẩuhấp dẫn, thơm ngon bổ dưỡng, cách thực hiện lại đơn giản. Hôm nay, bạn hãy cùng Điện máy XANHvào bếpthực hiện món ăn chua chua cay cay này cho gia đình cùng thưởng thức nhé!",,15 phút + 40 phút,Cho 4 người,,20,"['Cá tầm - 1 con ((khoảng 1 kg))', 'Thơm - 1 quả ((dứa))', 'Cà chua - 4 quả', 'Nấm kim châm - 1 ít', 'Rau ăn kèm - 1 ít ((Rau muống/ rau nhút/ tùy ý thích))', 'Hành lá - 2 nhánh', 'Rau ngổ - 1 ít', 'Riềng - 1/2 nhánh', 'Sả - 2 nhánh', 'Ớt sừng - 1 quả', 'Hành tím - 1 củ', 'Tỏi - 2 tép', 'Bún tươi - 1 ít', 'Gia vị lẩu Thái - 1 gói ((5gr))', 'Tương cà - 2 muỗng canh', 'Nước tắc - 5 muỗng canh', 'Giấm gạo - 1 ít', 'Nước mắm - 1/2 muỗng canh', 'Dầu ăn - 2 muỗng canh', 'Gia vị thông dụng - 1 ít ((Muối/ đường/ hạt nêm))']","['Bước 1 - Sơ chế cá tầm: Cá tầm sau khi mua về bỏ ruột và phần mang cá. Dùng muối và giấm chà xát khắp mình cá khoảng 2 phút để cá ra sạch nhớt rồi rửa lại với nước lạnh cho sạch và để cá ráo nước. Sau đó, bạn cắt cá thành các khoanh vừa ăn khoảng 2 lóng tay. Cách sơ chế cá tầm sạch, không tanh', 'Để sơ chế cá tầm sạch không tanh, bạn nên loại bỏ sạch vây mang, vẩy và nội tạng trong bụng cá, các đường gân máu và rửa lại với vài lần nước.', 'Sử dụng muối, gừng hoặc rượu trắng chà xát lên cá khoảng 5 - 10 phút rồi rửa lại với nước.', 'Ngoài ra, bạn cũng có thể ngâm cá với muối, rượu trắng khoảng 10 phút. Hoặc dùng nước sôi cỡ 60 độ xối nhẹ lên cá và dùng dao cạo sạch nhớt.', 'Bước 2 - Sơ chế các nguyên liệu khác: Cà chua rửa sạch, cắt múi cau. Rau ngổ, hành lá rửa sạch, cắt nhỏ. Hành tím, tỏi bóc vỏ, cắt lát mỏng. Ớt cắt đôi, 1 nửa cắt lát, 1 nửa để nguyên. Riềng rửa sạch, cạo vỏ băm nhỏ. Sả rửa sạch, cắt nhỏ. Thơm cắt dọc thành nhiều lát nhỏ, cắt bỏ cùi, sau đó băm nhỏ. Cho cà chua, thơm, 1 nửa quả ớt, riềng, sả vào máy xay sinh tố xay nhuyễn. Cách gọt thơm (dứa) nhanh chóng và đơn giản Xem thêm:5 cách để gọt thơm (dứa) đơn giản, dễ làm không tốn nhiều thời gian', 'Đầu tiên bạn cắt quả thơm theo chiều dọc chia làm 4 phần bằng nhau.', 'Tiếp tục cắt xuôi theo chiều dài của miếng thơm, rồi dừng lại ở phần cuối của quả và cắt mạnh để lấy phần thịt và bỏ phần vỏ.', 'Không nên cắt quá gần phần vỏ để tránh còn lẫn mắt thơm nhé. Cuối cùng là cắt lại thành từng miếng nhỏ theo nhu cầu sử dụng là được.', 'Bước 3 - Nấu lẩu: Bắc nồi lên bếp, bật lửa vừa, thêm 2 muỗng canh dầu ăn. Đợi nóng rồi phi thơm hành tím, tỏi, sả, riềng. Tiếp đó bạn thêm cà chua, thơm, 2 lít nước vào nồi đun sôi. Nước sôi, cho cá tầm vào và đun cho nước sôi trở lại. Nêm vào nồi nước lẩu với 1 gói gia vị lẩu Thái, 2 muỗng canhtương cà, 2 muỗng canh đường, 5 muỗng canh nước tắc, 1/2 muỗng canh nước mắm, 1 muỗng cà phê hạt nêm, 1/2 muỗng canh muối. Nước lẩu sôi, bạn nêm nếm gia vị lại cho vừa ăn, thêm rau ngổ, hành lá, ớt cắt lát vào nữa là hoàn thành.', 'Bước 4 - Thành phẩm: Món lẩu cá tầm chua cay này có thể ăn kèm với bún tươi, nấm kim châm, rau nhút, rau muống, ... tùy ý thích. Nước lẩu chua chua, ngọt ngọt, cay cay quyện với thịt cá tầm thơm ngon thật hấp dẫn. Bạn chấm thêm nước mắm ớt cay nữa thì tuyệt vời nhé!']","['Xem chi tiết:Cách chọn mua cá tươi ngon chất lượng', 'Xem chi tiết:Cách chọn mua thơm (dứa) tươi ngon', 'Xem chi tiết:Cách chọn mua cà chua tươi ngon', 'Xem chi tiết:Cách chọn mua nấm kim châm tươi ngon', 'Cách sơ chế cá tầm sạch, không tanhĐể sơ chế cá tầm sạch không tanh, bạn nên loại bỏ sạch vây mang, vẩy và nội tạng trong bụng cá, các đường gân máu và rửa lại với vài lần nước.Sử dụng muối, gừng hoặc rượu trắng chà xát lên cá khoảng 5 - 10 phút rồi rửa lại với nước.Ngoài ra, bạn cũng có thể ngâm cá với muối, rượu trắng khoảng 10 phút. Hoặc dùng nước sôi cỡ 60 độ xối nhẹ lên cá và dùng dao cạo sạch nhớt.', 'Cách gọt thơm (dứa) nhanh chóng và đơn giảnĐầu tiên bạn cắt quả thơm theo chiều dọc chia làm 4 phần bằng nhau.Tiếp tục cắt xuôi theo chiều dài của miếng thơm, rồi dừng lại ở phần cuối của quả và cắt mạnh để lấy phần thịt và bỏ phần vỏ.Không nên cắt quá gần phần vỏ để tránh còn lẫn mắt thơm nhé. Cuối cùng là cắt lại thành từng miếng nhỏ theo nhu cầu sử dụng là được.Xem thêm:5 cách để gọt thơm (dứa) đơn giản, dễ làm không tốn nhiều thời gian', 'Xem thêm:Cách nấu lẩu gà mắc khén thơm lừng độc đáo thơm ngon đơn giản2 cách nấu lẩu cá bớp ngon không tanh chua chua cay cay ai cũng ghiềnCách làm lẩu cá trê nấu mẻ thơm ngon thanh mát đậm hương vị']",,dienmayxanh.com
https://www.dienmayxanh.com/vao-bep/cach-lam-lau-luon-bap-chuoi-ngon-ngot-hap-dan-don-gian-tai-08194,Món Lẩu,"Cách làm lẩu lươn bắp chuối ngon ngọt, hấp dẫn đơn giản tại nhà","Lẩu lươn bắp chuối có cách làm đơn giản, thời gian nấu nhanh, không phải chuẩn bị nguyên liệu phức tạp như các loạilẩukhác nhưng hương vị lại vô cùng hấp dẫn. Các bạn hãy cùngvào bếpngay với Điện máy XANH nhé!",,15 phút + 20 phút,Cho 4 người,,14,"['Lươn - 1 kg', 'Hoa chuối - 1 cái', 'Rau nhúng lẩu - 100 gr ((xà lách/rau ngổ/ngò gai))', 'Hành lá - 500 gr', 'Nghệ - 1 củ', 'Gừng - 1 củ', 'Tỏi - 1 củ', 'Hành tím - 2 củ', 'Sả - 5 cây', 'Cà chua - 4 trái', 'Dầu ăn - 2 muỗng canh', 'Ngũ vị hương - 1/2 muỗng cà phê', 'Nước mắm - 1 muỗng cà phê', 'Gia vị thông dụng - 1 ít ((muối/ bột ngọt/ hạt nêm))']","['Bước 1 - Sơ chế lươn: Lươn tuốt sạch nhớt, mổ bụng bỏ nội tạng sau đó rửa lại thật sạch bằng nước muối pha loãng. Chặt bỏ đầu lươn, cắt lươn thành khúc vừa ăn. Cách sơ chế lươn sạch nhớt, khử mùi tanh Cách 1:Cho lươn vào túi ni lông chung với muối hạt, xoa bóp kỹ khoảng 2 phút, sau đó tuốt hết nhớt, rửa lại bằng nước cốt chanh. Tiếp đến, xả sạch với nước sạch, để ráo. Cách 2:Dùng nước cốt chanh hoặc nước vo gạo để tuốt nhớt trên mình lươn, khi cảm thấy lươn đã sạch bạn mổ bụng, bỏ nội tạng rồi rửa lại bằng nước muối pha loãng. Cách 3:Nếu có tro bếp, bạn xoa lên lươn rồi vuốt sạch nhớt vài lần cùng với tro. Cuối cùng rửa lại với nước sạch. Cách 4:Cho lươn vào ngăn đá tủ lạnh khoảng 2 giờ, lúc chế biến lấy lươn ra ngâm vào nước lạnh rồi dùng giẻ lưới vuốt nhẹ trên thân lươn vài lần để loại bỏ độ nhớt.', 'Bước 2 - Sơ chế các nguyên liệu khác: Nghệ rửa sạch, gọt vỏ, băm nhuyễn. Sả rửa sạch, phần gốc băm nhuyễn, phần cây cắt khúc. Hành tím lột vỏ, rửa sạch, cắt lát. Tỏi bóc vỏ, băm nhỏ. Gừng cạo sạch vỏ, rửa sạch, băm nhỏ. Cà chua rửa sạch, cắt múi cau. Hành lá nhặt bỏ rễ, rửa sạch, cắt khúc dài. Hoa chuối bào sợi, rửa sạch với nước sau đó ngâm ngập trong nước muối pha loãng. Các loại rau thơm gồm ngò gai, rau ngổ, rau xà lách, rửa sạch, ngâm nước muối pha loãng khoảng 10 phút sau đó vớt ra để ráo.', 'Bước 3 - Ướp lươn: Trộn đều lươn với toàn bộ phần nghệ băm, 1/2 chỗ tỏi, gừng, sả, hành tím băm. Tiếp đến cho vào 1 muỗng cà phê hạt nêm, 1/2 muỗng cà phê bột ngọt, 1 muỗng cà phê nước mắm, 1/2 muỗng cà phê ngũ vị hương, trộn đều lươn, ướp khoảng 30 phút để lươn ngấm gia vị.', 'Bước 4 - Xào lươn và nấu lẩu: Đặt nồi lên bếp, cho vào 2 muỗng canh dầu ăn rồi cho phần hành, tỏi, gừng, sả băm, sả cây vào phi thơm. Tiếp đến cho 1/2 lượng cà chua vào xào, thấy cà chua chín tái thì cho lươn vào xào chung. Xào khoảng 10 phút, lươn gần chín bạn múc hết lươn ra tô. Nồi vừa xào lươn bạn cho vào 1 lít nước, đun sôi, sau đó cho phần cà chua còn lại và lươn xào vào, nêm nếm lại để hợp khẩu vị. Hạ lửa nhỏ, nấu sôi thêm 10 phút nữa. Khi ăn bạn cho các loại rau nhúng lẩu gồm hoa chuối, rau ngổ, ngò gai, xà lách, hành lá, vào nấu chín là hoàn tất.', 'Bước 5 - Thành phẩm: Lươn ngọt thịt dai thơm, các loại rau nhúng lẩu tươi ngon, hòa quyện trong nước lẩu đậm đà tròn vị. Bạn có thể thêm vào nồi lẩu vài lát ớt, ăn kèm bún tươi nếu thích nhé!']","['Xem chi tiết:Cách chọn mua lươn ngon, chắc thịt', 'Cách sơ chế lươn sạch nhớt, khử mùi tanhCách 1:Cho lươn vào túi ni lông chung với muối hạt, xoa bóp kỹ khoảng 2 phút, sau đó tuốt hết nhớt, rửa lại bằng nước cốt chanh. Tiếp đến, xả sạch với nước sạch, để ráo.Cách 2:Dùng nước cốt chanh hoặc nước vo gạo để tuốt nhớt trên mình lươn, khi cảm thấy lươn đã sạch bạn mổ bụng, bỏ nội tạng rồi rửa lại bằng nước muối pha loãng.Cách 3:Nếu có tro bếp, bạn xoa lên lươn rồi vuốt sạch nhớt vài lần cùng với tro. Cuối cùng rửa lại với nước sạch.Cách 4:Cho lươn vào ngăn đá tủ lạnh khoảng 2 giờ, lúc chế biến lấy lươn ra ngâm vào nước lạnh rồi dùng giẻ lưới vuốt nhẹ trên thân lươn vài lần để loại bỏ độ nhớt.', 'Xem thêm:Cách làm gỏi lươn hoa chuối giòn tan chua ngọt giải ngấy cho bữa cơm nhà2 Cách nấu canh chua lươn lá giang và bắp chuối đậm chất Nam Bộ thơm ngon2 cách nấu cháo lươn thơm ngon, bổ dưỡng dễ thực hiện tại nhà']",,dienmayxanh.com
https://www.dienmayxanh.com/vao-bep/cach-lam-banh-bao-khong-can-bot-no-thom-ngon-mem-xop-tai-nha-23545,Món Bánh,Cách làm bánh bao không cần bột nở thơm ngon mềm xốp tại nhà,"Bạn loay hoay tìm cách làm bánh bao không cần bột nở mà vẫn mềm xốp, trắng tinh? Đừng lo! Cùngvào bếpvới mẹo làm bánh bao bằng bột mì đa dụng không cần bột nở cực đơn giản, đảm bảo thành công ngay lần đầu, chomón bánhngon chuẩn vị.",,20 phút + 1 giờ 30 phút,Cho 10 bánh bao,,15,"['Bột mì đa dụng - 260 gr ((hoặc bột mì số 11))', 'Bột bắp - 40 gr ((hoặc bột năng))', 'Đường - 40 gr', 'Men nở - 3 gr', 'Sữa tươi lạnh - 170 ml', 'Dầu ăn nhạt màu - 8 ml', 'Thịt xay - 200 gr', 'Nấm mèo cắt nhỏ - 50 gr', 'Củ sắn bào đã vắt khô - 50 gr', 'Hành tỏi băm - 15 gr', 'Hạt nêm - 2 muỗng cà phê', 'Hạt tiêu - 1 muỗng cà phê', 'Dầu ăn - 2 thìa cà phê', 'Bột bắp - 1/2 muỗng canh', 'Bột ngọt - 1/2 muỗng canh']","['Bước 1 - Chuẩn bị và ướp nhân bánh bao: Đầu tiên, bạn cho 200gr thịt xay, 50gr nấm mèo cắt nhỏ, 50gr củ sắn bào đã vắt khô và 15gr hành tỏi băm vào một tô lớn. Tiếp theo, nêm gia vị tùy theo khẩu vị gia đình bạn: 2 muỗng cà phê hạt nêm, 1/2 muỗng cà phê bột ngọt, 1 muỗng cà phê hạt tiêu, 2 thìa cà phê dầu ăn và 1/2 muỗng canh bột bắp. Trộn đều tất cả nguyên liệu và ướp khoảng 30 phút để nhân thấm vị.', 'Bước 2 - Trộn và nhào bột vỏ bánh bao: Để làm vỏ bánh bao mềm xốp, chúng ta bắt đầu với 260gr bột mì đa dụng (hoặc bột mì số 11) và 40gr bột bắp. Rây mịn cả hai loại bột vào tô để bánh được mịn hơn. Nếu không có bột bắp, bạn có thể thay bằng bột năng nha. Cho tiếp 40gr đường và 3gr men nở vào tô bột, trộn đều để men và đường hòa quyện. Sau đó, từ từ thêm 170ml sữa tươi lạnh vào, trộn cho bột thấm đều. Cuối cùng, cho 8ml dầu ăn nhạt màu vào (dầu ăn nhạt màu giúp bánh không bị vàng). Để bột nghỉ 10 phút.', 'Bước 3 - Nhồi và ủ bột: Sau khi bột nghỉ 10 phút, chúng ta bắt đầu nhồi bột khoảng 10 phút. Sau đó, để bột nghỉ tiếp lần 2 trong 10 phút. Quá trình nhồi và ủ bột này rất quan trọng để kích hoạt men nở, giúp bánh bao có độ mềm xốp tự nhiên. Sau khi bột đã mịn và đàn hồi, vê tròn khối bột và chia làm 10 phần bằng nhau, mỗi phần khoảng 50gr. Vê tròn từng phần bột, dùng khăn sạch đậy kín để bột không bị khô và để bột nghỉ thêm 15 phút.', 'Bước 4 - Cán bột và tạo hình bánh bao: Sau khi bột nghỉ 15 phút, các viên bột sẽ nở lên một chút. Lúc này, bạn vê tròn từng viên bột một lần nữa để loại bỏ bớt khí và bắt đầu cán bột. Cán mỏng phần rìa bánh để dễ tạo hình. Đặt phần nhân đã chuẩn bị vào giữa vỏ bánh. Có hai cách tạo hình: Cách 1 (Xếp ly): Một tay giữ phần nhân, tay còn lại dùng ngón cái và ngón trỏ để xếp ly phần rìa bánh lại với nhau. Thấm một ít nước để kết dính phần miệng bánh không bị hở. Cách 2 (Bông hoa 8 cánh): Túm 4 góc của vỏ bánh lại. Từ 4 góc còn lại, lấy một nửa cạnh và kéo lên, sau đó nối 8 góc này lại với nhau để tạo hình bông hoa đẹp mắt.', 'Bước 5 - Ủ bánh và hấp bánh bao mềm xốp: Sau khi tạo hình xong, che kín bánh để không bị khô và ủ bánh nở lên gấp đôi. Đây là bước quan trọng để bánh bao lên men tự nhiên và đạt độ mềm xốp tối ưu. Khi bánh đã nở đủ, chuẩn bị nồi hấp. Đun nước sôi, sau đó giảm lửa vừa và nhẹ nhàng cho bánh vào xửng hấp. Bạn nhớ cột một chiếc khăn sạch vào nắp nồi để hơi nước không rơi xuống làm ướt bánh, giúp bánh bao giữ được độ trắng và mịn. Hấp bánh trong khoảng 25 phút. Khi hết thời gian hấp, đừng vội lấy bánh ra ngay! Hãy để bánh trong nồi thêm 10 phút rồi mới mở nắp và lấy ra. Điều này giúp bánh không bị xẹp đột ngột và giữ được độ mềm xốp hoàn hảo.', 'Bước 6 - Thành phẩm: Không cần thêm giấm hay chanh vào nước hấp, bánh vẫn trắng tinh và rất mềm xốp. Phần vỏ bánh không bị khô, kết hợp nhân đậm đà, thơm ngon chuẩn vị. Chúc các bạn thành công với công thức làm bánh bao không cần bột nở này nhé!']","['Xem chi tiết:Bột mì đa dụng là gì? Bột mì đa dụng mua ở đâu và cách để bảo quản bột', 'Nồi xửng hấp inox nắp inox 26 cm Green Cook GCST01-26IHlà lựa chọn lý tưởng cho món bánh bao mềm xốp của bạn.Thiết kế bằng inox cao cấp giúp nồi bền bỉ, dễ dàng vệ sinh và đảm bảo an toàn thực phẩm.Nắpnồi Green Cooknồi được làm bằng inox và kính cường lực, giúp dễ dàng quan sát bánh trong quá trình hấp.Kích thước 26 cm phù hợp cho gia đình, giúp bạn hấp được lượng bánh vừa đủ mà không tốn quá nhiều diện tích bếp.Nồi xửng hấp inox Green Cook GCST01-26IHOnline giá rẻ quá420.000₫588.000₫-28%Xem chi tiết', 'Bạn có thể thay củ sắn bằng cà rốt, thêm bún tàu, trứng cút hoặc trứng muối tùy thích để nhân bánh bao thêm phong phú nhé! Sau khi ướp, chia phần nhân thành 10 viên, mỗi viên khoảng 30gr.', 'Việc để bột nghỉ một thời gian sẽ giúp bột trở nên mịn hơn và có độ đàn hồi tốt hơn, bạn cũng đỡ tốn sức khi nhào bột.', 'Nếu bột bị co lại khi cán, hãy để bột nghỉ thêm một chút vì có thể bột chưa nghỉ đủ thời gian.', 'Xem thêm:2 cách làm bánh bao nhân thịt trứng và nhân thịt miến đơn giản dễ làmCách làm bánh bao chỉ thơm ngon mềm mịn chắc chắn thành côngCách bảo quản bánh bao được lâu và giữ được độ thơm ngon nhất']",,dienmayxanh.com
https://www.dienmayxanh.com/vao-bep/cach-lam-banh-tieu-don-gian-khong-can-men-no-khong-can-u-bot-07174,Món Bánh,"Cách làm bánh tiêu đơn giản tại nhà không cần men nở, không cần ủ bột","Bánh tiêu là một món ăn đường phố nổi tiếng ở Việt Nam. Với hương vị thơm ngon đặc trưng, khiến ai đã từng thưởng thức quamón bánhnày đều muốn được ăn thêm lần nữa. Điện máy XANH sẽ giúp bạn làm bánh tiêu với công thức siêu đơn giản, ai cũng làm được. Cùngvào bếpthôi nào!",,30 phút + 25 phút,Cho 5 người,,5,"['Bột mì đa dụng - 255 gr', 'Mè trắng - 10 gr', 'Dầu ăn - 300 ml', 'Muối - 1/5 muỗng cà phê', 'Đường cát - 40 gr']","['Bước 1 - Trộn bột: Lấy 255gr bột mì đa dụng, 40gr đường cát và 1/5 muỗng cà phê muối cho vào một tô lớn sau đó bạn dùng phới dẹt trộn đều lên cho bột mì và các gia vị trộn lẫn với nhau. Tiếp đó, bạn cho từ từ 170ml nước sôi vào, vừa cho vừa trộn đều tay để tránh cho bột bị nhão.', 'Bước 2 - Nhồi bột: Sau khi trộn bột xong bạn dùng tay nhồi bột cho đến khi bột dính với nhau thành một khối. Tiếp đó bạn trải 1 lớp bột mì đa dụng lên trên mặt thớt rồi đặt khối bột lên và nhồi tiếp cho đến khi bột không còn dính tay và khi chạm vào bột không quá khô, có độ ẩm là đạt chuẩn.', 'Bước 3 - Tạo hình: Sau khi bột đã được nhồi đạt chuẩn rồi thì bạn dùng dụng cụ cắt bột để cắt đôi khối bột và chia thành 8 phần bằng nhau. Tiếp theo, bạn cầm 1 phần bột đã chia đều lên và nhồi bột cho đến khi thấy bề mặt khối bột ẩm hơn thì bạn vo tròn khối bột lại và cho vào dĩa mè trắng. Tiếp tục lăn tròn khối bột trong dĩa mè trắng để lớp mè có thể bám hết vào các mặt của khối bột. Sau đó, bạn dùng tay ấn nhẹ khối bột và dùng cây cán bột cán khối bột thành hình tròn thật mỏng.', 'Bước 4 - Chiên bánh: Đun sôi 300ml dầu ăn trong chảo với lửa to cho đến khi dầu sôi, bạn dùng đũa khuấy đều chảo dầu cho nhiệt được tỏa đều trong chảo. Sau đó hạ lửa nhỏ xuống và cho bánh đã cán mỏng vào. Khi thấy bánh nổi lên bạn dùng vá đẩy, nhúng và xoay tròn bánh thật đều tay khoảng 3 - 4 phút cho bánh nở đều. Tiếp đến bạn luân phiên trở mặt bánh khoảng 1 phút cho đến khi 2 mặt vàng đều thì bạn vớt ra. Làm tương tự với những bánh còn lại.', 'Bước 5 - Thành phẩm: Bánh tiêu khi chín sẽ có mùi thơm đặc trưng của bột và mè. Khi ăn vào bạn sẽ thấy được vị giòn thơm của vỏ bánh cùng với vị ngọt nhẹ và mềm mịn của ruột bánh. Còn gì tuyệt hơn khi làm và thưởng thức cùng gia đình đúng không nào?']","['Lưu ý:Bột cũ và mới có độ hút nước khác nhau vì vậy bạn cho nước từ từ vào bột để trộn và canh được lượng nước phù hợp để trộn bột đạt chuẩn làm bánh.', 'Lưu ý: Bạn không nên nhồi bột quá lâu sẽ làm bánh bị dai.', 'Khi cán bột, bạn nên cán cho lớp bột thật mỏng để khi chiên bánh sẽ phồng và nở đều nhé.', 'Xem thêm:Cách làm bánh tiêu kẹp xôi mỡ hành thơm ngon dẻo xốpCách làm bánh tiêu đường Pháp - Beignets giòn tan hấp dẫn đơn giảnCách làm bánh tiêu sầu riêng ngon thần sầu dễ làm tại nhà']",,dienmayxanh.com
https://www.dienmayxanh.com/vao-bep/cach-lam-banh-bo-bang-bot-gao-mem-xop-nhieu-re-tre-khong-bi-23539,Món Bánh,Cách làm bánh bò bằng bột gạo mềm xốp nhiều rễ tre không bị cứng,"Bạn mê mẩn bánh bò rễ tre mềm xốp, thơm lừng?Vào bếpngay với cách làm bánh bò bằng bột gạo chuẩn vị, đảm bảo thành công ngay lần đầu. Bí quyết ủ bột và nhồi bột sẽ giúp bạn cómón bánhtuyệt hảo, không cần bột nở mà vẫn nở bung cánh đẹp mắt!",,15 phút + 1 giờ,Cho 1 bánh bò khuôn 22cm,,8,"['Bột gạo tẻ - 200 gr', 'Bột năng - 50 gr', 'Đường thốt nốt - 150 gr ((có thể dùng 200gr nếu thích ngọt))', 'Nước dừa tươi - 200 ml ((nhồi bột))', 'Nước dừa tươi - 200 ml ((nấu đường))', 'Men khô - 3 gr ((1 muỗng cà phê men nở khô men ngọt))', 'Muối - 1/3 muỗng cà phê', 'Dầu ăn - 1 muỗng canh']","['Bước 1 - Trộn và nhồi bột lần 1: Cho 200gr bột gạo tẻ và 50gr bột năng vào thau. Thêm 1 muỗng cà phê men nở khô (3gr) và trộn đều hỗn hợp bột và men. Từ từ cho 150ml nước dừa tươi (trong tổng 200ml dùng để nhồi bột) vào và bắt đầu nhồi. Rửa tay sạch và nhồi bột bằng tay, hơi ấm từ tay sẽ giúp bột nhanh dậy hơn. Khi thấy bột hơi khô, cho thêm 50ml nước dừa tươi còn lại vào, tổng cộng 200ml nước dừa tươi. Nhồi bột khoảng 10 phút cho đến khi bột chảy mịn, có nhiều bong bóng bọt và không còn dính tay.', 'Bước 2 - Ủ bột lần 1: Đậy kín thau bột và ủ ở nơi ấm áp từ 2 đến 3 tiếng, tùy nhiệt độ môi trường. Bột đạt khi nổi lên gấp đôi, càng nổi nhiều bánh càng ngon.', 'Bước 3 - Nấu nước đường thốt nốt: Trong lúc chờ bột ủ gần đạt, đập nhỏ 150gr đường thốt nốt. Cho đường vào nồi cùng 200ml nước dừa tươi và 1/3 muỗng cà phê muối. Bắc nồi lên bếp, vừa nấu vừa khuấy cho đường tan hoàn toàn. Khi hỗn hợp sôi và đường tan hết thì tắt bếp. Để nước đường nguội hoàn toàn hoặc chỉ còn hơi ấm nhẹ (sờ tay vào thấy ấm nhẹ).', 'Bước 4 - Trộn nước đường vào bột và ủ lần 2: Khi nước đường đã nguội bớt, cho từ từ vào thau bột đã ủ lần 1 và khuấy đều cho bột và nước đường hòa quyện. Tiếp tục ủ bột lần 2 từ 1 đến 2 tiếng. Để bột nhanh dậy hơn, bạn có thể đem thau bột phơi nắng nhẹ hoặc đặt ở nơi ấm.', 'Bước 5 - Thêm dầu ăn và chuẩn bị hấp bánh: Sau khi ủ lần 2 khoảng 1 tiếng rưỡi, cho 1 muỗng canh dầu ăn vào thau bột và khuấy đều. Dầu ăn giúp bánh mềm và xốp hơn. Lúc này, bạn sẽ thấy rất nhiều bong bóng khí nổi lên và vỡ từ từ, đây là dấu hiệu bột đã đạt chuẩn để làm bánh bò rễ tre. Thoa một lớp dầu ăn mỏng vào khuôn bánh (khuôn 22cm) để chống dính.', 'Bước 6 - Hấp bánh bò bằng bột gạo: Đặt khuôn vào nồi hấp và đun cho khuôn nóng trước. Nước trong nồi hấp phải sôi mạnh. Đổ bột vào khuôn đã nóng, đậy nắp và hấp với lửa trên trung bình khoảng 30 phút.', 'Bước 7 - Thành phẩm: Sau 30 phút, tắt bếp và mở nắp nồi từ từ. Bánh bò sẽ nở cao, bung cánh đẹp mắt. Chờ bánh nguội hoàn toàn (khoảng 1 tiếng) rồi mới lấy ra khỏi khuôn. Bánh thành công sẽ mềm xốp, có nhiều ""rễ tre"" li ti và không bị chai. Cắt bánh thành miếng vừa ăn và thưởng thức món bánh bò hấp dừa thơm lừng!']","['Xem chi tiết:Bột gạo là gì? Cách phân biệt bột gạo tẻ và bột gạo nếp', 'Xem chi tiết:Thốt nốt là gì, đường thốt nốt là gì? Đường thốt nốt mua ở đâu, dùng làm gì', 'Để món bánh bò hấp của bạn đạt độ chín hoàn hảo và giữ trọn hương vị, việc sử dụng một thiết bị hấp chất lượng là rất quan trọng.Nồi lẩu hấp đa năng BlueStone MPB-7238 17 lítchính là trợ thủ đắc lực cho mọi món hấp, từ bánh bò đến các món ăn gia đình khác.Với dung tích lớn 17 lít,bếp lẩu điện bluestonenày cho phép bạn hấp một lượng lớn thực phẩm cùng lúc, tiết kiệm thời gian và công sức. Thiết kế nhiều tầng giúp bạn dễ dàng sắp xếp và hấp các loại nguyên liệu khác nhau mà không lo lẫn mùi.Nồi được trang bị công nghệ làm nóng nhanh và giữ nhiệt ổn định, đảm bảo hơi nước phân bổ đều, giúp bánh bò nở đều, xốp mềm và chín tới từ trong ra ngoài. Bạn không còn phải lo lắng về việc bánh bị chai hay không nở.Chất liệu cao cấp, an toàn cho sức khỏe và dễ dàng vệ sinh sau khi sử dụng, giúp công việc bếp núc trở nên nhẹ nhàng hơn. Nồi lẩu hấp BlueStone MPB-7238 là lựa chọn lý tưởng cho mọi gia đình yêu thích các món hấp.Nồi lẩu đa năng BlueStone MPB-7238 17 lít1.750.000₫2.250.000₫-22%Xem chi tiết', 'Động tác nhồi kỹ này rất quan trọng để bánh bò có nhiều ""rễ tre"" đẹp mắt sau khi hấp. Nếu dùng nước lọc thay nước dừa tươi lúc này, bạn nên thêm 1 muỗng canh đường vào.', 'Đảm bảo nước trong nồi luôn sôi mạnh và không mở nắp nồi trong suốt quá trình hấp để bánh nở đều và không bị xẹp.', 'Xem thêm:Cách nấu nước cốt dừa béo ngậy để chấm với bánh bò, bánh đúc ngọt,...Cách làm bánh bò rễ tre kinh doanh thơm ngon bằng xửng hấp2 cách làm bánh bò xốp nước cốt dừa thơm béo bông đẹp đơn giản']",,dienmayxanh.com
https://www.dienmayxanh.com/vao-bep/cach-lam-bot-banh-bao-trang-mem-xop-don-gian-tai-nha-23529,Món Bánh,Cách làm bột bánh bao trắng mềm xốp đơn giản tại nhà,"Bạn đang tìm kiếm cách làm bột bánh bao trắng mịn, mềm xốp ngay tại nhà? Đừng lo,mẹo vào bếpnày giúp bạn biết cách pha bột làm bánh bao chuẩn, kết hợp ủ bột bánh bao đúng cách. Cùng khám phá công thức làmmón bánhnày!",,30 phút + 1 giờ 30 phút,Cho 9 cái bánh bao,,17,"['Bột mì đa dụng - 300 gr ((hàm lượng protein thấp))', 'Bột năng - 60 gr', 'Men nở ăn liền - 6 gr', 'Bột nở - 5 gr ((baking powder))', 'Lòng trắng trứng gà - 1 cái', 'Đường cát - 60 gr', 'Nước cốt chanh - 12 ml', 'Dầu ăn - 35 gr ((dầu hoa hướng dương))', 'Sữa tươi không đường - 150 ml ((lạnh))', 'Muối - 1/4 muỗng cà phê', 'Thịt bò xay nhuyễn - 400 gr', 'Hành tím băm nhuyễn - 1 củ', 'Tỏi băm nhuyễn - 2 tép', 'Cà rốt xắt nhỏ - 1 củ', 'Hành lá - 1 ít', 'Trứng gà luộc - 1/2 quả ((hoặc trứng cút))', 'Gia vị thông dụng - 1 ít ((nước tương/ dầu mè/ đường/ muối/ dầu hào/ tiêu/ bột ngũ vị hương/ hắc xì dầu))']","['Bước 1 - Trộn và pha bột làm bánh bao: Cho 300gr bột mì đa dụng, 60gr bột năng, 6gr men nở ăn liền và 5gr bột nở (baking powder) vào tô lớn, trộn đều. Lưu ý không dùng baking soda vì sẽ làm bánh bị vàng. Thêm 1 lòng trắng trứng gà, 60gr đường cát, 12ml nước cốt chanh, 35gr dầu ăn (dầu hoa hướng dương) và 1/4 muỗng cà phê muối vào tô. Trộn sơ. Cuối cùng, từ từ cho 150ml sữa tươi không đường lạnh vào và trộn đều cho đến khi bột kết dính.', 'Bước 2 - Nhồi bột bánh bao mềm mịn: Rắc một ít bột mì đa dụng lên mặt bàn sạch để chống dính. Cho khối bột từ tô ra và bắt đầu nhồi. Nhồi bột bằng tay khoảng 8-10 phút cho đến khi khối bột trở nên mềm mịn, không còn dính tay. Không cần nhồi quá lâu hay quá kỹ.', 'Bước 3 - Cách ủ bột bánh bao đúng chuẩn: Phết một lớp dầu ăn mỏng quanh thành tô, cho khối bột vào. Dùng màng bọc thực phẩm hoặc khăn ẩm đậy kín tô. Ủ bột ở nhiệt độ phòng cho đến khi bột nở gấp đôi. Thời gian ủ có thể khác nhau tùy nhiệt độ môi trường.', 'Bước 4 - Chuẩn bị nhân bánh bao thịt bò thơm ngon: Trong lúc chờ bột ủ, chuẩn bị nhân bánh. Cho 400gr thịt bò xay nhuyễn, 1 củ hành tím băm, 2 tép tỏi băm, 1 củ cà rốt xắt nhỏ và một ít hành lá vào tô. Nêm 1 muỗng canh nước tương, 1 muỗng canh dầu mè, 1 muỗng cà phê đường, 1/4 muỗng cà phê muối, 1 muỗng cà phê dầu hào, 1/2 muỗng cà phê tiêu, một chút bột ngũ vị hương và 2/3 muỗng cà phê hắc xì dầu. Trộn đều các nguyên liệu. Bọc kín tô nhân và cho vào tủ lạnh trong khi đợi bột ủ xong.', 'Bước 5 - Sơ chế bột và chia phần: Khi bột đã nở gấp đôi, lấy ra và nhồi sơ lại khoảng 30 giây để bột mịn và xẹp bớt khí. Chia khối bột thành 9 phần bằng nhau (có thể dùng cân để chính xác hơn). Vê tròn từng phần bột. Phủ khăn ẩm hoặc màng bọc thực phẩm lên các phần bột chưa dùng để tránh bị khô.', 'Bước 6 - Cán bột và tạo hình bánh bao: Lấy một phần bột, ấn dẹt rồi dùng cây cán bột đã xoa một lớp bột mỏng để cán. Cán bột thành hình tròn, phần rìa bánh mỏng hơn và phần giữa dày hơn. Cho nhân thịt bò và 1/2 quả trứng gà luộc (hoặc trứng cút) vào giữa vỏ bánh. Tạo hình bánh bao: Kéo và túm từng phần rìa bột lại, gấp nếp cho đến khi kín nhân. Hoặc bạn có thể túm hết bột lại rồi xoa tròn, đặt phần túm xuống dưới (giống bánh bao nướng). Đặt bánh lên miếng giấy nến hoặc giấy lót bánh bao.', 'Bước 7 - Hấp bánh bao trắng mịn, mềm xốp: Trong lúc gói bánh, bắc nồi nước lên bếp đun sôi. Khi nước sôi, cho 1 muỗng giấm ăn vào nồi nước để bánh bao hấp xong trắng hơn. Xếp bánh bao vào xửng hấp (không xếp quá sát vì bánh sẽ nở to). Phủ một chiếc khăn vải lên trên xửng trước khi đậy nắp để tránh hơi nước nhỏ xuống bánh. Hấp bánh trong 12 phút. Sau đó tắt bếp, để bánh yên trong nồi thêm 2 phút nữa rồi mới lấy ra. Tiếp tục hấp các mẻ bánh còn lại.', 'Bước 8 - Thành phẩm: Bánh bao sau khi hấp sẽ nở to, trắng mịn, mềm xốp và có độ đàn hồi tốt. Vỏ bánh dai nhẹ nhờ bột năng, nhân thịt bò thơm lừng, đậm đà với màu sắc hấp dẫn từ cà rốt và hành lá. Thưởng thức bánh bao nóng hổi vừa ra lò, bạn sẽ cảm nhận được hương vị đặc trưng, thơm ngon khó cưỡng.']","['Để món bánh bao của bạn thêm phần hoàn hảo và tiện lợi, hãy cân nhắc sử dụngNồi lẩu hấp đa năng BlueStone MPB-7235 15 lít. Đây là trợ thủ đắc lực cho mọi gia đình.Bếp lẩu điện bluestonevới dung tích lớn 15 lít, giúp bạn hấp được nhiều bánh bao cùng lúc, tiết kiệm thời gian đáng kể.Thiết kế đa năng không chỉ hấp mà còn có thể dùng làm lẩu, mang đến sự linh hoạt cho bữa ăn gia đình.Chất liệu cao cấp, an toàn cho sức khỏe và dễ dàng vệ sinh sau khi sử dụng, đảm bảo độ bền lâu dài.Nồi lẩu đa năng BlueStone MPB-7235 15 lítOnline giá rẻ quá1.229.000₫1.660.000₫-25%Xem chi tiết', 'Để ủ bột bánh bao nhanh hơn, bạn có thể bật lò nướng ở 50 độ C khoảng 10 phút rồi tắt, sau đó cho tô bột vào ủ khoảng 1 tiếng.', 'Xem thêm:2 cách làm bánh bao nhân thịt trứng và nhân thịt miến đơn giản dễ làm2 cách làm bánh bao xá xíu tại nhà đậm đà ngon vô đốiCách làm bánh bao nhân gà nấm phô mai thơm ngon khó cưỡng']",,dienmayxanh.com
https://www.dienmayxanh.com/vao-bep/cach-lam-banh-mi-kep-xuc-xich-don-gian-tai-nha-lot-da-ngay-23523,Món Bánh,Cách làm bánh mì kẹp xúc xích đơn giản tại nhà lót dạ ngày mới,"Bạn muốn tự tay làmmón bánhmì kẹp xúc xích (hot dog) ngon chuẩn vị ngay tại nhà? Chỉ vài bước đơn giản, bạn sẽ có ngay món bánh ăn sáng lót dạ siêu tiện lợi. CùngVào bếpkhám phá ngay công thức!",,5 phút + 10 phút,Cho 1 người,,5,"['Bánh mì - 1 cái', 'Xúc xích - 1 cây', 'Tương cà chua - 1 ít ((Ketchup))', 'Mù tạt - 1 ít', 'Hành phi - 1 ít']","['Bước 1 - Làm nóng chảo và nướng xúc xích: Đầu tiên, bạn đặt chảo chống dính lên bếp và làm nóng. Nếu có Bếp nướng điện Lock&Lock EJG231, bạn bật bếp ở nhiệt độ vừa phải nhé. Cho xúc xích vào chảo hoặc bếp nướng. Nướng mỗi mặt khoảng 3 phút cho đến khi vàng đều. Nhớ trở mặt để xúc xích chín tới và có màu đẹp mắt.', 'Bước 2 - Chuẩn bị bánh mì: Trong lúc chờ xúc xích chín, bạn lấy bánh mì ra và dùng dao rạch một đường dọc ở giữa, nhưng đừng cắt rời hoàn toàn nhé. Đây là bước quan trọng để tạo hình cho bánh mì kẹp xúc xích của chúng ta.', 'Bước 3 - Hoàn thành bánh mì kẹp xúc xích: Khi xúc xích đã vàng đều, tắt bếp nhưng vẫn giữ xúc xích trên chảo hoặc bếp nướng để giữ độ ấm. Sau đó, nhẹ nhàng đặt cây xúc xích nóng hổi vào giữa ổ bánh mì đã rạch. Tiếp theo, bạn cho tương cà chua (Ketchup) và mù tạt lên trên xúc xích theo sở thích. Cuối cùng, rắc thêm hành phi giòn rụm để tăng thêm hương vị và độ hấp dẫn cho món ăn đường phố này.', 'Bước 4 - Thành phẩm: Vậy là món bánh mì kẹp xúc xích (hot dog) thơm ngon, nóng hổi đã sẵn sàng để thưởng thức rồi! Thật dễ dàng và nhanh chóng phải không nào?']","['Để món bánh mì kẹp xúc xích thêm phần hoàn hảo, việc nướng xúc xích bằngBếp nướng điện Lock&Lock EJG231sẽ giúp bạn có được những cây xúc xích vàng đều, thơm ngon.Vớilò nướng Lock&Lock, bạn có thể dễ dàng điều chỉnh nhiệt độ, đảm bảo xúc xích chín tới mà không bị khô hay cháy.Thiết kế nhỏ gọn, hiện đại của bếp nướng điện Lock&Lock phù hợp với mọi không gian bếp, giúp việc chuẩn bị bữa ăn trở nên tiện lợi hơn.Bề mặt chống dính cao cấp giúp bạn nướng xúc xích dễ dàng, vệ sinh nhanh chóng sau khi sử dụng.Bếp nướng điện Lock&Lock 2000W EJG231Online giá rẻ quá999.000₫1.605.000₫-37%Xem chi tiết', 'Để xúc xích không bị khô, bạn có thể thêm một chút xíu dầu ăn hoặc nướng không dầu với bếp nướng điện.', 'Xem chi tiết:Cách làm xúc xích heo tại nhà an toàn cực ngon hấp dẫn', 'Xem chi tiết:Cách làm bánh mì đặc ruột thơm ngon đơn giản bằng nồi chiên không dầu', 'Xem chi tiết:Cách làm hành phi giòn rụm bằng nồi chiên không dầu nhanh chóng đơn giản', 'Xem thêm:2 công thức làm bánh hotdog xúc xích, hotdog phô mai Hàn Quốc2 cách làm trứng chiên xúc xích thơm ngon hấp dẫn đơn giản2 cách làm bánh mì cuộn xúc xích thơm ngon đơn giản cho bữa sáng tiện lợi']",,dienmayxanh.com
https://www.dienmayxanh.com/vao-bep/huong-dan-cach-lam-banh-chi-mon-banh-doc-la-den-tu-binh-duong-19022,Món Bánh,Hướng dẫn cách làm bánh chị - Món bánh độc lạ đến từ Bình Dương,"Bánh chị làmón bánhđặc sản của Bình Dương, với nguyên liệu và cách làm đơn giản nhưng hương vị mang lại khiến nhiều người thưởng thức bất ngờ. Hãy nhanh tayvào bếpcùng Điện máy XANH để học ngay công thức làm bánh chị chiên giòn thơm ngon, hấp dẫn này ngay nhé!",,20 phút + 30 phút,Cho 1 - 2 người,,8,"['Tôm khô - 20 gr', 'Bột năng - 2 chén', 'Hành lá - 1/2 chén', 'Nước sôi - 1/2 chén', 'Đường - 1 muỗng canh', 'Tương đen - 2 muỗng', 'Tương xí muội - 1/2 muỗng', 'Nước lọc - 1/2 chén']","['Bước 1 - Chuẩn bị nguyên liệu: Đầu tiên, bạn lấy 20gr tôm khô ngâm với nước ấm trong 10 phút cho tôm mềm. Sau đó, đổ nước đem tôm khô đi giã nhuyễn để trộ với bột. Tiếp đến chuẩn bị 1 cáitôlớn, cho lần lượt nguyên liệu gồm 2chénbột năng, 1/2 chén hành lá, tôm khô đã giã nhuyễn, tiếp đến cho 1/2 chén nước sôi vào bột trộn thật đều tay cho đến khi các nguyên liệu hòa quyện thành 1 khối bột có độ mềm mịn là được. Sau khi bột đã được nhồi thành khối, bạn chia nhỏ phần bột theo khẩu phần ăn rồi nặn trang trí các hình thù mà bạn muốn để nhìn bánh trông bắt mắt hơn.', 'Bước 2 - Chế biến: Chochảolênbếp gamở lửa nhỏ, cho dầu ăn tới 1/2 chảo bánh nên chiên ngập dầu để chín đều 2 mặt, chờ dầu nóng lên bạn cho bánh vào chiên mỗi mặt chiên trong khoảng 2 phút. Lưu ý không nên chiên bánh quá lâu bánh sẽ bị khô. Tiếp đến chúng ta sẽ làm nước chấm cho món bánh này. Cho chảo lên bếp, thêm cái gia vị vào chảo như 1 muỗng đường, 2 muỗng tương đen và 1/2 muỗng tương xí muội, 1/2 chén nước, bật bếp với lửa nhỏ nấu trong vòng 15 phút trong lúc nấu bạn nên đảo đều để không bị xém chảo, khi hỗn hợp đã sệt lại là xong.', 'Bước 3 - Hoàn thành: Bánh chiên xong sẽ có lớp vỏ giòn bên trong thì dẻo dai, có mùi thơm đặc trưng của hành và tôm khô. Là một món bạn khá đơn giản ít nguyên liệu nhưng khi ăn lại vô cùng cuốn. Bạn có thể làm món bánh này cho gia đình ăn vặt vào mỗi buổi chiều.']","['Xem thêm:2 cách làm bánh trôi bánh chay đơn giản, đẹp mắt cho gia đìnhCách làm bánh cống - bánh cóng Sóc Trăng đơn giản tại nhàCách làm bánh sữa tươi chiên giòn ngon ngất ngây dễ làm tại nhà']",,dienmayxanh.com
https://www.dienmayxanh.com/vao-bep/cach-lam-banh-mi-pate-don-kinh-doanh-thom-ngon-sieu-hut-khach-23504,Món Bánh,Cách làm bánh mì pate đơn kinh doanh thơm ngon siêu hút khách,"Bạn mê mẩn hương vị bánh mì ba tê thơm lừng, béo ngậy?Vào bếpngay với công thứcmón bánhchuẩn vị này! Dù bạn muốn bán bánh mì ba tê hay đơn giản là tự tại nhà, bí quyết này sẽ giúp bạn tạo ra ổ bánh mì giòn rụm, đậm đà, ngon khó cưỡng.",,30 phút + 2 giờ 30 phút,Cho 700 gr gan heo,,10,"['Gan heo - 700 gr', 'Thịt nọng hoặc thịt ba chỉ - 700 gr', 'Củ hành tím - 100 gr', 'Củ hành tây - 200 gr', 'Bánh mì không - 110 gr ((2 ổ))', 'Nước - 400 ml ((để ngâm bánh mì))', 'Bơ Tường An - 50 gr', 'Rượu nếp hoặc rượu mai quế lộ - 1 muỗng canh', 'Dầu ăn - 2 muỗng canh', 'Gia vị thông dụng - 1 ít ((nước tương Lee Kum Kee/nước mắm/đường/muối/hạt nêm/bột ngọt/ngũ vị hương/tiêu))']","['Bước 1 - Sơ chế gan heo và thịt nọng (hoặc ba chỉ): Đầu tiên, cắt gan heo thành từng miếng mỏng rồi cho vào tô lớn. Thêm 2 muỗng canh bột năng và một ít nước, dùng tay bóp đều khoảng 2-3 phút để bột năng thấm vào gan, giúp loại bỏ chất không tốt và mùi hôi. Sau đó, rửa sạch gan dưới vòi nước cho đến khi gan trắng sạch và để ráo. Tiếp theo, cho 1 lít nước vào chảo cùng 1 muỗng cà phê muối và 5 củ hành tím đập dập, đun sôi. Khi nước sôi, cho thịt nọng (hoặc ba chỉ) vào, úp phần da xuống dưới, luộc khoảng 5 phút để da mềm. Lật mặt còn lại luộc thêm 1 phút rồi tắt bếp. Rửa sạch miếng thịt và cắt thành từng miếng mỏng.', 'Bước 2 - Xay nhuyễn các nguyên liệu làm ba tê: Sử dụng máy xay thịt (với lưới xay nhỏ nhất), cho gan heo vào xay trước khoảng 2-3 lần để đạt độ mịn mong muốn. Sau đó, cho thịt nọng (hoặc ba chỉ) vào xay tương tự 2-3 lần. Tiếp theo, cắt đôi hành tây, cắt miếng mỏng rồi cắt nhỏ. Hành tím cũng cắt lát mỏng. Cho hành tím vào máy xay nhuyễn riêng, rồi cho ra chén. Sau đó, xay nhuyễn hành tây và đựng riêng. Cắt bánh mì thành miếng nhỏ, cho vào tô và đổ 400ml nước đã chuẩn bị vào, dùng đũa trộn đều cho bánh mì hút hết nước. Sau đó, cho bánh mì đã ngâm vào máy xay nhuyễn.', 'Bước 3 - Ướp gia vị cho ba tê đậm đà: Cho hỗn hợp gan và thịt đã xay vào một tô lớn. Thêm 4 muỗng canh đường, 1 muỗng cà phê muối, 1 muỗng cà phê ngũ vị hương và 4 muỗng canh nước tương Lee Kum Kee (nếu dùng nước mắm thì chỉ cho khoảng 50% lượng nước tương). Trộn đều tất cả gia vị cho thấm vào hỗn hợp.', 'Bước 4 - Xào thơm hỗn hợp pate: Bắc chảo lên bếp với lửa lớn nhất. Khi chảo nóng, cho 2 muỗng canh dầu ăn vào, rồi cho hành tím đã xay vào phi thơm. Không nên cho hành tây vào lúc này vì hành tây sẽ ra nhiều nước. Khi hành tím thơm, cho hành tây đã xay vào xào đến khi thơm. Sau đó, cho hỗn hợp gan và thịt đã ướp vào, tiếp tục xào cho gan và thịt hơi tái. Khi hỗn hợp gan thịt đã tái, cho bánh mì đã xay vào xào sơ. Thêm 1/2 muỗng canh tiêu, 50 gr bơ Tường An và 1 muỗng canh rượu nếp (hoặc rượu mai quế lộ) chế xung quanh thành chảo để dậy mùi thơm. Cuối cùng, cho 2 muỗng cà phê hạt nêm và 2 muỗng cà phê bột ngọt vào, xào đều cho gia vị hòa quyện. Tắt bếp.', 'Bước 5 - Hấp ba tê mềm mịn, thơm lừng: Múc hỗn hợp pate đã xào vào khuôn hấp (kích thước khoảng 20x20x7cm). Nếu làm cho gia đình, bạn có thể lót giấy nướng bánh ở dưới đáy khuôn để dễ lấy ra sau này. Dằn nhẹ cho pate phẳng mặt. Dùng giấy bạc che kín miệng khuôn, chọc vài lỗ nhỏ trên giấy bạc để pate dễ chín hơn và hơi nước không rơi vào. Nếu khuôn không có nắp kín, bạn nên dùng dây buộc miệng khuôn lại để tránh pate trào ra khi hấp. Đặt khuôn vào xửng hấp, đổ nước tương đối nhiều vào xửng vì thời gian hấp khá dài. Hạ lửa xuống mức trung bình thấp và hấp trong 2 tiếng đồng hồ. Thỉnh thoảng kiểm tra và thêm nước nếu cạn.', 'Bước 6 - Thành phẩm: Sau 2 tiếng, tắt bếp và mở nắp xửng. Đợi hơi nước bay hết rồi mới lấy khuôn pate ra. Pate lúc này đã nở cao, mềm và rất thơm. Để pate nguội hoàn toàn, sau đó cho vào ngăn mát tủ lạnh trên 8 tiếng. Pate sẽ cứng lại và dễ cắt hơn nhờ chất gelatin từ da heo. Thưởng thức bánh mì ba tê bằng cách phết pate lên bánh mì giòn rụm, ăn kèm với dưa chuột, rau mùi, ớt, trứng ốp la hoặc xôi. Bạn có thể thêm đồ chua, thịt nguội, chả lụa và một ít nước sốt, mayonnaise để tăng thêm hương vị đậm đà cho món ăn đường phố chuẩn ẩm thực Việt Nam này.']","['Xem chi tiết:Cách chọn mua và tác dụng của gan heo, những ai không nên ăn gan?', 'Xem chi tiết:Cách chọn mua thịt ba chỉ ngon đúng chuẩn cho bữa ăn ngày Tết', 'Để việc làm pate tại nhà trở nên dễ dàng và hiệu quả hơn,Máy xay sinh tố đa năng Philips HR2223/00là trợ thủ đắc lực không thể thiếu trong căn bếp của bạn.Vớimáy xay sinh tố philipsnày, bạn có thể xay nhuyễn gan, thịt, hành tây hay bánh mì một cách nhanh chóng, giúp tiết kiệm thời gian đáng kể. Lưỡi dao sắc bén và công suất mạnh mẽ đảm bảo mọi nguyên liệu đều được xay mịn hoàn hảo.Sản phẩm được thiết kế với nhiều chế độ xay khác nhau, phù hợp cho mọi loại thực phẩm từ mềm đến cứng. Cối xay bằng thủy tinh cao cấp, an toàn cho sức khỏe và dễ dàng vệ sinh sau khi sử dụng.Máy còn tích hợp các tính năng an toàn thông minh, giúp bạn yên tâm hơn trong quá trình chế biến. Đây chắc chắn là lựa chọn lý tưởng cho những ai yêu thích nấu nướng và muốn nâng tầm món ăn của mình.Máy xay đa năng Philips HR2223/00Online giá rẻ quá1.490.000₫1.910.000₫-21%Xem chi tiết', 'Nếu bạn dùng máy xay gia đình, nên cắt riêng phần da heo và nấu cho thật mềm để dễ xay nhuyễn hơn.', 'Bạn có thể dùng Máy xay sinh tố đa năng Philips HR2223/00 để xay nhuyễn các nguyên liệu một cách nhanh chóng và tiện lợi.', 'Xem thêm:2 cách làm bánh mì chảo đơn giản thơm ngon nhanh chóng cho bữa sángCách làm nước sốt chan bánh mì đậm đà hoàn hảo2 cách làm bánh mì cá mòi hộp ăn sáng cực ngon đơn giản dễ làm']",,dienmayxanh.com
https://www.dienmayxanh.com/vao-bep/cach-lam-banh-chuoi-nuong-bang-noi-com-dien-mem-thom-don-gian-13349,Món Bánh,Cách làm bánh chuối nướng bằng nồi cơm điện mềm thơm đơn giản tại nhà,"Bánh chuối nướng bằng nồi cơm điện dẻo thơm, bùi ngọt sẽ làmón bánhlý tưởng để bạn thay đổi thực đơn tráng miệng cho cả nhà vào dịp cuối tuần. Chỉ với một chiếc nồi cơm điện nhỏ gọn thôi cũng đủ để thực hiện thành công. Cùng Điện máy XANHvào bếpngay nha!",,30 phút + 1 giờ,Cho 6 người,,11,"['Bột mì đa dụng - 100 gr', 'Trứng gà - 2 quả', 'Chuối tây chín - 4 quả', 'Rượu vang - 1 muỗng canh', 'Nước cốt dừa - 200 ml', 'Sandwich - 7 miếng', 'Sữa tươi không đường - 400 ml', 'Tinh chất vani - 5 ml', 'Đường - 110 gr', 'Muối - 1/2 muỗng cà phê', 'Bơ - 1 ít']","['Bước 1 - Sơ chế và sên chuối: Đầu tiên, bạn lột vỏ 4 quả chuối rồi cắt lát có độ dày khoảng 1/2 lóng tay nhỏ. Bắc chảo lên bếp, cho vào phần chuối đã cắt lát, 1 muỗng canh rượu vang, 1 muỗng canh đường. Sên chuối trên lửa nhỏ đến khi đường tan và hơi sệt lại thì tắt bếp.', 'Bước 2 - Trộn hỗn hợp trứng sữa: Cho vào tô 400ml sữa tươi không đường, 200ml nước cốt dừa, 100gr đường, 1/2 muỗng cà phê muối, 5ml tinh chất vani, 2 quả trứng gà. Khuấy đều cho nguyên liệu hòa quyện. Tiếp theo, xé nhỏ 7 miếng sandwich rồi cho vào hỗn hợp trứng sữa, trộn đều và ngâm 15 phút.', 'Bước 3 - Trộn bột bánh: Kế đến, cho thêm 100gr bột mì vào hỗn hợp trứng sữa, trộn đều cho bột tan hoàn toàn. Kế tiếp, cho vào 2/3 hỗn hợp chuối ngào đường (khoảng 1 chén ăn cơm), trộn đều 1 lần nữa là hoàn tất.', 'Bước 4 - Nấu bánh: Phết 1 lớp bơ xung quanh nồi để chống dính, lót thêm 1 tấm giấy nến rồi phết lên mặt 1 lớp bơ nữa. Tiếp theo, bạn rắc 1 lớp đường mỏng vào đáy nồi, xếp thêm phần chuối ngào đường còn lại. Kế đến, đổ bột bánh vào, đậy nắp kín và bấm Cook lần 1. Khi nút nhảy sang chế độ Warm, bạn để yên từ 15 - 20 phút nữa thì nhấn Cook thêm 1 lần nữa. Tổng thời gian nướng bánh sẽ dao động khoảng 40 - 50 phút.', 'Bước 5 - Thành phẩm: Bánh chuối nướng bằng nồi cơm điện vừa chín tới đã thơm nức mũi, mặt bánh có màu đỏ đẹp mắt, mềm dẻo vừa phải cùng vị bùi bùi, ngọt thơm tự nhiên của chuối chín.']","['Xem chi tiết:Cách chọn chuối ngon, không ngâm hóa chất', 'Công thức sử dụng mẫunồi cơm nắp gài Electrolux 1.8 lít E4RC1-350Bđể nướng bánh chuối:Chiếcnồi cơm điện Electroluxnày sở hữu dung tích 1.8 lít, phù hợp với nhu cầu nấu ăn hàng ngày của gia đình 4 người hoặc 6 người.Lòng nồi được làm từ hợp kim nhôm phủ chống dính tốt, có thêm thiết kế tay cầm cách nhiệt để bạn dễ dàng lấy lòng nồi ra sau khi nấu cơm hay làm bánh xong.', 'Xem thêm:Cách làm bánh chuối nướng bằng chảo chống dính thơm ngon dễ làmCách làm bánh chuối hấp nước cốt dừa bằng nồi cơm điện2 Cách làm bánh chuối chiên giòn rụm cực dễ ai ăn cũng mê']",,dienmayxanh.com
https://www.dienmayxanh.com/vao-bep/cach-lam-banh-mochi-cham-kem-sua-nung-ninh-deo-min-don-gian-23478,Món Bánh,"Cách làm bánh mochi chấm kem sữa núng nính, dẻo mịn đơn giản tại nhà","Bạn đang tìm kiếm mónăn vặtvừa lạ miệng vừa dễ làm? Vậy thì đừng bỏ qua công thức mochi chấm kem sữa ""hot hit"" này nhé! Cùng mìnhvào bếpđể khám phá cách làm bánh mochi dẻo mềm, thơm lừng kết hợp sốt kem phô mai béo ngậy. Đảm bảomón bánhnày sẽ khiến bạn mê mẩn ngay từ miếng đầu tiên!",,15 phút + 30 phút,Cho 15 - 20 viên,,11,"['Bột nếp - 150 gr', 'Bột bắp - 35 gr', 'Đường - 30 gr', 'Muối - 2 gr', 'Sữa tươi không đường - 290 ml', 'Bơ lạt - 20 gr', 'Bột đậu nành rang - 1 ít ((Kinako))', 'Kem tươi - 100 ml ((Whipping cream))', 'Kem phô mai - 30 gr ((Cream cheese))', 'Sữa đặc - 15 gr', 'Ít ngũ  hoặc vụn bánh quy - 1 cốc ((để ăn kèm))']","['Bước 1 - Trộn và hấp bột bánh mochi dẻo: Cho 150gr bột nếp, 35gr bột bắp, 30gr đường và 2gr muối vào một tô lớn, dùng phới lồng trộn đều cho các nguyên liệu hòa quyện. Từ từ đổ 270ml sữa tươi ấm nóng vào tô bột, vừa đổ vừa khuấy đều cho đến khi hỗn hợp lỏng mịn và không còn vón cục. Lọc hỗn hợp qua rây vào một hộp thủy tinh hoặc tô chịu nhiệt để bột được mịn màng hơn. Dùng màng bọc thực phẩm bọc kín miệng hộp, sau đó dùng tăm chọc vài lỗ nhỏ trên bề mặt. Đem hộp bột đi hấp cách thủy ở lửa lớn trong khoảng 25 phút cho đến khi bột chín hoàn toàn.', 'Bước 2 - Nhào bột mochi: Sau khi hấp, lấy hộp bột ra và gỡ bỏ màng bọc thực phẩm. Khi bột còn đang nóng, cho 20gr bơ lạt vào và dùng phới dẹt trộn đều cho bơ tan chảy và hòa quyện vào khối bột. Đeo găng tay nilon, nhào và kéo giãn khối bột nhiều lần ngay trong hộp cho đến khi bột trở thành một khối dẻo, mịn và có độ đàn hồi tốt. Đây là bước quan trọng để bánh mochi dẻo ngon.', 'Bước 3 - Làm sốt kem phô mai chấm: Trong khi chờ hấp bánh mochi, bạn chuẩn bị phần kem chấm. Cho 100ml kem tươi (Whipping cream), 30gr kem phô mai (Cream cheese), 15gr sữa đặc và 20ml sữa tươi vào tô. Dùng phới lồng đánh đều tay cho đến khi hỗn hợp bông đặc, mịn mượt và có độ đứng chóp là đạt.', 'Bước 4 - Tạo hình bánh mochi và hoàn thành: Đổ bột đậu nành rang (Kinako) ra một chiếc khay hoặc đĩa lớn. Lấy khối bột mochi đã nhào ra, ngắt thành từng viên nhỏ vừa ăn. Lăn đều các viên mochi qua lớp bột đậu nành để tạo một lớp áo mỏng, chống dính. Lắc nhẹ để loại bỏ phần bột thừa rồi xếp bánh ra đĩa.', 'Bước 5 - Thành phẩm: Bày bánh mochi ra đĩa cùng với chén sốt kem phô mai và một ít ngũ cốc hoặc vụn bánh quy. Khi ăn, bạn gắp một viên mochi, chấm ngập vào kem rồi lăn qua ngũ cốc để cảm nhận trọn vẹn hương vị dẻo thơm, béo ngậy và giòn rụm.']","['Để món mochi chấm kem sữa thêm phần hoàn hảo, việc sử dụng dụng cụ hấp chất lượng là rất quan trọng.Nồi lẩu hấp đa năng Unie UE668 10 lítsẽ là trợ thủ đắc lực giúp bạn thực hiện món ăn này một cách dễ dàng và tiện lợi.Nồi lẩu hấp đa năng Unie UE668 10 lít nổi bật với dung tích lớn 10 lít, giúp bạn hấp được lượng lớn bánh mochi cùng lúc, tiết kiệm thời gian.Sản phẩm được trang bị nhiều chế độ nấu khác nhau, không chỉ hấp mà còn có thể dùng để nấu lẩu, luộc, mang lại sự đa năng cho căn bếp của bạn.Thiết kế thông minh, dễ dàng tháo lắp và vệ sinh, giúp công việc bếp núc trở nên nhẹ nhàng hơn bao giờ hết.Nồi hấp đa năng Unie UE668 10 lítOnline giá rẻ quá1.199.000₫1.870.000₫-35%Xem đặc điểm nổi bậtNồi lẩu hấp có dung tích10 lít, thiết kế2 tầngcho gia đình từ 4 - 6 người thoải mái nấu/ hấp thức ăn.Công suất1200Wvới8 chức năngnấu đa đạng, tùy chỉnh nhiệt độ linh hoạt cho gia đình đơn giản trong việc vào bếp.Bề mặtlòng nồi phủ chống dính Ceramiccao cấp giúp dễ dàng vệ sinh nhanh chóng.Tích hợpchức năng hẹn giờđến 24h, tính năngbảo vệ quá nhiệtđảm bảo chất lượng món ăn và an toàn sử dụng.Tay cầmnhựachống bỏng, vách nồi và nắp đậy trong suốt theo dõi quá trình nấu.Thương hiệuUnie- Việt Nam, được sản xuất tại Trung Quốc.Xem chi tiết', 'Xem thêm:Cách làm mochi anh đào mềm dẻo, chuẩn vị Nhật bằng nồi cơm điện tại nhà2 cách làm bánh mochi nướng Nhật Bản bằng nồi chiên và chảo chống dínhCách làm bánh mochi cốm dẻo thơm lạ miệng tại nhà nhờ máy xay cầm tay']",,dienmayxanh.com
https://www.dienmayxanh.com/vao-bep/cach-lam-banh-coc-mo-tuoi-tho-va-cach-goi-banh-coc-mo-dep-23465,Món Bánh,Cách làm bánh cóc mò tuổi thơ và cách gói bánh cóc mò đẹp,"Bạn đang tìm kiếm hương vị tuổi thơ? Bài viết này sẽ hướng dẫn bạn cách làm bánh cóc mò chuẩn vị, từ khâu chọn gạo nếp đến gói bánh cooc mò bằng lá chuối. Cùngvào bếpvà khám phámón bánhdân tộc thơm ngon, bùi dẻo này nhé!",,45 phút + 2 giờ,Cho 500gr gạo nếp,,6,"['Gạo nếp - 500 gr', 'Lạc - 150 gr ((đậu phộng))', 'Lá chuối tươi - 2 cái', 'Dây buộc bánh - 1 ít ((lạt/dây))', 'Gia vị thông dụng - 1 ít ((bột canh))', 'Thịt băm - 150 gr ((tuỳ chọn))']","['Bước 1 - Sơ chế gạo nếp và lạc (đậu phộng): Đầu tiên, bạn cần sàng kỹ gạo nếp để loại bỏ hết trấu, sạn và những hạt thóc còn sót lại. Sau đó, vo gạo 1-2 lần với nước sạch cho hết bụi bẩn, rồi vớt ra để ráo khoảng 5-10 phút. Mang lạc đi giã nhỏ vừa phải. Việc giã lạc sẽ giúp lạc tiết ra dầu, khi ngấm vào gạo sẽ làm bánh thơm và bùi hơn rất nhiều. Không cần giã quá mịn đâu, chỉ cần đủ để khi ăn vẫn cảm nhận được độ bùi của hạt lạc.', 'Bước 2 - Trộn đều nguyên liệu để làm bánh cóc mò: Cho gạo nếp đã ráo và lạc đã giã vào một chiếc bát lớn. Thêm một chút bột canh vào hỗn hợp. Sau đó, trộn thật đều tay cho đến khi lạc và bột canh hòa quyện hoàn toàn với gạo nếp, đảm bảo bánh có vị ngon đồng nhất, tránh tình trạng chỗ có lạc, chỗ không.', 'Bước 3 - Cách gói bánh cóc mò đẹp: Chuẩn bị lá chuối tươi đã rửa sạch. Xoắn lá chuối thành hình phễu: một tay cầm vào đầu lá bên này, một tay cầm đầu bên kia và bắt đầu xoắn lại. Hãy xoắn thật khéo léo để không có khe hở nào, nếu không gạo sẽ bị tràn ra ngoài khi nấu. Đặt một thanh đũa (hoặc một chiếc đũa sạch) vào tận đáy phễu lá chuối. Dùng muỗng xúc hỗn hợp gạo nếp và lạc vào phễu. Thanh đũa này có tác dụng đẩy gạo xuống tận đáy dưới cùng của bánh, giúp bánh đầy đặn hơn. Tiếp theo, dùng đũa nhẹ nhàng chọc và nén gạo nếp xuống. Khi gạo được nén chặt, bánh sẽ dai và ngon hơn sau khi nấu. Lưu ý chọc thật nhẹ nhàng để không làm rách lá chuối. Khi bánh đã được nén chặt, bắt đầu gấp phần đầu của bánh lại. Gấp bốn góc sao cho không để hở phần gạo ra ngoài, nếu không gạo sẽ chảy ra khi nấu.', 'Bước 4 - Buộc bánh và ngâm nước: Dùng lạt hoặc dây để buộc bánh lại. Buộc xoắn thành hình số 8, bắt đầu từ phần đầu bánh và thắt dây thật chặt. Buộc chặt sẽ giúp bánh giữ được hình dáng và ngon hơn khi chín. Thả bánh đã gói và buộc vào xô/chậu nước đã chuẩn bị. Bánh phải ngâm cho đến khi chìm hẳn xuống đáy thì mới đạt yêu cầu để nấu. Quá trình ngâm này thường mất khoảng 30 phút.', 'Bước 5 - Hấp bánh cóc mò: Sau khoảng 30 phút, khi bánh đã ngấm nước và chìm xuống, vớt bánh ra khỏi nước. Xếp bánh vào nồi, đổ nước ngập bánh. Nấu bánh trong vòng tầm khoảng 1 tiếng 30 phút đến 2 tiếng, tương tự như cách nấu bánh chưng.', 'Bước 6 - Thành phẩm: Sau khoảng thời gian nấu, bánh đã chín. Vớt bánh ra khỏi nồi, lúc này bánh vẫn còn nóng hổi và mùi thơm tự gạo nếp và lạc bốc lên ngào ngạt. Để bánh nguội hoàn toàn trước khi bóc vỏ và thưởng thức. Bánh cóc mò sau khi hoàn thành sẽ có hình dáng đặc trưng như sừng bò, dẻo thơm, bùi béo và rất dễ bóc.']","['Để món bánh cóc mò của bạn chín đều và giữ trọn hương vị, một bộ nồi chất lượng là không thể thiếu.Bộ 3 nồi inox 3 đáy nắp kính Elmich EL-2324MNsẽ là trợ thủ đắc lực cho mọi căn bếp.Bộ nồi Elmichnày được làm từ inox cao cấp, đảm bảo độ bền vượt trội và an toàn cho sức khỏe khi đun nấu lâu dài.Thiết kế 3 đáy giúp truyền nhiệt nhanh và tỏa nhiệt đều khắp bề mặt, giúp bánh chín kỹ mà không lo cháy hay sượng.Nắp kính tiện lợi giúp bạn dễ dàng quan sát quá trình nấu mà không cần mở nắp, giữ nhiệt hiệu quả và tiết kiệm năng lượng.Bộ 3 nồi inox 3 đáy Elmich EL-2324MNHàng phải chuyển về850.000₫1.571.000₫-45%Xem chi tiết', 'Trong lúc gói bánh, bạn nên chuẩn bị sẵn một xô hoặc chậu nước. Gói xong chiếc nào, thả ngay chiếc đó xuống nước để ngâm. Bánh cần ngấm nước để có thể chín đều khi nấu.', 'Xem thêm:Cách gói bánh lá dừa Bến Tre đúng chuẩn dẻo thơm chắc tayCách làm bánh gói lá chuối miền Trung thơm ngon béo ngậy hấp dẫn2 Cách làm bánh ít lá gai nhân đậu và nhân dừa mềm mịn ngon như ngoài hàng']",,dienmayxanh.com
https://www.dienmayxanh.com/vao-bep/cach-lam-banh-ran-doremon-khong-nhan-khong-can-may-danh-trung-12969,Món Bánh,"Cách làm bánh rán doremon không nhân, không cần máy đánh trứng","Bánh rán doremon là món bánh rất nổi tiếng bởi hương vị vô cùng thơm ngon lại dễ dàng thực hiện. Nếu bạn yêu thíchmón bánhnày nhưng chưa biết cách làm thì hãyvào bếpcùng Điện máy XANH nhé! Đảm bảo với công thức bất bại, không cần dùng đến máy đánh trứng, bạn sẽ có ngay mẻ bánh siêu ngon!",,30 phút + 20 phút,Cho 4 người,,4,"['Bột mì đa dụng - 300 gr', 'Trứng gà - 5 quả', 'Đường - 200 gr', 'Vani - 1 ống']","['Bước 1 - Sơ chế các nguyên liệu: Để thay thế cho máy đánh trứng bạn sử dụng một chai nhựa, dùng dao cắt bỏ phần đáy chai, sau đó cắt theo chiều dọc thành dạng tua rua từ dưới lên là hoàn thành. Tách lòng trắng và lòng đỏ trứng gà ra 2 tô riêng. Sau đó, cho 100gr đường vào tô chứa lòng đỏ trứng gà, dùng chai nhựa đánh hỗn hợp đến khi trứng chuyển sang màu vàng nhạt. Đối với lòng trắng trứng, bạn cũng cho vào thêm 100gr đường, dùng chai nhựa đánh đến khi trứng bông cứng, hỗn hợp có thể tạo thành chóp đứng là được.', 'Bước 2 - Pha bột: Khuấy đều hỗn hợp lòng đỏ cùng1 ống vani. Sau đó, bạn đổ hỗn hợp này vào tô lòng trắng trứng, dùng phới dẹt trộn nhẹ nhàng theo 1 chiều cho hỗn hợp hòa quyện hoàn toàn. Tiếp theo, chia 300gr bột mì thành nhiều phần nhỏ, sau đó rây mịn từng phần vào hỗn hợp trứng rồi trộn đều đến khi mịn mượt, bột không còn bị vón cục là được.', 'Bước 3 - Rán bánh: Bắc chảo chống dính lên bếp và làm nóng với lửa lớn, sau đó bạn hạ lửa nhỏ lại, dùng vá múc hỗn hợp bột bánh vào chảo. Rán từng cái bánh trên lửa nhỏ, khi mặt bánh bên dưới chín thì bạn trở mặt và tiếp tục rán đến khi cả 2 mặt vàng đều. Tiếp tục thực hiện như trên đến khi hết phần bột còn lại.', 'Bước 4 - Thành phẩm: Bánh rán doremon không nhân vừa chín tới đã thơm nức mũi, từng miếng bánh mềm mịn, bông xốp có vị bùi bùi, béo ngọt vô cùng hấp dẫn. Bạn có thể ăn kèm bánh với nhiều loại nhân nhưđậu xanh,đậu đỏ,socola,... để tăng thêm mùi vị thơm ngon nhé!']","['Xem chi tiết:Cách chọn mua trứng gà tươi ngon, chất lượng', 'Xem thêm:Bột mì đa dụng là gì?', 'Để tiết kiệm thời gian, bạn có thể dùngmáy đánh trứngđể đánh bông lòng trắng nhé!', 'Xem thêm:Cách làm bánh rán doremon nhân trà xanh đậu đỏ ngọt bùi, thơm ngonCách làm bánh rán doremon nhân kem sầu riêng béo thơm hấp dẫn cho bé yêuCách làm bánh doremon nhân trứng sữa phô mai từ bột pha sẵn thơm ngon']",,dienmayxanh.com
https://www.dienmayxanh.com/vao-bep/cach-lam-banh-kem-tang-thay-co-ngay-nha-giao-20-11-cuc-don-14484,Món Bánh,Cách làm bánh kem tặng thầy cô ngày Nhà giáo 20/11 cực đơn giản nhanh chóng,"Ngày lễ20/11 là một ngày cực kỳ ý nghĩa để bạn thể hiện tình cảm và lòng biết ơn của mình đến với những thầy cô giáo. Nếu vẫn chưa biết tặng quà gì, bạn có thể tham khảo ngay gợi ý món bánh cực hay từ Điện máy XANH nhé. Cùngvào bếpthực hiệnmón bánhkem tặng thầy cô ngày Nhà giáo 20/11 xinh xắn này thôi!",,20 phút + 45 phút,Cho 6 người,,7,"['Bột bánh bông lan socola - 200 gr', 'Whipping cream - 480 ml', 'Tinh chất vani - 1/2 muỗng cà phê', 'Siro socola - 1 ít', 'Socola chip - 15 gr', 'Màu thực phẩm - 1 ít ((vàng/ cam/ đỏ/ xám/ nâu/ xanh lá))', 'Dầu ăn - 1 ít']","['Bước 1 - Trộn bột bánh socola: Đầu tiên, bạn cho vào tô 200gr bột bánh bông lan socola trộn sẵn, khoảng 50ml nước rồi khuấy đều đến khi được hỗn hợp sệt mịn. Tiếp theo, cho vào thêm 2 muỗng cà phê dầu ăn và tiếp tục khuấy đều.', 'Bước 2 - Nướng bánh: Phết 1 lớp dầu ăn vào khuôn, sau đó bạn áo đều thêm 1 lớp bột khô để chống dính. Kế đến, đổ hỗn hợp bột bánh vào, đập nhẹ khuôn xuống bàn cho bột dàn đều. Tiếp theo, bắc 1 cái nồi đáy dày lên bếp, đặt thêm giá đỡ vào trong (hoặc các đồ kê bằng nhôm, sắt) rồi đặt khuôn bánh lên trên. Sau đó, bạn đậy nắp kín và nướng bánh 10 phút trên lửa lớn. Sau 10 phút, bạn hạ lửa xuống mức nhỏ rồi tiếp tục nướng thêm 25 phút.', 'Bước 3 - Đánh bông whipping cream: Cho vào tô 480ml whipping cream, 1/2 muỗng cà phê tinh chất vani. Dùng máy đánh trứng đánh đến khi kem bông cứng, nhấc que đánh tạo chóp đứng là được. Chia phần kem bông làm 2 phần bằng nhau, 1 phần để phủ bánh kem, phần còn lại thì pha đều với các màu thực phẩm: vàng, đỏ, cam, xám, nâu, xanh lá để trang trí.', 'Bước 4 - Phủ kem bánh: Dùng dao cắt bánh làm 3 miếng có độ dày bằng nhau và bắt đầu phủ kem. Đầu tiên, bạn dùng cọ phết 1 ít nước lọc lên miếng bánh đầu tiên để tạo độ ẩm. Sau đó, cho lên thêm 1 ít whipping cream đã đánh bông, 1 ít siro socola và dùng cây chà láng phần kem này. Tiếp theo, bạn rắc lên mặt kem 1 ít socola chip. Lặp lại lớp phủ tương tự với miếng bánh thứ 2. Khi đến miếng bánh thứ 3 thì bạn phủ kín toàn bộ bánh với kem tươi đánh bông.', 'Bước 5 - Trang trí: Cuối cùng, bạn sử dụng phần kem đánh bông đã pha màu để bắt hoa văn quanh bánh cũng như vẽ họa tiết cho bánh như hình quyển sách, cây thước, bảng phấn,... Tùy theo các môn mà thầy cô dạy mà bạn có thể linh hoạt thay bằng những ký hiệu hoặc hình ảnh liên quan đến môn học đó nhé.', 'Bước 6 - Thành phẩm: Bánh kem tặng thầy cô ngày Nhà giáo 20/11 cực kỳ xinh xắn và đẹp mắt, bên trong là cốt bánh mềm mịn, bùi thơm, ngọt đắng vị socola, cùng với bên ngoài là lớp kem tươi béo ngậy, mềm tan trong miệng. Đặc biệt là những hình vẽ ngộ nghĩnh nhưng chứa đầy tâm sức của bạn sẽ khiến thầy cô sẽ rất vui khi nhìn thấy đấy. Vậy thì còn chần chờ gì mà không làm ngay một chiếc bánh vừa bắt mắt lại thơm ngon và nhiều ý nghĩa như thế này!']","['Xem thêm:Cách làm cốt bánh gato (bông lan) xốp mềm, bất bại cực đơn giản tại nhà', 'Nếu hỗn hợp còn khô thì bạn có thể cho thêm nước nhé. Tuy nhiên, nên cho từ từ nước vào để tránh tình trạng bột bị loãng nhé!.', 'Để kiểm tra bánh chín hay chưa, bạn dùng tăm xăm vào giữa bánh. Nếu rút ra tăm khô ráo, không dính cặn bột là chín.', 'Xem thêm:4 cách làm nước uống tốt cho thanh quản tặng thầy cô nhân ngày 20/11Cách làm cơm bento hình hoa tặng thầy cô ngày 20/11 siêu đẹp mắt3 cách làm trà hoa đơn giản tại nhà, biếu tặng thầy cô ngày 20/11 ý nghĩa']",,dienmayxanh.com
https://www.dienmayxanh.com/vao-bep/cach-lam-banh-bot-loc-bang-bot-nang-nhan-tom-thit-dai-ngon-09848,Món Bánh,"Cách làm bánh bột lọc bằng bột năng nhân tôm thịt dai ngon, hấp dẫn","Bánh bột lọc luôn làmón bánhyêu thích của nhiều gia đình, đặc biệt là những dịp cuối tuần. Cùng nhau làm những chiếc bánh bột lọc đáng yêu sẽ làm tình cảm gia đình thêm gắn kết đấy. Hôm nay, cùng chuyên trangVào bếpthực hiện món bánh bột lọc bằng bột năng nhân tôm thịt vô cùng hấp dẫn nhé.",,15 phút + 50 phút,Cho 2 người,,8,"['Tôm - 200 gr', 'Thịt heo - 200 gr', 'Bột năng - 800 gr', 'Hành lá - 2 nhánh', 'Ớt bột - 1 muỗng canh', 'Dầu ăn - 10 muỗng canh', 'Nước mắm - 2 muỗng canh', 'Nguyên liệu thông dụng - 1 ít ((đường/ muối/ tiêu/ bột ngọt/ hạt nêm))']","['Bước 1 - Sơ chế nguyên liệu: Để khử mùi tanh của tôm, bạn hòa tan 1 muỗng cà phê muối vào 300ml nước, ngâm tôm trong khoảng 5 - 10 phút rồi rửa lại thật sạch nhiều lần với nước. Sau đó vớt tôm ra để ráo. Sau khi tôm đã được rửa sạch, bạn nhẹ nhàng lột bỏ phần đầu và vỏ tôm, sau đó, bạn dùng dao nhẹ nhàng khứa dọc theo lưng tôm rồi từ từ kéo chỉ đen của tôm ra để loại bỏ. Bạn lần lượt làm như vậy hết phần tôm nhé. Thịt heo bạn rửa thịt sơ với nước muối pha loãng trong 3 phút. Rồi vớt ra để ráo. Sau khi thịt đã ráo rồi thì bạn cắt thành những miếng nhỏ để làm nhân. Mách nhỏ: Hành lá cắt bỏ phần lá úa vàng và gốc rễ, rửa sạch, cắt nhỏ.', 'Bên cạnh cách bên trên, bạn có thể khử mùi hôi của thịt bằng cách trụng chúng sơ qua nước sôi trong khoảng 3 phút, rồi vớt ra và cắt nhỏ rồi chế biến.', 'Sử dụng chanh/ giấm chà xát lên thịt cũng giúp loại bỏ được mùi hôi hiệu quả.', 'Bước 2 - Ướp tôm thịt: Để ướp tôm, bạn cho vào 1 muỗng cà phê muối, 3 muỗng cà phê đường, 1/2 muỗng cà phê bột ngọt, 1 muỗng cà phê hạt nêm và 1/2 muỗng cà phê tiêu, trộn đều để tôm ngấm gia vị và ướp chúng trong 20 phút. Tương tự, thịt bạn cũng ướp với 1 muỗng cà phê muối, 3 muỗng cà phê đường, 1/2 muỗng cà phê bột ngọt, 1 muỗng cà phê hạt nêm và 1/2 muỗng cà phê tiêu. Sau đó, trộn thật đều và ướp trong 20 phút.', 'Bước 3 - Xào tôm thịt: Bắc chảo lên bếp, cho vào 2 muỗng canh dầu ăn, đợi dầu nóng, bạn cho tôm vào, xào trong khoảng 15 phút. Sau 15 phút, tôm chuyển sang màu cam, tôm đã chín thì bạn trút chúng ra tô. Tương tự, bắc chảo lên bếp, cho vào 2 muỗng canh dầu ăn, đợi dầu nóng bạn cho thịt vào xào trong 15 phút đến khi thịt săn lại thì bạn tắt bếp, cho thịt ra tô.', 'Bước 4 - Nhồi bột: Để nhồi bột làm bánh, bạn cho 800gr bột năng vào tô, tạo 1 lỗ lõm ở chính giữa rồi đun sôi khoảng 300ml nước. Đợi nước sôi, bạn đổ từ từ vào phần lỗ lõm, nên chia ra từng lần đổ, mỗi lần đổ khoảng 100ml nước sôi. Sau đó, bạn cẩn thận dùng vá nhanh tay trộn đều bột, rồi dùng tay nhồi cho bột. Nếu trong quá trình nhồi thấy bột còn khô thì đổ tiếp nước vào. Làm tương tự như vậy đến khi bột thành khối dẻo mịn, cầm không dính tay là đạt yêu cầu. Mách nhỏ:', 'Khi đổ nước vào để nhồi bột thì bạn không nên đổ hết nước trong 1 lần, vì rất khó canh được lượng nước phù hợp, nếu đổ quá nhiều sẽ làm bột bị nhão, không dính được.', 'Nước để nhồi bột phải là nước thật sôi mới có thể nhồi bột được nha.', 'Bước 5 - Gói bánh: Sau khi bột được nhồi xong, để làm vỏ bánh, bạn lấy 1 phần bột nhỏ khoảng viên bi hoặc to hơn tí, vo tròn và ép dẹp thật mỏng. Sau đó, nhẹ nhàng cho nhân bánh gồm thịt và tôm vào rồi dùng tay ép chặt các mép bánh lại với nhau thật khít để khi luộc bánh không bị bung ra.', 'Bước 6 - Luộc bánh: Bắc nồi lên bếp, cho vào khoảng 500ml nước và 1 muỗng canh dầu ăn đun sôi. Sau đó, nhẹ nhàng thả từng chiếc bánh vào luộc khoảng 5 - 10 phút cho đến khi vỏ bánh trở nên trong lại thì vớt bánh ra cho vào thau nước 2 phút rồi xếp ra đĩa.', 'Bước 7 - Pha nước mắm: Bắc chảo lên bếp, cho vào khoảng 5 muỗng canh dầu ăn và đun sôi. Tắt bếp, sau đó cẩn thận múc khoảng 4 muỗng canh dầu ăn cho vào chén hành lá cắt nhỏ để làm mỡ hành. Phần dầu còn lại trong chảo bạn cho thêm vào 1 muỗng canh ớt bột, trộn đều để làm sate ớt. Để pha nước chấm, bạn cho vào chén 2 muỗng canh nước mắm, 3 muỗng canh đường, toàn bộ phần sate ớt vừa làm, 1 muỗng cà phê bột ngọt rồi khuấy cho gia vị hòa tan hoàn toàn rồi nêm nếm lại cho vừa miệng với gia đình bạn là được.', 'Bước 8 - Thành phẩm: Bánh bột lọc sau khi đã được luộc chín thì xếp bánh ra đĩa, rưới mỡ hành lên trên. Sau đó, chan nước mắm vừa đủ theo khẩu vị của bạn và thưởng thức. Bánh có vị dai của bột năng, hòa quyện cùng vị mặn mà của thịt và tôm vô cùng đậm đà. Đặc biệt là khi kết hợp với sate và mỡ hành thì ngon tuyệt cú mèo.']","['Xem chi tiết:Cách chọn mua thịt ba chỉ ngon đúng chuẩn.Cách phân biệt các loại thịt heo đúng chuẩn cho bữa ăn.', 'Xem chi tiết:Cách chọn mua tôm tươi ngon.', 'Mẹo lấy chỉ tôm nhanh chóng:Để lấy phần chỉ đen của tôm, bạn cũng có thể làm cách như sau. Bạn lật ngửa con tôm, 1 tay giữ chặt phần thân tôm, 1 tay bóc 2 bên của đầu tôm khỏi phần thân rồi nhẹ nhàng kéo phần đầu tôm ra khỏi thân tôm thì chỉ đen trên lưng tôm sẽ được lấy ra.', 'Bên cạnh cách bên trên, bạn có thể khử mùi hôi của thịt bằng cách trụng chúng sơ qua nước sôi trong khoảng 3 phút, rồi vớt ra và cắt nhỏ rồi chế biến.Sử dụng chanh/ giấm chà xát lên thịt cũng giúp loại bỏ được mùi hôi hiệu quả.', 'Với món ăn này, phần nhân bạn không nên ướp quá mặn, vì bánh này bạn sẽ ăn kèm với nước mắm.', 'Khi đổ nước vào để nhồi bột thì bạn không nên đổ hết nước trong 1 lần, vì rất khó canh được lượng nước phù hợp, nếu đổ quá nhiều sẽ làm bột bị nhão, không dính được.Nước để nhồi bột phải là nước thật sôi mới có thể nhồi bột được nha.', 'Để bánh không bị dính vào nhau thì sau khi luộc bánh chín bạn vớt bánh cho ngay vào thau nước có thêm một xíu dầu ăn.', 'Xem thêm:Cách làm bánh bột lọc Phan Thiết thơm ngon đơn giản ăn là ghiền.Cách làm bánh bột lọc nhân tôm thịt cấp tốc bằng bánh tráng thơm ngon.Cách làm bánh bột lọc nhân tôm thịt bằng bánh tráng cực đơn giản.']",,dienmayxanh.com
https://www.dienmayxanh.com/vao-bep/tu-lam-thanh-nang-luong-gao-lut-cha-bong-gion-tan-healthy-23442,Món Bánh,"Tự làm thanh năng lượng gạo lứt chà bông giòn tan, healthy ngay tại nhà","Bạn muốn mónăn vặthealthy? Cùngvào bếplàm thanh gạo lứt chà bông giòn rụm, thơm ngon! Công thức bánh gạo lứt chà bông này giúp bạn giảm cân hiệu quả, cung cấp dinh dưỡng và chất xơ. Đảm bảo mê ngay từ miếng đầu tiên!",,40 phút,Cho 15 - 20 thanh,,10,"['Mè trắng - 25 gr', 'Hạt điều - 25 gr ((đã rang))', 'Hạnh nhân - 25 gr ((nguyên hạt chưa rang))', 'Hạt dưa - 25 gr', 'Hạt bí xanh - 25 gr', 'Cốm gạo lứt - 400 gr ((có hoặc không rong biển))', 'Mật ong - 180 gr ((hoặc mạch nha))', 'Dầu dừa - 60 gr', 'Muối - 1/2 muỗng cà phê', 'Chà bông - 1 ít ((lượng tùy thích))']","['Bước 1 - Rang thơm các loại hạt dinh dưỡng: Bắc chảo lên bếp, cho hạnh nhân chưa rang vào. Rang trên lửa nhỏ khoảng 3 phút. Sau đó, thêm hạt bí xanh và hạt dưa vào, tiếp tục rang. Nhớ rang các loại hạt lâu chín trước, hạt nhanh chín sau để đảm bảo tất cả đều thơm vàng. Khi hạt đã gần được, cho mè trắng và hạt điều (đã rang sẵn) vào rang chung. Rang đến khi mè trắng chuyển màu vàng và có mùi thơm hấp dẫn thì tắt bếp, nhắc ra ngoài.', 'Bước 2 - Nấu sốt mật ong kết dính: Bắc một chảo khác lên bếp, cho 180 gr mật ong và 60 gr dầu dừa vào. Đun nhỏ lửa cho hỗn hợp hòa quyện vào nhau. Thêm 1/2 muỗng cà phê muối vào. Tiếp tục đun cho muối tan hết và hỗn hợp sôi sủi tăm thì tắt bếp ngay. Không nên nấu quá lâu để tránh làm mất đi độ dẻo của mật ong.', 'Bước 3 - Trộn đều nguyên liệu và tạo hình bánh: Cho 400 gr cốm gạo lứt (có thể có rong biển hoặc không) và toàn bộ phần hạt đã rang thơm vào một tô lớn. Chan từ từ hỗn hợp sốt mật ong dầu dừa vừa nấu vào, đồng thời đảo đều tay. Đảm bảo cốm gạo lứt và các loại hạt được phủ đều bởi lớp sốt mật ong, giúp chúng kết dính tốt hơn khi tạo hình thanh. Chuẩn bị một khay chữ nhật có kích thước khoảng 30x22 cm, lót sẵn một lớp giấy nến. Đổ toàn bộ hỗn hợp cốm và hạt đã trộn vào khay, dàn đều. Sử dụng một tờ giấy nến khác phủ lên trên, sau đó dùng tay hoặc cây cán bột nén thật chặt xuống. Việc nén kỹ sẽ giúp thanh gạo lứt dẻo và kết dính tốt hơn, không bị vỡ vụn khi cắt.', 'Bước 4 - Nướng bánh gạo lứt chà bông: Đặt khay cốm đã nén vào lò nướng. Nướng ở nhiệt độ 160 độ C với chế độ hai lửa có quạt trong khoảng 20 phút. Quá trình nướng này không chỉ giúp cốm giòn hơn mà còn làm cho mật ong kết dính chặt chẽ, tạo độ cứng cáp cho thanh gạo lứt. Sau khi nướng xong, lấy khay ra khỏi lò. Lúc này, thanh cốm còn nóng và dẻo, bạn hãy nhanh tay rắc một lượng chà bông tùy thích lên trên bề mặt. Để thanh gạo lứt nguội khoảng 15 phút ở nhiệt độ phòng, sau đó cho vào ngăn mát tủ lạnh ít nhất 3 - 4 tiếng.', 'Bước 5 - Thành phẩm: Bạn sẽ có những thanh gạo lứt chà bông giòn rụm, thơm ngon, đậm đà vị chà bông mặn mặn, ngọt nhẹ từ mật ong và bùi bùi của các loại hạt. Một món ăn vặt healthy lý tưởng cho người ăn kiêng!']","['Để món thanh gạo lứt chà bông của bạn thêm phần hoàn hảo, một chiếc lò nướng chất lượng là không thể thiếu.Lò nướng Toshiba TL-MC35Z 35 lítsẽ là trợ thủ đắc lực cho bạn trong căn bếp.Lò nướng Toshibavới dung tích 35 lít, phù hợp cho gia đình nhỏ đến vừa, giúp nướng được lượng lớn thực phẩm cùng lúc.Chế độ nướng hai lửa có quạt giúp nhiệt độ phân bổ đều, đảm bảo món ăn chín vàng giòn rụm từ trong ra ngoài.Thiết kế hiện đại, dễ sử dụng cùng chất liệu bền bỉ, mang lại trải nghiệm nấu nướng tiện lợi và an toàn.Lò nướng Toshiba TL-MC35Z 35 lítOnline giá rẻ quá2.290.000₫2.730.000₫-16%Xem chi tiết', 'Luôn rang hạt trên lửa nhỏ và đảo đều tay để hạt chín đều, không bị cháy.', 'Tỷ lệ 400gr cốm, 180gr mật ong, 60gr dầu dừa sẽ cho ra thanh gạo lứt không quá ngọt và có độ kết dính vừa phải, không bị cứng.', 'Việc làm lạnh đủ thời gian là cực kỳ quan trọng để thanh gạo lứt chà bông kết dính hoàn hảo và giòn tan. Nếu cắt quá sớm, thanh sẽ dễ bị rời rạc.', 'Xem thêm:Cách nấu cháo gạo lứt giảm cân, bồi bổ sức khỏe cho người khỏi ốm siêu dễCách làm sữa gạo lứt ngon bổ rẻ vô cùng đơn giảnCách làm bánh mì gạo lứt tại nhà healthy giữ dáng đơn giản']",,dienmayxanh.com
https://www.dienmayxanh.com/vao-bep/cach-lam-banh-ran-khoai-mon-pho-mai-chien-gion-thom-ngon-de-08686,Món Bánh,Cách làm bánh rán khoai môn phô mai chiên giòn thơm ngon dễ làm,"Bánh khoai môn phô mai ăn vào giòn rụm, nhân bên trong thì bùi ngọt vị khoai, beo béo vị phô mai, ăn là nghiền. Cuối tuần này hãyvào bếpcùng Điện máy XANH để thực hiện và mời cả nhàmón bánhđơn giản, thơm ngon này bạn nhé!",,15 phút + 30 phút,Cho 6 người,,8,"['Bột mì đa dụng - 50 gr ((bột mì số 11))', 'Bột chiên xù - 100 gr', 'Bột năng - 50 gr', 'Khoai môn - 400 gr', 'Khoai lang tím - 100 gr', 'Phô mai mozzarella - 100 gr', 'Đường - 50 gr', 'Dầu ăn - 20 ml']","['Bước 1 - Luộc khoai môn: Đầu tiên, bạn bào vỏ khoai môn và khoai lang rồi rửa sạch. Sau đó, cắt khoai thành nhiều miếng nhỏ rồi cho vào xửng hấp chín mềm trong khoảng 15 phút. Mẹo gọt khoai môn không bị ngứa tay', 'Bạn hãy để yên lớp đất trên vỏ khoai rồi dùng tay khô để gọt vỏ. Sau đó ngâm khoai vào nước muối loãng 10 phút là có thể chế biến.', 'Lưu ý trong quá trình ngâm khoai, bạn không nên cho tay trực tiếp vào khoai.', 'Đeo găng tay để gọt vỏ.', 'Nếu không may bị ngứa do gọt vỏ khoai môn thì có thể hơ tay trên lửa, ngâm tay với nước muối pha nước chanh hoặc vò lá chuối xanh đắp lên vùng bị ngứa khoảng 10 phút để giảm ngứa nhé!', 'Bước 2 - Nghiền khoai môn: Cho khoai đã hấp chín vào tô, kế tiếp dùng nĩa tán nhuyễn mịn khoai.', 'Bước 3 - Trộn bột bánh: Cho vào tô mới 50gr bột năng, 50gr bột mì, 50gr đường rồi trộn đều. Tiếp theo, đổ hỗn hợp bột vừa trộn vào tô khoai và tiếp tục trộn đều cho hòa quyện. Kế đến, bạn cho vào thêm 20ml dầu ăn rồi dùng tay nhào bột đến khi tạo thành khối dẻo mịn, không dính tay là đạt.', 'Bước 4 - Tạo hình bánh: Cho bột ra bàn, lăn dài rồi dùng dao cắt thành nhiều phần bằng nhau. Sau đó, bạn vo tròn từng phần, dùng tay tạo vết lõm ở giữa, cho viên phô mai vào bên trong rồi túm kín mép bột lại.', 'Bước 5 - Chiên bánh: Chuẩn bị 1 tô bột chiên xù và 1 chén nước lã. Đầu tiên, bạn lăn bánh qua chén nước, sau đó cho lăn đều qua tô bột chiên xù. Bắc chảo dầu lên bếp, khi dầu sôi lăn tăn, bạn cho bánh vào chiên ngập dầu và trở đều trên lửa vừa khoảng 8 phút đến khi bánh chín vàng.', 'Bước 6 - Thành phẩm: Bánh rán khoai môn phô mai có lớp vỏ ngoài giòn rụm, bên trong thì mềm dẻo, bùi ngọt vị khoai kết hợp cùng nhân phô mai tan chảy beo béo, cực kỳ ngon. Bạn có thể ăn kèm với tương ớt để tăng thêm hương vị cho món bánh nhé!']","['Xem thêm chi tiết:Cách chọn mua khoai môn dẻo ngon, không sượng', 'Mẹo gọt khoai môn không bị ngứa tayBạn hãy để yên lớp đất trên vỏ khoai rồi dùng tay khô để gọt vỏ. Sau đó ngâm khoai vào nước muối loãng 10 phút là có thể chế biến.Lưu ý trong quá trình ngâm khoai, bạn không nên cho tay trực tiếp vào khoai.Đeo găng tay để gọt vỏ.Nếu không may bị ngứa do gọt vỏ khoai môn thì có thể hơ tay trên lửa, ngâm tay với nước muối pha nước chanh hoặc vò lá chuối xanh đắp lên vùng bị ngứa khoảng 10 phút để giảm ngứa nhé!', 'Tán khoai lúc còn nóng sẽ dễ dàng và khoai cũng mịn hơn.', 'Để bánh giòn phồng hơn, bạn nên dùng nhiều dầu hoặc tăng thêm lượng bột nếp trong bánh.', 'Xem thêm:Cách làm bánh khoai tây chiên cay giòn ngon dễ làmCách làm bánh khoai tây Korokke phô mai tan chảy thơm ngon khó cưỡngCách làm bánh khoai tây hột gà thơm ngon béo mềm dễ làm']",,dienmayxanh.com
https://www.dienmayxanh.com/vao-bep/cach-lam-banh-mi-gao-lut-tai-nha-healthy-giu-dang-don-gian-23427,Món Bánh,Cách làm bánh mì gạo lứt tại nhà healthy giữ dáng đơn giản,"Chào bạn, hôm nay chúng ta cùngvào bếplàm bánh mì gạo lứt 100% mềm dẻo, thơm ngon, bổ dưỡng. Bạn lo lắng cách làm bánh mì gạo lứt khó? Đừng bận tâm! Với hướng dẫn chi tiết này, bạn chắc chắn sẽ thành công ngay, mang đếnmón bánhlành mạnh cho cả gia đình.",,15 phút + 35 phút,Cho 1 ổ bánh mì,,7,"['Gạo lứt đen - 230 gr ((hoặc pha gạo trắng))', 'Mật ong - 20 gr', 'Dầu ăn - 25 gr', 'Men nở - 1 muỗng cà phê ((instant))', 'Muối - 1/2 muỗng cà phê', 'Nước - 150 ml', 'Mè trắng - 1 ít ((tùy chọn))']","['Bước 1 - Chuẩn bị gạo lứt: Đầu tiên, bạn cân lấy 230 gr gạo lứt đen. Nếu không thích hoàn toàn gạo lứt, bạn có thể pha thêm một ít gạo trắng vào cũng được nha. Cho gạo vào thau, rửa thật sạch với nước. Sau đó, cho nước ấm vào ngâm gạo khoảng 2 tiếng. Nếu có nhiều thời gian hơn, bạn có thể ngâm 4 tiếng để hạt gạo nở đều và mềm hơn. Sau khi ngâm, vớt gạo ra để thật ráo nước. Lúc này, gạo đã ngâm sẽ nặng khoảng 300 gr.', 'Bước 2 - Xay hỗn hợp bột bánh mì gạo lứt: Cho 300 gr gạo lứt đã ngâm ráo, 140 - 150 ml nước và 1/2 muỗng cà phê muối vào cối xay sinh tố. Bật máy xay sinh tố đa năng Toshiba BL-70PR1NV, xay cho đến khi hỗn hợp gạo thật nhuyễn mịn. Trong quá trình xay, nhớ mở nắp, dùng phới khều các hạt gạo dính trên thành cối xuống để đảm bảo xay nhuyễn đều. Khi hỗn hợp đã nhuyễn mịn, không còn lợn cợn, bạn cho tiếp 20 gr mật ong và 25 gr dầu ăn vào. Đóng nắp và xay tiếp cho các nguyên liệu hòa quyện hoàn toàn. Cuối cùng, cho 1 muỗng cà phê men nở (instant) vào. Đóng nắp và chỉ xay thêm vài giây (nhấp thả khoảng 2 lần) là được, không cần xay lâu. Kiểm tra hỗn hợp:bột sẽ có độ chảy sệt như dòng chảy của bánh bông lan. Nếu thấy lỏng quá, có thể thêm một ít bột gạo lứt khô; nếu đặc quá, thêm một tí nước.', 'Bước 3 - Ủ bột bánh mì: Lót một tấm giấy nến vào khuôn bánh mì có kích thước 22x9x6 cm. Đổ hết hỗn hợp bột bánh mì gạo lứt vào khuôn. Dùng phới dàn đều bề mặt cho bằng phẳng. Nhấc khuôn lên và thả nhẹ xuống vài cái để loại bỏ bọt khí lớn. Dùng giấy bạc đậy kín khuôn bánh. Ủ bột ở nhiệt độ phòng khoảng 20 - 30 phút.', 'Bước 4 - Nướng bánh mì gạo lứt: Trong lúc đợi bột ủ, bạn làm nóng lò nướng ở chế độ hai tầng nhiệt độ 230 độ C. Khi bột đã ủ đủ thời gian (bề mặt bằng phẳng, không lồi lõm), bạn có thể rắc thêm một ít mè trắng lên trên bề mặt bánh (tùy chọn). Xịt một lớp nước mỏng lên bề mặt bánh để khi nướng không bị khô. Đậy giấy bạc lên khuôn bánh và cho vào lò nướng. Nướng bánh trong khoảng 30 phút. Bánh sẽ nở phồng cao qua khỏi khuôn, có màu nâu sẫm hấp dẫn.', 'Bước 5 - Thành phẩm: Sau khi nướng xong, lấy bánh ra khỏi lò. Đừng vội cắt bánh ngay nhé! Hãy để bánh nguội hoàn toàn. Bánh mì gạo lứt 100% của chúng ta mềm dẻo, thơm lừng và có kết cấu đặc trưng khác biệt so với bánh mì bột mì. Thưởng thức lát bánh mì gạo lứt bổ dưỡng cùng các món ăn yêu thích để tăng thêm hương vị cho bữa ăn lành mạnh của bạn.']","['Xem chi tiết:Gạo lứt là gì, mua ở đâu? Các loại gạo lứt, cách chọn mua và bảo quản', 'Xem chi tiết:Cách phân biệt mật ong rừng và mật ong nuôi đơn giản và chính xác nhất', 'Máy xay sinh tố đa năng Toshiba BL-70PR1NVlà trợ thủ đắc lực giúp bạn dễ dàng chế biến nhiều món ăn ngon, từ xay sinh tố đến xay bột làm bánh.Máy xay sinh tố Toshibanổi bật với động cơ mạnh mẽ, giúp xay nhuyễn mịn mọi nguyên liệu chỉ trong tích tắc, tiết kiệm thời gian tối đa cho người nội trợ.Thiết kế cối xay bằng thủy tinh cao cấp, chịu lực tốt, an toàn cho sức khỏe và dễ dàng vệ sinh sau khi sử dụng.Lưỡi dao sắc bén làm từ thép không gỉ, bền bỉ, đảm bảo hiệu suất xay vượt trội và tuổi thọ sản phẩm lâu dài.Máy xay đa năng Toshiba BL-70PR1NVOnline giá rẻ quá990.000₫1.228.000₫-19%Xem chi tiết', 'Thời gian ủ bột rất quan trọng để làm bánh mì gạo lứt thành công. Nên tính thời gian ủ từ lúc vừa xay bột xong. Khoảng 20 phút, bạn nên mở ra kiểm tra. Nếu ủ quá 5 - 10 phút, bánh có thể bị xẹp, bề mặt lồi lõm và không được láng mịn.', 'Nếu lỡ ủ bánh quá thời gian, bánh có thể bị chai cứng bề mặt hoặc đặc ruột (nếu lố 5-10 phút) hay rỗng ruột (nếu lố 15-20 phút). Tuy nhiên, vẫn có thể dùng được nhưng kết cấu sẽ không hoàn hảo.', 'Xem thêm:Cách làm bánh mì đặc ruột thơm ngon đơn giản bằng nồi chiên không dầuCách làm bánh mì gối sandwich cơ bản thơm ngon mềm ẩm mịnCách làm bánh mì bơ sữa bằng nồi chiên không dầu thơm ngon, mềm mịn']",,dienmayxanh.com
https://www.dienmayxanh.com/vao-bep/cach-lam-banh-khoai-tay-sua-chien-xu-thom-ngon-gion-rum-09336,Món Bánh,Cách làm bánh khoai tây sữa chiên xù thơm ngon giòn rụm,"Bánh khoai tây sữa chiên vàng giòn, nhân khoai thì bùi dẻo, béo thơm,món bánhcực kỳ thích hợp để bạn làm cho cả nhà thưởng thức vào dịp cuối tuần. Công thức thực hiện vô cùng đơn giản, hãyvào bếpngay cùng Điện máy XANH nhé!",,30 phút + 15 phút,Cho 4 người,,8,"['Bột mì đa dụng - 250 gr ((bột mì số 11))', 'Bột chiên xù - 100 gr', 'Khoai tây - 500 gr', 'Sữa tươi không đường - 120 ml', 'Sữa đặc - 20 ml', 'Trứng gà - 2 quả', 'Đường - 30 gr', 'Muối - 1/4 muỗng cà phê']","['Bước 1 - Hấp chín khoai tây: Đầu tiên, rửa sạch khoai tây để loại bỏ đất cát bên ngoài. Kế đến, gọt vỏ khoai tây rồi ngâm trong nước muối pha loãng 15 phút. Sau 15 phút, cắt khoai thành nhiều lát mỏng có độ dày khoảng 1 lóng tay nhỏ. Nấu sôi 1 nồi nước, đặt xửng lên trên rồi cho khoai tây vào hấp chín mềm khoảng 20 - 25 phút.', 'Bước 2 - Nghiền và trộn bột bánh: Cho khoai tây đã hấp chín ra tô và dùng nĩa tán cho nhuyễn mịn. Kế tiếp, cho thêm vào tô khoai 1 lòng đỏ trứng gà, 1/4 muỗng cà phê muối, 30gr đường, 20ml sữa đặc, 20ml sữa tươi không đường. Trộn đều đến khi hỗn hợp hòa quyện hoàn toàn. Tiếp theo, cho vào 150gr bột mì, 1 muỗng canh dầu ăn và dùng tay nhào bột đến khi tạo thành khối dẻo mịn. Cuối cùng, để bột nghỉ 30 phút trước khi tạo hình bánh.', 'Bước 3 - Tạo hình bánh: Đầu tiên, cho vào tô mới 100gr bột mì, 1 quả trứng gà, 100ml sữa tươi không đường rồi khuấy đều đến khi hỗn hợp mịn mượt. Kế tiếp, chia hỗn hợp khoai tây thành nhiều phần bằng nhau rồi vo tròn. Sau đó, áo viên khoai tây qua 1 lớp bột mì ướt và 1 lớp bột chiên xù. Làm tương tự đến khi hết phần khoai tây còn lại.', 'Bước 4 - Chiên bánh: Bắc 1 nồi dầu lên bếp, khi dầu sôi lăn tăn, bạn thả bánh vào chiên trên lửa vừa đến khi lớp vỏ ngoài vàng giòn là chín.', 'Bước 5 - Thành phẩm: Bánh khoai tây sữa chiên xù có lớp vỏ vàng giòn, nhân khoai bên trong thì mềm dẻo, bùi bùi, beo béo và thơm nhẹ mùi sữa. Bạn có thể chấm bánh cùng với tương ớt, tương cà và sốt mayonnaise để tăng thêm hương vị cho món ăn nhé!']","['Nên tán khoai tây lúc còn nóng vì sẽ dễ tán và khoai cũng mịn hơn.', 'Xem thêm:Cách làm bánh khoai tây chiên cay giòn ngon dễ làm2 cách làm bánh khoai mỡ chiên và hấp thơm ngon đơn giản, lạ miệngCách làm bánh khoai tây chiên nhân đậu phộng giòn xốp thơm ngon']",,dienmayxanh.com
https://www.dienmayxanh.com/vao-bep/cach-lam-banh-donut-nuong-khong-chien-thom-ngot-don-gian-13100,Món Bánh,2 cách làm bánh donut nướng không chiên thơm ngọt đơn giản tại nhà,"Nếumón bánhdonut chiên khiến bạn ngán vì nhiều dầu mỡ, thì bánh donut nướng lại đem đến một cảm giác mềm dai, bùi thơm rất ngon miệng. Cùng Điện máy XANHvào bếptham khảo ngay 2 cách làm bánh donut nướng dưới đây để nếm thử nhé!",,2 giờ 30 phút + 20 phút + 1 giờ 45 phút + 25 phút,Cho 6 người,,11,"['Bột mì đa dụng - 531 gr', 'Bột cacao đen - 4 muỗng canh', 'Bơ lạt - 170 gr ((đun chảy))', 'Đường bột - 561 gr', 'Men nở instant - 2 muỗng cà phê', 'Mật ong - 80 ml', 'Trứng - 4 quả', 'Sữa tươi không đường - 275 ml', 'Tinh chất vani - 5 muỗng cà phê', 'Muối - 1 muỗng cà phê', 'Màu hồng thực phẩm - 1 ít']","['Bước 1 - Trộn các nguyên liệu ướt: Cho vào tô 200ml sữa tươi không đường, 170gr bơ lạt đun chảy, 80ml mật ong, 1 muỗng cà phê tinh chất vani, 4 quả trứng. Dùng nĩa hoặc phới lồng khuấy đều cho hỗn hợp hòa quyện.', 'Bước 2 - Trộn bột và ủ bột: Cho vào tô mới 531gr bột mì đa dụng, 1 muỗng cà phê muối rồi trộn đều. Sau đó, bạn cho vào thêm 2 muỗng cà phê men nở instant và tiếp tục trộn đều. Tiếp theo, đổ hỗn hợp trứng sữa vào tô bột, dùng phới dẹt trộn đều cho bột kết dính với nhau thành khối. Kế đến, bọc kín tô bột bằng màng bọc thực phẩm và ủ bột từ 2 - 3 tiếng ở nhiệt độ phòng. Sau 3 tiếng, bạn tiếp tục để tô bột này vào ngăn mát tủ lạnh rồi ủ qua đêm (khoảng 12 tiếng).', 'Bước 3 - Cán bột và tạo hình: Cho khối bột ra bàn, phủ lên mặt 1 lớp bột mì khô rồi dùng cây cán mỏng với độ dày khoảng 1/2 lóng tay nhỏ. Kế tiếp, dùng khuôn tròn để cắt bánh. Sau đó, bạn dùng một khuôn tròn nhỏ hơn và ấn vào giữa miếng bột vừa cắt để tạo hình. Chuẩn bị khay nướng có lót sẵn giấy nến, xếp bánh lên trên, phủ khăn kín và ủ từ 20 - 30 phút.', 'Bước 4 - Nướng bánh: Làm nóng lò nướng trước ở nhiệt độ 190 độ C trong 15 phút. Phết 1 lớp bơ lạt lên mặt bánh, sau đó, cho vào lò và nướng 15 phút ở 190 độ C đến khi mặt bánh chuyển màu vàng nâu.', 'Bước 5 - Làm lớp phủ: Cho vào chén 187gr đường bột, 1.5 muỗng cà phê tinh chất vani, 2 muỗng canh sữa tươi không đường. Khuấy đều đến khi được hỗn hợp sệt mịn. Ở chén thứ 2, bạn cho vào 187gr đường bột, 2 muỗng canh sữa tươi không đường, 1.5 muỗng cà phê tinh chất vani, 1 ít màu hồng thực phẩm rồi khuấy đều. Ở chén thứ 3, cho vào 187gr đường bột, 4 muỗng canh bột cacao đen, 3 muỗng canh sữa tươi không đường, 1 muỗng cà phê tinh chất vani và khuấy đều. Khi bánh vừa ra lò, bạn hãy nhanh tay nhúng vào chén sốt rồi kê bánh lên giá đỡ cho khô nhé!', 'Bước 6 - Thành phẩm: Bánh donut nướng có nhiều màu sắc đáng yêu, cắn thử một miếng giòn nhẹ, bên trong mềm dai cùng vị ngọt thơm, bùi béo cực kỳ ngon miệng.']","['Lưu ý:Để men nở không bị chết hoặc hoạt động yếu, bạn nên trộn tách biệt men nở và muối ra nhé!', 'Để bánh bắt mắt và hấp dẫn hơn, bạn có thể rắc lên mặt 1 ít kẹo bi hoặc cốm màu nhé!', 'Để men không bị chết hoặc hoạt động yếu, sữa tươi cho vào men chỉ nên ở mức ấm khoảng 32 - 40 độ C thôi nhé.', 'Xem thêm:Cách làm bánh donut mini đáng yêu, thơm ngon ăn hoài không ngánCách làm bánh donut trà xanh - Donut matcha thơm ngon không cần lò nướngCách làm bánh donut chiên nhân socola nutella xốp mềm thơm ngon dễ làm']",,dienmayxanh.com
https://www.dienmayxanh.com/vao-bep/cong-thuc-nau-che-san-nong-deo-thom-ngot-lanh-thich-hop-de-23548,Món Chè,"Công thức nấu chè sắn nóng dẻo thơm, ngọt lành thích hợp để kinh doanh","Mùa đông này, còn gì tuyệt hơn một chén chè sắn nóng hổi, dẻo bùi? Cùng Điện máy XANHvào bếpkhám phá cách làm chè sắn nóng cốt dừa chuẩn vị, thơm ngon khó cưỡng. Đảm bảomón tráng miệngnày sẽ khiến cả nhà mê mẩn!",,50 phút + 1 giờ 30 phút,Cho Khoảng 10 - 12 ly chè,,10,"['Sắn tươi - 2 kg ((đã gọt vỏ))', 'Đường thốt nốt - 850 gr', 'Lá nếp - 8 lá', 'Bột năng - 650 gr', 'Đường cát - 170 gr', 'Gừng thái sợi - 10 gr', 'Bột nếp - 20 gr', 'Vừng rang - 15 gr', 'Bột cốt dừa - 20 gr', 'Nước cốt dừa tươi - 800 ml']","['Bước 1 - Sơ chế sắn và hấp chín: Sắn mua về rửa sạch, dùng dao bóc bỏ lớp vỏ bên ngoài. Sau đó, cho sắn vào một chậu nước muối loãng và ngâm từ 3 đến 4 tiếng để loại bỏ bớt độc tố và giúp sắn không bị thâm. Tiếp theo, bạn lọc bỏ phần lõi sắn, thái sắn thành những miếng nhỏ vừa ăn. Mang sắn đã sơ chế đi hấp chín cùng với một vài lá nếp để sắn có mùi thơm đặc trưng. Bạn có thể luộc nhưng hấp sẽ giúp sắn khô ráo và không bị nát, giữ được độ dẻo ngon. Thời gian hấp khoảng 20 phút.', 'Bước 2 - Làm trân châu vừng rang dai ngon: Chuẩn bị và trộn bột trân châu gồm 300gr bột năng, 20gr bột nếp, 1gr muối, 10gr đường, 15gr vừng rang và 20gr bột cốt dừa vào âu. Dùng nước thật sôi (270 - 280ml) từ từ cho vào âu bột, khuấy đều để bột khô trở thành dạng nửa sống nửa chín. Đợi bột bớt nóng, nhào khoảng 3 - 5 phút đến khi bột dẻo mịn. Nặn bột thành từng viên tròn nhỏ vừa ăn. Phủ một lớp bột mỏng lên các viên trân châu để tránh bị dính vào nhau. Cho trân châu lên bếp luộc khoảng 30 phút. Sau đó, ủ thêm 20 phút nữa cho đến khi các hạt trân châu trở nên trong veo là đạt. Vớt trân châu ra và thêm đường cát vào trộn đều để các hạt không bị dính.', 'Bước 3 - Nấu nước chè sắn nóng: Sau khoảng 20 phút hấp, sắn đã chín và có mùi thơm. Cho sắn ra âu và áo thêm một lớp bột năng mỏng (60gr bột năng cho 2kg sắn đã hấp). Bước này giúp sắn dẻo hơn và có kết cấu tốt hơn khi nấu chè. Chuẩn bị một chiếc nồi sạch, chuyên dụng để nấu chè. Cho 4 lít nước, 850gr đường thốt nốt, 3gr muối, 5 lá nếp và 10gr gừng thái sợi vào nồi, đun sôi cho tan hết các nguyên liệu. Pha 240gr bột năng với 300ml nước. Khi nước đường sôi, hạ lửa thật nhỏ. Từ từ cho sắn đã áo bột vào. Sau đó, vừa quấy một chiều liên tục vừa đổ từ từ hỗn hợp bột năng đã pha vào nồi. Kỹ thuật này rất quan trọng để chè không bị vữa và không bị vọt khí. Sau khi vào bột xong, tiếp tục đun trên bếp thêm khoảng 2 phút nữa để bột năng chín hoàn toàn, giúp chè không bị vữa.', 'Bước 4 - Làm nước cốt dừa béo ngậy: Pha 35 - 45gr bột năng vào 1.2 lít nước lọc cho tan đều. Cho hỗn hợp này cùng 800ml nước cốt dừa thái, 4gr muối, 160gr đường và 3 lá nếp vào nồi. Đun trên lửa vừa, quấy thật đều cho đến khi đạt khoảng 90 độ C thì tắt bếp.', 'Bước 5 - Thành phẩm: Múc chè sắn nóng ra bát hoặc ly, thêm trân châu vừng rang và chan nước cốt dừa béo ngậy lên trên. Món chè sắn nóng dẻo bùi, thơm lừng mùi gừng và lá nếp, quyện cùng vị béo của nước cốt dừa sẽ là lựa chọn hoàn hảo cho những ngày thu đông se lạnh.']","['Để nấu chè sắn nóng thơm ngon, một chiếc nồi chất lượng là không thể thiếu.Nồi Ceramic nắp kính 24 cm Green Cook GCS22-24IHlà lựa chọn hoàn hảo giúp bạn chế biến món chè chuẩn vị.Nồi Green Cookvới chất liệu Ceramic cao cấp giúp giữ nhiệt tốt, truyền nhiệt đều, đảm bảo chè sắn chín mềm, không bị cháy khét. Lòng nồi chống dính hiệu quả, dễ dàng vệ sinh sau khi sử dụng.Thiết kế nắp kính trong suốt tiện lợi, giúp bạn dễ dàng quan sát quá trình nấu mà không cần mở nắp, giữ trọn hương vị và nhiệt độ cho món chè. Tay cầm cách nhiệt chắc chắn, an toàn khi di chuyển.Nồi phù hợp sử dụng trên nhiều loại bếp, kể cả bếp từ, là trợ thủ đắc lực cho mọi căn bếp Việt. Sản phẩm bền đẹp, an toàn cho sức khỏe, mang đến những bữa ăn ngon cho gia đình bạn.Nồi Ceramic Green Cook GCS22-24IH882.655₫Xem chi tiết', 'Xem thêm:Cách nấu chè kiểm miền Tây béo ngon ngọt lành đơn giản tại nhà với nồi inoxCách làm nước cốt dừa ăn chè siêu ngon, béo ngậy, có thể dùng kinh doanhCách nấu chè hạt sen thập cẩm ngọt dịu, vừa bổ dưỡng, vừa giúp thanh nhiệt']",,dienmayxanh.com
https://www.dienmayxanh.com/vao-bep/cach-nau-che-dau-xanh-hat-sen-thom-mat-bui-ngot-cho-ca-gia-08341,Món Chè,2 cách nấu chè đậu xanh hạt sen thơm mát bùi ngọt cho cả gia đình,"Hạt sen, đậu xanh là những nguyên liệu ngon để nấu các món ăn tốt cho sức khỏe. Hôm nay, Điện máy XANH sẽ giới thiệu đến bạn 2 công thức nấumón chèđậu xanh hạt sen thơm mát, bùi ngọt để bồi bổ cả gia đình. Cùngvào bếpthực hiện ngay nhé!",,10 phút + 30 phút + 10 phút + 30 phút,Cho 4 người,,7,"['Đậu xanh - 200 g', 'Hạt sen khô - 100 g', 'Đường cát trắng - 200 g', 'Nước cốt dừa - 1 chén ((chén ăn cơm))', 'Bột năng - 20 g', 'Dừa khô - 1 ít', 'Tinh chất vani - 1 ít']","['Bước 1 - Ngâm hạt sen và đậu xanh: Đầu tiên, đậu xanh và hạt sen đem ngâm với nước ít nhất là 4 tiếng. Nếu không có nhiều thời gian, bạn cũng có thể ngâm chúng với nước ấm trong 1 tiếng. Đậu xanh và hạt sen sau khi đã ngâm nở, bạn vớt ra rửa sạch và để ráo nước.', 'Bước 2 - Hầm đậu xanh và hạt sen: Cho đậu xanh vào nồi rồi thêm nước đến ngang mặt đậu, sau đó bắc nồi lên bếp và đun cho đậu chín. Bạn cho hạt sen vào một cái nồi khác rồi nước vào, hạt sen thì bạn hãy cho nhiều nước một chút và cũng luộc chín phần hạt sen này trên bếp. Khi nồi đậu xanh và hạt sen đã sôi thì bạn để nhỏ lửa xuống rồi tiếp tục đun nồi đậu xanh và hạt sen chín mềm. Hãy vớt bỏ bọt nếu có nhé. Nấu đậu xanh khoảng 10 - 15 phút thì phần đậu xanh đã chín rồi. Lúc này khi bạn thấy đậu xanh vừa chín tới thì bạn tắt bếp và chắt bỏ phần nước thừa. Sau khi chắt bỏ hết phần nước thì bạn ủ đậu xanh trong nồi thêm 5 phút nữa cho phần đậu xanh chín hoàn toàn. Với hạt sen bạn cũng làm tương tự như đậu xanh nhé. Khi nấu bạn hãy thêm một chút muối để khi nấu đậu xanh và hạt sen có vị đậm đà.Để đậu xanh mau chín, bạn hãy ngâm thật kỹ đậu xanh nhé.Nếu bạn thích đậu xanh nở bung ra thì hãy đun thêm vài phút nữa.', 'Khi nấu bạn hãy thêm một chút muối để khi nấu đậu xanh và hạt sen có vị đậm đà.', 'Để đậu xanh mau chín, bạn hãy ngâm thật kỹ đậu xanh nhé.', 'Nếu bạn thích đậu xanh nở bung ra thì hãy đun thêm vài phút nữa.', 'Bước 3 - Nấu chè: Phần bột năng thì bạn cho 2 muỗng canh nước vào và khuấy đều lên cho tan hoàn toàn. Tiếp theo bạn cho khoảng 800ml nước vào nồi rồi đun sôi lên rồi thêm vào 200g đường cát trắng và đun cho đường tan ra. Khi đường tan hết thì bạn cho phần nướcbột năngđã chuẩn bị vào khuấy đều đến khi đạt độ sánh vừa ý. Khi phần bột năng chín hoàn toàn và nước trở nên sánh đặc thì bạn cho phần đậu xanh đã luộc chín vào khuấy đều. Tiếp đó, cho hết phần hạt sen vào khuấy đều và tiếp tục đun cho sôi. Khi nồi chè đã sôi trở lại thì bạn tắt bếp và cho 2 giọt tinh chất vani vào đảo đều lên. Lượng đường nấu chè bạn có thể gia giảm để phù hợp với khẩu vị nhé.Để chè sánh mịn, khi cho bột năng vào, bạn nhớ khuấy theo một chiều cố định.', 'Lượng đường nấu chè bạn có thể gia giảm để phù hợp với khẩu vị nhé.', 'Để chè sánh mịn, khi cho bột năng vào, bạn nhớ khuấy theo một chiều cố định.', 'Bước 4 - Hoàn thành: Đợi đến khi chè nguội thì bạn cho ra chén, sau đó chan nước cốt dừa và rắc thêm một ít dừa khô lên trên là có thể thưởng thức được rồi.', 'Bước 5 - Thành phẩm: Chè khi để nguội thì có độ sánh đặc, đậu xanh và hạt sen chín mềm và không bị nát. Khi ăn, chè có vị ngọt dịu, thơm lừng mùivanivà hương thơm đặc trưng của đậu xanh và hạt sen, thêm vào đó là vị beo béo của nước cốt dừa cùng giòn giòn của dừa khô, nhai rất thích miệng. Tất cả hòa quyện lại với nhau tạo nên một món chè thơm ngon và cực kỳ bổ dưỡng.']","['Xem chi tiết:Cách làm nước cốt dừa sánh mịn, thơm ngon, đơn giản tại nhà', 'Khi nấu bạn hãy thêm một chút muối để khi nấu đậu xanh và hạt sen có vị đậm đà.Để đậu xanh mau chín, bạn hãy ngâm thật kỹ đậu xanh nhé.Nếu bạn thích đậu xanh nở bung ra thì hãy đun thêm vài phút nữa.', 'Lượng đường nấu chè bạn có thể gia giảm để phù hợp với khẩu vị nhé.Để chè sánh mịn, khi cho bột năng vào, bạn nhớ khuấy theo một chiều cố định.', 'Nếu không có nhiều thời gian, bạn có thể ngâm đậu trong nước ấm khoảng 1 tiếng, giúp cho hạt đậu mềm ra, khi nấu sẽ ngon hơn.', 'Nếu không dùng đường thốt nốt, bạn có thể dùng đường cát trắng, đường phèn, đường nâu đều được', 'Xem thêm:Cách nấu chè đậu xanh nha đam thanh mát, giải nhiệt cho ngày nóngCách nấu chè đậu xanh tuyết yến thơm ngon đặc biệt ăn là mê ngayCách nấu chè đậu xanh nước cốt dừa thơm ngon cho ngày hè']",,dienmayxanh.com
https://www.dienmayxanh.com/vao-bep/cach-nau-che-chuoi-dau-xanh-thom-ngon-hap-dan-cuc-de-lam-09257,Món Chè,"Cách nấu chè chuối đậu xanh dẻo bùi, thơm ngon cực dễ làm","Những ngày nắng nóng được thưởng thức chén chè chuối đậu xanh béo bùi, mát lạnh vừa ngon vừa giúp thanh nhiệt cơ thể thì quá đã luôn đó nha. Cùngvào bếpvới Điện máy XANH để học ngay cách nấumón chènày cho cả gia đình bạn nhé!",,10 phút + 1 giờ,Cho 4 người,,9,"['Chuối - 4 trái', 'Đậu xanh - 200 gr', 'Đậu phộng - 100 gr', 'Bột năng - 6 muỗng canh', 'Nước cốt dừa - 500 ml', 'Dầu ăn - 1 muỗng cà phê', 'Tinh chất vani - 4 ml ((khoảng 4 giọt))', 'Đường cát - 300 gr', 'Muối - 3 muỗng cà phê']","['Bước 1 - Sơ chế và hầm đậu xanh: Đầu tiên, đậu xanh bạn vo sạch rồi đem ngâm với nước ít nhất là 4 tiếng cho đậu xanh nở ra. Đậu xanh sau khi đã nở bạn vớt ra rửa sạch, để ráo. Bắc nồi lên bếp, cho vào nồi khoảng 1 lít nước, rồi đổ đậu xanh vào nồi. Đun nóng đậu ở lửa nhỏ vừa và hầm trong khoảng 20 - 30 phút cho đậu chín mềm. Sau đó, bạn cho 300gr đường cùng 1 muỗng cà phê muối vào nồi đậu xanh, khuấy đều cho đường tan ra.', 'Bước 2 - Sơ chế, tẩm bột và luộc chuối: Bạn chuẩn bị một tô nước muối pha loãng, sau đó lột bỏ vỏ chuối cho vào và ngâm trong vòng 10 phút. Sau đó, bạn chắt bỏ nước, vớt chuối ra cắt thành những miếng nhỏ độ khoảng 1 lóng tay. Lúc này, bạn múc khoảng 2 muỗng bột năng cho vào tô chuối, trộn đều để bột áo đều chuối. Kế tiếp bạn bắc nồi lên bếp, đổ khoảng 1 lít nước vào nồi, thêm 1 muỗng cà phê dầu ăn rồi đun sôi. Sau cùng, bạn cho hết phần chuối đã tẩm bột vào nồi, luộc đến khi phần bột năng chuyển sang màu trắng trong, chuối bắt đầu nổi hết lên trên thì vớt ra một tô nước lạnh để khoảng 5 - 7 phút xong vớt chuối ra đĩa.', 'Bước 3 - Rang và tẩm bột đậu phộng: Bắc chảo lên bếp, cho đậu phộng vào chảo cùng với 1 muỗng cà phê muối. Đảo đều và rang đậu phộng trên lửa nhỏ đến khi thấy vỏ đậu nứt ra, hơi cháy xém thì tắt bếp, để nguội rồi tróc sạch vỏ. Với chảo vừa rang đậu phộng, bạn nhấc xuống, lau sạch rồi bạn cho vào chảo 50ml nước lọc và 1 muỗng canh bột năng, khuấy đều cho bột tan ra. Tiếp đến, bạn cho lên bếp khuấy liên tục đến khi nước bột năng sánh lại, có màu trắng trong thì tắt bếp, lúc này bạn cho đậu phộng vào chảo bột năng, khuấy đều. Sau đó, bạn cho hỗn hợp bột năng và đậu phộng ra một cái rây để lọc bớt phần bột dư rồi thêm 2 muỗng canh bột năng (khô) vào và trộn đều. Lúc này bạn cho hỗn hợp đậu phộng ra rây lọc để loại bỏ bột năng khô dư. Cuối cùng cho đậu phộng tẩm bột vào nồi luộc đến khi đậu nổi lên trên thì vớt ra, để ráo.', 'Bước 4 - Nấu nước cốt dừa: Bạn đổ khoảng 500ml nước cốt dừa vào một cái nồi, đặt nồi lên bếp, khuấy đều và đun nóng ở lửa vừa. Bạn pha 1 muỗng canh bột năng với 1 chén nước rồi cho vào nồi nước cốt dừa, khuấy đều và nấu thêm khoảng 2 phút cho nước hơi sánh lại thì tắt bếp. Tiếp theo, bạn cho thêm 2ml (2 giọt) tinh chất vani vào nồi nước cốt dừa và khuấy đều nữa là xong.', 'Bước 5 - Trộn chuối đậu phộng với đậu xanh: Bạn cho chuối và đậu phộng đã chuẩn bị vào nồi đậu xanh, khuấy đều và đun nóng ở lửa vừa cho đến khi nồi chè sôi trở lại. Lúc này bạn nêm nếm lại để sao cho chè có độ ngọt hợp theo khẩu vị gia đình của bạn nhé. Sau cùng bạn cho thêm vào nồi 2ml (2 giọt) tinh chất vani, khuấy nhẹ là đã hoàn thành xong nồi chè rồi đấy.', 'Bước 6 - Hoàn thành: Tranh thủ lúc chè còn nóng, bạn múc chè chuối đậu xanh ra tô, chan lên trên bề mặt một ít nước cốt dừa đã nấu nữa là mang ra thưởng thức ngay thôi.', 'Bước 7 - Thành phẩm: Chè chuối đậu xanh thơm lừng, hấp dẫn. Các hạt đậu phộng béo bùi, giòn rụm bên trong còn bên ngoài thì được bọc một lớp vỏ dẻo thơm. Chuối dẻo dai, có vị ngọt vừa phải ăn cùng với nước cốt dừa béo ngậy. Đây chắc hẳn là món chè mà sẽ làm cho cả gia đình bạn ăn mãi cũng không hết thèm đấy nhé!']","['Xem chi tiết:Cách chọn chuối chín ngon, không ngâm hóa chất', 'Xem thêm:2 cách nấu chè chuối Thái Lan hấp dẫn thơm béo đơn giản tại nhà2 cách nấu chè kê đậu xanh và táo đỏ thơm ngon, bổ dưỡngCách nấu chè đậu xanh nha đam thanh mát, giải nhiệt cho ngày nóng']",,dienmayxanh.com
https://www.dienmayxanh.com/vao-bep/cach-lam-che-cu-nang-trai-dua-thom-ngon-thanh-mat-de-chieu-07808,Món Chè,"Cách làm chè củ năng trái dừa thơm ngon, thanh mát để chiêu đãi gia đình","Chè củ năng trái dừa thanh mát, ngọt dịu hứa hẹn sẽ làm mộtmón chèngon, giúp gia đình bạn giải nhiệt vào những ngày nắng nóng. Hôm nay, cùngvào bếpvới Điện máy XANH và xem ngay công thức để trổ tài chiêu đãi gia đình nhé!",,15 phút + 30 phút,Cho 4 người,,8,"['Dừa tươi - 1 quả', 'Xoài - 1 quả', 'Chôm chôm - 10 quả', 'Thạch củ năng - 50 gr', 'Nước cốt dừa - 200 ml', 'Bột rau câu - 20 gr', 'Bột năng - 30 gr', 'Đường cát trắng - 3 muỗng canh']","['Bước 1 - Sơ chế trái cây: Xoài mua về rửa sạch, gọt vỏ, cắt lấy phần thịt và thái hạt lựu. Chôm chôm rửa sạch, để ráo. Cắt đôi chôm chôm để lấy phần nhân rồi tiếp tục dùng dao khứa nhẹ theo chiều dọc để lấy thịt ra khỏi hạt. Cuối cùng là thái thịt chôm chôm thành những lát mỏng vừa ăn. Dừa mua về, dùng dao chặt theo bề ngang khoảng 1/10 quả để tách lấy nước cho vào tô, phần cơm dừa để nguyên trái.', 'Bước 2 - Nấu rau câu dừa: Lấy nước dừa cho vào nồi. Bắc nồi lên bếp, bật lửa vừa đun khoảng 3 phút đến khi nước dừa sôi thì cho 10gr bột rau câu, 1 muỗng canh đường vào và khuấy cho tan ra. Hạ lửa nhỏ và đun đến khi hỗn hợp rau câu nước dừa hơi sệt lại thì tắt bếp, dùng vá canh múc hỗn hợp cho vào trái dừa đã lấy nước và để khoảng 5 phút cho rau câu đông lại. Bắc lại nồi vừa đun lên bếp, bật lửa vừa. Cho vào nồi 100ml nước, 100ml nước cốt dừa. Khuấy đều và đun hỗn hợp trên đến khi sôi thì thêm 1 muỗng canh đường, 10gr bột rau câu vào. Hạ lửa nhỏ, tiếp tục khuấy đều và đun đến khi hỗn hợp rau câu nước cốt dừa hơi sệt lại thì tắt bếp, dùng vá canh múc 1/2 hỗn hợp trên cho vào trái dừa và để khoảng 5 phút cho rau câu đông lại. Mách nhỏ:', 'Để rau câu khi đông được mịn, trong quá trình đun, bạn đun lửa nhỏ để bột rau câu từ từ tan ra.', 'Để các nguyên liệu không bị lắng xuống đáy nồi, khi đun liên tục khuấy đều tay.', 'Bước 3 - Nấu nước cốt dừa: Cho 100ml nước cốt dừa và 1 muỗng canh đường vào nồi đựng 1/2 hỗn hợp rau câu nước cốt dừa còn lại, bật lửa nhỏ, khuấy đều và đun đến khi hỗn hợp sệt lại, sánh mịn thì tắt bếp. Cho 30gr bột năng với 100ml nước vào chén rồi khuấy đều cho bột năng tan ra. Tiếp đó bật lửa lớn, cho từ từ nước bột năng vào nồi đựng hỗn hợp nước cốt dừa. Tiếp tục đun đến khi 2 hỗn hợp hòa quyện, sánh mịn thì tắt bếp. Mách nhỏ:', 'Tùy theo khẩu vị của gia đình, bạn có thể gia giảm lượng đường cho vừa ăn.', 'Để bột năng không bị lắng xuống đáy nồi, khi cho nước bột năng vào, bạn cho từ từ kết hợp với khuấy đều tay để bột năng được tan ra nhé.', 'Bước 4 - Hoàn thành: Dùng vá canh cho hỗn hợp nước cốt dừa bên trên vào trái dừa đựng hỗn hợp rau câu và rau câu nước cốt dừa đã đông lại. Tiếp đó, bạn cho lần lượt chôm chôm và xoài đã sơ chế vào. Cuối cùng, cho thạch củ năng lên trên là hoàn thành. Mách nhỏ:Nếu không sử dụng trái dừa tách nước, bạn cũng có thể dùng các vật dụng có sẵn trong nhà như ly, chén,... để thực hiện món chè với các bước làm tương tự.', 'Bước 5 - Thành phẩm: Chè củ năng trái dừa đã hoàn thành rồi. Khi ăn bạn sẽ cảm nhận được rau câu giòn, ngọt hòa quyện cùng vị béo của nước cốt dừa, chua dịu của xoài và chôm chôm, lẫn thêm chút thạch củ năng thơm ngon sần sật cực kỳ hấp dẫn phải không nào. Trổ tài vào bếp và thực hiện ngay cho cả gia đình cùng thưởng thức nhé. Chắc chắn là không chỉ các bé mà cả nhà bạn sẽ mê tít món chè ngon này cho mà xem. Chúc bạn thành công!']","['Xem chi tiết:Cách chọn mua xoài chín chất lượng', 'Xem thêm:Cách làm thạch củ năng cực dễ tại nhà', 'Để xoài giữ được độ giòn, khi gọt vỏ bạn nên gọt thật mỏng vỏ xoài thôi nhé.', 'Để rau câu khi đông được mịn, trong quá trình đun, bạn đun lửa nhỏ để bột rau câu từ từ tan ra.Để các nguyên liệu không bị lắng xuống đáy nồi, khi đun liên tục khuấy đều tay.', 'Tùy theo khẩu vị của gia đình, bạn có thể gia giảm lượng đường cho vừa ăn.Để bột năng không bị lắng xuống đáy nồi, khi cho nước bột năng vào, bạn cho từ từ kết hợp với khuấy đều tay để bột năng được tan ra nhé.', 'Nếu không sử dụng trái dừa tách nước, bạn cũng có thể dùng các vật dụng có sẵn trong nhà như ly, chén,... để thực hiện món chè với các bước làm tương tự.', 'Xem thêm:2 Cách làm chè dừa non thạch lá dứa và hoa đậu biếc đặc sắc, hấp dẫnCách nấu chè củ năng thanh mát đơn giản để chiêu đãi gia đình2 cách làm dừa dầm, chè dừa dầm siêu ngon, đơn giản ngay tại nhà']",,dienmayxanh.com
https://www.dienmayxanh.com/vao-bep/cach-nau-che-dau-den-nha-dam-bui-ngot-thanh-mat-don-gian-tai-11863,Món Chè,Cách nấu chè đậu đen nha đam bùi ngọt thanh mát đơn giản tại nhà,"Những ngày hè oi bức như thế này mà có mộtmón chènhâm nhi giúp giải nhiệt cơ thể thì thật tuyệt các bạn nhỉ? Nhân đây, Điện máy XANH sẽ mách bạn công thức làm món chè đậu đen nha đam thanh mát, ngọt dịu mà ai ăn rồi cũng phải mê mẩn. Cùng bắt tayvào bếpthực hiện ngay thôi nào!",,20 phút + 45 phút,Cho 6 người,,4,"['Đậu đen - 300 gr', 'Nha đam - 2 cây', 'Đường - 400 gr', 'Muối - 1 ít']","['Bước 1 - Ngâm và nấu đậu đen: Đầu tiên, bạn chuẩn bị 1 cáitôcho 300gr đậu đen cùng 500ml nước vào, tiến hành ngâm 4 - 5 tiếng cho hạt đậu được nở ra. Sau đó, đem đậu đen đi rửa lại với nước sạch 1 - 2 lần, đồng thời loại bỏ các hạt đậu đã hư và các bụi bẩn còn bám lại, rồi để ráo. Kế đến, bắcnồilênbếprồi cho vào 300gr đậu đen đã ngâm cùng 700ml nước, nấu đậu với lửa nhỏ vừa trong vòng 30 - 40 phút.', 'Bước 2 - Sơ chế nha đam: Nha đam mua về bạn dùngdao bàobào lớp vỏ bên ngoài đi, rồi rửa lại với nước sạch 4 - 5 lần đến khi sạch nhớt rồi để ráo. Cuối cùng, dùngdaocắt nha đam thành hạt khúc vừa ăn là được. Cách sơ chế nha đam không bị đắng, nhớt Xem chi tiết:Cách sơ chế nha đam không bị đắng, nhớt', 'Cách 1: Ngâm rửa nha đam bằng muối hạt, chanh rửa sạch rồi ướp với đường.', 'Cách 2: Rửa nha đam với nước muối loãng, chần sơ nước sôi rồi ướp với đường.', 'Bước 3 - Nấu chè đậu đen với nha đam: Khi thấy đậu đen đã mềm thì bạn cho toàn bộ nha đam đã cắt hạt lựu vào, dùngváđảo đều 5 - 7 phút rồi thêm 1/2 muỗng cà phê muối và 400gr đường vào. Tiếp tục khuấy đều nhẹ tay 2 - 3 phút cho đường được hòa tan, nồi chè sôi trở lại thì bạn tắt bếp để nguội rồi cho ralythưởng thức nhé! Tùy theo khẩu vị bạn có thể gia giảm lượng đường để khuấy vào chè.Trong quá trình nấu bạn nên hớt bỏ bọt để nước chè được thanh ngọt nhé!', 'Tùy theo khẩu vị bạn có thể gia giảm lượng đường để khuấy vào chè.', 'Trong quá trình nấu bạn nên hớt bỏ bọt để nước chè được thanh ngọt nhé!', 'Bước 4 - Thành phẩm: Chè đậu đen nha đam có hương thơm thoang thoảng dịu nhẹ. Từng hạt đậu mềm mềm, beo béo quyện với nha đam tươi má, giòn giòn kết hợp với nhau vô cùng hoàn hảo. Bạn có thể thêm vài viên đá lạnh để tận hưởng trọn vẹn hương vị thanh mát của ly chè hơn nhé!']","['Xem chi tiết:Cách chọn mua đậu đen hạt mẩy, không lépTác dụng của đậu đen', 'Xem thêm:Tác dụng của nha đam đối với sức khỏe', 'Cách sơ chế nha đam không bị đắng, nhớtCách 1: Ngâm rửa nha đam bằng muối hạt, chanh rửa sạch rồi ướp với đường.Cách 2: Rửa nha đam với nước muối loãng, chần sơ nước sôi rồi ướp với đường.Xem chi tiết:Cách sơ chế nha đam không bị đắng, nhớt', 'Tùy theo khẩu vị bạn có thể gia giảm lượng đường để khuấy vào chè.Trong quá trình nấu bạn nên hớt bỏ bọt để nước chè được thanh ngọt nhé!', 'Xem thêm:Cách nấu chè đậu đen nước cốt dừa bột báng ngon ngọt, thanh mátCách nấu chè đậu đen với bột sắn dây mềm bùi, thơm béo cực đơn giản2 cách nấu chè nếp đậu đen dẻo ngọt, bùi ngậy dễ làm tại nhà']",,dienmayxanh.com
https://www.dienmayxanh.com/vao-bep/cach-lam-che-troi-nuoc-nhan-khoai-mon-moi-la-deo-thom-don-09885,Món Chè,Cách làm chè trôi nước nhân khoai môn mới lạ dẻo thơm đơn giản tại nhà,"Nếu bạn đã trót mê đắm món chè trôi nước thì hôm nay để Điện máy XANH mách nhỏ cho bạn cách đổi vị chomón chènày thêm độc đáo và hấp dẫn nữa nha. Hồi hộp quá đúng không, vậy thì bắt tayvào bếpcùng đến với món chè trôi nước nhân khoai môn thơm ngon ngay nhé!",,40 phút + 50 phút,Cho 4 người,,10,"['Bột nếp - 500 gr ((1 gói))', 'Bột bắp - 1 muỗng canh', 'Khoai môn - 500 gr ((1 củ))', 'Nước cốt dừa - 400 ml ((1 lon))', 'Gừng - 50 gr ((1 củ))', 'Bơ thực vật - 1 muỗng cà phê', 'Hành phi - 2 muỗng canh', 'Mè rang - 1 ít', 'Đường thốt nốt - 1 kg', 'Muối - 1 ít']","['Bước 1 - Sơ chế khoai môn: Khoai môn mua về gọt vỏ cho vào thau ngâm với nước muối pha loãng 10 phút rồi vớt ra cắt khúc. Sau đó bắc nồi lên bếp cùng 500ml nước với lửa lớn. Nước sôi cho 500gr khoai môn đã cắt vào luộc 15 - 20 phút đến khi khoai mềm thì bạn tắt bếp lấy khoai cho ra tô dằm nhuyễn. Cách gọt khoai môn không bị ngứa', 'Được mọi người sử dụng nhiều nhất tránh bị ngứa là dùng găng tay khi sơ chế để tránh chạm vào khoai.', 'Ngoài ra bạn có thể luộc sơ khoai môn với nước muối pha loãng 7 - 10 phút rồi lấy ra ngâm vào nước lạnh sau đó lột vỏ.', 'Một cách khác là tuyệt đối không để khoai dính trực tiếp với nước, phải dùng tay khô lột vỏ. Tiếp theo ngâm vào hỗn hợp nước muối pha loãng 10 phút.', 'Bên cạnh đó bạn có thể gói khoai vào giấy bạc rồi đem nướng sơ 2 phút cũng rất hiệu quả.', 'Bước 2 - Sên nhân khoai môn: Bắc chảo lên bếp cùng 1 muỗng cà phê bơ thực vật với lửa nhỏ. Bơ tan cho 500gr khoai môn, 3 muỗng canh đường, 1/4 muỗng cà phê muối và 2 muỗng canh bột nếp đảo đều trong vòng 15 - 20 phút. Khi thấy hỗn hợp nhân sên đã đều bạn tắt bếp để nguội thêm vào 2 muỗng canh hành phi tiếp tục dùng tay nhồi lại rồi vo thành từng viên vừa ăn.', 'Bước 3 - Nấu nước đường: Gừng mua về cạo vỏ rồi cắt sợi nhỏ. Sau đó bắc nồi khác lên bếp cùng 1kg đường thốt nốt và 700ml nước khuấy đều với lửa vừa trong vòng 15 - 20 phút. Thấy đường đã tan bạn cho 50gr gừng đã cắt vào nấu thêm 5 - 7 phút thì giảm xuống lửa nhỏ.', 'Bước 4 - Nhồi bột: Lấy 1 cái tô cho toàn bộ số bột nếp còn lại, 1/2 muỗng cà phê muối và 100ml nước ấm trộn đều. Sau đó thêm 150ml nước ấm dùng tay nhào bột đến khi thấy bột dẻo, không còn dính tay thì đã được rồi đấy. Tùy theo sở thích bạn có thể nhồi bột chung với vài giọt màu thực phẩm để tạo nhiều màu sắc bắt mắt hơn cho món chè.Để lớp vỏ cũng có mùi vị của khoai môn bạn có thể dùng nước đã luộc khoai môn trước đó nhồi bột.Tránh bột bị nhão không nên cho nước 1 lần quá nhiều mà cho từ từ đến khi thấy bột dẻo và dai là được.Nếu trường hợp bột quá khô hoặc ướt bạn có thể cho thêm 1 ít bột hoặc nước để điều chỉnh.', 'Tùy theo sở thích bạn có thể nhồi bột chung với vài giọt màu thực phẩm để tạo nhiều màu sắc bắt mắt hơn cho món chè.', 'Để lớp vỏ cũng có mùi vị của khoai môn bạn có thể dùng nước đã luộc khoai môn trước đó nhồi bột.', 'Tránh bột bị nhão không nên cho nước 1 lần quá nhiều mà cho từ từ đến khi thấy bột dẻo và dai là được.', 'Nếu trường hợp bột quá khô hoặc ướt bạn có thể cho thêm 1 ít bột hoặc nước để điều chỉnh.', 'Bước 5 - Tạo hình và luộc chè: Sau khi bột được nhồi xong bạn lấy 1 lượng vừa phải dàn mỏng miếng bột ra rồi để viên nhân khoai môn vào giữa gói kín lại, vo tròn cho đẹp mắt. Cứ tiếp tục với cách thức như vậy cho đến khi hết toàn bộ bột và nhân nhé. Sau đó bắc nồi khác lên bếp cùng 1 lít nước với lửa vừa. Nước lăn tăn sôi bạn cho các viên chè đã được vo vào luộc 10 - 15 phút đến khi nổi lên mặt nước thì tắt bếp. Tránh để không khí lọt vào bên trong bột làm cho viên chè dễ nứt khi vo viên bạn nên miết thật kín bột.Muốn bột không bị khô bạn nên vừa tạo hình vừa luộc nhé.Tùy theo khẩu vị bạn có thể vo viên lớn hoặc nhỏ nhưng đừng nên lớn quá ăn sẽ rất nhanh ngán.', 'Tránh để không khí lọt vào bên trong bột làm cho viên chè dễ nứt khi vo viên bạn nên miết thật kín bột.', 'Muốn bột không bị khô bạn nên vừa tạo hình vừa luộc nhé.', 'Tùy theo khẩu vị bạn có thể vo viên lớn hoặc nhỏ nhưng đừng nên lớn quá ăn sẽ rất nhanh ngán.', 'Bước 6 - Nấu nước cốt dừa: Lấy 1 cái nồi khác cho lên bếp với 400 ml (1 lon) nước cốt dừa, 200ml nước và 1 ít muối nấu với lửa nhỏ trong vòng 10 phút. Nước dừa sôi bạn lấy 1 cái chén tiến hành trộn 1 muỗng canh bột bắp với 2 muỗng cà phê nước rồi cho vào nồi nước cốt khuấy thêm 5 - 7 phút thì tắt bếp.', 'Bước 7 - Hoàn thành: Sau khi các viên trôi nước đã chín thì bạn vớt ra cho vào nồi nước đường nấu thêm 10 - 15 phút nữa với lửa vừa rồi tắt bếp là thưởng thức được rồi đấy.', 'Bước 8 - Thành phẩm: Thật xuất sắc cho 1 món chè đậm chất truyền thống của nước ta. Từ ánh nhìn bên ngoài đã khiến cho bất cứ ai cũng phải bị hớp hồn bởi vẻ đẹp mê đắm của nó. Món chè trôi nước nhân khoai môn có hương thơm của nước đường thốt nốt chấm nét thêm 1 ít gừng luôn thơm lừng, những viên chè đủ màu sắc thì lại bắt mắt. Lớp nhân khoai môn bên trong béo bùi cùng phần vỏ dai dai rất đáng để thử dù chỉ 1 lần. Món chè trôi nước sẽ càng tuyệt hảo hơn khi có thêm 1 ít nước cốt dừa và mè lên trên bề mặt. Hãy thử ngay thành phẩm của mình đi nhé.']","['Xem chi tiết:Bí quyết chọn mua khoai môn không bị sượng dẻo ngon', 'Cách gọt khoai môn không bị ngứaĐược mọi người sử dụng nhiều nhất tránh bị ngứa là dùng găng tay khi sơ chế để tránh chạm vào khoai.Ngoài ra bạn có thể luộc sơ khoai môn với nước muối pha loãng 7 - 10 phút rồi lấy ra ngâm vào nước lạnh sau đó lột vỏ.Một cách khác là tuyệt đối không để khoai dính trực tiếp với nước, phải dùng tay khô lột vỏ. Tiếp theo ngâm vào hỗn hợp nước muối pha loãng 10 phút.Bên cạnh đó bạn có thể gói khoai vào giấy bạc rồi đem nướng sơ 2 phút cũng rất hiệu quả.', 'Tránh khoai môn sẽ bị cháy không nên dùng lửa quá lớn khi sên.', 'Bạn có thể thay thế đường cát trắng để nấu nước đường tuy nhiên khi sử dụng đường thốt nốt sẽ có màu vàng đẹp mắt hơn.', 'Tùy theo sở thích bạn có thể nhồi bột chung với vài giọt màu thực phẩm để tạo nhiều màu sắc bắt mắt hơn cho món chè.Để lớp vỏ cũng có mùi vị của khoai môn bạn có thể dùng nước đã luộc khoai môn trước đó nhồi bột.Tránh bột bị nhão không nên cho nước 1 lần quá nhiều mà cho từ từ đến khi thấy bột dẻo và dai là được.Nếu trường hợp bột quá khô hoặc ướt bạn có thể cho thêm 1 ít bột hoặc nước để điều chỉnh.', 'Tránh để không khí lọt vào bên trong bột làm cho viên chè dễ nứt khi vo viên bạn nên miết thật kín bột.Muốn bột không bị khô bạn nên vừa tạo hình vừa luộc nhé.Tùy theo khẩu vị bạn có thể vo viên lớn hoặc nhỏ nhưng đừng nên lớn quá ăn sẽ rất nhanh ngán.', 'Tránh nước dừa quá sánh nên cho bột bắp vào từ từ và đảo đều tay nhé.', 'Xem thêm:Cách nấu chè trôi nước gấc nhân đậu xanh dẻo ngon, hấp dẫn tại nhàCách nấu chè trôi nước lá dứa không nhân mềm dẻo, ngọt thơmCách nấu chè trôi nước nhân đậu đỏ thơm ngon khó cưỡng cho Tết Đoan Ngọ']",,dienmayxanh.com
https://www.dienmayxanh.com/vao-bep/cach-lam-che-khoai-bi-do-deo-mem-thom-ngon-de-lam-09564,Món Chè,Cách làm chè khoai bí đỏ dẻo mềm thơm ngon dễ làm,"Chè khoai bí đỏ với những nguyên liệu quen thuộc, cách làm đơn giản sẽ đem lại cho bạn mộtmón chèngon hấp dẫn.Vào bếpcùng Điện máy XANH và làm món chè tưởng không dễ mà dễ không tưởng này ngay thôi!",,10 phút + 20 phút,Cho 4 người,,7,"['Bí đỏ - 1/4 quả ((200gr))', 'Khoai lang tím - 1 củ ((200gr))', 'Khoai môn - 1 củ ((200gr))', 'Bột năng - 12 muỗng canh', 'Nước cốt dừa - 1 lít', 'Lá dứa - 1 bó ((5 lá))', 'Đường/ muối - 1 ít']","['Bước 1 - Cắt khoai và bí đỏ: Bí đỏ bỏ cuống, gọt vỏ, bỏ hạt và rửa lại với nước, cắt khúc vừa ăn khoảng 1 lóng tay.Gọt vỏ khoai lang tím, rửa sạch rồi cắt khúc vừa ăn. Khoai môn gọt sạch vỏ bên ngoài, sau đó rửa sạch với nước rồi cắt khoai môn thành khúc vừa ăn.', 'Bước 2 - Hấp chín khoai lang và bí đỏ: Cho 1 lít nước vào nồi, đặt xửng hấp vào nồi, đậy nắp lại rồi bắc nồi lên bếp, mở lửa vừa tiến hành hấp khoai khoảng 15 - 20 phút là khoai lang, khoai môn, bí đỏ chín. Bạn tắt bếp, lấy xửng khoai bí đỏ ra và để nguội bớt.', 'Bước 3 - Trộn bột khoai: Cho khoai lang, bí đỏ, khoai môn vào 3 tô riêng, dùng muỗng tán nhuyễn. Lần lượt cho từ từ 4 muỗng canh bột năng vào từng tô, dùng tay trộn đều cho tới khi thành 1 khối dẻo, mịn thống nhất là được.', 'Bước 4 - Cắt tạo viên chè: Dùng màng bọc thực phẩm bao quanh thớt. Lấy từng ít khoai ve dài trên mặt thớt. Tiếp đó lấy 1 thanh khoai môn, 1 thanh khoai lang, 1 thanh bí đỏ áp chặt vào nhau, ve dài trên thớt, vừa ve vừa cuốn tròn lại cho đẹp mắt. Bạn làm lần lượt tới hết khoai. Rồi dùng dao cắt viên vừa ăn khoảng 1.5 lóng tay.', 'Bước 5 - Nấu chè khoai bí đỏ: Bắc nồi lên bếp mở lửa vừa, thêm 1 lít nước nấu sôi, khi nước sôi bạn thả các viên chè vào luộc khoảng 10 phút cho tới khi thấy các viên chè trong lại, nổi lên. Trong quá trình đợi viên chè chín, bạn cho 1 lít nước cốt dừa vào 1 cái nồi khác, bắc nồi lên bếp, bật bếp lửa vừa đun sôi nước cốt dừa. Sau đó bạn cho 200gr đường, 1/3 muỗng cà phê muối, 1 bó lá dứa vào khuấy nhẹ cho tan đường. Khi các viên chè đã trong lại, nổi lên thì bạn vớt qua nồi cốt dừa, nấu thêm 5 phút thì tắt bếp.', 'Bước 6 - Thành phẩm: Bạn múc chè ra chén, rắc thêm 1 ít mè rang và thưởng thức. Chè khoai bí đỏ có hương vị ngọt ngào, bùi béo. Đặc biệt, bí đỏ, khoai môn, khoai lang hòa quyện vào nhau, rất mềm dẻo và sánh mịn khi ăn rất thích miệng. Trổ tài vào bếp thực hiện chiêu đãi cả nhà nha!']","['Xem chi tiết:Cách chọn mua khoai môn tươi ngon', 'Xem chi tiết:Cách chọn mua bí đỏ ngon', 'Xem chi tiết:Cách làm nước cốt dừa sánh mịn, thơm ngon, đơn giản tại nhà', 'Thử khoai chín mềm bằng cách lấy đũa xiên qua khoai, thấy mềm là được.', 'Trong quá trình trộn bột, nếu thấy khoai bị khô thì bạn có thể cho thêm 1 ít nước, còn nếu khoai bị nhão, bạn có thể thêm 1 ít bột năng nha.', 'Xem thêm:Cách làm chè khoai môn ngon dẻo, thơm bùi, mát lạnh, dễ làm tại nhàCách nấu chè khoai dẻo thơm mát cực ngon đơn giản tại nhàCách nấu chè hoa cau với bột sắn dây (chè táo xọn) ngon sánh đặc hấp dẫn']",,dienmayxanh.com
https://www.dienmayxanh.com/vao-bep/cach-lam-che-banh-canh-ngot-nhan-dau-mem-ngon-thom-phuc-an-la-12162,Món Chè,"Cách làm chè bánh canh ngọt nhân đậu mềm ngon thơm phức, ăn là mê ngay","Chè bánh canh ngọt nhân đậu xanh vừa thơm ngon, béo bùi với cách làm đơn giản, nhanh chóng, tiện lợi rất thích hợp để bạn nấu cho cả nhà cùng thưởng thức. Để Điện máy XANH và chị Thùy Huỳnh mách bạn công thức chomón chènày nhé, cùngvào bếpngay thôi nào!",,20 phút + 20 phút,Cho 4 người,,5,"['Đậu xanh cà vỏ - 50 gr', 'Đậu phộng rang - 2 muỗng canh ((loại còn nguyên hạt))', 'Gừng - 2 củ ((củ nhỏ))', 'Dầu ăn - 2 muỗng canh', 'Đường - 275 gr']","['Bước 1 - Sên nhân đậu xanh: Mang 50gr đậu xanh cà vỏ đi ngâm qua đêm với nước ngập đậu cho đậu mềm, sau đó vo sạch lại, rồi hấp chín hoặc nấu chín. Xem thêm:Tại sao cần ngâm đậu, hạt ngũ cốc trước khi chế biến? Cho đậu xanh đã nấu chín vàochảo, thêm 2 muỗng canh dầu ăn, 25gr đường (khoảng 1 muỗng canh), đảo đều trên lửa nhỏ cho đến khi đậu xanh sệt lại, không còn dính vào chảo nữa là được. Mách bạn:Bạn có thể gia giảm lượng đường trong đậu xanh tùy theo khẩu vị thích ngọt đậm hay ít ngọt.', 'Bước 2 - Nhồi bột và tạo hình: Cho vàotô200gr bột năng, cho từ từ 170ml nước sôi vào, trộn đều lên. Đợi cho bột nguội bớt, bạn bắt đầu nhồi bột nhiều lần, cho đến khi bột dẻo lại, không còn dính tay nữa là được. Mách bạn:Để tránh bột bị nhão, bạn nên cho nước vào từ từ, nếu thấy bột khô thì có thể cho thêm nước sôi vào. Chia bột ra thành 3 phần bằng nhau: 1 phần bạn cán dẹp ra, cắt sợi vừa ăn, 1 phần tạo hình với nhân đậu phộng. Tạo hình bằng cách lấy một lượng bột vừa đủ, ép dẹp ra, rồi cho đậu phộng vào giữa, vo tròn lại. Phần bột còn lại, bạn cũng lấy 1 lượng bột nhỏ, ép dẹp và cho 1 ít nhân đậu xanh vào, tạo hình tùy ý thích. Mách bạn:Trước khi tạo hình cho bột, bạn nhớ dùng 20gr bột năng còn lại phủ lên tay và dụng cụ để cho bánh canh khỏi dính nhé.', 'Bước 3 - Nấu chè bánh canh: Cho vàonồi500ml nước, 250gr đường và đun sôi. Khi nước sôi, đường tan thì bạn cho hết bánh canh vào nấu trong 15 phút với lửa vừa. Trong lúc nấu bánh canh, bạn mang gừng đi cạo vỏ, rửa sạch rồi cắt sợi hoặc đập nát, rồi cho vào nồi nước nấu chung với bánh. Khi bánh chín thì tắt bếp và thưởng thức thôi. Mẹo nhỏ:', 'Khi bạn thấy bánh canh đã nổi lên trên, bột bánh canh trong lại tức là bánh chín.', 'Lượng đường trong bánh canh bạn có thể gia giảm tùy thích nhé!', 'Bước 4 - Thành phẩm: Cho chè rachén, thêm một ít đậu phộng rang nữa thì có thể chiêu đãi cả nhà rồi. Bạn nên ăn chè khi còn nóng để cảm nhận được hương vị thơm ngon nhất. Độ dai dai của bột bánh, bùi bùi của nhân đậu xanh, giòn giòn, béo béo của nhân đậu phộng. Đảm bảo cả nhà bạn ai cũng sẽ thích món chè này đó nha.']","['Xem thêm:Tác dụng của đậu xanh với sức khỏe', 'Xem thêm:Tại sao cần ngâm đậu, hạt ngũ cốc trước khi chế biến?', 'Mách bạn:Bạn có thể gia giảm lượng đường trong đậu xanh tùy theo khẩu vị thích ngọt đậm hay ít ngọt.', 'Mách bạn:Để tránh bột bị nhão, bạn nên cho nước vào từ từ, nếu thấy bột khô thì có thể cho thêm nước sôi vào.', 'Mách bạn:Trước khi tạo hình cho bột, bạn nhớ dùng 20gr bột năng còn lại phủ lên tay và dụng cụ để cho bánh canh khỏi dính nhé.', 'Mẹo nhỏ:Khi bạn thấy bánh canh đã nổi lên trên, bột bánh canh trong lại tức là bánh chín.Lượng đường trong bánh canh bạn có thể gia giảm tùy thích nhé!', 'Xem thêm:Cách nấu chè bánh canh ngọt nước cốt dừa chuẩn vị miền Tây ngon nhấtCách nấu chè khoai dẻo nước cốt dừa béo thơm ngon khó cưỡngCách nấu chè đậu xanh nước cốt dừa thơm ngon cho ngày hè']",,dienmayxanh.com
https://www.dienmayxanh.com/vao-bep/cach-nau-che-cu-nang-thanh-mat-don-gian-cho-gia-dinh-07498,Món Chè,2 cách nấu chè củ năng và củ năng nấm tuyết thanh mát ngọt dịu,"Vào những ngày hè nóng bức, được có ngay một chén chè củ năng giòn ngọt cùng nước cốt dừa béo ngậy giải nhiệt thì còn gì bằng. Hãy cùngvào bếpkhám phá ngay 2 công thức củamón chènày với Điện máy XANH nhé!",,15 phút + 30 phút + 10 phút + 30 phút,Cho 4 người,,10,"['Củ năng - 300 gr', 'Bột năng - 3 muỗng canh', 'Nước cốt dừa - 100 ml', 'Nước lá dứa - 2 muỗng canh', 'Lá dứa - 5 lá', 'Mè trắng - 5 gr', 'Đậu phộng - 5 gr', 'Muối - 2 muỗng cà phê', 'Đường phèn - 150 gr', 'Đường cát - 1 muỗng canh']","['Bước 1 - Sơ chế củ năng: Củ năng rửa sạch, gọt vỏ rồi ngâm trong thau nước pha với 1.5 muỗng cà phê muối khoảng 10 phút. Sau đó, lấy ra rửa lại với nước và cắt hạt lựu. Chia củ năng thành 2 phần bằng nhau, mỗi phần 150gr.', 'Bước 2 - Sên củ năng: Bắc chảo lên bếp với lửa nhỏ và tiến hành sên củ năng. Trước tiên, để làm củ năng màu trắng, cho 150gr củ năng vào chảo cùng 1 muỗng canh đường cát, cho thêm 2 muỗng canh nước lọc và tiến hành sên. Đảo đều tay đến khi vừa khô đường thì tắt bếp và múc ra chén. Để làm củ năng màu xanh lá dứa, tiếp tục bắc chảo lên bếp cùng 150gr củ năng, 1 muỗng canh đường cát và 2 muỗng canh nước lá dứa, đợi khi đường khô lại thì tắt bếp, múc ra chén riêng.', 'Bước 3 - Áo bột củ năng: Cho phần củ năng trắng vào tô cùng 2 muỗng canh bột năng, đậy nắp và lắc đều. Tiếp đến, bạn rây củ năng đã áo bột để tránh bột dư. Làm tương tự với phần củ năng lá dứa.', 'Bước 4 - Luộc củ năng: Bắc lên bếp nồi nước sôi và tiến hành luộc củ năng. Bạn cho củ năng trắng vào luộc đến khi củ năng chín và nổi lên trên mặt nước. Bạn tắt bếp và vớt củ năng chín ra tô nước lạnh để củ năng không bị dính cục vào nhau. Làm tương tự với phần củ năng lá dứa.', 'Bước 5 - Nấu chè: Bắc nồi nước khác lên bếp, cho 400ml nước và 100gr đường phèn vào nấu với lửa lớn. Bạn khuấy 1 muỗng canh bột năng cùng 1 ít nước lọc và khuấy đều. Khi đường phèn tan, cho 1/2 chén bột năng vừa pha vào. Khi nước đường sôi lên lần nữa, cho hết củ năng đã luộc vào cùng và nấu trong 5 phút nữa.', 'Bước 6 - Nấu nước cốt dừa: Cho 100ml nước lọc và 100ml nước cốt dừa vào một nồi khác, khuấy đều với lửa vừa. Tiếp tục cho 50gr đường phèn còn lại vào khuấy. Đường tan hết, cho vào 1/2 muỗng cà phê muối và lá dứa vào. Để tạo độ sệt cho nước cốt, bạn cho 1/2 phần bột năng đã pha loãng vào và khuấy đều, sau đó tắt bếp.', 'Bước 7 - Thành phẩm: Bạn múc chè củ năng ra chén, thêm 1 muỗng canh nước cốt dừa, rắc mè rang và đậu phộng vào và thưởng thức thôi nào. Củ năng có vị bùi và thơm, khi cắn vào giòn sừn sựt ăn kèm với nước đường ngọt thanh phảng phất mùi lá dứa và nước cốt dừa béo ngậy sẽ ngon hết sẩy đấy. Chúc bạn ngon miệng nhé!']","['Xem chi tiết:Cách làm nước cốt dừa sánh mịn, thơm ngon, đơn giản tại nhà', 'Nếu bạn thích nấm tuyết còn giòn sừn sựt, thì bạn hầm táo tàu khoảng 20 phút mới cho nấm vào nha!Để tiết kiệm thời gian, bạn cũng có thể nấu chè trongnồi áp suấtnhé!', 'Xem thêm:Tổng hợp 11 cách làm chè củ năng ngon miệng dễ làm thanh nhiệt tại nhàCách làm chè củ năng trái dừa thơm ngon, thanh mát để chiêu đãi gia đình2 cách làm chè hạt sen củ năng hạt é và nhãn nhục thơm ngon, hấp dẫn']",,dienmayxanh.com
https://www.dienmayxanh.com/vao-bep/cach-nau-che-thot-not-ngot-thanh-thom-beo-hap-dan-tai-nha-07916,Món Chè,"Cách nấu chè thốt nốt ngọt thanh, thơm béo, hấp dẫn tại nhà","Thốt nốt là đặc sản của các tỉnh miền Tây Nam Bộ như An Giang, Đồng Tháp, Tây Ninh và Kiên Giang với hàm lượng dinh dưỡng cao có tác dụng giải nhiệt, lợi tiểu, tiêu viêm, kiện tỳ. Hôm nay Điện máy XANH sẽ hướng dẫn cách làm chè thốt nốt, thơm ngon, dễ làm, cùngvào bếpvà thực hiện ngaymón chènày nào!",,10 phút + 44 phút,Cho 9 người ăn,,9,"['Cái thốt nốt - 800 gr', 'Đậu xanh không vỏ - 200 gr', 'Bột khoai - 60 gr', 'Bột báng - 50 gr', 'Nước dừa - 500 ml', 'Nước cốt dừa - 500 ml', 'Nước bột năng - 1 muỗng canh ((pha bột năng và nước tỷ lệ 2-1))', 'Đường thốt nốt - 200 gr', 'Muối/ đường cát - 1 ít']","['Bước 1 - Sơ chế thốt nốt: Thốt nốt mua về bạn gọt sạch lớp vỏ mỏng bên ngoài, rửa sạch lại với nước và cắt thành các lát mỏng vừa ăn. Đường thốt nốt bạn dùng dao cắt nhỏ để khi nấu đường sẽ tan nhanh hơn.', 'Bước 2 - Luộc bột khoai và bột báng: Cho bột khoai và bột báng ngâm trong nước lạnh khoảng 2 tiếng cho bột khoai và bột báng mềm thì bạn cho bột khoai vào nồi nước sôi trước và nấu đến khi nước sôi lên lần nữa thì bạn cho bột báng vào. Luộc với lửa vừa trong khoảng 4 phút để bột khoai và bột báng mềm và trong suốt thì bạn vớt ra, để ráo.', 'Bước 3 - Nấu đậu xanh: Ngâm đậu xanh trong nước lạnh khoảng 3 tiếng cho đậu xanh mềm thì bạn vo sạch và cho vào nồi lớn cùng 1300ml nước lọc và 500ml nước dừa. Đậy nắp lại, nấu khoảng 8 phút đến khi nước sôi thì bạn dùng vá vớt bỏ đi lớp bọt trên bề mặt và nấu khoảng 15 phút cho hạt đậu xanh chín mềm, còn nguyên hạt.', 'Bước 4 - Nấu nước cốt dừa: Cho 500ml nước cốt dừa, 3 muỗng canh đường cát, 1/2 muỗng cà phê muối vào nồi, vừa nấu vừa khuấy đều với lửa vừa khoảng 3 phút cho nước cốt dừa sôi lên. Thì bạn cho 1 muỗng canh nước bột năng vào, khuấy đều, nêm nếm lại cho có độ ngọt vừa ăn, nấu thêm 1 phút nữa thì tắt bếp, để nguội.', 'Bước 5 - Nấu chè: Sau khi đậu xanh đã được nấu chín thì bạn cho thốt nốt đã được cắt mỏng cùng bột khoai và bột báng vào. Nấu và khuấy đều khoảng 10 phút với lửa vừa cho đến khi nước sôi thì bạn cho đường thốt nốt đã cắt nhỏ cùng 1/2 muỗng cà phê muối vào trộn đều và nấu khoảng 3 phút cho đường tan hết, nêm nếm lại gia vị cho vừa ăn rồi tắt bếp.', 'Bước 6 - Thành phẩm: Chè thốt nốt sau khi nấu xong sẽ có hương thơm ngọt ngào, đặc biệt của thốt nốt. Nước chè thì béo, ngọt thơm mùi nước dừa, cái thốt nốt thì ngọt thanh, đậu xanh thì bùi bùi, dễ ăn. Đây là một món chè ngon để nấu cho cả nhà cùng thưởng thức và tận hưởng vào cuối tuần đấy! Vào bếp và thực hiện ngay nào!']","['Xem thêm:Tổng hợp cách làm 4 món chè thanh nhiệt, tươi mát, giữ dáng, đẹp da sau tếtCách làm chè trôi nước cá chép đẹp mắt cho ngày TếtCách nấu chè kho đậu xanh đơn giản cho mâm cúng gia tiên thêm đẹp mắt']",,dienmayxanh.com
https://www.dienmayxanh.com/vao-bep/cach-nau-che-hoa-cau-voi-bot-san-day-che-tao-xon-ngon-sanh-07218,Món Chè,2 Cách nấu chè hoa cau với bột sắn dây (chè táo xọn) ngon sánh đặc hấp dẫn,"Chè hoa cau với bột sắn dây hay còn gọi là chè táo xọn, chè đậu xanh làmón chèthơm ngon và bổ dưỡng, đã quá quen thuộc với chúng ta, nhưng hôm nay chuyên trangVào bếpcủa Điện máy XANH sẽ giới thiệu đến bạn 2 công thức mới toanh để thực hiện món ngon này. Cùng theo dõi nhé!",,30 phút + 45 phút + 10 phút + 30 phút,Cho 5 người,,12,"['Đậu xanh tách vỏ - 200 gr', 'Củ năng - 100 gr', 'Lá dứa - 4 nhánh', 'Nước cốt dừa - 400 ml', 'Bột gạo - 1/2 muỗng canh', 'Bột sắn dây - 75 gr', 'Bột năng - 85 gr', 'Bột hương hoa bưởi - 1 muỗng cà phê (( hoặc tinh dầu chuối))', 'Tinh chất vani - 1 muỗng cà phê', 'Đường phèn - 300 gr', 'Đường cát trắng - 1 muỗng canh', 'Muối - 1 ít']","['Bước 1 - Ngâm đậu: Cho 200gr đậu xanh tách vỏ khô ngâm với nước và cho thêm 1/2 muỗng cà phê muối vào trong khoảng 2 - 3 tiếng cho đậu nở mềm. Mách nhỏ:', 'Ta cho nước ngập qua phần đậu để đậu nhanh mềm nhé!', 'Có thể ngâm đậu 2 - 3 tiếng hoặc ngâm qua đêm giúp đậu mềm ngon hơn.', 'Bước 2 - Nấu đậu: Cho phần đậu đã ngâm vàonồivới phần nước ngập qua đậu, đun với lửa lớn cho đến khi sôi thì giảm lửa tránh đậu sôi tràn ra ngoài.', 'Bước 3 - Lọc nước và tiếp tục nấu: Đun khoảng 5 phút, khi hạt đậu vừa trong lại thì ta tắtbếpvà chắt phần nước ra. Sau đó ta bắt nồi đậu trở lại bếp và đun với lửa thật nhỏ trong khoảng 15 phút cho phần đậu mềm và dậy mùi thơm thì tắt bếp.', 'Bước 4 - Pha hỗn hợp sắn dây và bột năng: Pha hỗn hợp bột với 75gr bột sắn dây, 75gr bột năng và 1 chén nước lọc, khuấy đều hỗn hợp cho đến khi phần bột hòa tan hết.', 'Bước 5 - Nấu nước cốt dừa: Pha nước cốt gồm: 1/2 muỗng canh bột gạo, 10gr bột năng, 1/3muỗngcà phê muối, 1 muỗng canh đường và 1 chén nước lọc, sau đó đảo đều để hòa tan hết hỗn hợp. Cuối cùng cho 400ml nước cốt dừa vào khuấy đều. Cho hỗn hợp nước cốt lên bếp và đun với lửa nhỏ cho đến khi hỗn hợp sánh đặc lại thì tắt bếp. Mách nhỏ:Đun nước cốt với lửa nhỏ để nước cốt không mất dầu và giữ được độ béo.', 'Bước 6 - Sơ chế và luộc củ năng: Gọt vỏ 100gr củ năng và rửa sạch. Tiếp theo đun sôi 2 lít nước và cho phần củ năng vào luộc khoảng 10 phút khi củ năng chín mềm thì vớt ra, rồi đem cắt thành các sợi thật mỏng, nhuyễn.', 'Bước 7 - Nấu chè: Cho 300gr đường phèn vào nồi nước luộc củ năng lúc nãy, đun với lửa lớn và cho phần củ năng đã cắt vào. Tiếp theo cho 1 ít lá dứa vào để nước chè thơm hơn. Chỉ nấu khoảng 5 phút thì vớt lá dứa ra. Mách nhỏ:Vò dập phần lá dứa để chè được thơm ngon hơn. Cho hỗn hợp bột sắn dây và bột năng đã pha ban đầu vào nước nấu chè. Sau đó cho phần đậu đã luộc vào và đảo đều hỗn hợp. Mách nhỏ: Cuối cùng cho thêm 1 muỗng cà phê tinh chất vani và 1 muỗng cà phê hương hoa bưởi cho chè được thơm hơn và tắt bếp.', 'Nấu chè hoa cau không thì chỉ cần cho 100gr đậu đã luộc vào thôi để chè loãng sẽ ngon hơn, còn với chè ăn với nước cốt đừa thì cho hết 200gr đậu vào.', 'Nếu nấu chè với hoàn toàn là bột năng thì nên cho đậu vào trước phần bột vì bột năng khá khó trộn.', 'Bước 8 - Thành phẩm: Đã hoàn thành món chè hoa cau với bột sắn dây vô cùng thơm ngon và bổ dưỡng, với màu vàng tươi bắt mắt của đậu xanh, cùng với mùi hương thoang thoảng của vani và lá dứa. Khi ăn vào đậu bùi, thơm và mềm, nước chè sệt vừa đủ, có vị ngọt không quá gắt, quyện với vị béo của nước cốt dừa rất tuyệt vời. Món chè này ăn nóng hay lạnh đều rất ngon nhé!']","['Xem thêm:Củ năng là gì? Củ năng có tác dụng gì? Có nên ăn sống và lưu ý khi dùng', 'Ta cho nước ngập qua phần đậu để đậu nhanh mềm nhé!Có thể ngâm đậu 2 - 3 tiếng hoặc ngâm qua đêm giúp đậu mềm ngon hơn.', 'Đun nước cốt với lửa nhỏ để nước cốt không mất dầu và giữ được độ béo.', 'Vò dập phần lá dứa để chè được thơm ngon hơn.', 'Nấu chè hoa cau không thì chỉ cần cho 100gr đậu đã luộc vào thôi để chè loãng sẽ ngon hơn, còn với chè ăn với nước cốt đừa thì cho hết 200gr đậu vào.Nếu nấu chè với hoàn toàn là bột năng thì nên cho đậu vào trước phần bột vì bột năng khá khó trộn.', 'Lưu ý:Không nấu quá lâu tránh làm đậu xanh bị quá nhừ, không ngon.', 'Lưu ý:Đậu xanh còn hạt ăn sẽ ngon hơn vì vậy bạn khuấy nhẹ nhàng và không nấu quá lâu.', 'Xem thêm:2 cách nấu chè đậu xanh hạt sen thơm mát bùi ngọt cho cả gia đìnhCách nấu chè đậu xanh nước cốt dừa thơm ngon cho ngày hèCách nấu chè đậu xanh nha đam thanh mát, giải nhiệt cho ngày nóng']",,dienmayxanh.com
https://www.dienmayxanh.com/vao-bep/cach-lam-suong-sao-tu-la-tuoi-deo-dai-thanh-mat-de-giai-nhiet-23470,Món Chè,"Cách làm sương sáo từ lá tươi dẻo dai, thanh mát để giải nhiệt ngày oi ả","Bạn đang tìm cách làm sương sáo từ lá tươi thơm ngon, mềm mịn ngay tại nhà?Vào bếpcùng Điện máy XANH để khám phá bí quyết nấu lá sương sáo tươi thànhmón tráng miệnggiải nhiệt cực dễ. Đảm bảo thành công ngay lần đầu, cho cả gia đình mónăn vặtmát lành!",,15 phút + 30 phút,Cho Khoảng 8 - 10 người,,4,"['Lá sương sáo tươi - 1 kg', 'Nước - 4 lít', 'Bột năng - 150 gr', 'Đường - 200 gr ((tùy ý))']","['Bước 1 - Sơ chế lá sương sáo và chuẩn bị nguyên liệu: Đầu tiên, bạn hãy rửa thật sạch 1kg lá sương sáo tươi dưới vòi nước chảy để loại bỏ hết bụi bẩn và tạp chất. Trong một tô riêng, cho 150gr bột năng vào và từ từ thêm một ít nước lọc vào, khuấy đều cho bột tan hoàn toàn, không còn vón cục. Đây là bí quyết giúp thạch sương sáo không bị lợn cợn.', 'Bước 2 - Nấu lá sương sáo tươi: Cho 4 lít nước vào nồi, đun sôi. Khi nước sôi thì bạn cho toàn bộ phần lá sương sáo vào, nấu với lửa vừa. Dùng vá khuấy đều và dằm nhẹ lá để lá nhanh rã ra, giải phóng hết chất làm đông. Nấu cho đến khi lá sương sáo rã hoàn toàn, nước chuyển sang màu xanh đen đặc trưng và có độ sánh nhẹ thì tắt bếp, chờ cho nước nguội bớt. Tiếp đến, bạn cho hỗn hợp qua một túi vải để lọc lấy phần nước. Dùng tay nhồi tiếp để lá cây rã hết và thu được hết nước lá sánh sệt.', 'Bước 3 - Hoàn thành món thạch sương sáo: Khi lá đã rã hết, từ từ đổ chén bột năng đã pha vào nồi, vừa đổ vừa khuấy đều tay và liên tục để bột không bị vón cục và sương sáo được mềm mịn, thơm ngon. Lọc hỗn hợp qua rây một lần nữa rồi bắc lên bếp, đun lửa nhỏ. Vừa đun, bạn vừa khuấy thêm khoảng 5 - 10 phút theo 1 chiều cho hỗn hợp sôi lại, sánh đặc và trong là được. Tắt bếp. Trong lúc đun, bạn sẽ thấy hỗn hợp sương sáo đặc lại lợn cợn thì đừng lo. Hãy tiếp tục khuấy thêm 1 - 2 phút nữa, hỗn hợp sẽ trở nên sánh mịn lại.Nếu muốn thạch sương sáo ngọt thì bạn cũng hãy cho đường vào đun cùng ở bước này.', 'Trong lúc đun, bạn sẽ thấy hỗn hợp sương sáo đặc lại lợn cợn thì đừng lo. Hãy tiếp tục khuấy thêm 1 - 2 phút nữa, hỗn hợp sẽ trở nên sánh mịn lại.', 'Nếu muốn thạch sương sáo ngọt thì bạn cũng hãy cho đường vào đun cùng ở bước này.', 'Bước 4 - Thành phẩm: Đổ hỗn hợp sương sáo vừa nấu ra khuôn hoặc tô lớn đã chuẩn bị sẵn. Để nguội hoàn toàn ở nhiệt độ phòng, sau đó cho vào tủ lạnh khoảng 2 - 3 tiếng để sương sáo đông lại và mát lạnh. Khi thưởng thức, bạn có thể cắt sương sáo thành miếng vừa ăn, dùng kèm với nước cốt dừa, đường hoặc sữa tươi để tăng thêm hương vị thơm ngon. Món ăn vặt này chắc chắn sẽ làm hài lòng cả gia đình!']","['Để món sương sáo từ lá tươi được nấu chín đều và giữ trọn hương vị, một chiếc nồi chất lượng là không thể thiếu.Nồi inox 3 đáy nắp kính 24 cm Delites 001NTAsẽ là trợ thủ đắc lực cho bạn trong mọi công đoạn chế biến.Nồi Delitescó thiết kế 3 đáy giúp truyền nhiệt nhanh và giữ nhiệt tốt, đảm bảo lá sương sáo được nấu mềm rã mà không lo cháy khét.Chất liệu inox cao cấp không gỉ sét, an toàn cho sức khỏe và dễ dàng vệ sinh sau khi sử dụng.Nắp kính trong suốt tiện lợi giúp bạn dễ dàng quan sát quá trình nấu mà không cần mở nắp thường xuyên, giữ nhiệt hiệu quả.Nồi inox 3 đáy Delites 001NTAHàng phải chuyển về270.000₫450.000₫-40%Xem chi tiết', 'Trong lúc đun, bạn sẽ thấy hỗn hợp sương sáo đặc lại lợn cợn thì đừng lo. Hãy tiếp tục khuấy thêm 1 - 2 phút nữa, hỗn hợp sẽ trở nên sánh mịn lại.Nếu muốn thạch sương sáo ngọt thì bạn cũng hãy cho đường vào đun cùng ở bước này.', 'Vì được nấu từ lá tươi nên thạch sương sáo sẽ có màu xanh đen chứ không đậm màu như khi nấu bằng lá sương sáo khô.', 'Xem thêm:Cách nấu chè kiểm miền Tây béo ngon ngọt lành đơn giản tại nhà với nồi inoxCách làm thạch mác púp thanh mát, giải nhiệt ngay tại nhà cực đơn giảnCách làm bánh chuối hấp bằng bột năng chấm nước cốt dừa dẻo thơm nịnh miệng']",,dienmayxanh.com
https://www.dienmayxanh.com/vao-bep/cach-nau-che-kiem-mien-tay-beo-ngon-ngot-lanh-don-gian-tai-23463,Món Chè,Cách nấu chè kiểm miền Tây béo ngon ngọt lành đơn giản tại nhà với nồi inox,"Tìm cách nấu chè kiểm chuẩn vị miền Tây cho mùa rằm?Món chèkiểm chay này cực kỳ thơm ngon, béo ngậy từ nước cốt dừa và củ quả. Cùngvào bếpkhám phá bí quyết làm chè kiểm hấp dẫn, chắc chắn sẽ khiến cả nhà mê mẩn!",,45 phút + 40 phút,Cho 6 - 8 người,,12,"['Đường - 500 gr', 'Bí đỏ - 200 gr', 'Khoai môn - 200 gr', 'Khoai lang - 250 gr', 'Bột khoai - 150 gr', 'Bột báng - 120 gr', 'Bột năng - 150 gr', 'Đậu phộng - 100 gr ((rang sẵn))', 'Nấm mèo - 50 gr', 'Dừa non - 100 gr', 'Nước cốt dừa nhất - 200 ml', 'Nước cốt dừa dảo - 2.5 lít']","['Bước 1 - Sơ chế nguyên liệu nấu chè kiểm: Ngâm 150gr bột khoai và 120gr bột báng trong vài tiếng đồng hồ cho nở mềm. Ngâm 50gr nấm mèo cho nở, sau đó cắt bỏ gốc, rửa sạch và thái sợi dẻo nhuyễn. Bí đỏ, khoai lang, khoai môn gọt vỏ, rửa sạch rồi cắt thành miếng vuông cỡ con cờ. Dừa non cắt thành lát mỏng hoặc nạo sợi tùy thích.', 'Bước 2 - Làm viên bột năng (trái cà na): Cho 150gr bột năng vào tô lớn. Cho khoảng 3 - 4 vá nước sôi vào, dùng đũa trộn đều cho bột nửa chín nửa sống. Sau đó, dùng tay nhồi bột đến khi dẻo quánh, không còn dính tay là đạt. Lấy đậu phộng rang sẵn làm nhân, nắn bột thành hình trái cà na nhỏ xinh.', 'Bước 3 - Nấu bột báng, bột khoai và củ quả: Cho 2.5 lít nước cốt dừa dảo và 500gr đường vào nồi. Đậy nắp và đun sôi trên lửa vừa. Khi nồi nước cốt dảo và đường đã sôi, cho bột báng và bột khoai đã ngâm vào nấu trước. Khi bột báng và bột khoai gần mềm, cho bí đỏ, khoai lang, khoai môn đã cắt vào nồi. Dùng vá đảo đều nhẹ nhàng để các nguyên liệu không bị dính đáy nồi và cháy khét. Khi bí và khoai gần chín (bạn sẽ thấy phần rìa hơi trong trong), cho nấm mèo đã thái sợi vào.', 'Bước 4 - Thêm trái cà na và dừa non: Khi bí và khoai đã chín mềm, cho các viên trái cà na vào nồi. Tiếp tục đun cho đến khi trái cà na chín (chúng sẽ trở nên trong veo). Lúc này, cho dừa non đã cắt vào, đảo nhẹ tay. Khi tất cả các nguyên liệu như khoai, bí, cà na, nấm mèo và dừa đã chín mềm, cho 200ml nước cốt dừa nhất vào. Dùng vá đảo nhẹ nhàng để nước cốt hòa quyện đều với các nguyên liệu và nước đường. Chỉ đun cho chè sôi lăn tăn nhẹ rồi tắt bếp ngay. Tránh đun quá lâu sẽ làm nước cốt nhất bị tách dầu và mất đi độ béo ngon.', 'Bước 5 - Thành phẩm: Múc chè kiểm ra chén hoặc tô, rắc thêm đậu phộng rang còn lại lên trên để tăng thêm hương vị thơm béo. Thưởng thức món chè kiểm nóng hổi, thơm lừng mùi nước cốt dừa, vị ngọt thanh của củ quả và độ béo bùi của đậu phộng.']","['Để món chè kiểm thơm ngon trọn vị, việc lựa chọn dụng cụ nấu nướng chất lượng là vô cùng quan trọng.Bộ 3 nồi inox 3 lớp nguyên khối nắp kính Green Cook GCS256-T1sẽ là trợ thủ đắc lực cho bạn trong mọi công đoạn chế biến.Nồi Green Cookđược làm từ inox 3 lớp nguyên khối, giúp truyền nhiệt nhanh và đều. Điều này đảm bảo các nguyên liệu trong chè kiểm chín tới, không bị cháy khét ở đáy.Thiết kế nắp kính tiện lợi giúp bạn dễ dàng quan sát quá trình nấu mà không cần mở nắp. Giữ nhiệt hiệu quả, giúp tiết kiệm thời gian và năng lượng khi nấu chè.Bộ 3 nồi với nhiều kích cỡ khác nhau, phù hợp cho mọi nhu cầu nấu nướng. Từ việc nấu nước cốt dừa đến hầm các loại củ quả, đều trở nên dễ dàng và tiện lợi.Bộ 3 nồi inox 3 lớp nguyên khối Green Cook GCS256-T1Online giá rẻ quá1.190.000₫2.200.000₫-45%Xem chi tiết', 'Canh thời gian nấu để các loại củ quả không bị nát, giữ được độ giòn sần sật đặc trưng của chè kiểm.', 'Xem thêm:Cách nấu chè khoai dẻo thập cẩm ngọt bùi, thơm béo siêu hấp dẫn tại nhàCách làm chè xanh đánh bùi béo, thơm ngon, dễ làm tại nhà với nồi inoxCách nấu chè hạt sen đậu xanh nguyên vỏ ngọt thanh, mát lành tại nhà']",,dienmayxanh.com
https://www.dienmayxanh.com/vao-bep/cach-nau-che-buoi-dau-xanh-gion-khong-bi-dang-cuc-don-gian-13829,Món Chè,Cách nấu chè bưởi đậu xanh giòn không bị đắng cực đơn giản tại nhà,"Chè bưởi đậu xanh dai giòn, bùi bùi thơm ngon, mẹo để vỏ bưởi không bị đắng vô cùng dễ làm.Vào bếpcùng Điện máy XANH thực hiện ngaymón chènày nhé!",,20 phút + 30 phút,Cho 4 người,,8,"['Vỏ bưởi - 200 gr', 'Đậu xanh - 50 gr', 'Nước cốt dừa - 200 ml', 'Đường - 190 gr', 'Bột năng - 60 gr', 'Lá dứa - 20 gr', 'Phèn chua - 10 gr', 'Muối - 1 muỗng cà phê']","['Bước 1 - Sơ chế vỏ bưởi: Đầu tiên, bạn hãy pha 1 muỗng cà phê muối với 10gr phèn chua với nước. Kế tiếp bạn dùng dao để gọt bỏ phần gân xanh của vỏ bưởi, rồi thái nhỏ phần cùi trắng. Tiếp đó, bạn ngâm vỏ bưởi với hỗn hợp muối phèn chua trong vòng 8 tiếng. Sau 8 tiếng, bạn dùng tay vắt ráo vỏ bưởi và cứ liên tục rửa và vắt ráo cùi bưởi với nước sạch 6 lần. Tiếp theo, bạn sẽ trộn 200gr vỏ bưởi với 10gr đường và 50gr bột năng, sao cho lớp bột áo đều là được.', 'Bước 2 - Sơ chế và nấu đậu xanh: Bạn ngâm trước đậu xanh với nước sạch trong vòng 30 phút. Kế tiếp, bạn sẽ cho 50gr đậu xanh vào nồi và đun với 10gr lá dứa và 1 nhúm muối, khi nước sôi thì thêm vào đó 170gr đường.', 'Bước 3 - Luộc vỏ bưởi: Bạn bắc 1 nồi nước lên bếp, đun cho sôi, rồi mới cho 200gr vỏ bưởi vào luộc trong vòng 5 - 7 phút, khi nào thấy vỏ bưởi nổi lên thì bạn vớt ra để ráo.', 'Bước 4 - Nấu chè bưởi đậu xanh: Tiếp đó, bạn cho 200gr vỏ bưởi đã luộc vào nồi đậu đang nấu. Bạn hãy pha loãng 10gr bột năng với 100ml nước lọc, rồi cho 1 nửa hỗn hợp vào nồi chè. Với 200ml nước cốt dừa, bạn bắc lên bếp đun với 5gr muối, 10gr đường, 10gr lá dứa và thêm vào đó phần bột năng pha loãng còn lại, đến khi nước cốt dừa sôi lại là được.', 'Bước 5 - Thành phẩm: Chè bưởi đậu xanh dẻo dẻo rưới thêm 1 chút nước cốt dừa thơm béo lên thì hấp dẫn phải biết. Đậu xanh thì mềm, bùi, vỏ bưởi thì dai giòn không đắng, chè có độ ngọt vừa phải, vô cùng thơm ngon, hấp dẫn.']","['Xem chi tiết:Cách chọn mua bưởi ngon, ngọt mọng nước dễ dàng nhất', 'Xem thêm:Cách nấu chè bưởi An Giang thơm ngon chuẩn vịCách nấu chè bưởi từ cùi bưởi khô thơm ngon cực đơn giảnHướng dẫn chi tiết cách làm chè bưởi siêu ngon không bị đắng']",,dienmayxanh.com
https://www.dienmayxanh.com/vao-bep/cach-lam-thach-suong-sao-den-thanh-mat-sieu-de-lam-09175,Món Chè,Cách làm thạch sương sáo đen thanh mát siêu dễ làm,"Mùa hè đã đến, không thể không nhắc đến nhữngmón chègiải nhiệt vừa rẻ vừa tốt cho sức khỏe như sương sáo. Với những nguyên liệu dễ tìm, cách thực hiện đơn giản hãyvào bếpcùng Điện máy XANH làm ngay món sương sáo thanh mát này nhé!",,10 phút + 30 phút,Cho 2 người,,3,"['Bột sương sáo - 1 gói ((loại 50gr))', 'Nước - 1 lít', 'Đường - 100 gr']","['Bước 1 - Pha bột: Chuẩn bị 100gr đường trongtô, sau đó trộn đều hỗn hợp bột sương sáo và đường lại với nhau. Đổ hỗn hợp đã trộn vào 1 lít nước rồi khuấy đều để đường và sương sáo tan đều ra với nước. Sau đó để hỗn hợp nghỉ từ 5 - 10 phút.', 'Bước 2 - Nấu nước sương sáo: Bắcnồilênbếplửa, vừa nấu vừa khuấy đều để sương sáo không bị vón cục và không bị cháy. Đợi cho nước sương sáo sôi lên sau đó sẽ hạ lửa nhỏ xuống rồi tiếp tục đun khoảng 5 phút, lúc này hỗn hợp sương sáo đã sánh lại.', 'Bước 3 - Cho ra khuôn: Nấu xong thì đổ sương sáo ra khuôn hoặc ra tô để cho nguội bớt. Tiếp theo, cho ống dầu chuối có sẵn trong gói sương sáo vào và khuấy đều để tạo nên hương thơm đặc trưng của sương sáo. Để hỗn hợp sương sáo cho đông lại rồi đem bỏ vào ngăn máttủ lạnhkhoảng 2 - 3 tiếng.', 'Bước 4 - Thành phẩm: Sau khi bỏ trong ngăn mát tủ lạnh 2 tiếng, vậy là đã có ngay những miếng thạch sương sáo mềm mịn. Bạn có thể cho thêm một ít đá và ăn chung với đường, sữa hoặc nước cốt dừa cũng đều rất ngon.']","['Lưu ý: Trong gói bột sương sáo sử dụng ở bài viết này đã bao gồm đầy đủ các loại nguyên liệu cần thiết như: bột sương sáo và ống dầu chuối.', 'Tùy theo sở thích bạn muốn sương sáo mềm hay cứng thì điều chỉnh lượng nước cho phù hợp. Muốn sương sáo cứng thì cho ít nước, muốn sương sáo mềm thì cho nhiều nước hơn.', 'Xem thêm:Đã khát, mát lòng với món chè sương sáo nước cốt dừa2 cách làm sương sáo đen từ lá và bột dai ngon đơn giản không bị bởCách làm trà sữa ô long sương sáo giải nhiệt mùa hè']",,dienmayxanh.com
https://www.dienmayxanh.com/vao-bep/cach-nau-che-khoai-mi-vien-nuoc-cot-dua-2-mau-thom-ngon-dep-13146,Món Chè,"Cách nấu chè khoai mì viên nước cốt dừa 2 màu, thơm ngon đẹp mắt","Chè khoai mì nước cốt dừa là một trong những món chè ngon gắn liền với tuổi thơ nhiều người, hôm nay hãyvào bếpđể thực hiệnmón chènày! Đảm bảo thơm ngon như ngoài hàng, lại còn an toàn chất lượng.",,20 phút + 45 phút,Cho 2 - 3 người,,9,"['Khoai mì tươi - 500 gr', 'Cơm dừa - 400 gr', 'Nước ép thanh long ruột đỏ - 200 ml', 'Nước cốt lá dứa - 200 ml', 'Nước cốt dừa - 200 ml', 'Nước cốt dừa loãng - 400 ml', 'Bột năng - 4 muỗng canh', 'Đường - 300 gr', 'Muối - 1 ít']","['Bước 1 - Sơ chế khoai mì: Khoai mì tươi mua về thì gọt bỏ vỏ và ngâm khoai với nước muối khoảng 5 phút, sau đó rửa lại với nước sạch. Dùng dao loại bỏ ruột khoai mì bên trong. Dùng dụng cụ bào để bào nhỏ khoai mì ra thau lớn. Lấy khăn lược cho 1 ít khoai mì đã bào vào rồi vắt mạnh tay để cho nước vào 1 thau riêng, phần khoai đã vắt sạch nước thì cho vào thau riêng. Để yên nước khoai mì trong thau chứ không đổ đi, sau 1 - 2 tiếng nước khoai mì sẽ đọng lại dưới đáy và cô đặc thành bột khoai mì.', 'Bước 2 - Nhồi khoai: Sau khoảng 2 tiếng thì đổ hết nước trong thau nước khoai mì ra, còn lại phần bột đã cô đặc thì cho vào thau khoai mì bào. Cho tiếp 1 muỗng canh đường vào thau và dùng tay nhồi cho tất cả trộn đều vào nhau. Chia khoai mì ra 2 phần bằng nhau. Từ từ cho 200ml nước lá dứa vào 1 thau khoai, vừa cho vừa trộn đều để khoai không bị quá nhão. Cho tiếp 1 muỗng canh bột năng và 100ml nước cốt dừa vào nhồi cho tất cả hòa quyện. Thực hiện tương tự với thau khoai còn lại với nước ép thanh long.', 'Bước 3 - Tạo hình và hấp khoai: Lần lượt vo tròn khoai mì thành các viên tròn nhỏ vừa phải, lớn hay nhỏ tùy sở thích.Đặt 1 tấm khăn lược lên xửng hấp, cho khoai đã vò lên khăn lược. Đặt nồi xửng hấp lên bếp, cho nước vào nồi và bật lửa lớn. Hấp khoảng 10 - 15 phút khi thấy khoai mì trong lên thì khoai đã chín.', 'Bước 4 - Nấu chè: Bắc nồi lên bếp bật lửa vừa, cho 500ml nước và 250gr đường vào nồi, đun đến khi đường tan hết vào nước và sôi lên. Cho hết số khoai mì viên đã hấp chín vào nồi nước đường, nấu tầm 5 phút thì tắt bếp.', 'Bước 5 - Nấu nước cốt dừa: Pha vào chén 2 muỗng canh bột năng với 100ml nước sau đó khuấy tan đều. Cho 400ml nước cốt dừa loãng vào nồi, nấu sôi lên thì cho bột năng pha loãng vào. Nêm nếm với 2 muỗng canh đường và 1/3 muỗng cà phê muối. Nêm nếm lại cho có vị béo béo, ngọt ngọt và hơi mặn một chút là được, thấy hỗn hợp sôi mạnh thì tắt bếp.', 'Bước 6 - Thành phẩm: Chè khoai mì viên nước cốt dừa sau khi nấu xong không chỉ thơm lừng mà còn đẹp mắt với 2 màu xanh đỏ. Chè có vị ngọt vừa phải, nước cốt dừa thơm béo quyện vào nhau, cắn viên chè sẽ cảm nhận được mùi khoai mì đặc trưng, đảm bảo cả nhà sẽ trầm trồ khen ngon. Xem chi tiết:2 cách nấu chè khoai mì thơm ngon lạ miệng đơn giản cho gia đình Xem chi tiết:2 cách nấu chè khoai mì thơm ngon lạ miệng đơn giản cho gia đình']","['Mẹo nhỏ:Để 2 màu khoai không bị lẫn vào nhau thì hãy tách riêng 2 màu ra trước khi hấp.', 'Mẹo nhỏ:Nếu thích ngọt hơn hay ít ngọt thì bạn có thể tăng thêm đường hoặc giảm lượng đường tùy thích.', 'Xem thêm một cách nấu chè khoai mì nước cốt dừa khác đơn giản hơn, thơm ngon, hấp dẫn không kém. Hãy bỏ túi thật nhiều công thức để luôn sẵn sàng vào bếp trổ tài nhé!Xem chi tiết:2 cách nấu chè khoai mì thơm ngon lạ miệng đơn giản cho gia đình', 'Xem thêm:2 cách làm chè đu đủ bột báng cốt dừa và chè đu đủ lê sữa tươi thơm ngonCách làm chè bánh lọt nước cốt dừa thanh mát, dẻo thơm ngay tại nhàCách nấu chè hạt sen táo đỏ thanh mát, giải nhiệt ngày nóng cực đã']",,dienmayxanh.com
https://www.dienmayxanh.com/vao-bep/cach-nau-che-san-buoi-deo-ngot-thom-ngay-am-long-nhung-ngay-07666,Món Chè,Cách nấu chè sắn bưởi dẻo ngọt thơm ngậy ấm lòng những ngày lạnh,"Vào những ngày lạnh,món chèsắn bưởi dẻo ngọt, sẽ là hương vị thơm ngon, béo ngậy bạn khó có thể bỏ lỡ. Để hiểu hơn về món ăn này, mời bạn cùngvào bếpcủa Điện máy XANH cùng xem qua công thức thú vị này nhé!",,15 phút + 20 phút,Cho 3 người,,14,"['Củ sắn - 300 gr', 'Cùi bưởi - 50 gr', 'Dừa sợi - 150 gr', 'Bột béo - 10 gr', 'Bột gạo - 5 gr', 'Bột nếp - 10 gr', 'Bột năng - 70 gr ((50gr làm viên sắn/ 20gr làm cùi bưởi))', 'Bột viên - 40 gr', 'Đường thốt nốt - 100 gr', 'Đường nâu - 100 gr', 'Đường bột - 20 gr ((hoặc đường trắng))', 'Gừng - 1 củ', 'Lá dứa - 1 lá', 'Muối - 1 muỗng cà phê']","['Bước 1 - Sơ chế nguyên liệu: Bạn dùng dao khía một đường dài trên thân củ sắn, rồi dùng tay bóc lớp vỏ của củ sắn đi. Sau đó cắt bỏ phần đầu và đuôi củ sắn, đây là phần chứa nhiều độc tố trong củ khoai mì. Ngâm củ sắn vào nước qua đêm để loại bỏ hết các độc tố trong củ sắn rồi rửa sạch lại với nước sạch vài lần. Sau đó dùng dao cắt củ sắn thành từng khúc vừa ăn. Gọt vỏ bưởi, sau đó cắt sạch vỏ xanh bên ngoài xung quanh cùi bưởi để khi ăn không bị đắng. Cắt bùi bưởi thành hạt lựu, rửa qua một lần với nước. Chuẩn bị 1 cái tô đựng dừa sợi, thêm 100gr đường, ngâm cho đường được tan khoảng 15 phút. Gừng rửa sạch, bỏ vỏ rồi cắt thành từng lát.', 'Bước 2 - Hấp sắn và nấu nước đường: Bắc nồi lên bếp, cho khoảng 1 tô nước vào nồi, đợi đến khi nước đã sôi thêm củ sắn vô trong nồi. Khi củ sắn được nấu chín, bạn bắt đầu nấu nước đường. Đun 1 tô nước vào trong một cái nồi, bỏ 100gr đường thốt nốt, 100gr đường nâu, 1 muỗng cà phê muối, gừng cắt lát vô nồi. Lấy vá khuấy đều hỗn hợp, khoảng 3 phút cho đến khi đường được tan đều.', 'Bước 3 - Làm cùi bưởi: Cho cùi bưởi vào trong nồi nước đường luộc sơ khoảng 1 phút, rồi vớt ra. Sau đó cho lá dứa vào trong 3 phút để nước đường được thơm, rồi bỏ lá dứa ra. Tiếp đó, thêm 50gr bột năng vào cùi bưởi, dùng tay trộn đều cùi bưởi với bột.', 'Bước 4 - Làm viên sắn: Cho 100gr củ sắn đã hấp, 50gr bột năng, 20gr đường xay, 20gr bột năng, 10gr bột nếp, 5gr bột gạo vào một cái tô hoặc thau. Rồi nhồi hỗn hợp đều lại với nhau, cho 1/2 chén nước sôi vào thau làm viên sắn. Lấy vá trộn đều, dùng tay tạo thành hình bột. Bạn chia bột thành nhiều viên nhỏ, rồi dùng tay vo tròn lại.', 'Bước 5 - Sên dừa và luộc viên sắn: Cho dừa đã được ngâm đường vào một cái nồi, sên cho đến khi nước đường được cạn thì tắt bếp. Bắc nồi nước đường lên bếp, đun sôi trở lại rồi cho viên sắn vào nồi, luộc khoảng 5 phút.', 'Bước 6 - Nấu chè sắn bưởi: Bỏ 200gr củ sắn hấp còn lại vào trong nồi. Lấy 1 cái chén cho 10gr bột béo, 40gr bột viên, 1/2 chén nước khuấy tan đều bột. Thêm cùi bưởi, dừa sợi, nước bột béo và bột viên vào nồi chè, trộn đều khoảng 3 phút thì tắt bếp.', 'Bước 7 - Thành phẩm: Chè sắn bưởi dẻo ngọt sẽ là món ăn ngon đối với mỗi chúng ta. Chè ăn vào ngọt thanh, viên săn béo ngậy và mềm. Giúp món chè của gia đình bạn thêm phần mới lạ, ngon miệng hơn.']","['Xem thêm:Hướng dẫn chi tiết cách làm chè bưởi không bị đắngCách nấu chè bưởi đơn giản nhấtCách nấu chè sắn giòn giòn, ngọt thanh, nước cốt dừa béo thơm, ăn là ghiền']",,dienmayxanh.com
https://www.dienmayxanh.com/vao-bep/cach-nau-che-troi-nuoc-cot-dua-nhan-dau-xanh-deo-ngon-de-lam-09840,Món Chè,"Cách nấu chè trôi nước cốt dừa nhân đậu xanh dẻo ngon, dễ làm tại nhà","Chè trôi nước làmón chètruyền thống của người Việt Nam tuy nhiên có công thức biến tấu giúp món chè ngày càng đa dạng và có thêm nhiều mùi vị thơm ngon. Hôm nay, Điện máy XANH sẽ mách thêm đến bạn cách nấu chè trôi nước cốt dừa nhân đậu xanh dẻo ngon, dễ làm tại nhà. Cùngvào bếpthực hiện ngay bạn nhé!",,10 phút + 30 phút,Cho 4 người,,8,"['Đậu xanh cà vỏ - 50 gr', 'Bột năng - 2 muỗng canh (( hoặc bột sắn dây ))', 'Bột nếp - 30 gr', 'Nước dừa - 1 lít ((khoảng 2 trái dừa))', 'Nước cốt dừa - 30 ml', 'Dừa bào sợi - 10 gr', 'Đường - 80 gr', 'Muối - 1 ít']","['Bước 1 - Vo sạch và nấu đậu xanh: Bạn ngâm 50gr đậu xanh vào nước ấm khoảng 30 phút, sau đó vo lại thật sạch với nước. Bạn chia đậu xanh thành 2 phần: 30gr làm nhân bánh, 20gr nấu với cốt dừa Đối với 20gr đậu xanh để nấu chè bạn cho vàonồinấu với 1 lít nước dừa với lửa nhỏ và ninh trong khoảng 15 - 20 phút cho đậu xanh chín nhừ. Đối với 30gr đậu xanh làm nhân bánh thì cho vào nồi rồi cho nước ngập mặt đậu và ninh với lửa vừa khoảng 20 - 25 cho đậu xanh chín mềm. Lưu ý:Để đậu xanh chín nhừ đều, trong quá trình ninh bạn nên khuấy thường xuyên và nhớ vớt bỏ bọt nha!', 'Bước 2 - Trộn bột vỏ bánh: Bạn cho 30gr bột nếp vàotô, thêm 1/4 muỗng cà phê muối, cho từ từ từng ít nước nóng vào trộn đều, vừa cho vừa trộn đến khi bạn thấy bột dẻo không bị nhão. Tiếp theo bạn dùng tay nhồi đều bột thành khối dẻo mịn, không dính tay là đạt. Mách nhỏ:Để vỏ bánh dẻo mịn, không bị nhão, bạn nên cho nước ấm vào từ từ, không nên cho một lúc quá nhiều, như vậy sẽ khó điều chỉnh được cấu trúc bột đạt chuẩn để làm vỏ bánh!', 'Bước 3 - Nghiền nhuyễn và bọc nhân đậu xanh: Bạn cho đậu xanh làm nhân bánh ra tô, thêm vào 1 muỗng canh đường dùng tay nhồi cho đường thấm vào đậu xanh nhé. Tiếp theo bạn vo đậu xanh thành những viên nhỏ tròn theo sở thích của mình nha. Sau đó, bạn lấy 1 ít bột vỏ bánh, vo tròn xong se mỏng miếng bột ra và đặt nhân đậu xanh vào giữa và gói kín lại sao cho nhân nằm trong miếng bột rồi vo tròn lại cho đẹp mắt. Mách bạn:', 'Cần miết kín các mép bột để không khí không bị lọt vào bên trong bánh, khi luộc bánh sẽ tránh bị nứt hay vỡ.', 'Bạn có thể điều chỉnh kích thước bánh cho hợp khẩu vị, tuy nhiên, bánh đừng to quá nhé, ăn sẽ nhanh ngán.', 'Bước 4 - Luộc bánh trôi: Bạn đun sôi khoảng 1 lít nước, sau cho cho bánh trôi vào luộc ở lửa vừa khoảng 10 - 15 phút đến khi thấy bánh trôi nổi lên, vỏ bánh căng và hơi trong lại là chín nhé!', 'Bước 5 - Nấu hỗn hợp đậu xanh cốt dừa: Với phần đậu xanh nấu đã nấu chín với nước dừa ở bước 1, lúc này bạn thêm vào 70gr đường vào, khuấy đều cho đường tan hết. Tiếp theo, chúng ta hòa tan 2 muỗng canh bột năng với 2 muỗng canh nước lạnh, rồi đổ từ từ bột vào nồi đậu xanh, vừa đổ vừa khuấy cho bột năng được tan đều mà không bị vón cục nhé. Cuối cùng, bạn cho 20ml nước cốt dừa vào rồi nấu thêm 2 - 3 phút cho chè sôi lên, thêm vào 10gr dừa bào sợi vào nữa rồi khuấy đều và tắt bếp.', 'Bước 6 - Hoàn thành: Bạn múc hỗn hợp đậu xanh cốt dừa ra tô, thêm bánh trôi đã luộc chín vào, cuối cùng bạn rưới 1 ít nước cốt dùa lên trên là đã hoàn thành món chè hôm nay rồi.', 'Bước 7 - Thành phẩm: Thưởng thức ngay món chè trôi nước cốt dừa nhân đậu xanh ngay nào. Nước chè ngọt thanh, thơm béo mùi nước cốt dừa, đậu xanh bùi bùi, kết hợp bánh trôi dẻo mịn, thơm ngon, ăn vào vô cùng thích miệng. Món chè này có thể ăn nóng hoặc ăn lạnh đều phù hợp bạn nha. Đây chắc chắn sẽ là món chè tráng miệng tuyệt vời cho cả gia đình mình đấy!']","['Nước cốt dừađóng lon bạn có thể mua trực tiếp tại các siêu thị Bách hóa XANH hoặc mua online tại trang thương mại điện tửbachhoaxanh.com. Ngoài ra bạn có thể tự làm nước cốt dừa tại nhà theo công thức cực đơn giản từ hướng dẫn của Điện máy XANH.Xem chi tiết:Cách làm nước cốt dừa sánh mịn, thơm ngon, đơn giản tại nhà', 'Xem thêm:Tác dụng của đậu xanh đối với sức khỏe', 'Lưu ý:Để đậu xanh chín nhừ đều, trong quá trình ninh bạn nên khuấy thường xuyên và nhớ vớt bỏ bọt nha!', 'Để vỏ bánh dẻo mịn, không bị nhão, bạn nên cho nước ấm vào từ từ, không nên cho một lúc quá nhiều, như vậy sẽ khó điều chỉnh được cấu trúc bột đạt chuẩn để làm vỏ bánh!', 'Mách bạn:Cần miết kín các mép bột để không khí không bị lọt vào bên trong bánh, khi luộc bánh sẽ tránh bị nứt hay vỡ.Bạn có thể điều chỉnh kích thước bánh cho hợp khẩu vị, tuy nhiên, bánh đừng to quá nhé, ăn sẽ nhanh ngán.', 'Xem thêm:Cách làm chè trôi nước cá chép đẹp mắt cho ngày TếtCách làm chè trôi nước kiểu Thái lạ miệng, ăn là nghiềnCách nấu chè trôi nước lá dứa không nhân mềm dẻo, ngọt thơm']",,dienmayxanh.com
https://www.dienmayxanh.com/vao-bep/cach-nau-che-du-du-tiem-cua-nguoi-hoa-vua-thanh-mat-vua-bo-08039,Món Chè,"Cách nấu chè đu đủ tiềm của người Hoa, vừa thanh mát vừa bổ dưỡng","Chè đu đủ nấm tuyết tiềm chuẩn vị người Hoa ngọt thanh, tươi mát sẽ làmón chèlý tưởng để bạn giải nhiệt vào tiết trời oi bức của mùa hè. Cách làm cực kỳ đơn giản và nhanh chóng, hãy cùng Điện máy XANHvào bếpthực hiện ngay nhé!",,10 phút + 30 phút,Cho 3 người,,8,"['Đu đủ - 1 quả', 'Đậu xanh - 50 gr', 'Nấm tuyết - 1/2 cây', 'Kỷ tử - 15 gr', 'Táo tàu đen - 4 trái', 'Táo tàu đỏ - 4 trái', 'Lá dứa - 5 lá', 'Đường phèn - 100 gr']","['Bước 1 - Sơ chế các nguyên liệu: Gọt vỏ đu đủ, rửa sạch. Sau đó, cắt khúc đu đủ thành nhiều miếng vừa ăn. Ngâm mềm đậu xanh, nấm tuyết, kỷ tử và 2 loại táo trong nước 1 tiếng. Sau đó, cắt bỏ chân nấm tuyết rồi cắt nhỏ.', 'Bước 2 - Nấu lá dứa: Bắc nồi lên bếp, cột gọn lá dứa lại và cho vào nấu sôi trong 3 phút rồi vớt bỏ.', 'Bước 3 - Nấu đậu xanh: Cho vào nồi đậu xanh, táo tàu, kỷ tử, đậy nắp lại rồi nấu sôi 15 phút trên lửa nhỏ.', 'Bước 4 - Nấu chè: Khi chè sôi được 15 phút, bạn cho vào nấm tuyết, đu đủ và nấu sôi 5 phút. Sau đó, bạn cho thêm 100gr đường phèn, đun sôi thêm 3 phút nữa. Cuối cùng, cho vào 1 ống vani, khuấy đều 1 lần nữa, nêm nếm lại độ ngọt vừa ăn rồi tắt bếp.', 'Bước 5 - Thành phẩm: Món chè có vị ngọt thanh từ đu đủ, bùi bùi từ đậu xanh, ăn kèm cùng nấm tuyết giòn sần sật cực kỳ thơm ngon. Đây chắc chắn sẽ là món ăn thanh mát để bạn chiêu đãi gia đình vừa giải nhiệt lại vô cùng bổ dưỡng.']","['Xem thêm:Cách nấu chè bắp Mỹ nguyên hạt với nước cốt dừa béo ngậy, ngon ngọtCách nấu chè cốm dẻo ngọt, thơm ngon chuẩn vị Hà NộiCách làm chè trôi nước kiểu Thái lạ miệng, ăn là nghiền']",,dienmayxanh.com
https://www.dienmayxanh.com/vao-bep/cach-nau-che-xoai-buoi-bot-bang-thom-ngon-beo-ngot-hap-dan-de-15432,Món Chè,Cách nấu chè xoài bưởi bột báng thơm ngon béo ngọt hấp dẫn dễ làm tại nhà,"Chè xoài bưởi bột báng là một món ăn cực kỳ hấp dẫn, chinh phục người ăn nhờ vào hương vị béo ngậy, thơm lừng.Món chènày không quá khó khi tự làm tại nhà. Hãyvào bếpcùng Điện máy XANH để tìm hiểu công thức nấu chè thơm ngon đúng điệu nhé!",,30 phút + 20 phút,Cho 4 người,,7,"['Xoài chín - 2 quả', 'Bưởi - 50 gr', 'Bột báng - 100 gr', 'Nước cốt dừa - 100 ml', 'Sữa tươi không đường - 150 ml', 'Sữa đặc - 1.5 muỗng canh', 'Nước lọc - 200 ml']","['Bước 1 - Sơ chế nguyên liệu: Bột báng mua về bạn ngâm vào nước lạnh khoảng 15 phút. Tiếp đến, bắc nồi nước lên bếp và đun sôi ở lửa vừa. Khi nước sôi, cho bột báng đã ngâm vào luộc chín trong khoảng 15 - 20 phút cho đến khi bột báng trong suốt là được. Sau khi luộc, đem bột báng xả qua với nước lạnh để hạt bột báng không dính vào nhau. Bưởi gọt vỏ, lột tách lấy múi. Sau đó tách rời múi bưởi thành những tép nhỏ. Gọt vỏ 2 quả xoài, bỏ hạt, 1 quả bạn dùng dao cắt thành hình hạt lựu. Quả còn lại bạn cho vào máy xay sinh tố, xay nhuyễn với 50ml sữa tươi không đường trong khoảng 1 phút. Sau đó cho vào tô và để vào ngăn mát tủ lạnh.', 'Bước 2 - Nấu nước cốt dừa: Bắc nồi lên bếp, cho lần lượt 100ml nước cốt dừa, 100ml sữa tươi không đường và 1.5 muỗng canhsữa đặcvào nồi, dùng muỗng khuấy đều rồi đun sôi ở lửa nhỏ. Đun khoảng 5 - 10 phút cho đến khi hỗn hợp sôi, bọt khí nổi lăn tăn thì tắt bếp và để nguội.', 'Bước 3 - Hoàn thành: Chuẩn bị tô sạch, cho lần lượt các nguyên liệu như xoài xay nhuyễn, xoài cắt hạt lựu, tép bưởi và bột báng luộc vào tô. Cuối cùng, rưới hỗn hợp nước cốt dừa vừa nấu lên trên là món chè xoài bưởi bột báng đã hoàn thành, rất đơn giản và nhanh chóng.', 'Bước 4 - Thành phẩm: Chè xoài bưởi bột báng sẽ ngon hơn khi ăn lạnh, chè thanh mát, xoài ngọt lịm hòa quyện cùng chút chua ngọt của bưởi và hương vị bùi bùi béo ngậy của hỗn hợp nước cốt dừa khiến bạn ăn là mê. Món ăn này rất thích hợp dùng để ăn tráng miệng hoặc làm bữa xế chiều.']","['Xem chi tiết:Cách chọn mua xoài chín ngọt, tươi ngon', 'Xem chi tiết:Cách chọn mua bưởi ngon, chất lượng', 'Xem thêm:Bột báng là gì? Cách sử dụng, nơi mua và các món ăn ngon với bột bángCách làm nước cốt dừa sánh mịn, thơm ngon, đơn giản tại nhà', 'Xem thêm:Cách làm chè xoài pudding ngọt ngào,hấp dẫn cả nhà đều thích3 cách nấu chè xoài trân châu, nếp cẩm và bột báng thơm ngọt cực hấp dẫnCách nấu chè bưởi An Giang thơm ngon chuẩn vị']",,dienmayxanh.com
https://www.dienmayxanh.com/vao-bep/cach-nau-che-hat-sen-dau-den-bui-ngot-thom-ngon-de-lam-tai-09205,Món Chè,"Cách nấu chè hạt sen đậu đen bùi ngọt, thơm ngon dễ làm tại nhà","Món chèđặc biệt từ sự kết hợp độc đáo của hạt sen và đậu đen tạo nên mộtmón tráng miệngvừa thơm ngon, hấp dẫn vừa thanh mát và tốt cho sức khỏe. Nào, bây giờ hãy cùng Điện máy XANHvào bếpđể thực hiện nhé!",,30 phút + 40 phút,Cho 4 người,,6,"['Hạt sen khô - 200 gr', 'Đậu đen - 200 gr', 'Đường - 150 gr', 'Bột sắn dây - 10 gr', 'Dừa nạo/ dừa khô - 1 ít', 'Muối - 1 ít']","['Bước 1 - Sơ chế hạt sen và đậu đen: Hạt sen khô mua về bạn đem rửa sơ cho sạch rồi ngâm với nước 30 phút sau đó vớt ra và để ráo. Đậu đen bạn vo sạch, đem luộc sơ với nước trong 2 phút để bỏ đi nước chát.', 'Bước 2 - Ninh mềm hạt sen và đậu đen: Cho 1/4 muỗng cà phê muối vào rồi đổ vàonồi1.5 lít nước ninh trong 20 phút với lửa vừa. Sau 20 phút bạn cho hạt sen đã ngâm vào ninh thêm 10 phút nữa rồi bạn chắt hết nước đậu đen trong nồi ra, nhớ giữ lại phần nước đừng bỏ đi nhé.', 'Bước 3 - Nấu hạt sen đậu đen với đường và bột sắn: Bạn cho 150gr đường vào phần hạt đậu đen và hạt sen (đã chắt nước sau khi luộc) rồi trộn đều lên cho đường ngấm đều vào đậu, sau đó bắc lên bếp đun trong 5 - 7 phút. Tiếp theo bạn đổ vào nồi phần nước đậu đen đã chắt ra lúc nãy vào và khuấy đều lên, đun sôi. Thêm vào bột sắn dây đã hòa tan rồi khuấy đều tới khi sánh thì tắt bếp. Khi ăn bạn cho thêm dừa nạo và dừa khô lên trên nữa là xong.', 'Bước 4 - Thành phẩm: Chè hạt sen đậu đen có màu đen huyền bí đẹp mắt, chè sánh mịn nhờ có bột sắn dây, khi ăn bạn sẽ cảm nhận được vị béo của hạt sen cùng vị bùi của đậu đen. Bên cạnh đó, món chè đặc biệt hơn nhờ có sự kết hợp thêm chút béo giòn từ dừa nạo và dừa khô nữa. Đảm bảo ăn xong món chè này bạn sẽ ghiền ngay từ muỗng đầu tiên đấy.']","['Xem chi tiết:Cách chọn hạt sen khô bùi ngon', 'Xem thêm:Tác dụng của đậu đen', 'Xem thêm:Công dụng của bột sắn dây, những sai lầm và cách pha bột sắn dây đúng', 'Mách bạn:Thao tác chắt nước đậu đen và hạt sen rồi mới trộn đường vào phần đậu và hạt sen ráo nước sẽ khiến đường được ngấm vào đậu đen và hạt sen hơn thay vì khuấy đường vào nồi chè còn còn nguyên nước hầm.', 'Xem thêm:2 Cách nấu chè hạt sen cốm dẻo và bí đỏ cốm dẻo bùi béo, hấp dẫnCách nấu chè nhãn bọc hạt sen đơn giản giúp thanh nhiệt cho ngày nắng nóngCách nấu chè đậu xanh hạt sen thơm mát, bùi ngọt cho cả gia đình']",,dienmayxanh.com
https://www.dienmayxanh.com/vao-bep/cach-nau-che-bap-dau-xanh-ngot-thom-bo-duong-de-lam-tai-nha-08930,Món Chè,"Cách nấu chè bắp đậu xanh ngọt thơm, bổ dưỡng dễ làm tại nhà","Chè bắp là mộtmón chèđược nhiều người yêu thích vì dễ làm và hương vị mềm dẻo, bùi bùi thơm ngon. Chè bắp nấu cùng đậu xanh, chan nước cốt dừa lên trên thì ngọt, bùi, dẻo, thơm gì sánh bằng! Cùngvào bếphọc làm món chè này để thanh nhiệt ngày hè nhé!",,30 phút + 1 giờ 20 phút,Cho 4 người ăn,,8,"['Bắp Mỹ - 1 trái', 'Bắp nếp - 1 trái', 'Đậu xanh cà vỏ - 100 gr', 'Dừa bào - 200 gr', 'Đường phèn - 100 gr', 'Bột năng - 55 gr', 'Lá dứa - 2 nhánh', 'Muối - 1 ít']","['Bước 1 - Vo và ngâm đậu xanh: Đậu xanh mua về, vo kĩ và nhặt hết sạn có trong đậu. Ngâm với nước nóng trong 15 phút rồi xả hết nước, vớt đậu xanh ra và để ráo.', 'Bước 2 - Luộc và bào hạt bắp: Bắp gỡ bỏ hết vỏ, râu, cắt làm đôi rồi luộc với 2 lít nước trong 10 phút để có được phần nước nấu chè ngọt, thơm. Sau đó vớt bắp ra, để nguội rồi dùngdaocắt và tách lấy hạt bắp.', 'Bước 3 - Nấu đậu xanh và bắp: Cho cơm dừa bào vào 1 cái tô lớn và đổ nước thật nóng vào khoảng 3/4 tô. Lọc lấy nước cốt dừa đầu. Tiếp theo lại cho vào 3/4 tô nước thật nóng vào để lọc lấy nước dừa dão. Nước dừa dão này sẽ được dùng để nấu chè bắp để món ăn được béo thơm hơn. Bắcnồinước luộc bắp ban nãy lên, đun nóng. Khi nước bắt đầu nóng cho đậu xanh vào nấu. Cho phần nước dừa dão vào. Nấu trong 30 phút để đậu xanh mềm đi. Tiếp tục cho bắp vào nấu trong 10 - 15 phút cho đến khi đậu xanh và bắp mềm. Cho 100gr đường phèn vào cho đến khi vừa với khẩu vị, khuấy đều rồi tắt bếp. Dùng đường phèn cho món chè được thanh mát nhưng nếu không có đường phèn bạn có thể thay thế bằng đường trắng.Bạn có thể cho từng muỗng canh đường phèn vào rồi liên tục nếm lại cho đến khi vừa với khẩu vị gia đình nếu không ăn được quá ngọt.', 'Dùng đường phèn cho món chè được thanh mát nhưng nếu không có đường phèn bạn có thể thay thế bằng đường trắng.', 'Bạn có thể cho từng muỗng canh đường phèn vào rồi liên tục nếm lại cho đến khi vừa với khẩu vị gia đình nếu không ăn được quá ngọt.', 'Bước 4 - Khuấy bột năng vào nồi bắp đậu xanh: Pha 50gr bột năng với 150ml nước. Khuấy đều cho bột năng tan ra. Hạ nhỏ lửa và cho từ từ bột năng vào nồi chè, đồng thời khuấy đều chè cho đến khi chè đặc lại. Nấu thêm trong khoảng 5 phút để bột năng chín hẳn. Bạn nhớ giữ lại 1 muỗng canh bột năng (khoảng 5gr) để dùng nấu nước cốt dừa nhé!', 'Bước 5 - Nấu nước cốt dừa: Bắc 1 cái nồi lên bếp, cho phần nước cốt dừa vắt lần 1 vào, thêm lá dứa, 1 ống hương vanila và 1/4 muỗng cà phê muối. Đun sôi trong 3 - 4 phút. Tiếp đến, cho phần bột năng còn lại vào, khuấy đều cho đến khi nước dừa sánh, hơi đặc lại thì tắt bếp.', 'Bước 6 - Hoàn thành: Đợi chè nguội, múc chè ra chén rồi rưới nước cốt dừa lên là có thể thưởng thức được rồi.', 'Bước 7 - Thành phẩm: Chè bắp đậu xanh thơm ngon, bắp và đậu xanh được nấu mềm, cực kì bùi, thêm nước dừa beo béo, là 1 món chè thơm ngon cực thanh mát cho ngày hè. Bạn có thể để chè vào ngăn mát rồi dùng lạnh hoặc ăn chè với đá bào hoặc đá viên đều thơm ngon!']","['Dùng đường phèn cho món chè được thanh mát nhưng nếu không có đường phèn bạn có thể thay thế bằng đường trắng.Bạn có thể cho từng muỗng canh đường phèn vào rồi liên tục nếm lại cho đến khi vừa với khẩu vị gia đình nếu không ăn được quá ngọt.', 'Cho bột năng vào để món chè được dẻo và sánh hơn nhưng nếu bạn thích ăn lỏng thì có thể cho ít hoặc không cho bột năng vào đều được.', 'Bạn có thể cho thêm đường vào nước cốt dừa nếu thích bạn thích ăn ngọt hơn nhé!', 'Xem thêm:Cách nấu chè bắp Mỹ nguyên hạt với nước cốt dừa béo ngậy, ngon ngọtCách nấu chè bắp nếp mềm ngon dễ làm tại nhà2 cách làm chè bắp sầu riêng và lá dứa thơm béo nức mũi, cực kì đơn giản']",,dienmayxanh.com
https://www.dienmayxanh.com/vao-bep/cach-nau-che-hat-sen-tao-do-thanh-mat-bo-duong-giai-nhiet-11593,Món Chè,"Cách nấu chè hạt sen táo đỏ thanh mát, giải nhiệt ngày nóng cực đã","Chè hạt sen táo đỏ chắc chắn sẽ làmón chèkhiến nhiều người thích mê, bởi không chỉ thơm ngon, bổ dưỡng lại rất dễ thực hiện. Hôm nay, Điện máy XANH sẽ chia sẻ với bạn cách làm món ăn hấp dẫn này trong bài viết dưới đây nhé. Chần chừ gì nữa mà khôngvào bếpvà thực hiện ngay thôi!",,15 phút + 30 phút,Cho 3 người,,11,"['Táo đỏ - 200 gr', 'Đỗ đen - 200 gr', 'Hạt sen tươi - 100 gr', 'Dừa tươi - 200 gr', 'Dừa khô - 50 gr', 'Bột năng - 250 gr', 'Bột sương sáo - 30 gr', 'Đường - 50 gr', 'Đường phèn - 250 gr', 'Lạc rang chín - 50 gr', 'Saffron nhụy hoa nghệ tây - 1 ít ((không bắt buộc))']","['Bước 1 - Sơ chế nguyên liệu: Táo đỏ và hạt sen sau khi mua về bạn chỉ cần đem rửa qua với vài lần nước rồi để ráo. Ngâm đỗ đen qua đêm cho mềm và vớt bỏ những hạt đỗ nổi trên mặt nước để chè không bị đắng.', 'Bước 2 - Ninh đậu: Tiếp theo, bạn bắc nồi lên bếp rồi cho đậu đen vào ninh nhừ. Sau đó, cho thêm 150gr đường phèn vào đun từ 5 - 10 phút. Bạn có thể điều chỉnh lượng đường cho phù hợp với khẩu vị của gia đình.', 'Bước 3 - Nấu chè hạt sen: Bắc 1 cái nồi mới lên bếp. Sau đó, bạn cho hạt sen tươi vào nồi cùng 1 ít nước và đun sôi. Khi thấy hạt sen đã nở bung ra thì cho thêm 100gr đường phèn, 200gr táo đỏ vào rồi tiếp tục đun với lửa vừa trong khoảng 10 phút. Tắt bếp và rắc thêm 1 ít saffron lên trên.', 'Bước 4 - Làm thạch sương sáo: Đầu tiên, bạn cho 30gr bột sương sáo, 50gr đường, 600ml nước lạnh vào nồi rồi khuấy đều đến khi đường tan. Sau đó, bạn để bột nghỉ khoảng 10 phút. Tiếp đến, cho nồi lên bếp đun với lửa vừa đến khi hỗn hợp sền sệt lại thì bạn đun thêm khoảng 5 phút nữa rồi tắt bếp. Đổ bột ra khuôn và để nguội.', 'Bước 5 - Làm trân châu nhân dừa: Dừa bạn đem cắt hạt lựu rồi rửa sạch, để ráo. Kế đến, cho 250gr bột năng cùng 140 - 150ml nước sôi vào chén và khuấy đều, sau đó nhào mịn rồi để bột nghỉ khoảng 10 phút. Tiếp theo, bạn tiến hành nặn bột rồi cho dừa vào trong và vo tròn thành từng viên trân châu nhỏ. Bắc nồi nước lên bếp đun sôi, sau đó bạn cho trân châu dừa vào đun. Khi thấy các hạt trân châu nổi lên thì bạn hãy vớt ra ngay.', 'Bước 6 - Hoàn thành: Cuối cùng, bạn chỉ cần múc chè ra cốc rồi rắc thêm 1 ít dừa tươi nạo sợi, lạc, dừa khô, saffron và thưởng thức thôi nào. Nếu bạn muốn ăn lạnh thì có thể cho thêm một ít đá viên vào nhé.', 'Bước 7 - Thành phẩm: Món chè hạt sen táo đỏ thơm nức mũi, vô cùng hấp dẫn, thanh mát. Hạt sen chín bở, ngọt bùi kết hợp với vị ngọt đặc trưng của táo đỏ cùng nước chè đậm vị, ngọt dịu. Bạn có thể dùng món chè này để làm món tráng miệng hoặc ăn vặt, đảm bảo thơm ngon khó cưỡng đó.']","['Xem chi tiết:Cách chọn mua hạt sen tươi và hạt sen khô', 'Trong quá trình đun hạt sen tươi thì bạn hãy vớt bỏ phần bọt trắng phía trên để nước chè được trong và hạt sen sẽ ngon hơn.', 'Xem thêm:Chi tiết cách nấu chè hạt sen tuyết yến thanh mát, đẹp da, dễ làm tại nhàCách nấu chè hạt sen nấm tuyết, siêu phẩm của Đài Loan2 cách nấu chè hạt sen nha đam nhãn nhục và đậu xanh thanh mát']",,dienmayxanh.com
