url,title,id,date
https://monngonmoingay.com/nam-loc-nhung-kho-tieu-xanh-an-voi-chao-dau-do-chay/,NẤM LỘC NHUNG KHO TIÊU XANH ĂN VỚI CHÁO ĐẬU ĐỎ (chay),121716,2025-11-28T15:44:29
https://monngonmoingay.com/gyoza-dung-noi-chien-khong-dau-an-kem-rau-cu-say/,GYOZA  DÙNG NỒI CHIÊN KHÔNG DẦU ĂN KÈM RAU CỦ SẤY,121714,2025-11-28T15:28:41
https://monngonmoingay.com/banh-he/,Bánh hẹ,121712,2025-11-20T14:23:13
https://monngonmoingay.com/com-chien-tom-thom/,Cơm chiên tôm thơm,121710,2025-11-20T14:18:27
https://monngonmoingay.com/uc-ga-tron-quinoa-va-rau-cu/,Ức gà trộn quinoa và rau củ,121707,2025-11-14T17:49:41
https://monngonmoingay.com/thit-heo-chien-gion-vi-ca-ri/,THỊT HEO CHIÊN GIÒN VỊ CÀ RI,121701,2025-11-07T16:37:14
https://monngonmoingay.com/salad-ca-hoi-trai-cay-nhiet-doi/,Salad cá hồi trái cây nhiệt đới,121702,2025-11-07T16:34:08
https://monngonmoingay.com/pancake-trung-va-bacon/,Pancake Trứng và Bacon,121699,2025-11-07T16:07:34
https://monngonmoingay.com/hoanh-thanh-ta-la/,HOÀNH THÁNH TÁ LẢ,121697,2025-11-07T15:55:16
https://monngonmoingay.com/sup-ga-bi-do/,SÚP GÀ BÍ ĐỎ,121677,2025-10-24T16:55:33
https://monngonmoingay.com/com-thit-xao-cay/,Cơm thịt xào cay,121674,2025-10-21T11:50:41
https://monngonmoingay.com/nam-va-hanh-tay-chien-gion/,Nấm và hành tây chiên giòn,121672,2025-10-21T11:46:59
https://monngonmoingay.com/thit-heo-chien-xu-tonkatsu/,Thịt heo chiên xù Tonkatsu,121670,2025-10-21T11:40:28
https://monngonmoingay.com/mi-gyoza-miso/,MÌ GYOZA MISO,121668,2025-10-20T15:38:14
https://monngonmoingay.com/cha-gio-ngu-vi-2/,CHẢ GIÒ NGŨ VỊ,121665,2025-10-13T15:19:11
https://monngonmoingay.com/com-chay-mo-hanh/,Cơm cháy mỡ hành,121660,2025-10-09T14:23:48
https://monngonmoingay.com/banh-mi-chao/,BÁNH MÌ CHẢO,121658,2025-10-09T14:15:33
https://monngonmoingay.com/xoi-mat-nguyet/,XÔI MẶT NGUYỆT,121656,2025-10-06T13:59:17
https://monngonmoingay.com/canh-ca-khoai-la-giang-2/,CANH CÁ KHOAI LÁ GIANG,121653,2025-09-26T16:44:48
https://monngonmoingay.com/canh-thai-hau-trung-cut/,Canh thái hàu trứng cút,121652,2025-09-26T16:43:24
https://monngonmoingay.com/dau-hu-xot-cay-xe/,ĐẬU HŨ XỐT CAY XÈ,121641,2025-09-16T10:28:29
https://monngonmoingay.com/nui-ngu-sac/,Nui ngũ sắc,121639,2025-09-16T10:16:31
https://monngonmoingay.com/sushi-cupcake-ca-hoi/,Sushi cupcake cá hồi,121636,2025-09-15T11:02:44
https://monngonmoingay.com/com-tron-vetula/,Cơm trộn Vetula,121630,2025-09-11T14:25:42
https://monngonmoingay.com/kem-blendy/,Kem &#8220;Blendy&#8221;,121628,2025-09-11T14:15:17
https://monngonmoingay.com/gyoza-mi-tron/,GYOZA MÌ TRỘN,121626,2025-09-08T12:03:35
https://monngonmoingay.com/com-nieu-chay-ngu-sac/,Cơm niêu chay ngũ sắc,121624,2025-09-08T11:11:50
https://monngonmoingay.com/snack-rong-bien-thanh-cua/,Snack rong biển thanh cua,121622,2025-08-28T10:55:37
https://monngonmoingay.com/banh-cuon-lanh/,Bánh cuốn lạnh,121620,2025-08-28T10:42:28
https://monngonmoingay.com/salad-bo-dau-rong/,Salad bò đậu rồng,121618,2025-08-25T11:54:02
https://monngonmoingay.com/salad-gyoza/,SALAD GYOZA,121580,2025-08-18T10:56:05
https://monngonmoingay.com/banh-trang-cuon-thit-bam/,BÁNH TRÁNG CUỐN THỊT BĂM,121571,2025-08-12T10:23:23
https://monngonmoingay.com/mi-tron-gyoza/,MÌ TRỘN GYOZA,121569,2025-08-12T10:15:54
https://monngonmoingay.com/bo-tiem-trai-le/,Bò tiềm trái lê,121567,2025-08-11T17:36:33
https://monngonmoingay.com/canh-chua-tom-bon-bon-bong-dien-dien/,CANH CHUA TÔM BỒN BỒN BÔNG ĐIÊN ĐIỂN,121565,2025-08-04T10:47:43
https://monngonmoingay.com/hu-tieu-sa-dec-xao-tep-bong-dien-dien/,HỦ TIẾU SA ĐÉC XÀO TÉP BÔNG ĐIÊN ĐIỂN,121563,2025-08-04T10:38:27
https://monngonmoingay.com/com-chien-mayonnaise/,CƠM CHIÊN MAYONNAISE,121540,2025-07-28T11:12:37
https://monngonmoingay.com/muc-nhoi-xoi-tim-rau-cu/,MỰC NHỒI XÔI TÍM RAU CỦ,121538,2025-07-28T11:04:51
https://monngonmoingay.com/muffin-socola/,MUFFIN SOCOLA,121499,2025-07-22T14:01:25
https://monngonmoingay.com/com-thanh-cua-trung-chay/,CƠM THANH CUA TRỨNG CHẢY,121497,2025-07-22T13:48:09
https://monngonmoingay.com/suon-nuong-xot-gac/,Sườn nướng xốt gấc,121495,2025-07-21T11:39:21
https://monngonmoingay.com/com-chien-tom-bong-cai/,Cơm chiên tôm bông cải,121493,2025-07-21T11:02:51
https://monngonmoingay.com/mi-xao-bo/,MÌ XÀO BÒ,121491,2025-07-17T17:41:12
https://monngonmoingay.com/ga-chien-vi-bo-toi/,GÀ CHIÊN VỊ BƠ TỎI,121476,2025-07-14T15:06:55
https://monngonmoingay.com/canh-qua-sau-nau-tom-thi-la/,CANH QUẢ SẤU NẤU TÔM THÌ LÀ,121475,2025-07-14T13:39:32
https://monngonmoingay.com/canh-sung-ca-dua-vung-tau/,CANH SÚNG CÁ DỨA VŨNG TÀU,121467,2025-07-08T11:36:07
https://monngonmoingay.com/mam-kho-chay/,MẮM KHO CHAY,121469,2025-07-08T11:36:06
https://monngonmoingay.com/salad-ca-hoi-nuong-xot-mayo/,Salad cá hồi nướng xốt mayo,120897,2025-06-27T09:00:57
https://monngonmoingay.com/bun-cha-hen/,Bún chả hến,120914,2025-06-27T09:00:51
https://monngonmoingay.com/ga-gion-ap-chao-xot-thai/,GÀ GIÒN ÁP CHẢO XỐT THÁI,121394,2025-06-23T11:51:20
https://monngonmoingay.com/com-tom-trung-muoi/,CƠM TÔM TRỨNG MUỐI,121392,2025-06-23T11:44:03
https://monngonmoingay.com/salad-ga-ap-chao/,SALAD GÀ ÁP CHẢO,121386,2025-06-23T11:37:20
https://monngonmoingay.com/rong-bien-cuon-chien-xu/,RONG BIỂN CUỘN CHIÊN XÙ,121383,2025-06-23T11:20:01
https://monngonmoingay.com/sandwich-trung-nuong/,SANDWICH TRỨNG NƯỚNG,121372,2025-06-23T10:58:53
https://monngonmoingay.com/tai-heo-khia-nuoc-dua/,Tai heo khìa nước dừa,120913,2025-06-20T09:00:49
https://monngonmoingay.com/cha-ca-loc-xot-mayo-mat-ong/,Chả cá lóc xốt mayo mật ong,120899,2025-06-20T09:00:26
https://monngonmoingay.com/luon-cuon-mia-nuong/,Lươn cuộn mía nướng,120900,2025-06-13T09:00:38
https://monngonmoingay.com/muc-nuong-la-huong-thao/,Mực nướng lá hương thảo,120912,2025-06-13T09:00:32
https://monngonmoingay.com/oc-mo-xot-mayo/,Ốc mỡ xốt mayo,120911,2025-06-06T09:00:23
https://monngonmoingay.com/rong-bien-cuon-thit-xot-mayo/,Rong biển cuộn thịt xốt mayo,120898,2025-06-06T09:00:01
https://monngonmoingay.com/mi-y-ca-hoi-xot-me-rang/,Mì ý cá hồi xốt mè rang,120902,2025-05-30T09:00:45
https://monngonmoingay.com/oc-huong-hap-muoi/,Ốc hương hấp muối,120907,2025-05-30T09:00:16
https://monngonmoingay.com/bun-gao-xao-ga/,Bún gạo xào gà,121233,2025-05-26T16:48:32
https://monngonmoingay.com/snack-salad/,Snack salad,121231,2025-05-26T16:47:48
https://monngonmoingay.com/banh-mi-ap-chao/,Bánh mì áp chảo,121229,2025-05-26T16:47:21
https://monngonmoingay.com/sup-gyoza/,Súp Gyoza,120903,2025-05-23T09:00:47
https://monngonmoingay.com/vit-nuong-chao-2/,Vịt nướng chao,120860,2025-05-23T09:00:00
https://monngonmoingay.com/banh-qui-trai-cay/,Bánh qui trái cây,120919,2025-05-16T09:00:43
https://monngonmoingay.com/chao-hau/,Cháo hàu,120904,2025-05-16T09:00:05
https://monngonmoingay.com/sandwiches-bo-xot-me-rang/,Sandwiches bò xốt mè rang,120901,2025-05-09T09:00:30
https://monngonmoingay.com/lau-nam/,Lẩu nấm,120908,2025-05-09T09:00:24
https://monngonmoingay.com/mi-cay-chay-2/,Mì cay chay,120893,2025-05-02T09:00:49
https://monngonmoingay.com/lau-bo-khoai-cao/,Lẩu bò khoai cao,120910,2025-05-02T09:00:25
https://monngonmoingay.com/lau-ca-thac-lac-kho-qua-2/,Lẩu cá thác lác khổ qua,120890,2025-04-25T09:00:57
https://monngonmoingay.com/mi-y-xot-cua-2/,Mì ý xốt cua,120894,2025-04-25T09:00:09
https://monngonmoingay.com/gyoza-mi-pho-mai/,Gyoza mì phô mai,121166,2025-04-23T18:34:36
https://monngonmoingay.com/trung-hap/,Trứng hấp,121164,2025-04-23T18:26:08
https://monngonmoingay.com/cuon-trung-mayo/,Cuộn trứng mayo,121162,2025-04-23T18:12:45
https://monngonmoingay.com/canh-muop-mong-toi-nau-tom/,Canh Mướp Mồng Tơi Nấu Tôm,121161,2025-04-22T15:27:48
https://monngonmoingay.com/ca-dieu-hong-xien-que-chien-la-chanh/,Cá diêu hồng xiên que chiên lá chanh,120915,2025-04-18T09:00:54
https://monngonmoingay.com/ga-nuong-noi-dat-2/,Gà nướng nồi đất,120896,2025-04-18T09:00:06
https://monngonmoingay.com/khoai-tay-lac-lazy/,Khoai tây lắc lazy,121097,2025-04-16T08:39:54
https://monngonmoingay.com/cha-ca-ngu-sac/,Chả cá ngũ sắc,121094,2025-04-16T08:30:59
https://monngonmoingay.com/com-nam-rong-bien-mayo/,Cơm nắm rong biển Mayo,121083,2025-04-14T11:31:59
https://monngonmoingay.com/muc-nhung-giam-2/,Mực nhúng giấm,120895,2025-04-11T09:00:39
https://monngonmoingay.com/lau-luon-keo-neo-vi-thai/,Lẩu lươn kèo nèo vị thái,120909,2025-04-11T09:00:24
https://monngonmoingay.com/ca-nuong-cham-muoi-ot-xanh-2/,Cá nướng chấm muối ớt xanh,120887,2025-04-04T09:00:45
https://monngonmoingay.com/so-diep-nuong-ba-mau-2/,Sò điệp nướng ba màu,120889,2025-04-04T09:00:22
https://monngonmoingay.com/mi-xao-bo-rau-cu/,Mì xào bò rau củ,121061,2025-04-01T17:50:14
https://monngonmoingay.com/salad-tao-pho-mai/,Salad táo phô mai,120443,2025-03-28T08:00:50
https://monngonmoingay.com/canh-chua-bon-bon-vi-thai/,Canh chua bồn bồn vị thái,120441,2025-03-28T08:00:37
https://monngonmoingay.com/banh-flan-hat-chia-matcha/,Bánh flan hạt chia matcha,120437,2025-03-21T08:00:52
https://monngonmoingay.com/ga-om-tao-tau/,Gà om táo đỏ,120439,2025-03-21T08:00:33
https://monngonmoingay.com/khoai-tay-xao-thit-bo-pho-mai/,Khoai tây xào thịt bò phô mai,120434,2025-03-14T08:00:55
https://monngonmoingay.com/ca-tim-cuon-thit-chien/,Cà tím cuộn thịt chiên,120431,2025-03-14T08:00:33
https://monngonmoingay.com/banh-ran-socola-mut-xoai/,Bánh rán socola mứt xoài,120429,2025-03-07T08:00:46
https://monngonmoingay.com/canh-cua-rau-day/,Canh cua rau đay,120427,2025-03-07T08:00:02
https://monngonmoingay.com/salad-muc-chien/,Salad mực chiên,120423,2025-02-28T08:00:27
https://monngonmoingay.com/salad-rong-bien-thanh-cua/,Salad rong biển thanh cua,120425,2025-02-28T08:00:18
https://monngonmoingay.com/suon-nuong-mat-ong/,Sườn nướng mật ong,120755,2025-02-25T13:48:26
https://monngonmoingay.com/salad-tron/,Salad trộn xốt phô mai cay,120751,2025-02-25T12:06:40
https://monngonmoingay.com/salad-ga-nuong-thom/,Salad gà nướng thơm,120420,2025-02-21T08:00:38
https://monngonmoingay.com/mien-xao-ngheu/,Miến xào nghêu,120418,2025-02-21T08:00:38
https://monngonmoingay.com/luon-kho-sa-ot-2/,Lươn kho sả ớt,120416,2025-02-14T08:00:50
https://monngonmoingay.com/ga-chien-xuc-xich-ot-xiem/,Gà chiên xúc xích ớt xiêm,120414,2025-02-14T08:00:16
https://monngonmoingay.com/pho-chay-2/,Phở chay,120410,2025-02-11T10:34:58
https://monngonmoingay.com/pancake-vi-tra-sua/,Pancake vị trà sữa,120413,2025-02-10T03:25:30
https://monngonmoingay.com/banh-mi-xiu-mai-2/,Bánh mì xíu mại,120406,2025-02-03T08:20:20
https://monngonmoingay.com/mien-mang-tron/,Miến măng trộn,120403,2025-02-03T08:19:57
https://monngonmoingay.com/canh-bong-nau-tha/,Canh bóng nấu thả,120397,2025-02-03T08:17:14
https://monngonmoingay.com/goi-bap-bo-hoa-2/,Gỏi bắp bò hoa,120401,2025-02-03T08:16:08
https://monngonmoingay.com/mien-ga-tron/,Miến gà trộn,120472,2025-01-23T11:46:55
https://monngonmoingay.com/cha-gio-chien/,Chả giò chiên,120453,2025-01-20T17:10:31
https://monngonmoingay.com/thit-ga-nuong/,Thịt gà nướng,120452,2025-01-20T17:05:56
https://monngonmoingay.com/mi-tron-tom-trung-mayonnaise/,Mì trộn tôm trứng mayonnaise,120450,2025-01-20T16:59:18
https://monngonmoingay.com/salad-ga-nuong-3/,Salad gà nướng,120445,2025-01-20T16:50:15
https://monngonmoingay.com/salad-mi-udon-ca-hoi-xot-me-rang/,Salad mì udon cá hồi xốt mè rang,120392,2025-01-17T11:43:29
https://monngonmoingay.com/goi-ngo-sen-tom-thit-2/,Gỏi ngó sen tôm thịt,120388,2025-01-17T10:13:35
https://monngonmoingay.com/goi-ga-gion/,Gỏi gà giòn,120380,2025-01-11T12:39:49
https://monngonmoingay.com/canh-ga-moc-vien/,Canh gà mọc viên,120378,2025-01-11T12:33:17
https://monngonmoingay.com/dau-hu-kho-nam-rom-2/,Đậu hủ kho nấm rơm,120376,2025-01-11T12:20:52
https://monngonmoingay.com/mien-tron-hai-san/,Miến trộn hải sản,120374,2025-01-11T12:03:22
https://monngonmoingay.com/cha-oc-chien-2/,Chả ốc chiên,120236,2024-12-28T12:18:05
https://monngonmoingay.com/ha-cao-tam-sac/,Há cảo tam sắc,120234,2024-12-28T12:05:59
https://monngonmoingay.com/banh-ran-sua-chua-ngu-coc/,Bánh rán sữa chua ngũ cốc,120180,2024-12-22T10:06:35
https://monngonmoingay.com/bo-cuon-la-rong-bien/,Bò cuộn lá rong biển,120178,2024-12-21T16:04:47
https://monngonmoingay.com/hoanh-thanh-tom-sot-vi-thai/,Hoành thánh tôm xốt vị Thái,120169,2024-12-19T16:02:41
https://monngonmoingay.com/tra-thach-vai-hoa-hong/,Trà thạch vải hoa hồng,120163,2024-12-19T15:53:04
https://monngonmoingay.com/thit-kho/,Thịt kho,120160,2024-12-19T15:43:26
https://monngonmoingay.com/bot-chien-bap/,Bột chiên bắp,120156,2024-12-19T15:36:47
https://monngonmoingay.com/banh-ran-pho-mai-trung-muoi/,Bánh rán phô mai trứng muối,120153,2024-12-19T15:28:00
https://monngonmoingay.com/blendy-matcha-sua-tao-pho/,Blendy®matcha sữa tào phớ,120097,2024-12-15T11:50:26
https://monngonmoingay.com/lau-suon-cong/,Lẩu sườn cọng,120095,2024-12-14T11:50:41
https://monngonmoingay.com/mien-tron-bo-bam/,Miến trộn bò bằm,120092,2024-12-07T17:37:28
https://monngonmoingay.com/ca-bong-lau-chua-ngot/,Cá bông lau chua ngọt,120090,2024-12-07T16:58:47
https://monngonmoingay.com/canh-bau-mong-toi/,Canh bầu mồng tơi,120021,2024-11-29T20:00:30
https://monngonmoingay.com/bun-gio-heo-cay/,Bún giò heo cay,120019,2024-11-29T19:51:53
https://monngonmoingay.com/mi-tron-vi-thai/,Mì Trộn Vị Thái,119925,2024-11-24T23:59:27
https://monngonmoingay.com/canh-bi-dao-rong-bien-2/,Canh Bí Đao Rong Biển,119921,2024-11-23T23:59:45
https://monngonmoingay.com/canh-ga-rim-hat-dac/,Cánh gà rim hạt đác,119899,2024-11-21T14:45:16
https://monngonmoingay.com/bap-bo-nhung-mam-ruoc-2/,Bắp Bò Nhúng Mắm Ruốc,119886,2024-11-16T23:59:08
https://monngonmoingay.com/mi-vit-tiem-chay-2/,Mì vịt tiềm chay,119875,2024-11-11T09:27:36
https://monngonmoingay.com/ca-nuc-kho-top-mo/,Cá nục kho tóp mỡ,119873,2024-11-11T09:14:18
https://monngonmoingay.com/ga-chien-gion-xoc-vi-thai/,Gà Chiên Giòn Xóc Vị Thái,119848,2024-11-05T18:09:41
https://monngonmoingay.com/banh-trang-cuon-trung-ap-chao/,Bánh tráng cuộn trứng áp chảo,119851,2024-11-05T18:09:25
https://monngonmoingay.com/salad-bacon/,Salad bacon,119836,2024-11-04T10:01:05
https://monngonmoingay.com/ca-ri-luon/,Cà ri lươn,119824,2024-11-02T11:59:50
https://monngonmoingay.com/mi-xao-xa-xiu-2/,Mì xào xá xíu,119713,2024-10-27T11:59:59
https://monngonmoingay.com/banh-nuong-halloween/,Bánh nướng Halloween,119711,2024-10-26T11:59:00
https://monngonmoingay.com/mi-tron-sot-kho-quet/,Mì trộn sốt kho quẹt,119670,2024-10-20T11:59:01
https://monngonmoingay.com/salad-ca-hoi-sot-tom-kho/,Salad cá hồi sốt tôm khô,119668,2024-10-19T11:59:49
https://monngonmoingay.com/banh-ap-chao-mi-goi-va-bap/,Bánh áp chảo mì gói và bắp,119666,2024-10-18T10:34:56
https://monngonmoingay.com/banh-canh-cua-phong-tom/,Bánh canh cua phồng tôm,119637,2024-10-13T11:59:35
https://monngonmoingay.com/ca-loc-cuon-nghe/,Cá lóc cuộn nghệ,119633,2024-10-12T11:59:39
https://monngonmoingay.com/canh-suon-bo-han-quoc/,Canh sườn bò Hàn Quốc,119625,2024-10-11T14:21:37
https://monngonmoingay.com/gyoza/,Gyoza,119623,2024-10-11T14:14:05
https://monngonmoingay.com/thit-ba-roi-tam-trung-chien-gion/,Thịt Ba Rọi Tẩm Trứng Chiên Giòn,119621,2024-10-10T19:03:19
https://monngonmoingay.com/bap-hat-chien-gion/,Bắp hạt chiên giòn,119616,2024-10-10T18:30:20
https://monngonmoingay.com/dui-ech-chien/,Đùi ếch chiên,119518,2024-09-29T11:33:28
https://monngonmoingay.com/banh-crepe-ap-chao/,Bánh crepe áp chảo,119513,2024-09-28T17:15:17
https://monngonmoingay.com/canh-ga-chien-la-que/,Cánh gà chiên lá quế,119429,2024-09-22T11:30:36
https://monngonmoingay.com/banh-bong-lan-bo-hanh/,Bánh bông lan bơ hành,119423,2024-09-21T10:43:56
https://monngonmoingay.com/sup-moc-nhi-thit-cua/,Súp mộc nhĩ thịt cua,119160,2024-09-15T09:00:21
https://monngonmoingay.com/uc-ga-nhoi-pho-mai/,Ức gà nhồi phô mai,2881,2024-09-14T22:37:07
https://monngonmoingay.com/vai-kho/,Vải,119268,2024-09-13T07:02:55
https://monngonmoingay.com/banh-quy/,Bánh quy,119262,2024-09-13T06:54:42
https://monngonmoingay.com/vit-kho-rieng-ot-kho/,Vịt kho riềng ớt khô,23494,2024-09-07T12:01:13
https://monngonmoingay.com/lau-kim-chi-pho-mai/,Lẩu kim chi phô mai,119170,2024-09-01T09:55:54
https://monngonmoingay.com/ca-chep-chien-gion-cuon-banh-trang/,Cá chép chiên giòn cuốn bánh tráng,119165,2024-08-31T09:26:19
https://monngonmoingay.com/salad-ca-ngu-rau-thom/,Salad cá ngừ rau thơm,119234,2024-08-25T15:46:01
https://monngonmoingay.com/mi-y-bo-bam/,Mì Ý bò băm,119153,2024-08-24T08:54:30
https://monngonmoingay.com/cu-nang-om-nam-chay/,Củ năng om nấm chay,119085,2024-08-17T10:02:47
https://monngonmoingay.com/salad-bo-bacon/,Salad bơ bacon,119057,2024-08-11T09:07:31
https://monngonmoingay.com/canh-oc-mong-toi/,Canh ốc mồng tơi,119052,2024-08-10T11:27:09
https://monngonmoingay.com/bo-cuon-xuc-xich-chien-gion/,Bò cuộn xúc xích chiên giòn,119204,2024-08-09T11:31:27
https://monngonmoingay.com/banh-flan-2/,Bánh flan,119023,2024-08-08T15:03:15
https://monngonmoingay.com/com-sen-gao-lut-chay/,Cơm sen gạo lứt chay,119077,2024-08-04T11:34:50
https://monngonmoingay.com/cha-gio-rong-bien-chay/,Chả giò rong biển chay,119076,2024-08-04T11:34:05
https://monngonmoingay.com/panna-cotta-kem-muoi/,Panna Cotta Kem Muối,118963,2024-08-04T11:03:55
https://monngonmoingay.com/suon-kho-khoai-tay/,Sườn kho khoai tây,118954,2024-08-03T16:23:33
https://monngonmoingay.com/tom-su-kho-la-que/,Tôm sú kho lá quế,2228,2024-07-28T15:45:41
https://monngonmoingay.com/canh-suon-dau-phong-xa-bau/,Canh sườn đậu phộng xá bấu,118943,2024-07-27T16:49:12
https://monngonmoingay.com/canh-tom-bo-ngot-2/,Canh tôm bồ ngót,11585,2024-07-21T16:50:35
https://monngonmoingay.com/tim-heo-nuong-ngu-vi/,Tim heo nướng ngũ vị,118845,2024-07-20T09:34:41
https://monngonmoingay.com/com/,Cơm,118789,2024-07-18T16:37:24
https://monngonmoingay.com/sup-ga-moc-nam-huong/,Súp gà mọc nấm hương,118699,2024-07-14T11:30:07
https://monngonmoingay.com/ngheu-kho-nuoc-tuong/,Nghêu kho nước tương,118671,2024-07-13T11:30:14
https://monngonmoingay.com/chao-ca-nau-bap-nep-2/,Cháo cá nấu bắp nếp,2572,2024-07-07T11:45:13
https://monngonmoingay.com/vien-xuc-xich-trung-cut-chien/,Viên xúc xích trứng cút chiên,118596,2024-07-06T16:46:20
https://monngonmoingay.com/lau-suon-khoai-mon/,Lẩu sườn khoai môn,118511,2024-06-30T11:49:17
https://monngonmoingay.com/canh-luon-bon-bon/,Canh lươn bồn bồn,4457,2024-06-29T13:07:46
https://monngonmoingay.com/ca-hoi-hanh-nhan-xot-chanh-day/,Cá hồi hạnh nhân xốt chanh dây,118488,2024-06-23T11:20:11
https://monngonmoingay.com/salad-rong-nho-xot-me-rang/,Salad rong nho xốt mè rang,118484,2024-06-22T10:31:49
https://monngonmoingay.com/quyt/,Quýt,118402,2024-06-20T08:23:09
https://monngonmoingay.com/ca-nuc-kho-mia/,Cá nục kho mía,118375,2024-06-16T11:45:40
https://monngonmoingay.com/pho-tai-lan/,Phở tái lăn,118370,2024-06-15T11:04:02
https://monngonmoingay.com/vit-nau-com-ruou/,Vịt nấu cơm rượu,118357,2024-06-09T22:05:33
https://monngonmoingay.com/banh-ran-burger-bo/,Bánh rán burger bò,118351,2024-06-09T21:44:04
https://monngonmoingay.com/ca-basa-fillet-chien-trung/,Cá basa fillet chiên trứng,118330,2024-06-02T16:30:49
https://monngonmoingay.com/me-ga-xao-cay/,Mề gà xào cay,118324,2024-06-01T11:48:13
https://monngonmoingay.com/thit-bo-chien-tron-cai-mam/,Thịt bò chiên trộn cải mầm,118309,2024-05-26T11:30:32
https://monngonmoingay.com/ga-hap-tu-quy-chay/,Gà hấp tứ quý chay,118302,2024-05-25T11:32:31
https://monngonmoingay.com/tra-sua-matcha-khoai-mon/,Trà sữa matcha khoai môn,118258,2024-05-19T11:30:37
https://monngonmoingay.com/suon-chay-om-nam-dui-ga/,Sườn chay om nấm đùi gà,118261,2024-05-18T11:30:06
https://monngonmoingay.com/ca-bong-trung-kho-tieu/,Cá bống trứng kho tiêu,5045,2024-05-12T15:56:21
https://monngonmoingay.com/lau-bo-thao-moc/,Lẩu bò thảo mộc,118203,2024-05-11T11:50:29
https://monngonmoingay.com/thit-be-xao-lan/,Thịt bê xào lăn,118187,2024-05-05T11:00:35
https://monngonmoingay.com/muc-xao-dau-ha-lan/,Mực xào đậu Hà Lan,4913,2024-05-04T10:19:30
https://monngonmoingay.com/ca-hap-mong-toi/,Cá hấp mồng tơi,118117,2024-04-28T11:50:52
https://monngonmoingay.com/da-heo-chien-nuoc-mam/,Da heo chiên nước mắm,118109,2024-04-27T11:48:50
https://monngonmoingay.com/ca-chep-kho-rieng/,Cá chép kho riềng,3076,2024-04-21T12:29:20
https://monngonmoingay.com/bun-thang/,Bún thang,24554,2024-04-20T12:01:55
https://monngonmoingay.com/com-gion-tom-kho-quet/,Cơm giòn tôm kho quẹt,118050,2024-04-16T08:31:35
https://monngonmoingay.com/salad-bit-tet/,Salad bít tết,118052,2024-04-14T08:45:30
https://monngonmoingay.com/blendy-tra-dao-cam-sa/,Blendy trà đào cam sả,118048,2024-04-07T07:15:06
https://monngonmoingay.com/com-ga-nuong-nuoc-tuong/,Cơm gà nướng nước tương,118045,2024-04-06T00:03:08
https://monngonmoingay.com/suon-bo-om-dau-phong/,Sườn bò hầm đậu phộng,117491,2024-03-26T16:11:39
https://monngonmoingay.com/ga-xao-tieu-den/,Gà xào tiêu đen,117484,2024-03-26T14:05:48
https://monngonmoingay.com/canh-ca-rau-can-2/,Canh cá rau cần,117028,2024-03-24T11:30:06
https://monngonmoingay.com/bun-rieu-cua-bap-bo/,Bún riêu cua bắp bò,117012,2024-03-23T11:30:06
https://monngonmoingay.com/bo-cuon-rong-bien/,Bò cuộn rong biển,116991,2024-03-17T11:30:40
https://monngonmoingay.com/goi-ga-can-tay/,Gỏi gà cần tây,116980,2024-03-16T11:30:03
https://monngonmoingay.com/canh-chua-ca-loc-dau-tuong/,Canh chua cá lóc đậu tương,116945,2024-03-10T11:30:38
https://monngonmoingay.com/salad-trung/,Salad trứng,116934,2024-03-09T11:28:44
https://monngonmoingay.com/bo-ap-chao/,Bò áp chảo,116900,2024-03-03T11:01:20
https://monngonmoingay.com/xuc-xich-dua-cai/,Xúc xích dưa cải,116885,2024-03-02T11:42:13
https://monngonmoingay.com/canh-ga-chien-la-chanh/,Cánh gà chiên lá chanh,116828,2024-02-25T11:16:06
https://monngonmoingay.com/cuon-chay-dau-hu-rau-rung/,Cuốn chay đậu hũ rau rừng,116816,2024-02-24T11:03:22
https://monngonmoingay.com/dui-ga-xot-kieu-teriyaki/,Đùi gà xốt kiểu Teriyaki,116787,2024-02-18T11:28:21
https://monngonmoingay.com/canh-khoai-mi-nau-tom/,Canh khoai mì nấu tôm,116772,2024-02-17T11:32:56
https://monngonmoingay.com/blendy-gao-rang-kem-chuoi/,Blendy gạo rang kem chuối,116759,2024-02-11T11:24:02
https://monngonmoingay.com/canh-ga-tu-quy/,Canh gà tứ quý,116748,2024-02-10T11:30:59
https://monngonmoingay.com/ca-long-tong-rim-nuoc-mam/,Cá lòng tong rim nước mắm,116733,2024-02-04T11:29:57
https://monngonmoingay.com/ga-hap-hanh-ram/,Gà hấp hành răm,46197,2024-02-03T11:30:41
https://monngonmoingay.com/bun-tron-ngu-sac/,Bún trộn ngũ sắc,116684,2024-01-29T08:33:06
https://monngonmoingay.com/oc-xao-khe/,Ốc xào khế,1584,2024-01-27T11:25:37
https://monngonmoingay.com/ba-chi-rim-mam-ruoc/,Ba chỉ rim mắm ruốc,116616,2024-01-21T11:25:53
https://monngonmoingay.com/ga-om-kieu-hoa/,Gà om kiểu hoa,116605,2024-01-20T11:30:58
https://monngonmoingay.com/cupcake-trung-muoi-cha-bong-pho-mai/,Cupcake trứng muối chà bông phô mai,116581,2024-01-14T11:24:05
https://monngonmoingay.com/lau-ca-lang-vi-thai/,Lẩu cá lăng vị Thái,116570,2024-01-13T11:30:24
https://monngonmoingay.com/luon-nuong-la-chanh/,Lươn nướng lá chanh,116450,2024-01-07T11:34:40
https://monngonmoingay.com/bun-ca-hop/,Bún cá hộp,116471,2024-01-06T21:48:51
https://monngonmoingay.com/bong-cai-xao-nuoc-tuong/,Bông cải xào nước tương,116464,2024-01-06T21:44:04
https://monngonmoingay.com/ba-chi-chien-rieng-me/,Ba chỉ chiên riềng mẻ,116439,2024-01-06T16:31:55
https://monngonmoingay.com/uc-ga-hap-cai-thao/,Ức gà hấp cải thảo,116549,2024-01-06T14:32:44
https://monngonmoingay.com/tra-sua-blendy-trai-cay/,Trà sữa blendy trái cây,116542,2024-01-06T14:10:42
https://monngonmoingay.com/ga-nuong-xien-2/,Gà nướng xiên,116534,2024-01-06T13:58:43
https://monngonmoingay.com/salad-bo-cai-kale-uc-ga/,Salad bơ cải kale ức gà,116527,2024-01-06T12:02:37
https://monngonmoingay.com/dau-tron-dau-giam-xot-me-rang/,Đậu trộn dầu giấm xốt mè rang,116520,2024-01-06T11:05:34
https://monngonmoingay.com/mi-udon-xao-bo/,Mì udon xào bò,116513,2024-01-06T10:35:17
https://monngonmoingay.com/rau-cu-luoc-va-com-chien-gion-cham-kho-quet/,Rau củ luộc và cơm chiên giòn chấm kho quẹt,116506,2024-01-06T09:26:45
https://monngonmoingay.com/goi-cuon-tom/,Gỏi cuốn tôm,116499,2024-01-06T09:24:35
https://monngonmoingay.com/dau-hu-hap-trung/,Đậu hũ hấp trứng,116492,2024-01-06T08:53:05
https://monngonmoingay.com/com-gao-lut-tron-2/,Cơm gạo lứt trộn,116485,2024-01-06T08:28:42
https://monngonmoingay.com/ca-hoi-luc-lac/,Cá hồi lúc lắc,116478,2024-01-06T00:15:48
https://monngonmoingay.com/salad-tao-voi-hat-oc-cho/,Salad táo với hạt óc chó,116399,2023-12-31T11:23:50
https://monngonmoingay.com/sup-gac-nam-mo/,Súp gấc nấm mỡ,116388,2023-12-30T11:30:07
https://monngonmoingay.com/dui-de-quay/,Đùi dê quay,116338,2023-12-24T11:30:37
https://monngonmoingay.com/pizza-khoai-tay/,Pizza khoai tây,116353,2023-12-23T21:52:30
https://monngonmoingay.com/pancake-chocolate-trai-cay-nhiet-doi/,Pancake chocolate trái cây nhiệt đới,116351,2023-12-23T21:44:43
https://monngonmoingay.com/lau-thai-va-hoa/,Lẩu Thái và hoa,116327,2023-12-23T11:30:24
https://monngonmoingay.com/com-chien-kim-chi/,Cơm chiên kim chi,116305,2023-12-19T09:05:24
https://monngonmoingay.com/goi-ca-kieu-nhat/,Gỏi cá kiểu Nhật,116274,2023-12-17T07:30:52
https://monngonmoingay.com/cha-bap-2/,Chả bắp,116205,2023-12-10T11:23:58
https://monngonmoingay.com/pancake-chocolate-mut-cam/,Pancake chocolate mứt cam,116194,2023-12-09T11:00:18
https://monngonmoingay.com/salad-khoai-tay-trung-cut/,Salad khoai tây trứng cút,116263,2023-12-08T21:16:15
https://monngonmoingay.com/lau-bo-hoa/,Lẩu bò hoa,116256,2023-12-08T20:56:05
https://monngonmoingay.com/hotdog-bap-cai/,Hotdog bắp cải,116249,2023-12-08T20:41:45
https://monngonmoingay.com/hoanh-thanh-cay/,Hoành thánh cay,116241,2023-12-08T20:10:18
https://monngonmoingay.com/ga-xot-cam/,Gà xốt cam,116233,2023-12-08T19:55:39
https://monngonmoingay.com/ga-xao-cham-cheo/,Gà xào chẩm chéo,116097,2023-12-03T11:39:42
https://monngonmoingay.com/cai-ngong-tron-ga-xe/,Cải ngồng trộn gà xé,3350,2023-12-02T11:50:32
https://monngonmoingay.com/ba-roi-nuong-me-rau-cu/,Ba rọi nướng mè rau củ,116015,2023-11-26T11:50:27
https://monngonmoingay.com/goi-ga-hoa-sung/,Gỏi gà hoa súng,116004,2023-11-25T11:50:10
https://monngonmoingay.com/mien-tom-phi-thuy/,Miến tôm phỉ thuý,116057,2023-11-24T14:28:32
https://monngonmoingay.com/mi-nua-xao-tom-nam/,Mì nưa xào tôm nấm,116046,2023-11-24T14:11:05
https://monngonmoingay.com/tom-xot-sua/,Tôm xốt sữa,116039,2023-11-24T13:57:08
https://monngonmoingay.com/mien-tron-kieu-thai-2/,Miến trộn kiểu Thái,116032,2023-11-24T13:56:46
https://monngonmoingay.com/cha-ca-thu-chien-la-lot/,Chả cá thu chiên lá lốt,115415,2023-11-19T11:50:51
https://monngonmoingay.com/canh-ca-minh-thai/,Canh cá Minh Thái,115402,2023-11-18T11:50:51
https://monngonmoingay.com/sup-cua-vi-thai/,Súp cua vị Thái,115189,2023-11-12T11:50:22
https://monngonmoingay.com/muc-chien-gion-sot-tac/,Mực chiên giòn sốt tắc,49506,2023-11-11T11:50:04
https://monngonmoingay.com/bun-rieu-cua/,Bún riêu cua,115200,2023-11-11T10:29:25
https://monngonmoingay.com/ca-he-kho-reu/,Cá he kho rệu,115149,2023-11-05T11:50:27
https://monngonmoingay.com/blendy-kem-nho/,Blendy kem nho,115136,2023-11-04T11:50:56
https://monngonmoingay.com/pad-thai-chay/,Pad Thái chay,46248,2023-10-28T11:55:05
https://monngonmoingay.com/lau-thai-dau-ca-loc-bong/,Lẩu Thái đầu cá lóc bông,115058,2023-10-22T11:55:51
https://monngonmoingay.com/cha-la-xuong-song/,Chả lá xương sông,115047,2023-10-21T11:55:54
https://monngonmoingay.com/thit-be-om-giam-nghe/,Thịt bê om giấm nghệ,115001,2023-10-15T11:55:14
https://monngonmoingay.com/ca-ngu-cuon-pho-mai/,Cá ngừ cuộn phô mai,114990,2023-10-14T11:15:55
https://monngonmoingay.com/salad-muc-mang-tay/,Salad mực măng tây,114215,2023-10-09T11:50:15
https://monngonmoingay.com/nguu-bang-chien-tom/,Ngưu bàng chiên tôm,114916,2023-10-08T11:55:19
https://monngonmoingay.com/canh-suon-non-xuyen-tieu/,Canh sườn non xuyên tiêu,114905,2023-10-07T11:55:34
https://monngonmoingay.com/banh-dong-xu-pho-mai/,Bánh đồng xu phô mai,114978,2023-10-06T17:09:59
https://monngonmoingay.com/suon-heo-om-mit-non/,Sườn heo om mít non,114884,2023-10-01T11:51:19
https://monngonmoingay.com/vien-thanh-cua-pho-mai/,Viên thanh cua phô mai,114873,2023-09-30T11:50:18
https://monngonmoingay.com/matcha-ca-phe/,Matcha cà phê,114362,2023-09-24T11:50:38
https://monngonmoingay.com/tom-ne-bo-toi/,Tôm né bơ tỏi,114351,2023-09-23T11:50:26
https://monngonmoingay.com/canh-tom-khoai-mai/,Canh tôm khoai mài,114334,2023-09-17T11:50:14
https://monngonmoingay.com/tom-cang-hap-xot-mayonnaise-xoai/,Tôm càng hấp xốt mayonnaise xoài,114323,2023-09-16T11:50:20
https://monngonmoingay.com/chom-chom-nhoi-tom-chien/,Chôm chôm nhồi tôm chiên,114313,2023-09-14T11:46:41
https://monngonmoingay.com/than-heo-cuon-cai-hap-2/,Thăn heo cuộn cải hấp,114228,2023-09-10T11:55:46
https://monngonmoingay.com/ca-thu-sot-xoai/,Cá thu sốt xoài,114109,2023-09-03T11:45:54
https://monngonmoingay.com/ma-heo-nuong-tao/,Má heo nướng táo,114098,2023-09-02T11:50:26
https://monngonmoingay.com/sup-nam-nguu-bang/,Súp nấm ngưu bàng,114074,2023-08-27T11:50:14
https://monngonmoingay.com/nam-nuong-giay-bac/,Nấm nướng giấy bạc,114061,2023-08-26T11:55:48
https://monngonmoingay.com/mi-bo-cay-xuyen-tieu/,Mì bò cay xuyên tiêu,114043,2023-08-24T15:08:15
https://monngonmoingay.com/tom-yum-kung/,Tom Yum Kung,114029,2023-08-20T11:55:01
https://monngonmoingay.com/pancake-xot-dau-ga/,Pancake xốt đậu gà,114018,2023-08-19T11:50:54
https://monngonmoingay.com/khoai-chien-lac-mayo-me-la-que/,Khoai chiên lắc mayo mè lá quế,113838,2023-08-13T11:50:45
https://monngonmoingay.com/xoi-cam-thit-cua/,Xôi cẩm thịt cua,113827,2023-08-12T11:50:55
https://monngonmoingay.com/tom-vien-dau-hu-xot-ca/,Tôm viên đậu hủ xốt cà,113877,2023-08-11T11:30:39
https://monngonmoingay.com/cuon-rong-bien-chay-cham-xot-dau-phong/,Cuốn rong biển chay chấm xốt đậu phộng,113870,2023-08-11T11:13:59
https://monngonmoingay.com/bo-ap-chao-sot-tieu/,Bò áp chảo sốt tiêu,113863,2023-08-11T11:01:42
https://monngonmoingay.com/banh-crepe-nhan-man/,Bánh crepe nhân mặn,113856,2023-08-11T10:51:07
https://monngonmoingay.com/bach-tuoc-xao-cay-kieu-han/,Bạch tuộc xào cay kiểu Hàn,113849,2023-08-11T10:34:21
https://monngonmoingay.com/be-cuon-khia-nuoc-dua-tuoi/,Bê cuộn khìa nước dừa tươi,113785,2023-08-06T11:50:03
https://monngonmoingay.com/banh-ran-kep-ca-ngu-mayonnaise/,Bánh rán kẹp cá ngừ mayonnaise,113774,2023-08-05T11:50:18
https://monngonmoingay.com/banh-ran-huong-mua-he/,Bánh rán hương mùa hè,113725,2023-07-30T10:47:25
https://monngonmoingay.com/banh-mi-hanh-nhan/,Bánh mì hạnh nhân,113721,2023-07-29T10:18:38
https://monngonmoingay.com/banh-trung-nuong-ap-chao/,Bánh trứng nướng áp chảo,113711,2023-07-28T22:49:33
https://monngonmoingay.com/canh-chua-ca-dieu-hong/,Canh chua cá diêu hồng,113703,2023-07-28T22:34:16
https://monngonmoingay.com/canh-chua-thit-bam/,Canh chua thịt băm,113693,2023-07-28T22:18:49
https://monngonmoingay.com/ngheu-hap-thai/,Nghêu hấp Thái,113685,2023-07-28T20:35:01
https://monngonmoingay.com/canh-chua-ca-mien-nam/,Canh chua cá miền Nam,113678,2023-07-28T20:11:24
https://monngonmoingay.com/canh-chua-ca-nau-mang/,Canh chua cá nấu măng,113669,2023-07-28T17:36:13
https://monngonmoingay.com/canh-chua-dua-cai/,Canh chua dưa cải,113650,2023-07-28T17:18:40
https://monngonmoingay.com/canh-chua-tom-rau-muong/,Canh chua tôm rau muống,113641,2023-07-28T16:08:30
https://monngonmoingay.com/canh-chua-ca/,Canh chua cá,113623,2023-07-28T15:47:13
https://monngonmoingay.com/canh-tom-chua-cay/,Canh tôm chua cay,48431,2023-07-23T12:00:32
https://monngonmoingay.com/tep-ruong-xao-khe-bong-dien-dien/,Tép ruộng xào khế &#8211; Bông điên điển,113589,2023-07-22T16:33:06
https://monngonmoingay.com/sup-dau-non-trung-rong-bien/,Súp đậu non trứng rong biển,113565,2023-07-19T12:13:38
https://monngonmoingay.com/salad-ga-nuong-2/,Salad gà nướng,113547,2023-07-19T11:47:10
https://monngonmoingay.com/khoai-tay-nuong-pho-mai/,Khoai tây nướng phô mai,113529,2023-07-19T11:15:55
https://monngonmoingay.com/ca-hoi-ngam-rau-cu-chua-ngot/,Cá hồi ngâm rau củ chua ngọt,113512,2023-07-16T10:48:44
https://monngonmoingay.com/suon-non-kho-dua-cai/,Sườn non kho dưa cải,28859,2023-07-15T12:00:45
https://monngonmoingay.com/canh-suon-cu-sen-a-ti-so/,CANH SƯỜN CỦ SEN A-TI-SÔ,113490,2023-07-09T10:21:20
https://monngonmoingay.com/ba-roi-sa-ot-tam-bot-chien-gion/,Ba rọi sả ớt tẩm bột chiên giòn,113479,2023-07-08T10:02:15
https://monngonmoingay.com/ga-ca-ri-xanh/,Gà cà ri xanh,113260,2023-07-02T11:55:14
https://monngonmoingay.com/doi-truong-xao-bong-he/,Dồi trường xào bông hẹ,3588,2023-07-01T11:55:28
https://monngonmoingay.com/sun-ga-rang-la-ca-ri-cay/,Sụn gà rang lá cà ri cay,112614,2023-06-25T11:55:05
https://monngonmoingay.com/salad-cam-dau-do/,Salad cam đậu đỏ,50468,2023-06-24T11:50:23
https://monngonmoingay.com/vit-nau-ragu/,Vịt nấu ragu,112182,2023-06-18T11:50:34
https://monngonmoingay.com/snack-phong-tom-rau-cu/,Snack phồng tôm rau củ,112167,2023-06-17T11:12:11
https://monngonmoingay.com/bach-tuoc-lac-coc-non-sa-te-cay/,Bạch tuộc lắc cóc non sa tế cay,111695,2023-06-11T11:55:54
https://monngonmoingay.com/dong-co-bach-hoa-chay/,Đông cô bách hoa chay,47636,2023-06-10T11:55:52
https://monngonmoingay.com/ca-hoi-xong-khoi-cuon-com/,Cá hồi xông khói cuộn cơm,111292,2023-06-04T11:55:58
https://monngonmoingay.com/lau-hoa-ca-keo/,Lẩu hoa cá kèo,50879,2023-06-03T11:55:53
https://monngonmoingay.com/dui-ga-barbecue/,Đùi gà Barbecue,50552,2023-05-28T11:57:10
https://monngonmoingay.com/mit-non-om-suon-chay-cu-sen/,Mít non om sườn chay củ sen,111023,2023-05-27T11:50:12
https://monngonmoingay.com/ba-roi-rim-chay-canh/,Ba rọi rim cháy cạnh,110732,2023-05-21T11:53:48
https://monngonmoingay.com/banh-ran-chocolate-mut-tam-bop/,Bánh rán chocolate mứt tầm bóp,110720,2023-05-20T11:52:15
https://monngonmoingay.com/sandwich-nong-pho-mai-thit-nguoi/,Sandwich nóng phô mai thịt nguội,110367,2023-05-14T11:55:03
https://monngonmoingay.com/thit-bo-xao-bong-so-dua/,Thịt bò xào bông so đũa,29267,2023-05-13T11:55:39
https://monngonmoingay.com/cha-oc-nuong-la-lot/,Chả ốc nướng lá lốt,109943,2023-05-07T11:55:36
https://monngonmoingay.com/cua-rang-sot-tac/,Cua rang sốt tắc,50797,2023-05-06T11:55:42
https://monngonmoingay.com/pancake-trung-khuay/,Pancake trứng khuấy,109668,2023-04-30T12:00:01
https://monngonmoingay.com/cha-gio-tau-hu-ky/,Chả giò tàu hũ ky,109656,2023-04-29T14:37:17
https://monngonmoingay.com/canh-ga-nuong-cay/,Cánh gà nướng cay,46300,2023-04-23T12:00:28
https://monngonmoingay.com/goi-xoai-tom-sa/,Gỏi xoài tôm sả,109376,2023-04-22T10:22:29
https://monngonmoingay.com/lau-vit-tia-to/,Lẩu vịt tía tô,50205,2023-04-16T11:50:34
https://monngonmoingay.com/ca-trung-chien-gion/,Cá trứng chiên giòn,108950,2023-04-15T12:00:16
https://monngonmoingay.com/salad-bo-rau-ma/,Salad bò rau má,108669,2023-04-09T12:00:36
https://monngonmoingay.com/canh-chua-ca-dua-1-nang/,Canh chua cá dứa 1 nắng,108644,2023-04-08T12:00:29
https://monngonmoingay.com/canh-bi-do-hanh-nhan/,Canh bí đỏ hạnh nhân,108227,2023-04-02T12:00:42
https://monngonmoingay.com/bao-tu-khia-nuoc-dua-2/,Bao tử khìa nước dừa,20245,2023-04-01T14:44:23
https://monngonmoingay.com/sandwich-trung-cut-mayonnaise/,Sandwich trứng cút mayonnaise,106917,2023-03-26T12:00:55
https://monngonmoingay.com/mi-can-xot-nam/,Mì căn xốt nấm,2665,2023-03-25T12:00:40
https://monngonmoingay.com/suon-non-kho-xa-bau/,Sườn non kho xá bấu,107578,2023-03-19T12:00:07
https://monngonmoingay.com/tom-chua-tron-coc-xanh-mayo/,Tôm chua trộn cóc xanh mayo,107566,2023-03-18T12:00:41
https://monngonmoingay.com/ca-tim-nhoi-thit-ap-chao/,Cà tím nhồi thịt áp chảo,1921,2023-03-12T12:00:22
https://monngonmoingay.com/goi-xoai-ca-tre/,Gỏi xoài cá trê,3659,2023-03-11T12:00:28
https://monngonmoingay.com/hau-chen-nuong-sot-tieu-xanh/,Hàu chén nướng sốt tiêu xanh,107201,2023-03-09T15:12:17
https://monngonmoingay.com/ga-xao-mang-tay/,Gà xào măng tây,107191,2023-03-09T15:02:54
https://monngonmoingay.com/matcha-flan/,Matcha flan,106990,2023-03-06T13:58:09
https://monngonmoingay.com/pancake-sac-mau/,Pancake sắc màu,106925,2023-03-05T12:00:32
https://monngonmoingay.com/tom-cang-dut-lo/,Tôm càng đút lò,2297,2023-02-26T12:00:02
https://monngonmoingay.com/canh-cua-kho-qua-2/,Canh cua khổ qua,1595,2023-02-25T12:00:08
https://monngonmoingay.com/bap-bo-nhung-me/,Bắp bò nhúng mẻ,106577,2023-02-22T13:59:49
https://monngonmoingay.com/tom-nuong-hoang-kim/,Tôm nướng hoàng kim,106570,2023-02-22T13:44:16
https://monngonmoingay.com/moc-com-chien-gion/,Mọc cốm chiên giòn,106457,2023-02-19T12:00:20
https://monngonmoingay.com/canh-ca-chep-gion-nau-nghe/,Canh cá chép giòn nấu nghệ,106446,2023-02-18T12:00:29
https://monngonmoingay.com/bun-bo-bap-cai-chua/,Bún bò bắp cải chua,106096,2023-02-12T12:00:39
https://monngonmoingay.com/salad-cam-tinh-yeu/,Salad cam tình yêu,106075,2023-02-11T12:00:27
https://monngonmoingay.com/ca-keo-chien-me/,Cá kèo chiên mè,2670,2023-02-05T12:00:15
https://monngonmoingay.com/nem-vuong-chay/,Nem vuông chay,105801,2023-02-04T12:00:37
https://monngonmoingay.com/com-chien-dua-bo/,Cơm chiên dưa bò,105631,2023-01-29T12:00:49
https://monngonmoingay.com/suon-chien-la-lot/,Sườn chiên lá lốt,105620,2023-01-28T12:00:20
https://monngonmoingay.com/ca-song-nuong-muoi-hat/,Cá sòng nướng muối hạt,105432,2023-01-22T12:00:23
https://monngonmoingay.com/ga-luoc-xoi-gac/,Gà luộc xôi gấc,105421,2023-01-21T17:42:07
https://monngonmoingay.com/gan-xao-la-ca-ri/,Gan xào lá cà ri,105278,2023-01-15T12:00:27
https://monngonmoingay.com/lau-collagen/,Lẩu Collagen,105266,2023-01-14T12:22:23
https://monngonmoingay.com/heo-kho-tau/,Heo kho tàu,105068,2023-01-08T11:25:04
https://monngonmoingay.com/lau-chao-chim-cut-hat-sen/,Lẩu cháo chim cút hạt sen,105056,2023-01-07T10:11:29
https://monngonmoingay.com/kimbap-banh-chung/,Kimbap bánh chưng,108575,2023-01-06T22:55:08
https://monngonmoingay.com/mi-y-xot-cua/,Mì Ý xốt cua,108568,2023-01-06T22:37:22
https://monngonmoingay.com/banh-cupcake-trung-muoi-cha-bong-pho-mai/,Bánh cupcake trứng muối chà bông phô mai,108555,2023-01-06T20:39:58
https://monngonmoingay.com/banh-ga-nhan-pho-mai/,Bánh gà nhân phô mai,108548,2023-01-06T20:21:25
https://monngonmoingay.com/bach-tuoc-sot-cajun/,Bạch tuộc sốt cajun,108532,2023-01-06T16:40:47
https://monngonmoingay.com/pancake-hoa-cuc/,Pancake hoa cúc,104415,2023-01-01T12:00:26
https://monngonmoingay.com/cha-mai-cua-la-lot/,Chả mai cua lá lốt,104859,2022-12-31T12:00:19
https://monngonmoingay.com/ca-tuyet-sot-nanban/,Cá tuyết sốt nanban,104763,2022-12-25T12:01:36
https://monngonmoingay.com/canh-tom-banh-gao/,Canh tôm bánh gạo,104752,2022-12-24T12:00:04
https://monngonmoingay.com/ca-hoi-nuong-la-thom/,Cá hồi nướng lá thơm,104598,2022-12-18T12:00:50
https://monngonmoingay.com/mi-spaghetti-xao-tom-nam/,Mì spaghetti xào tôm nấm,104587,2022-12-17T12:00:40
https://monngonmoingay.com/ga-no-muoi-hoa-tieu/,Gà nổ muối hoa tiêu,104539,2022-12-14T11:21:20
https://monngonmoingay.com/canh-bi-do-dau-phong/,Canh bí đỏ đậu phộng,2069,2022-12-11T14:56:48
https://monngonmoingay.com/thit-nuong-ot-chuong/,Thịt nướng ớt chuông,104404,2022-12-10T12:00:28
https://monngonmoingay.com/trung-hap-hau-rong-bien/,Trứng hấp hàu rong biển,104218,2022-12-04T12:00:11
https://monngonmoingay.com/xao-lan-chay-thao-moc/,Xào lăn chay thảo mộc,104207,2022-12-03T12:00:18
https://monngonmoingay.com/vit-lon-xao-me/,Vịt lộn xào me,1994,2022-11-27T12:00:50
https://monngonmoingay.com/ga-chien-sot-taru-taru/,Gà chiên sốt taru taru,104076,2022-11-26T12:00:09
https://monngonmoingay.com/bap-bo-xao-dau-rong/,Bắp bò xào đậu rồng,103937,2022-11-20T12:00:09
https://monngonmoingay.com/ca-tram-kho-rieng/,Cá trắm kho riềng,103926,2022-11-19T12:00:14
https://monngonmoingay.com/salad-oi/,Salad ổi,1793,2022-11-13T12:00:23
https://monngonmoingay.com/banh-muffin-chuoi-socola/,Bánh muffin chuối socola,103828,2022-11-12T12:00:20
https://monngonmoingay.com/lau-ca-ri-nhung/,Lẩu cà ri nhúng,103819,2022-11-11T23:38:28
https://monngonmoingay.com/muc-xao-xot-tieu-xanh/,Mực xào xốt tiêu xanh,103681,2022-11-06T12:00:52
https://monngonmoingay.com/banh-it-tran/,Bánh ít trần,54156,2022-11-05T12:00:46
https://monngonmoingay.com/lau-kim-chi-chan-ga/,Lẩu kim chi chân gà,103387,2022-10-30T12:00:08
https://monngonmoingay.com/kho-qua-nhoi-nam-kho-nuoc-tuong/,Khổ qua nhồi nấm kho nước tương,1966,2022-10-29T12:00:15
https://monngonmoingay.com/bo-la-lot-chien/,Bò lá lốt chiên,103221,2022-10-24T09:26:21
https://monngonmoingay.com/matcha-sua-cacao/,Matcha sữa cacao,103209,2022-10-24T09:11:42
https://monngonmoingay.com/tra-sua-kem-matcha/,Trà sữa kem matcha,102923,2022-10-19T11:31:25
https://monngonmoingay.com/sup-duoi-bo-chua-cay/,Súp đuôi bò chua cay,102967,2022-10-16T17:30:48
https://monngonmoingay.com/ech-xe-phay-tron-rau-mam/,Ếch xé phay trộn rau mầm,102955,2022-10-15T17:46:24
https://monngonmoingay.com/trung-hap-hai-san/,Trứng hấp hải sản,102933,2022-10-14T12:42:50
https://monngonmoingay.com/ga-chien-bap-pho-mai/,Gà chiên bắp phô mai,102758,2022-10-09T18:00:59
https://monngonmoingay.com/lau-cua-dong/,Lẩu cua đồng,1734,2022-10-08T18:00:07
https://monngonmoingay.com/lau-chao-muc/,Lẩu chao mực,102607,2022-10-02T18:00:58
https://monngonmoingay.com/ca-loc-nuong-ot-xiem-xanh/,Cá lóc nướng ớt xiêm xanh,102587,2022-10-01T18:00:44
https://monngonmoingay.com/banh-xeo-nhat-ban-2/,Bánh xèo Nhật Bản,102556,2022-09-29T12:30:53
https://monngonmoingay.com/bun-mam/,Bún mắm,54165,2022-09-25T18:00:55
https://monngonmoingay.com/ga-ac-tiem-thuoc-bac/,Gà ác tiềm thuốc bắc,102382,2022-09-24T18:00:29
https://monngonmoingay.com/canh-ga-ngam-sa-tac/,Cánh gà ngâm sả tắc,102261,2022-09-18T11:52:22
https://monngonmoingay.com/banh-quay-nhoi-cha-tom/,Bánh quẩy nhồi chả tôm,4193,2022-09-17T11:50:38
https://monngonmoingay.com/banh-ran-xuc-xich-bap-vang/,Bánh rán xúc xích bắp vàng,102147,2022-09-11T11:50:40
https://monngonmoingay.com/banh-khot-la-cam-nhan-nam-hat-sen/,Bánh khọt lá cẩm nhân nấm hạt sen,102136,2022-09-10T12:01:30
https://monngonmoingay.com/ca-nuc-kho-thom/,Cá nục kho thơm,3156,2022-09-04T11:50:44
https://monngonmoingay.com/thit-rang-sa/,Thịt rang sả,101884,2022-09-03T11:51:07
https://monngonmoingay.com/ngheu-nuong-xot-me/,Nghêu nướng xốt me,101781,2022-08-28T11:55:18
https://monngonmoingay.com/mang-tay-chien-bia-xot-ca-ngu/,Măng tây chiên bia xốt cá ngừ,101762,2022-08-27T11:55:36
https://monngonmoingay.com/muc-ong-hap-cu-dau/,Mực ống hấp củ đậu,101529,2022-08-21T11:50:49
https://monngonmoingay.com/kem-vi-tra-matcha-blendy/,Kem vị trà Matcha Blendy,101518,2022-08-20T12:00:16
https://monngonmoingay.com/salad-ca-hoi-xot-thanh-long/,Salad cá hồi xốt thanh long,101372,2022-08-14T11:50:24
https://monngonmoingay.com/ca-chim-chien-xot-thom/,Cá chim chiên xốt thơm,101365,2022-08-13T11:50:41
https://monngonmoingay.com/mit-non-kho-nam/,Mít non kho nấm,4653,2022-08-07T12:00:08
https://monngonmoingay.com/bao-tu-khia-nuoc-sa-xi/,Bao tử khìa nước sá xị,101257,2022-08-06T12:29:21
https://monngonmoingay.com/cot-let-chien-sot-hung-chanh/,Cốt lết chiên sốt húng chanh,101020,2022-07-31T12:00:09
https://monngonmoingay.com/banh-ran-trai-cay/,Bánh rán trái cây,39172,2022-07-30T12:00:39
https://monngonmoingay.com/ca-thu-chien-xot-thao-moc/,Cá thu chiên xốt thảo mộc,100856,2022-07-24T12:00:12
https://monngonmoingay.com/pancake-jambon-trung-cut/,Pancake jambon trứng cút,100848,2022-07-23T12:00:46
https://monngonmoingay.com/thit-vit-xao-cu-cai-muoi/,Thịt vịt xào củ cải muối,100647,2022-07-17T12:00:50
https://monngonmoingay.com/xoi-xa-xiu/,Xôi xá xíu,100639,2022-07-16T12:00:10
https://monngonmoingay.com/bo-nuong-la-cach/,Bò nướng lá cách,100391,2022-07-10T12:07:37
https://monngonmoingay.com/canh-chua-dau-ca-hoi/,Canh chua đầu cá hồi,100382,2022-07-09T12:00:51
https://monngonmoingay.com/sake-chien-gion-2-vi/,Sake chiên giòn 2 vị,99915,2022-07-03T12:16:52
https://monngonmoingay.com/tim-heo-xao-mang-tay/,Tim heo xào măng tây,99907,2022-07-02T17:14:09
https://monngonmoingay.com/ech-om-toi/,Ếch om tỏi,99590,2022-06-26T12:00:23
https://monngonmoingay.com/mi-tron-xot-mayonnaise/,Mì trộn xốt mayonnaise,99582,2022-06-25T12:00:33
https://monngonmoingay.com/ca-com-than-chien-me-sauce-mam-tac/,Cá cơm than chiên mè xốt mắm tắc,99572,2022-06-24T19:22:10
https://monngonmoingay.com/tom-cang-kho-trung-muoi/,Tôm càng kho trứng muối,99407,2022-06-19T12:00:13
https://monngonmoingay.com/pho-tron/,Phở trộn,2328,2022-06-18T12:00:51
https://monngonmoingay.com/banh-canh-chay/,Bánh canh chay,4509,2022-06-17T13:22:39
https://monngonmoingay.com/lau-vit-ham-sa/,Lẩu vịt hầm sả,23864,2022-06-12T12:01:13
https://monngonmoingay.com/luon-ca-hoi-chien-nuoc-mam/,Lườn cá hồi chiên nước mắm,99140,2022-06-11T12:00:47
https://monngonmoingay.com/salad-cua-tao-xanh/,Salad cua táo xanh,99130,2022-06-10T12:00:26
https://monngonmoingay.com/suon-chien-xot-man/,Sườn chiên xốt mận,4740,2022-06-05T12:00:02
https://monngonmoingay.com/ca-ri-ga/,Cà ri gà,54138,2022-06-04T12:00:30
https://monngonmoingay.com/lau-ca-vien-nau-sau/,Lẩu cá viên nấu sấu,98964,2022-06-03T12:00:46
https://monngonmoingay.com/doi-truong-hap-hanh-gung/,Dồi trường hấp hành gừng,4782,2022-05-29T12:00:50
https://monngonmoingay.com/bap-cai-tim-tron-tom/,Bắp cải tím trộn tôm,5871,2022-05-28T12:00:45
https://monngonmoingay.com/canh-kho-qua-ham-thit/,Canh khổ qua hầm thịt,51714,2022-05-27T12:00:47
https://monngonmoingay.com/tom-chien-gion-xot-trung-muoi/,Tôm chiên giòn xốt trứng muối,98553,2022-05-22T12:00:13
https://monngonmoingay.com/suon-nuong-tieu/,Sườn nướng tiêu,2763,2022-05-21T12:00:46
https://monngonmoingay.com/sandwich-trai-cay-chien-gion/,Sandwich trái cây chiên giòn,3053,2022-05-20T12:00:40
https://monngonmoingay.com/salad-rong-nho/,Salad rong nho,1891,2022-05-15T12:00:25
https://monngonmoingay.com/ca-chien-xot-cam/,Cá chiên xốt cam,3861,2022-05-14T12:00:13
https://monngonmoingay.com/canh-chua-thai/,Canh chua Thái,98412,2022-05-13T12:00:14
https://monngonmoingay.com/cua-lot-chien-gion/,Cua lột chiên giòn,3683,2022-05-08T12:00:29
https://monngonmoingay.com/khai-vi-ca-hoi/,Khai vị cá hồi,98116,2022-05-07T12:00:20
https://monngonmoingay.com/lau-nam-chay/,Lẩu nấm chay,5201,2022-05-06T12:00:45
https://monngonmoingay.com/ca-hoi-cuon-bo-chien-gion/,Cá hồi cuộn bơ chiên giòn,5380,2022-05-01T12:00:13
https://monngonmoingay.com/oc-huong-xao-cu-hu-dua/,Ốc hương xào củ dừa,97738,2022-04-30T12:00:17
https://monngonmoingay.com/pancake-xoai-kem-tuoi/,Pancake xoài kem tươi,97730,2022-04-29T12:00:39
https://monngonmoingay.com/canh-ga-chien-dua/,Cánh gà chiên dừa,97328,2022-04-24T12:00:03
https://monngonmoingay.com/bun-suon-non-nau-chuoi-dau/,Bún sườn non nấu chuối đậu,97319,2022-04-23T12:00:06
https://monngonmoingay.com/cha-chay-cuon-rong-bien/,Chả chay cuốn rong biển,97309,2022-04-22T12:00:59
https://monngonmoingay.com/cua-xao-xot-tuong/,Cua xào xốt tương,54127,2022-04-17T12:00:42
https://monngonmoingay.com/ca-bong-mu-hap-cay/,Cá bống mú hấp cay,97032,2022-04-16T12:00:49
https://monngonmoingay.com/brulee-tra-sua/,Brulee trà sữa,97022,2022-04-15T12:00:50
https://monngonmoingay.com/canh-hau-sua-mang-chua/,Canh hàu sữa măng chua,96834,2022-04-10T12:00:01
https://monngonmoingay.com/trung-cut-xao-chua-ngot/,Trứng cút xào chua ngọt,5800,2022-04-09T12:00:17
https://monngonmoingay.com/lau-ga-chua-cay/,Lẩu gà chua cay,39335,2022-04-08T12:00:28
https://monngonmoingay.com/salad-tom-thanh-mat/,Salad tôm thanh mát,96667,2022-04-03T12:00:59
https://monngonmoingay.com/ca-dieu-hong-nuong-rieng-me/,Cá điêu hồng nướng riềng mẻ,96655,2022-04-02T12:00:36
https://monngonmoingay.com/bo-bit-tet/,Bò bít tết,5612,2022-04-01T12:00:32
https://monngonmoingay.com/cha-ca-thi-la/,Chả cá thì là,4039,2022-03-27T12:00:55
https://monngonmoingay.com/banh-ran-bo-dua/,Bánh rán bơ dừa,96476,2022-03-26T12:00:12
https://monngonmoingay.com/suon-nau-dau-ngu/,Sườn nấu đậu ngự,96466,2022-03-25T11:55:19
https://monngonmoingay.com/ca-thu-chien-nghe/,Cá thu chiên nghệ,4766,2022-03-20T12:00:27
https://monngonmoingay.com/gio-heo-hon/,Giò heo hon,96375,2022-03-19T12:00:24
https://monngonmoingay.com/dui-ga-ap-chao-xot-thom/,Đùi gà áp chảo xốt thơm,2783,2022-03-18T12:00:37
https://monngonmoingay.com/banh-ga-chien-xot-me/,Bánh gà chiên xốt mè,96272,2022-03-13T12:00:55
https://monngonmoingay.com/hoanh-thanh-chay/,Hoành thánh chay,4618,2022-03-12T12:00:23
https://monngonmoingay.com/canh-chua-tom-nuoc-trong/,Canh chua tôm nước trong,96253,2022-03-11T12:00:19
https://monngonmoingay.com/cuon-rong-bien-chien-gion/,Cuộn rong biển chiên giòn,2011,2022-03-06T12:00:19
https://monngonmoingay.com/cookies-blendy-dau-3-mau/,Cookies Blendy dâu 3 màu,96057,2022-03-05T12:00:02
https://monngonmoingay.com/canh-suon-bo-cu-sen/,Canh sườn bò củ sen,96048,2022-03-04T12:00:05
https://monngonmoingay.com/ngheu-kho-to/,Nghêu kho tộ,5094,2022-02-27T12:00:47
https://monngonmoingay.com/dui-ga-chien-cay/,Đùi gà chiên cay,95928,2022-02-26T12:00:24
https://monngonmoingay.com/vit-xao-la-mac-mat/,Vịt xào lá mắc mật,95919,2022-02-25T12:00:24
https://monngonmoingay.com/suon-non-xot-giam-do/,Sườn non xốt giấm đỏ,95867,2022-02-20T12:00:51
https://monngonmoingay.com/canh-gio-heo-rau-cu/,Canh giò heo rau củ,16498,2022-02-19T12:00:35
https://monngonmoingay.com/muc-nhoi-cha-tom-nuong/,Mực nhồi chả tôm nướng,95813,2022-02-18T17:09:52
https://monngonmoingay.com/bo-kho-chay/,Bò kho chay,46411,2022-02-13T12:00:07
https://monngonmoingay.com/ragu-chan-nam/,Ragu chân nấm,95714,2022-02-12T12:00:24
https://monngonmoingay.com/mi-y-xot-nam/,Mì ý xốt nấm,2082,2022-02-11T12:00:18
https://monngonmoingay.com/ca-com-chien-bong-he-mam-me/,Cá cơm chiên bông hẹ mắm me,95532,2022-02-06T12:00:26
https://monngonmoingay.com/bacon-cuon-hanh-tay-pho-mai/,Bacon cuộn hành tây phô mai,95524,2022-02-05T12:00:46
https://monngonmoingay.com/ech-kho-mang-la-que/,Ếch kho măng lá quế,95515,2022-02-04T12:00:32
https://monngonmoingay.com/canh-ca-hong/,Canh cá hồng,95431,2022-01-30T12:00:17
https://monngonmoingay.com/nom-luoi-lon-su-hao/,Nộm lưỡi lợn su hào,95422,2022-01-29T12:00:30
https://monngonmoingay.com/bap-cai-hap-nam-tom/,Bắp cải hấp nấm tôm,95413,2022-01-28T12:00:33
https://monngonmoingay.com/vit-om-tuong-me/,Vịt om tương me,95254,2022-01-23T12:00:55
https://monngonmoingay.com/goi-rau-ma-tai-heo/,Gỏi rau má tai heo,95245,2022-01-22T12:00:19
https://monngonmoingay.com/banh-crepe-kem-chuoi/,Bánh crepe kem chuối,95232,2022-01-21T12:00:07
https://monngonmoingay.com/banh-mi-luoi-heo-khia/,Bánh mì &#8211; Lưỡi heo khìa,95099,2022-01-16T12:00:26
https://monngonmoingay.com/canh-ghe-cu-sen-chua-cay/,Canh ghẹ củ sen chua cay,95087,2022-01-15T12:00:38
https://monngonmoingay.com/canh-nam-hat-sen-2/,Canh nấm hạt sen,3317,2022-01-14T12:00:30
https://monngonmoingay.com/ca-com-chien-gion/,Cá cơm chiên giòn,94695,2022-01-09T12:00:03
https://monngonmoingay.com/canh-sun-bo-cu-cai/,Canh sụn bò củ cải,94687,2022-01-08T12:00:34
https://monngonmoingay.com/long-ga-xao-tieu-xanh/,Lòng gà xào tiêu xanh,94678,2022-01-07T12:00:23
https://monngonmoingay.com/goi-hoa-chuoi-thit-ga/,Gỏi hoa chuối thịt gà chay,1660,2022-01-02T12:01:59
https://monngonmoingay.com/ca-sapa-nhoi-ngoc-ke-nuong/,Cá sapa nhồi ngọc kê nướng,94488,2022-01-01T12:00:05
https://monngonmoingay.com/xoi-ga-dau-xanh/,Xôi gà đậu xanh,40576,2021-12-31T12:00:37
https://monngonmoingay.com/dau-bap-nhoi-cha-ca-chien/,Đậu bắp nhồi chả cá chiên,3295,2021-12-26T12:00:07
https://monngonmoingay.com/banh-pancake-xep-nhan-sau-rieng/,Bánh pancake xếp nhân sầu riêng,94303,2021-12-25T12:00:55
https://monngonmoingay.com/canh-ga-xot-mu-tat/,Cánh gà xốt mù tạt,2524,2021-12-24T12:00:40
https://monngonmoingay.com/gan-bo-ap-chao/,Gan bò áp chảo,12743,2021-12-19T12:00:09
https://monngonmoingay.com/tom-chien-dua/,Tôm chiên dừa,1936,2021-12-18T12:00:45
https://monngonmoingay.com/khoai-tay-vien-chien-xu/,Khoai tây viên chiên xù,5515,2021-12-17T12:00:02
https://monngonmoingay.com/com-gao-luc-tron-rau-cu/,Cơm gạo lức trộn rau củ,39800,2021-12-12T12:00:26
https://monngonmoingay.com/ho-lo-ca/,Hồ lô cá,2630,2021-12-11T12:00:40
https://monngonmoingay.com/dau-mo-kep-pho-mai-chien/,Đậu mơ kẹp phô mai chiên,3567,2021-12-10T12:00:14
https://monngonmoingay.com/ca-bop-kho-thit-ba-roi/,Cá bớp kho thịt ba rọi,2729,2021-12-05T12:00:57
https://monngonmoingay.com/banh-ran-so-co-la-xot-tao/,Bánh rán sô-cô-la xốt táo,48144,2021-12-04T12:00:02
https://monngonmoingay.com/trung-cuon-kieu-nhat/,Trứng cuộn kiểu Nhật,48488,2021-12-03T12:00:14
https://monngonmoingay.com/muc-xao-sa-ot/,Mực xào sả ớt,3521,2021-11-28T12:00:22
https://monngonmoingay.com/canh-chua-suon/,Canh chua sườn,42650,2021-11-27T12:00:57
https://monngonmoingay.com/cot-let-chien-sa-ot/,Cốt lết chiên sả ớt,49967,2021-11-26T11:50:21
https://monngonmoingay.com/banh-gao-xao-cay/,Bánh gạo xào cay,25286,2021-11-21T12:01:06
https://monngonmoingay.com/ca-nuc-xot-thom/,Cá nục xốt thơm,12312,2021-11-20T12:00:48
https://monngonmoingay.com/dau-hu-non-xot-cay/,Đậu hủ non xốt cay,2661,2021-11-19T12:00:57
https://monngonmoingay.com/hu-tieu-xao-so-huyet/,Hủ tiếu xào sò huyết,5252,2021-11-14T12:00:10
https://monngonmoingay.com/smoothies-tra-sua-dau/,Smoothies trà sữa dâu,92740,2021-11-13T12:00:36
https://monngonmoingay.com/banh-mi-nuong-toi/,Bánh mì nướng tỏi,2230,2021-11-12T12:00:16
https://monngonmoingay.com/com-chien-duong-chau/,Cơm chiên Dương Châu,13226,2021-11-07T12:00:37
https://monngonmoingay.com/banh-ran-nhan-khoai-lang/,Bánh rán nhân khoai lang,48504,2021-11-06T12:00:35
https://monngonmoingay.com/cha-lua-chay-kho-thom/,Chả lụa chay kho thơm,2486,2021-11-05T12:00:57
https://monngonmoingay.com/lau-xi-quach-kim-chi/,Lẩu xí quách kim chi,92120,2021-10-31T12:00:42
https://monngonmoingay.com/canh-ga-chien-nuoc-mam/,Cánh gà chiên nước mắm,5528,2021-10-30T12:00:05
https://monngonmoingay.com/suon-kho-cu-sen/,Sườn non kho củ sen,2778,2021-10-29T12:00:20
https://monngonmoingay.com/bun-gao-xao-long-nghe/,Bún gạo xào lòng nghệ,1656,2021-10-24T11:59:36
https://monngonmoingay.com/mang-tron-tom-thit/,Măng trộn tôm thịt,54118,2021-10-23T12:00:58
https://monngonmoingay.com/ca-cuon-tom-trung-cut/,Cá cuộn tôm trứng cút,47566,2021-10-22T12:00:42
https://monngonmoingay.com/chan-gio-om-sau/,Chân giò om sấu,85136,2021-08-27T11:00:54
https://monngonmoingay.com/banh-nep-nhan-so-diep/,Bánh nếp nhân sò điệp,85934,2021-08-22T12:00:17
https://monngonmoingay.com/pancake-hanh-nhan-dau-do/,Pancake hạnh nhân đậu đỏ,79760,2021-08-21T10:34:14
https://monngonmoingay.com/salad-trai-thom-mayo/,Salad trái thơm mayo,82944,2021-08-20T06:02:50
https://monngonmoingay.com/canh-gan-bo-chua-cay/,Canh gân bò chua cay,79387,2021-08-15T12:00:46
https://monngonmoingay.com/ga-hap-la-e/,Gà hấp lá é,80564,2021-08-14T12:00:04
https://monngonmoingay.com/dau-chien-tha-nuoc-tuong/,Đậu chiên thả nước tương,89535,2021-08-13T12:00:39
https://monngonmoingay.com/canh-cha-tom-chum-ngay/,Canh chả tôm chùm ngây,89445,2021-08-08T12:00:53
https://monngonmoingay.com/salad-muc-pho-tai-2/,Salad mực phổ tai,89426,2021-08-07T12:00:47
https://monngonmoingay.com/banh-ran-trung-pho-mai/,Bánh rán trứng phô mai,89418,2021-08-06T12:00:33
https://monngonmoingay.com/rau-cu-xao-dau-hu-xot-me/,Rau củ xào đậu hũ xốt mè,89310,2021-08-01T12:00:08
https://monngonmoingay.com/salad-mua-he/,Salad mùa hè,89303,2021-07-31T12:00:22
https://monngonmoingay.com/lau-bo-chua-cay/,Lẩu bò chua cay,89293,2021-07-30T12:00:01
https://monngonmoingay.com/ca-trung-cham-tuong-me/,Cá trứng chấm tương me,89174,2021-07-25T12:00:56
https://monngonmoingay.com/mi-can-kho-nam-chao-la-dua/,Mì căn kho nấm &#8211; Cháo lá dứa,89167,2021-07-24T12:00:51
https://monngonmoingay.com/muop-xao-dau-phong/,Mướp xào đậu phộng,89158,2021-07-23T12:00:58
https://monngonmoingay.com/tra-sua-hat-e-suong-sam/,Trà sữa hạt é sương sâm,88910,2021-07-18T12:00:15
https://monngonmoingay.com/banh-mi-kep-ca-chien-xu/,Bánh mì kẹp cá chiên xù,2220,2021-07-17T12:00:48
https://monngonmoingay.com/ca-hoi-nuong-tac-mat-ong/,Cá hồi nướng tắc mật ong,88891,2021-07-16T12:00:01
https://monngonmoingay.com/doi-oc-la-chuc/,Dồi ốc lá chúc,88755,2021-07-11T12:00:52
https://monngonmoingay.com/mang-tay-xao-tom-muc/,Măng tây xào tôm mực,88748,2021-07-10T12:00:33
https://monngonmoingay.com/luon-kho-ca-tim/,Lươn kho cà tím,88740,2021-07-09T12:00:45
https://monngonmoingay.com/canh-ga-la-me-non/,Canh gà lá me non,88582,2021-07-04T12:00:37
https://monngonmoingay.com/salad-bap-tom-2/,Salad bắp tôm,88575,2021-07-03T12:00:42
https://monngonmoingay.com/chan-ga-tiem-dau-den/,Chân gà tiềm đậu đen,88567,2021-07-02T12:00:21
https://monngonmoingay.com/sandwich-nuong-trung-xot-mayonnaise/,Sandwich nướng trứng xốt Mayonnaise,88329,2021-06-27T12:00:06
https://monngonmoingay.com/hoanh-thanh-bap-chien/,Hoành thánh bắp chiên,88322,2021-06-26T12:00:44
https://monngonmoingay.com/bun-quay/,Bún quậy,88314,2021-06-25T12:26:45
https://monngonmoingay.com/tom-thit-boc-trung-cut/,Tôm thịt bọc trứng cút,87977,2021-06-20T12:00:19
https://monngonmoingay.com/sup-thanh-cua-hat-chia/,Súp thanh cua hạt chia,87965,2021-06-19T12:00:20
https://monngonmoingay.com/banh-trung-pho-mai-rau-cu/,Bánh trứng phô mai rau củ,87955,2021-06-18T12:00:57
https://monngonmoingay.com/hoanh-thanh-hoa-hong/,Hoành thánh hoa hồng,87703,2021-06-13T12:00:29
https://monngonmoingay.com/cha-khoanh-hanh-tay/,Chả khoanh hành tây,87695,2021-06-12T12:00:24
https://monngonmoingay.com/vit-om-nuoc-tuong/,Vịt om nước tương,87685,2021-06-11T12:00:05
https://monngonmoingay.com/canh-dau-ca-bop/,Canh đầu cá bớp,87541,2021-06-06T12:00:32
https://monngonmoingay.com/salad-cau-vong-ngay-he/,Salad cầu vồng ngày hè,87534,2021-06-05T12:00:38
https://monngonmoingay.com/nui-xao-chay-thap-cam/,Nui xào chay thập cẩm,87513,2021-06-04T12:00:32
https://monngonmoingay.com/dau-cove-xao-tim-gan/,Đậu cove xào tim gan,87377,2021-05-30T12:00:27
https://monngonmoingay.com/pancake-sushi/,Pancake sushi,87370,2021-05-29T12:00:41
https://monngonmoingay.com/canh-ga-nam-mo-2/,Canh gà nấm mỡ,87342,2021-05-28T12:00:00
https://monngonmoingay.com/com-chien-thap-cam/,Cơm chiên thập cẩm,87055,2021-05-23T11:59:10
https://monngonmoingay.com/goi-coc-tai-heo/,Gỏi cóc tai heo,87048,2021-05-22T12:00:27
https://monngonmoingay.com/coi-so-diep-xao-hoa-thien-ly/,Cồi sò điệp xào hoa thiên lý,87040,2021-05-21T12:00:07
https://monngonmoingay.com/luoi-heo-tron-kieu-chua/,Lưỡi heo trộn kiệu chua,86903,2021-05-16T12:00:11
https://monngonmoingay.com/pancake-tom-pho-mai/,Pancake tôm phô mai,86838,2021-05-15T12:00:43
https://monngonmoingay.com/met-hai-san-cham-muoi-ngo-gai/,Mẹt hải sản chấm muối ngò gai,86830,2021-05-14T12:00:33
https://monngonmoingay.com/cha-gio-ca-chem/,Chả giò cá chẽm,86669,2021-05-09T12:00:24
https://monngonmoingay.com/bun-bo-gan/,Bún bò gân,86662,2021-05-08T12:00:16
https://monngonmoingay.com/rau-cu-xao-xot-chay/,Rau củ xào xốt chay,86654,2021-05-07T12:00:57
https://monngonmoingay.com/chao-hat-sen-nau-bo-vien/,Cháo hạt sen nấu bò viên,86416,2021-05-02T12:00:44
https://monngonmoingay.com/de-xao-tia-to-ca-bat/,Dê xào tía tô cà bát,86409,2021-05-01T12:00:55
https://monngonmoingay.com/heo-nuong-han-quoc/,Heo nướng Hàn Quốc,86401,2021-04-30T12:00:42
https://monngonmoingay.com/thit-bo-nuong-me-kieu-han-quoc/,Thịt bò nướng mè kiểu Hàn Quốc,86225,2021-04-25T12:00:12
https://monngonmoingay.com/goi-rau-mam-tom-muc/,Gỏi rau mầm tôm mực,86218,2021-04-24T12:00:20
https://monngonmoingay.com/cuon-cha-chay/,Cuốn chả chay,86210,2021-04-23T12:00:37
https://monngonmoingay.com/cha-com-tao-hinh/,Chả cốm tạo hình,85967,2021-04-18T12:00:30
https://monngonmoingay.com/ga-chien-xa-xi/,Gà chiên xá xị,85966,2021-04-17T12:00:53
https://monngonmoingay.com/salad-bi-do/,Salad bí đỏ,85965,2021-04-16T12:00:57
https://monngonmoingay.com/ba-roi-tam-trung-chien-gion/,Ba rọi tẩm trứng chiên giòn,85927,2021-04-10T22:36:44
https://monngonmoingay.com/ga-rim-ngu-vi/,Gà rim ngũ vị,85916,2021-04-09T21:06:36
https://monngonmoingay.com/canh-ga-chien-toi-la-chanh/,Cánh gà chiên tỏi lá chanh,85713,2021-04-04T12:00:17
https://monngonmoingay.com/tra-sua-gao-rang-thach-matcha/,Trà sữa gạo rang thạch matcha,85702,2021-04-03T12:00:37
https://monngonmoingay.com/hai-sam-xao-xot-cay/,Hải sâm xào xốt cay,85695,2021-04-02T12:00:25
https://monngonmoingay.com/bap-bo-om-gung-sa/,Bắp bò om gừng sả,85172,2021-03-28T11:00:28
https://monngonmoingay.com/muc-nhoi-tom-xot-tieu-xanh/,Mực nhồi tôm xốt tiêu xanh,85165,2021-03-27T11:00:32
https://monngonmoingay.com/oc-buou-xao-tieu-xanh/,Ốc bươu xào tiêu xanh,85156,2021-03-26T11:00:59
https://monngonmoingay.com/ca-chim-nuong-ot-xiem/,Cá chim nướng ớt xiêm,85148,2021-03-21T11:30:19
https://monngonmoingay.com/tom-chien-dua-xot-bac-ha/,Tôm chiên dừa xốt bạc hà,84989,2021-03-19T14:11:28
https://monngonmoingay.com/canh-ca-hanh-vi-thai/,Canh cá hanh vị Thái,84983,2021-03-14T23:25:55
https://monngonmoingay.com/tra-sua-royal-cookies/,Trà sữa royal cookies,84253,2021-03-13T09:18:35
https://monngonmoingay.com/rong-bien-cuon-nam-kim-cham/,Rong biển cuộn nấm kim châm,84974,2021-03-12T23:04:47
https://monngonmoingay.com/salad-ga-nuong/,Salad bơ gà nướng,84796,2021-03-07T23:19:15
https://monngonmoingay.com/suon-non-xao-chanh-sa/,Sườn non xào chanh sả,84788,2021-03-06T23:03:02
https://monngonmoingay.com/trung-long-dao-boc-thit/,Trứng lòng đào bọc thịt,84780,2021-03-05T22:52:39
https://monngonmoingay.com/canh-cu-sen-rong-bien/,Canh củ sen rong biển,84294,2021-02-28T06:03:02
https://monngonmoingay.com/banh-tom-he-chien-gion/,Bánh tôm hẹ chiên giòn,84286,2021-02-27T06:00:50
https://monngonmoingay.com/ca-chem-chien-hanh-nhan/,Cá chẽm chiên hạnh nhân,84278,2021-02-26T06:37:04
https://monngonmoingay.com/ga-xao-nam/,Gà xào nấm,84270,2021-02-21T09:41:18
https://monngonmoingay.com/banh-ran-thit-nguoi-pate/,Bánh rán thịt nguội pate,84261,2021-02-20T09:39:09
https://monngonmoingay.com/chuoi-dau-kho-tuong-sa/,Chuối đậu kho tương sả,84245,2021-02-19T09:14:34
https://monngonmoingay.com/salad-cam-ca-hoi/,Salad cam cá hồi,83847,2021-02-14T06:00:58
https://monngonmoingay.com/ca-chien-xoc-toi/,Cá chiên xóc tỏi,82984,2021-02-13T06:00:35
https://monngonmoingay.com/pancake-bo-bam/,Pancake bò bằm,82977,2021-02-12T06:00:14
https://monngonmoingay.com/pho-cuon-cha-chien/,Phở cuốn chả chiên,82966,2021-02-07T06:00:03
https://monngonmoingay.com/bi-do-hap-hat-sen/,Bí đỏ hấp hạt sen,82959,2021-02-06T06:00:08
https://monngonmoingay.com/canh-suon-mit-non-trai-va/,Canh sườn mít non trái vả,82951,2021-02-05T06:24:36
https://monngonmoingay.com/tai-heo-ngam-chua-ngot/,Tai heo ngâm chua ngọt,82929,2021-01-30T06:00:44
https://monngonmoingay.com/com-tim-ga-khia/,Cơm tím gà khìa,82937,2021-01-29T06:00:44
https://monngonmoingay.com/goi-cuon-chay-xot-dau-phong/,Gỏi cuốn chay xốt đậu phộng,82900,2021-01-24T06:00:40
https://monngonmoingay.com/ca-tim-kho-nam-thit-bam/,Cà tím kho nấm thịt băm,82893,2021-01-23T06:00:41
https://monngonmoingay.com/dua-chuot-ngam-giam/,Dưa chuột ngâm giấm,82884,2021-01-22T06:35:59
https://monngonmoingay.com/burger-cua-lot/,Burger cua lột,82875,2021-01-17T12:16:44
https://monngonmoingay.com/bun-ga-xao-sa/,Bún gà xáo sả,82868,2021-01-16T11:58:05
https://monngonmoingay.com/ca-dieu-hong-ngu-vi-nuong-xot-thom/,Cá điêu hồng ngũ vị nướng xốt thơm,82860,2021-01-15T11:47:54
https://monngonmoingay.com/nui-nau-bo-cay/,Nui nấu bò cay,82637,2021-01-10T11:39:48
https://monngonmoingay.com/ga-xot-mat-ong-mu-tat/,Gà xốt mật ong mù tạt,82629,2021-01-09T11:38:13
https://monngonmoingay.com/ca-keo-chien-xot-chanh-day/,Cá kèo chiên xốt chanh dây,82621,2021-01-08T11:18:43
https://monngonmoingay.com/ca-tre-kho-gung-nghe/,Cá trê kho gừng nghệ,82227,2021-01-03T16:28:38
https://monngonmoingay.com/banh-tom-chien-cu-san/,Bánh tôm chiên củ sắn,82218,2021-01-02T16:14:39
https://monngonmoingay.com/bun-thai/,Bún Thái,82210,2021-01-01T15:48:27
https://monngonmoingay.com/chao-nguu-bang-hai-san/,Cháo ngưu bàng hải sản,81832,2020-12-27T13:50:22
https://monngonmoingay.com/bap-cai-cuon-kho-chay/,Bắp cải cuộn kho chay,81825,2020-12-26T13:42:19
https://monngonmoingay.com/ca-dieu-hong-cuon-dua-kieu/,Cá điêu hồng cuộn dưa kiệu,81815,2020-12-25T11:49:14
https://monngonmoingay.com/salad-muc-ong-rong-bien/,Salad mực ống rong biển,81552,2020-12-20T14:25:19
https://monngonmoingay.com/banh-mi-thit-nuong-sa-mayo/,Bánh mì thịt nướng sả mayo,81544,2020-12-19T14:17:47
https://monngonmoingay.com/pancake-socola-giang-sinh/,Pancake socola giáng sinh,81536,2020-12-18T14:08:19
https://monngonmoingay.com/sandwich-kep-cha-tom/,Sandwich kẹp chả tôm,80580,2020-12-13T09:24:12
https://monngonmoingay.com/lau-ca-lang-bong-so-dua/,Lẩu cá lăng bông so đũa,80573,2020-12-12T09:16:00
https://monngonmoingay.com/canh-ca-bong-mu/,Canh cá bống mú,80056,2020-12-06T10:52:57
https://monngonmoingay.com/ga-xao-vi-thai/,Gà xào vị Thái,80045,2020-12-05T10:46:40
https://monngonmoingay.com/burger-ca-hoi/,Burger cá hồi,80033,2020-12-04T10:35:19
https://monngonmoingay.com/mi-efu-xao-nam-tra/,Mì EFU xào nấm trà,79751,2020-11-28T10:21:45
https://monngonmoingay.com/bau-xao-ngheu/,Bầu xào nghêu,79742,2020-11-27T10:06:00
https://monngonmoingay.com/lau-chao-ca-am-mien-bac/,Lẩu cháo cá ám miền bắc,79379,2020-11-21T14:03:40
https://monngonmoingay.com/cua-lot-chien-xot-thai/,Cua lột chiên xốt Thái,79370,2020-11-20T13:56:44
https://monngonmoingay.com/ga-chien-me-xot-chanh-muoi-mayo/,Gà chiên mè xốt chanh muối Mayo,79135,2020-11-15T17:13:04
https://monngonmoingay.com/canh-tom-rau-can-nuoc/,Canh tôm rau cần nước,79128,2020-11-14T11:55:37
https://monngonmoingay.com/goi-bon-mua/,Gỏi bốn mùa,79117,2020-11-13T11:55:59
https://monngonmoingay.com/banh-ca-khoai-tay/,Bánh cá khoai tây,79109,2020-11-08T16:20:13
https://monngonmoingay.com/bun-xao-cai-chua/,Bún xào cải chua,79100,2020-11-07T16:10:26
https://monngonmoingay.com/ruoc-chien-la-que/,Ruốc chiên lá quế,79089,2020-11-06T15:18:21
https://monngonmoingay.com/banh-ran-cam-mat-ong/,Bánh rán cam mật ong,78975,2020-11-01T10:38:19
https://monngonmoingay.com/canh-moc-bi-ngoi/,Canh mọc bí ngòi,78968,2020-10-31T10:30:30
https://monngonmoingay.com/nam-kho-to/,Nấm kho tộ,78960,2020-10-30T10:20:09
https://monngonmoingay.com/mi-efu-xao-xa-xiu/,Mì EFU xào xá xíu,78575,2020-10-25T11:55:52
https://monngonmoingay.com/bap-xao-trung-muoi/,Bắp xào trứng muối,78573,2020-10-24T11:55:56
https://monngonmoingay.com/salad-rong-nho-xot-cam/,Salad rong nho xốt cam,78571,2020-10-23T11:55:06
https://monngonmoingay.com/tra-sua-hoa-dau-biec/,Trà sữa hoa đậu biếc,78564,2020-10-18T08:54:16
https://monngonmoingay.com/than-heo-chien-gion-rau-que/,Thăn heo chiên giòn rau quế,78557,2020-10-17T08:46:03
https://monngonmoingay.com/cha-dum-de/,Chả đùm dê,78549,2020-10-16T08:34:22
https://monngonmoingay.com/bun-gao-xao-mayo/,Bún gạo xào mayo,78345,2020-10-11T20:23:19
https://monngonmoingay.com/lau-ga-com-me/,Lẩu gà cơm mẻ,78339,2020-10-10T20:05:46
https://monngonmoingay.com/tom-rim-thit-thom/,Tôm rim thịt thơm,78333,2020-10-09T11:52:11
https://monngonmoingay.com/com-chanh-an-do/,Cơm chanh ấn độ,77889,2020-10-04T12:33:53
https://monngonmoingay.com/ca-keo-nuong-muoi-ot/,Cá kèo nướng muối ớt,77883,2020-10-03T12:20:43
https://monngonmoingay.com/sup-mang-vit-chua-cay/,Súp măng vịt chua cay,77875,2020-10-02T12:05:36
https://monngonmoingay.com/ca-hoi-sake-chien-gion/,Cá hồi sake chiên giòn,77466,2020-09-27T15:15:52
https://monngonmoingay.com/canh-ca-ro-bong-sung/,Canh cá rô bông súng,77460,2020-09-27T15:09:18
https://monngonmoingay.com/sup-tom-mang-tay-vi-lau-thai/,Súp tôm măng tây vị lẩu Thái,77453,2020-09-25T11:55:17
https://monngonmoingay.com/banh-mi-que-xot-thit-cay-mayo/,Bánh mì que xốt thịt cay Mayo,77273,2020-09-20T20:51:00
https://monngonmoingay.com/ca-hap-tau-xi/,Cá hấp tàu xì,77265,2020-09-19T20:42:51
https://monngonmoingay.com/pancake-la-dua/,Pancake lá dứa,77258,2020-09-18T20:30:03
https://monngonmoingay.com/dau-hu-um-nuoc-cot-dua/,Đậu hũ um nước cốt dừa,76776,2020-09-13T11:55:59
https://monngonmoingay.com/luon-nuong-sa/,Lươn nướng sả,76768,2020-09-12T11:55:18
https://monngonmoingay.com/sup-hoanh-thanh/,Súp hoành thánh,76761,2020-09-11T11:55:02
https://monngonmoingay.com/jambon-cuon-thanh-cua/,Jambon cuộn thanh cua,76279,2020-09-06T11:55:01
https://monngonmoingay.com/cha-muc-banh-xe-chien-gion/,Chả mực bánh xe chiên giòn,76272,2020-09-05T11:55:39
https://monngonmoingay.com/pancake-nhan-tao/,Pancake nhân táo,76264,2020-09-04T11:51:22
https://monngonmoingay.com/cai-ngong-xao-nam/,Cải ngồng xào nấm,75640,2020-08-30T11:55:21
https://monngonmoingay.com/lau-ga-mac-khen/,Lẩu gà mắc khén,75634,2020-08-29T11:55:47
https://monngonmoingay.com/oc-xao-lan-la-cach/,Ốc xào lăn lá cách,75626,2020-08-27T11:55:04
https://monngonmoingay.com/hau-xao-bong-cai/,Hàu xào bông cải,75101,2020-08-23T11:55:09
https://monngonmoingay.com/ech-chien-bo-toi/,Ếch chiên bơ tỏi,75094,2020-08-22T11:55:22
https://monngonmoingay.com/tra-sua-thach-kem-hat-chia/,Trà sữa thạch kem hạt chia,75087,2020-08-21T11:55:37
https://monngonmoingay.com/bun-xao-hai-san/,Bún xào hải sản,74665,2020-08-16T11:55:45
https://monngonmoingay.com/so-long-nuong-bo-toi/,Sò lông nướng bơ tỏi,74659,2020-08-15T11:55:05
https://monngonmoingay.com/ga-kho-nam/,Gà kho nấm,74651,2020-08-14T11:55:27
https://monngonmoingay.com/canh-ca-dong-nau-khe/,Canh cá đồng nấu khế,73659,2020-08-09T11:55:09
https://monngonmoingay.com/sup-oc-heo-toc-tien/,Súp óc heo tóc tiên,73657,2020-08-08T11:55:04
https://monngonmoingay.com/ca-hoi-ap-chao-xot-tieu/,Cá hồi áp chảo xốt tiêu,73644,2020-08-07T11:55:15
https://monngonmoingay.com/cang-cua-chien-me-xot-mayo/,Càng cua chiên mè xốt Mayo,73752,2020-08-02T11:55:44
https://monngonmoingay.com/chao-dau-cha-bong-ca-hoi/,Cháo đậu chà bông cá hồi,73744,2020-08-01T11:55:51
https://monngonmoingay.com/lau-nam-tiem-cu-qua/,Lẩu nấm tiềm củ quả,73737,2020-07-31T11:55:06
https://monngonmoingay.com/canh-suon-nha-dam/,Canh sườn nha đam,73344,2020-07-26T11:55:35
https://monngonmoingay.com/suon-cuon-bacon-chien-me/,Sườn cuộn bacon chiên mè,73337,2020-07-25T11:51:15
https://monngonmoingay.com/hau-tron-mam-cai/,Hàu trộn mầm cải,73329,2020-07-24T11:43:27
https://monngonmoingay.com/ca-tai-tuong-chien-xot-sambal/,Cá tai tượng chiên xốt sambal,72820,2020-07-19T11:55:31
https://monngonmoingay.com/salad-tom-dau-hu/,Salad tôm đậu hũ,72814,2020-07-18T11:55:58
https://monngonmoingay.com/canh-ngheu-kim-chi-tia-to/,Canh nghêu kim chi tía tô,72807,2020-07-17T17:12:11
https://monngonmoingay.com/canh-nam-ga-la-giang/,Canh nấm gà lá giang,72491,2020-07-12T10:26:35
https://monngonmoingay.com/ga-nuong-lua-trai/,Gà nướng lửa trại,72484,2020-07-11T10:19:42
https://monngonmoingay.com/pancake-hai-mau-chuoi-socola/,Pancake hai màu chuối socola,72478,2020-07-10T10:12:36
https://monngonmoingay.com/ca-chien-xot-nam/,Cá chiên xốt nấm,72261,2020-07-05T08:59:50
https://monngonmoingay.com/sup-bat-tran-chay/,Súp bát trân chay,72255,2020-07-04T08:51:36
https://monngonmoingay.com/salad-thanh-long-chanh-day/,Salad thanh long chanh dây,72248,2020-07-03T08:42:32
https://monngonmoingay.com/banh-canh-vit/,Bánh canh vịt,72055,2020-06-28T11:58:40
https://monngonmoingay.com/cha-bo-chien/,Chả bò chiên,72049,2020-06-27T11:52:18
https://monngonmoingay.com/ca-ngu-dai-duong-luc-lac/,Cá ngừ đại dương lúc lắc,72042,2020-06-26T11:44:28
https://monngonmoingay.com/canh-hen-kim-chi/,Canh hến kim chi,71786,2020-06-21T16:57:54
https://monngonmoingay.com/ca-hoi-chien-xot-xoai/,Cá hồi chiên xốt xoài,71780,2020-06-20T16:50:40
https://monngonmoingay.com/salad-hoa-ly-tom-xa-xiu/,Salad hoa lý tôm xá xíu,71773,2020-06-19T16:40:56
https://monngonmoingay.com/canh-ca-chim-dua-muoi/,Canh cá chim dưa muối,71500,2020-06-14T13:55:49
https://monngonmoingay.com/cha-thit-heo-trung-muoi/,Chả thịt heo trứng muối,71492,2020-06-13T13:48:48
https://monngonmoingay.com/cha-tom-xien-que-nuong-me/,Chả tôm xiên que nướng mè,71485,2020-06-12T13:39:26
https://monngonmoingay.com/ca-hap-nguu-bang/,Cá hấp ngưu bàng,71193,2020-06-07T10:30:23
https://monngonmoingay.com/cha-gio-hau/,Chả giò hàu,71184,2020-06-06T10:24:25
https://monngonmoingay.com/dau-hu-ap-chao-sot-sambal/,Đậu hũ áp chảo xốt sambal,71176,2020-06-05T10:22:02
https://monngonmoingay.com/muc-que-chien-gion-xot-cam/,Mực que chiên giòn xốt cam,70818,2020-05-31T10:50:15
https://monngonmoingay.com/cai-thao-cuon-tom-ca/,Cải thảo cuộn tôm cá,70811,2020-05-30T10:43:31
https://monngonmoingay.com/pancake-thanh-long-do/,Pancake thanh long đỏ,70648,2020-05-29T11:55:20
https://monngonmoingay.com/suon-non-kho-chao/,Sườn non kho chao,70636,2020-05-28T10:46:48
https://monngonmoingay.com/canh-ga-bi-xanh/,Canh gà bí xanh,70642,2020-05-24T10:49:38
https://monngonmoingay.com/ca-tim-nuong-tom-chay-mo-he/,Cà tím nướng tôm cháy mỡ hẹ,70629,2020-05-22T10:28:51
https://monngonmoingay.com/canh-ga-quay-tam-sac/,Canh gà quay tam sắc,70626,2020-05-17T10:06:10
https://monngonmoingay.com/ca-kho-quet/,Cá kho quẹt,70507,2020-05-16T10:21:12
https://monngonmoingay.com/cha-tom-chien-mat-nguyet/,Chả tôm chiên mặt nguyệt,70498,2020-05-15T10:04:51
https://monngonmoingay.com/salad-muc-ong/,Salad mực ống,70028,2020-05-10T16:41:34
https://monngonmoingay.com/ot-chuong-hai-san-pho-mai/,Ớt chuông hải sản phô mai,70022,2020-05-09T16:33:55
https://monngonmoingay.com/ca-dua-mot-nang-chua-ngot/,Cá dứa một nắng chua ngọt,70016,2020-05-08T16:28:01
https://monngonmoingay.com/canh-suon-bi-do-rong-bien/,Canh sườn bí đỏ rong biển,70010,2020-05-03T16:16:11
https://monngonmoingay.com/dau-hu-cuon-chien-gion/,Đậu hũ cuộn chiên giòn,70003,2020-05-02T16:09:22
https://monngonmoingay.com/pho-san-xao-thap-cam/,Phở sắn xào thập cẩm,69995,2020-05-01T15:45:08
https://monngonmoingay.com/ech-khoi-lua/,Ếch khói lửa,69989,2020-04-26T15:37:09
https://monngonmoingay.com/canh-tom-vien-nam-mong-toi/,Canh tôm nấm mồng tơi,69983,2020-04-25T15:29:54
https://monngonmoingay.com/banh-xeo-hai-san/,Bánh xèo hải sản,69976,2020-04-24T15:20:21
https://monngonmoingay.com/bap-bo-xot-pate-cham-muoi-tac/,Bắp bò xốt pate chấm muối tắc,69222,2020-04-19T14:40:33
https://monngonmoingay.com/pancake-dau-xanh-cot-dua/,Pancake đậu xanh cốt dừa,69214,2020-04-18T13:34:46
https://monngonmoingay.com/salad-bo-dua-kieu/,Salad bò dưa kiệu,69101,2020-04-17T14:08:06
https://monngonmoingay.com/canh-chan-nam-tao-do/,Canh chân nấm táo đỏ,69094,2020-04-12T13:59:12
https://monngonmoingay.com/pancake-dua-hanh-nhan/,Pancake dứa hạnh nhân,69088,2020-04-11T13:36:52
https://monngonmoingay.com/canh-ga-xao-ot-xiem/,Cánh gà xào ớt xiêm,69080,2020-04-10T12:22:15
https://monngonmoingay.com/ca-chep-nau-rieng-me/,Cá chép nấu riềng mẻ,68467,2020-04-05T14:50:11
https://monngonmoingay.com/com-gao-lut-hat-sen/,Cơm gạo lứt hạt sen,68459,2020-04-04T14:42:32
https://monngonmoingay.com/cha-ca-thac-lac-boc-cu-qua-chien/,Chả cá thác lác bọc củ quả chiên,68453,2020-04-03T14:35:08
https://monngonmoingay.com/dau-bap-nhoi-chien-gion/,Đậu bắp nhồi chiên giòn,68175,2020-03-28T10:22:31
https://monngonmoingay.com/ga-cuon-xuc-xich-kho/,Gà cuộn xúc xích khô,68168,2020-03-27T10:13:42
https://monngonmoingay.com/canh-bach-qua-bi-do/,Canh bạch quả bí đỏ,68162,2020-03-27T09:59:32
https://monngonmoingay.com/cu-hu-dua-xao-ba-chi/,Củ hũ dừa xào ba chỉ,67877,2020-03-22T08:35:06
https://monngonmoingay.com/dau-hu-xao-lan/,Đậu hũ xào lăn,67871,2020-03-21T08:29:08
https://monngonmoingay.com/ca-cuon-jambon-chien/,Cá cuộn Jambon chiên,67864,2020-03-20T08:22:04
https://monngonmoingay.com/ga-ta-kho-rieng-sa/,Gà ta kho riềng sả,67858,2020-03-15T08:16:19
https://monngonmoingay.com/sup-nam-hai-san-chua-cay/,Súp nấm hải sản chua cay,67852,2020-03-14T08:10:09
https://monngonmoingay.com/ca-huong-chien-sa-nghe/,Cá hường chiên sả nghệ,67845,2020-03-13T07:52:00
https://monngonmoingay.com/canh-bong-cuon-bi-ngoi/,Canh bóng cuộn bí ngòi,67285,2020-03-08T08:49:57
https://monngonmoingay.com/salad-cai-mam-tom-chien/,Salad cải mầm tôm chiên,67279,2020-03-07T08:43:35
https://monngonmoingay.com/dau-hu-hap-nam-nhat/,Đậu hũ hấp nấm Nhật,67272,2020-03-06T08:35:47
https://monngonmoingay.com/com-gao-lut-tron/,Cơm gạo lứt trộn,66898,2020-03-01T08:58:10
https://monngonmoingay.com/lau-ech-la-lot/,Lẩu ếch lá lốt,66892,2020-02-29T08:45:44
https://monngonmoingay.com/ba-chi-xien-que-chien-gion/,Ba chỉ xiên que chiên giòn,66885,2020-02-28T08:20:48
https://monngonmoingay.com/canh-cua-cha-ca/,Canh cua chả cá,66630,2020-02-23T08:50:24
https://monngonmoingay.com/ga-nuong-co-xa-huong/,Gà nướng cỏ xạ hương,66624,2020-02-22T08:44:07
https://monngonmoingay.com/pancake-khoai-lang-mat-ong/,Pancake khoai lang mật ong,66617,2020-02-21T11:35:54
https://monngonmoingay.com/salad-so-diep-chien-gion/,Salad sò điệp chiên giòn,66344,2020-02-16T08:27:12
https://monngonmoingay.com/vit-nuong-noi-dat/,Vịt nướng nồi đất,66336,2020-02-15T11:55:31
https://monngonmoingay.com/ca-cam-phu-tuyet/,Cá cam phủ tuyết,66103,2020-02-14T11:55:16
https://monngonmoingay.com/tom-chien-xien-sa-trai-tim/,Tôm chiên xiên sả trái tim,66047,2020-02-09T11:55:45
https://monngonmoingay.com/gan-chien-chay-toi/,Gan chiên cháy tỏi,66041,2020-02-08T11:43:16
https://monngonmoingay.com/banh-qui-me-den/,Bánh qui mè đen,66033,2020-02-07T11:55:30
https://monngonmoingay.com/pancake-tiramisu/,PANCAKE TIRAMISU,65212,2020-02-02T12:00:07
https://monngonmoingay.com/salad-dau-hu-chien/,Salad đậu hũ chiên,65206,2020-02-01T12:00:53
https://monngonmoingay.com/lau-ta-pi-lu/,Lẩu tả pí lù,65198,2020-01-31T12:00:05
https://monngonmoingay.com/lau-sua-dau-nanh-hai-san/,Lẩu sữa đậu nành hải sản,65192,2020-01-26T12:00:24
https://monngonmoingay.com/ga-hap-rieng-sa/,Gà hấp riềng sả,65186,2020-01-25T12:00:45
https://monngonmoingay.com/mi-can-xao-bap-non/,Mì căn xào bắp non,65178,2020-01-24T12:00:35
https://monngonmoingay.com/goi-ga-nuong-trai-dua/,Gỏi gà nướng trái dừa,65064,2020-01-19T16:43:40
https://monngonmoingay.com/dau-hu-thit-cua-vien-chien/,Đậu hũ thịt cua viên chiên,65056,2020-01-18T16:24:04
https://monngonmoingay.com/lau-ca-hoi-chanh-day/,Lẩu cá hồi chanh dây,64752,2020-01-17T11:55:01
https://monngonmoingay.com/bo-ap-chao-ban-gang/,Bò áp chảo bản gang,64745,2020-01-12T16:11:50
https://monngonmoingay.com/canh-ga-kho-bap-non/,Cánh gà kho bắp non,64739,2020-01-11T16:05:37
https://monngonmoingay.com/com-gao-lut-bi-do-hap/,Cơm gạo lứt bí đỏ hấp,64732,2020-01-10T15:32:46
https://monngonmoingay.com/nam-mo-khia-nuoc-dua/,Nấm mỡ khìa nước dừa,64437,2020-01-05T23:08:56
https://monngonmoingay.com/cat-xao-khoai-tay/,Cật xào khoai tây,64426,2020-01-04T19:18:14
https://monngonmoingay.com/pancake-danh-danh/,Pancake dành dành,64417,2020-01-03T19:01:14
https://monngonmoingay.com/heo-xien-que-nuong-mac-khen/,Heo xiên que nướng mắc khén,64046,2019-12-30T09:57:38
https://monngonmoingay.com/lau-rieu-bap-bo/,Lẩu riêu bắp bò,64040,2019-12-28T09:45:08
https://monngonmoingay.com/pancake-bap/,Pancake bắp,64032,2019-12-27T09:35:10
https://monngonmoingay.com/lau-ca-khoai-chua-cay/,Lẩu cá khoai chua cay,63789,2019-12-22T08:41:57
https://monngonmoingay.com/pizza-hai-san/,Pizza hải sản,63783,2019-12-21T08:34:00
https://monngonmoingay.com/be-xao-dot-su/,Bê xào đọt su,63775,2019-12-20T08:27:24
https://monngonmoingay.com/moc-cua-chien-gion-xot-mayonnaise/,Mọc cua chiên giòn xốt mayonnaise,63565,2019-12-15T10:49:57
https://monngonmoingay.com/thit-ba-chi-rim-chanh-sa/,Thịt ba chỉ rim chanh sả,63559,2019-12-14T10:43:20
https://monngonmoingay.com/ga-chien-sa-la-chanh/,Gà chiên sả lá chanh,63551,2019-12-13T10:32:12
https://monngonmoingay.com/ca-dua-chien-gion-xot-chanh-day/,Cá dứa chiên giòn &#8211; xốt chanh dây,63103,2019-12-08T16:21:03
https://monngonmoingay.com/suon-chay-kho-dau-hu/,Sườn chay kho đậu hũ,63097,2019-12-07T16:14:49
https://monngonmoingay.com/canh-ga-huong-vi-thai/,Canh gà hương vị thái,63090,2019-12-06T16:06:53
https://monngonmoingay.com/goi-kho-qua-ca-kho/,Gỏi khổ qua cá khô,62763,2019-12-01T11:30:21
https://monngonmoingay.com/ga-cuon-bacon-chien-la-huong-thao/,Gà cuộn bacon chiên lá hương thảo,62758,2019-11-30T11:55:16
https://monngonmoingay.com/canh-ngo-mon-tom-thit/,Canh ngó môn tôm thịt,62635,2019-11-29T14:11:22
https://monngonmoingay.com/gan-bo-xao-thom-ca/,Gan bò xào thơm cà,62357,2019-11-24T11:55:45
https://monngonmoingay.com/tau-hu-ky-xao-nam/,Tàu hũ ky xào nấm,62352,2019-11-23T11:55:25
https://monngonmoingay.com/chao-nam-ga-tron-e-tia/,Cháo nấm &#8211; Gà trộn é tía,62346,2019-11-22T11:57:58
https://monngonmoingay.com/goi-ech-coc-xanh/,Gỏi ếch cóc xanh,62134,2019-11-17T11:55:58
https://monngonmoingay.com/ca-ro-phi-kho-lat/,Cá rô phi kho lạt,62293,2019-11-16T11:55:42
https://monngonmoingay.com/pancake-pho-mai-chanh/,Pancake phô mai chanh,62091,2019-11-15T11:57:10
https://monngonmoingay.com/tom-chien-canh-buom/,Tôm chiên cánh bướm,61774,2019-11-10T11:55:22
https://monngonmoingay.com/banh-bao-tao-hinh/,Bánh bao tạo hình,61766,2019-11-09T15:01:01
https://monngonmoingay.com/tau-hu-ky-cuon-ngu-sac/,Tàu hũ ky cuốn ngũ sắc,61723,2019-11-08T11:55:40
https://monngonmoingay.com/mi-cay/,Mì cay,61510,2019-11-03T23:40:29
https://monngonmoingay.com/canh-tom-la-ot/,Canh tôm lá ớt,61504,2019-11-02T23:28:56
https://monngonmoingay.com/nam-dui-ga-hap-cai-xanh/,Nấm đùi gà hấp cải xanh,61497,2019-11-01T23:18:44
https://monngonmoingay.com/goi-dua-leo-kho-ca-com/,Gỏi dưa leo khô cá cơm,60634,2019-10-27T11:55:35
https://monngonmoingay.com/xoi-ga-nuong/,Xôi gà nướng,60629,2019-10-26T11:55:11
https://monngonmoingay.com/pancake-xot-bi-do-pho-mai/,Pancake xốt bí đỏ phô mai,60624,2019-10-25T11:56:51
https://monngonmoingay.com/ca-tim-xao-tom-thit/,Cà tím xào tôm thịt,60619,2019-10-20T11:55:01
https://monngonmoingay.com/salad-rong-nho-ca-hoi/,Salad rong nho cá hồi,60613,2019-10-19T11:55:06
https://monngonmoingay.com/sup-tomyum-hai-san/,Súp tomyum hải sản,60606,2019-10-18T11:55:37
https://monngonmoingay.com/goi-ga-dua-leo/,Gỏi gà dưa leo,60600,2019-10-13T11:55:03
https://monngonmoingay.com/banh-xeo-nam-moi-chay/,Bánh xèo nấm mối chay,60593,2019-10-12T11:55:23
https://monngonmoingay.com/cha-tom-la-chuc/,Chả tôm lá chúc,60455,2019-10-11T11:55:45
https://monngonmoingay.com/salad-tom-lanh/,Salad tôm lạnh,60397,2019-10-06T15:58:33
https://monngonmoingay.com/bach-tuoc-nhung-la-me/,Bạch tuộc nhúng lá me,60392,2019-10-05T11:55:19
https://monngonmoingay.com/ca-bop-chien-gion-xot-man/,Cá bớp chiên giòn xốt mận,60384,2019-10-04T09:00:31
https://monngonmoingay.com/dau-hu-croquette/,Đậu hũ Croquette,60036,2019-09-29T11:55:59
https://monngonmoingay.com/tom-muc-xao-rau-nhut/,Tôm mực xào rau nhút,60031,2019-09-28T11:55:19
https://monngonmoingay.com/muc-trung-nuong-mo-hanh/,Mực trứng nướng mỡ hành,60026,2019-09-27T11:55:03
https://monngonmoingay.com/suon-kho-bap-non/,Sườn kho bắp non,59730,2019-09-22T11:55:19
https://monngonmoingay.com/bo-chien-mot-nang/,Bò chiên một nắng,59725,2019-09-21T16:15:21
https://monngonmoingay.com/salad-xanh/,Salad xanh,59720,2019-09-20T16:00:05
https://monngonmoingay.com/hoanh-thanh-hai-san-chien-gion/,Hoành thánh hải sản chiên giòn,59397,2019-09-15T11:55:44
https://monngonmoingay.com/khoai-tay-chien-bo-nuong/,Khoai tây chiên bò nướng,59390,2019-09-14T11:55:35
https://monngonmoingay.com/pancake-sau-rieng/,Pancake sầu riêng,59359,2019-09-13T16:05:26
https://monngonmoingay.com/banh-bach-tuoc-takoyaki/,Bánh bạch tuộc Takoyaki,59097,2019-09-08T11:55:13
https://monngonmoingay.com/bo-ping-pong/,Bò ping pong,59091,2019-09-07T11:55:21
https://monngonmoingay.com/tau-hu-ky-rim-nam/,Tàu hủ ky rim nấm,59085,2019-09-06T17:07:53
https://monngonmoingay.com/lau-suon-chua-cay/,Lẩu sườn chua cay,58773,2019-09-01T15:35:55
https://monngonmoingay.com/mam-kho/,Mắm kho,58768,2019-08-31T15:23:35
https://monngonmoingay.com/ca-nuong-thao-moc/,Cá nướng thảo mộc,58761,2019-08-30T15:13:36
https://monngonmoingay.com/kho-qua-xao-cha-ca/,Khổ qua xào chả cá,58290,2019-08-25T11:55:47
https://monngonmoingay.com/salad-thit-hun-khoi-trung-cut/,Salad thịt hun khói trứng cút,58284,2019-08-24T11:55:56
https://monngonmoingay.com/oc-mong-tay-nuong-chanh-sa/,Ốc móng tay nướng chanh sả,58276,2019-08-23T11:55:12
https://monngonmoingay.com/mien-xao-gia-dau-nanh/,Miến xào giá đậu nành,58017,2019-08-18T11:55:40
https://monngonmoingay.com/ca-chem-xot-kem-chanh/,Cá chẽm xốt kem chanh,58012,2019-08-17T11:55:18
https://monngonmoingay.com/canh-chua-cu-hu-dua-tom-dat/,Canh chua củ hủ dừa tôm đất,57978,2019-08-16T11:55:32
https://monngonmoingay.com/cai-ro-xot-me-dau-hu/,Cải rổ xốt mè đậu hũ,57810,2019-08-11T11:55:41
https://monngonmoingay.com/nam-dui-ga-hap-tia-to/,Nấm đùi gà hấp tía tô,57805,2019-08-10T11:55:01
https://monngonmoingay.com/banh-cha-cu-san-chay/,Bánh chả củ sắn chay,57800,2019-08-09T11:55:22
https://monngonmoingay.com/sup-phong-tom-hai-san/,Súp phồng tôm hải sản,57433,2019-08-04T11:55:18
https://monngonmoingay.com/pancake-socola-tra-xanh/,Pancake socola trà xanh,57426,2019-08-03T11:55:02
https://monngonmoingay.com/ca-hoi-ngam-chua/,Cá hồi ngâm chua,57421,2019-08-02T11:55:00
https://monngonmoingay.com/canh-ngheu-mang-le-vi-lau-thai/,Canh nghêu măng le vị lẩu thái,56950,2019-07-28T11:55:32
https://monngonmoingay.com/dui-ga-nuong-ruou/,Đùi gà nướng rượu,56945,2019-07-27T11:56:47
https://monngonmoingay.com/heo-nuong-mo-he/,Heo nướng mỡ hẹ,56939,2019-07-26T11:55:31
https://monngonmoingay.com/sun-heo-xao-thom/,Sụn heo xào thơm,56933,2019-07-21T11:55:26
https://monngonmoingay.com/salad-hoa-thien-ly-thit-bo/,Salad hoa thiên lý thịt bò,56925,2019-07-20T11:55:57
https://monngonmoingay.com/banh-bau/,Bánh bầu,56920,2019-07-19T11:55:53
https://monngonmoingay.com/mit-non-om-chao-do/,Mít non om chao đỏ,56701,2019-07-14T11:55:43
https://monngonmoingay.com/salad-nam-linh-chi/,Salad nấm linh chi,56696,2019-07-13T11:55:30
https://monngonmoingay.com/banh-pancake-sinh-nhat-sac-mau/,Bánh pancake sinh nhật sắc màu,56691,2019-07-12T11:59:51
https://monngonmoingay.com/chim-cut-chien-mam-me/,Chim cút chiên mắm me,56413,2019-07-07T11:55:09
https://monngonmoingay.com/oc-xao-thom/,Ốc xào thơm,56408,2019-07-06T11:57:47
https://monngonmoingay.com/cha-gio-hai-san-pho-mai/,Chả giò hải sản phô mai,56403,2019-07-05T11:55:03
https://monngonmoingay.com/sup-nui-nha-dam-tom-tha/,Súp nui nha đam tôm thả,56190,2019-06-30T11:55:09
https://monngonmoingay.com/salad-trai-cay-nhiet-doi/,Salad trái cây nhiệt đới,56186,2019-06-29T11:55:15
https://monngonmoingay.com/ca-cam-chien-gion-la-que/,Cá cam chiên giòn lá quế,56180,2019-06-28T11:55:02
https://monngonmoingay.com/khoai-tay-xao-thach-konyaku/,Khoai tây xào thạch Konnyaku,55953,2019-06-23T12:00:17
https://monngonmoingay.com/dau-bap-xao-hai-san/,Đậu bắp xào hải sản,55948,2019-06-22T12:00:47
https://monngonmoingay.com/salad-dua-le/,Salad dưa lê,55943,2019-06-21T12:00:02
https://monngonmoingay.com/bao-tu-ca-basa-chien-xot-me/,Bao tử cá basa chiên xốt me,55903,2019-06-16T12:00:59
https://monngonmoingay.com/burger-trung-ga-ap-chao/,Burger trứng gà áp chảo,55897,2019-06-15T12:00:18
https://monngonmoingay.com/thit-gio-heo-kho-cu-cai/,Thịt giò heo kho củ cải,55592,2019-06-15T12:00:05
https://monngonmoingay.com/cuon-rong-bien-dau-hu/,Cuốn rong biển đậu hũ,55890,2019-06-14T12:00:01
https://monngonmoingay.com/pancake-tra-sua-tran-chau/,Pancake trà sữa trân châu,55602,2019-06-09T12:00:41
https://monngonmoingay.com/ca-nuong-pa-pinh-top/,Cá nướng Pa Pỉnh Tộp,55597,2019-06-08T12:00:31
https://monngonmoingay.com/vit-om-ot-xanh-hoa-chuoi/,Vịt om ớt xanh hoa chuối,55340,2019-06-02T11:55:31
https://monngonmoingay.com/canh-chua-ca-keo-bong-so-dua/,Canh chua cá kèo bông so đũa,55334,2019-06-01T11:55:32
https://monngonmoingay.com/bi-ngoi-hap-cha-chay/,Bí ngòi hấp chả chay,55329,2019-05-31T12:00:56
https://monngonmoingay.com/duong-khoai-lang-cot-dua/,Đuông khoai lang cốt dừa,55157,2019-05-26T12:00:53
https://monngonmoingay.com/pancake-pho-mai-mo/,Pancake phô mai mơ,55152,2019-05-25T11:55:19
https://monngonmoingay.com/muop-huong-nhoi-tom-hap/,Mướp hương nhồi tôm hấp,55124,2019-05-24T14:45:09
https://monngonmoingay.com/lau-ca-chinh/,Lẩu cá chình,54944,2019-05-19T11:55:36
https://monngonmoingay.com/cha-thit-la-lot/,Chả thịt lá lốt,54941,2019-05-18T11:55:27
https://monngonmoingay.com/com-tam-suon-chay/,Cơm tấm sườn chay,54936,2019-05-17T11:55:59
https://monngonmoingay.com/pancake-trung-muoi-cha-bong/,Pancake trứng muối chà bông,54728,2019-05-12T11:55:21
https://monngonmoingay.com/ca-chach-chien-la-que/,Cá chạch chiên lá quế,54722,2019-05-11T11:55:04
https://monngonmoingay.com/canh-cai-cau-vong-nau-cua/,Canh cải cầu vồng nấu cua,54716,2019-05-10T12:13:42
https://monngonmoingay.com/nam-chien-gion-xot-chanh-day/,Nấm chiên giòn xốt chanh dây,54508,2019-05-05T11:55:36
https://monngonmoingay.com/canh-ga-la-que/,Canh gà lá quế,54503,2019-05-04T11:55:05
https://monngonmoingay.com/lau-ngheu-so-oc-hen/,Lẩu nghêu sò ốc hến,54498,2019-05-03T08:58:27
https://monngonmoingay.com/cu-sen-kep-cha-ca-basa/,Củ sen kẹp chả cá basa,54306,2019-04-28T11:55:20
https://monngonmoingay.com/lau-bach-tuoc/,Lẩu bạch tuộc,54298,2019-04-27T11:55:05
https://monngonmoingay.com/thit-nuong-xi-muoi/,Thịt nướng xí muội,54295,2019-04-26T11:55:34
https://monngonmoingay.com/bau-xao-gio-thu/,Bầu xào giò thủ,54244,2019-04-21T11:55:57
https://monngonmoingay.com/goi-gan-bo-trung-muoi/,Gỏi gân bò trứng muối,54239,2019-04-20T11:55:32
https://monngonmoingay.com/banh-pancake-hat-de-cuoi/,Bánh pancake hạt dẻ cười,54234,2019-04-19T08:52:00
https://monngonmoingay.com/sup-gao-lut-toc-tien/,Súp gạo lứt tóc tiên,54200,2019-04-14T11:55:13
https://monngonmoingay.com/tom-bao-moc-chien-gion/,Tôm bao mọc chiên giòn,54195,2019-04-13T11:55:28
https://monngonmoingay.com/tram-trung-tien-vua/,Trăm trứng tiến vua,54190,2019-04-12T09:08:01
https://monngonmoingay.com/than-heo-chien-gion/,Thăn heo chiên giòn,54067,2019-04-07T11:55:55
https://monngonmoingay.com/ga-hon-dau-phong-rang/,Gà hon đậu phộng,54059,2019-04-06T11:55:22
https://monngonmoingay.com/bun-thit-heo-xien-sa-nuong/,Bún thịt heo xiên sả nướng,54056,2019-04-05T10:05:17
https://monngonmoingay.com/banh-ran-kep-pate-thit-xong-khoi/,Bánh rán kẹp pate thịt xông khói,53948,2019-03-31T11:58:20
https://monngonmoingay.com/suon-non-rim-cu-nen/,Sườn non rim củ nén,53943,2019-03-30T11:58:06
https://monngonmoingay.com/cuon-la-lot-thit-ech/,Cuốn lá lốt thịt ếch,53938,2019-03-29T11:58:11
https://monngonmoingay.com/gan-kho-to/,Gan kho tộ,53851,2019-03-24T11:55:11
https://monngonmoingay.com/ba-chi-chien-gion-mam-thom/,Ba chỉ chiên giòn &#8211; mắm thơm,53846,2019-03-23T11:55:36
https://monngonmoingay.com/tom-rang-cu-nen-hung-chanh/,Tôm rang củ nén húng chanh,53841,2019-03-22T20:42:18
https://monngonmoingay.com/canh-mang-suon-la-giang/,Canh măng sườn lá giang,53788,2019-03-17T11:56:24
https://monngonmoingay.com/dau-hu-nhoi-tom-chien/,Đậu hũ nhồi tôm chiên,53781,2019-03-16T11:59:01
https://monngonmoingay.com/xiu-mai-chay/,Xíu mại chay,53776,2019-03-15T11:57:14
https://monngonmoingay.com/suon-xoc-toi/,Sườn xóc tỏi,53688,2019-03-10T11:55:07
https://monngonmoingay.com/bacon-xao-bong-cai-mang-tay/,Bacon xào bông cải măng tây,53683,2019-03-09T11:55:36
https://monngonmoingay.com/tra-sua-tran-chau-duong-den/,Trà sữa trân châu đường đen,53677,2019-03-08T12:19:23
https://monngonmoingay.com/mi-tau-hu-ca-hoi/,Mì tàu hũ cá hồi,53524,2019-03-03T11:55:06
https://monngonmoingay.com/pancake-custard-trung/,Pancake Custard Trứng,53519,2019-03-02T11:55:58
https://monngonmoingay.com/pho-bo-bap-hoa/,Phở bò bắp hoa,53514,2019-03-01T11:55:45
https://monngonmoingay.com/salad-hat-chia/,Salad hạt chia,53262,2019-02-24T11:55:35
https://monngonmoingay.com/goi-cu-hu-dua-bao-tu/,Gỏi củ hủ dừa bao tử,53257,2019-02-23T11:55:25
https://monngonmoingay.com/nguu-bang-xao-hai-san/,Ngưu bàng xào hải sản,53252,2019-02-22T11:55:41
https://monngonmoingay.com/lau-nhung-chay/,Lẩu nhúng chay,52694,2019-02-17T11:55:18
https://monngonmoingay.com/che-ba-ba/,Chè bà ba,52689,2019-02-16T11:55:48
https://monngonmoingay.com/chuoi-chien-xot-dau-tay/,Chuối chiên xốt dâu tây,52684,2019-02-15T11:55:47
https://monngonmoingay.com/gyoza-ca-hoi-ha-cao-nhat-ban/,Gyoza cá hồi &#8211; Há cảo Nhật Bản,52679,2019-02-10T11:55:18
https://monngonmoingay.com/oc-mo-xao-me/,Ốc mỡ xào me,52674,2019-02-09T11:55:23
https://monngonmoingay.com/salad-cua-thanh/,Salad cua thanh,52668,2019-02-08T11:55:48
https://monngonmoingay.com/ga-xao-xot-tao/,Gà xào xốt táo,52553,2019-02-03T11:55:07
https://monngonmoingay.com/tet-3-mien-mien-nam-cai-be-xanh-cuon-cu-hu-dua/,TẾT 3 MIỀN &#8211; Miền Nam: Cải bẹ xanh cuốn củ hủ dừa,52542,2019-02-02T12:04:14
https://monngonmoingay.com/tet-3-mien-mien-trung-cuon-nem-chua-mi-can/,TẾT 3 MIỀN &#8211; Miền Trung: Cuốn nem chua mì căn,52541,2019-02-02T11:55:44
https://monngonmoingay.com/tet-3-mien-mien-bac-cuon-dau-mo-su-hao/,TẾT 3 MIỀN &#8211; Miền Bắc: Cuốn đậu mơ su hào,52538,2019-02-02T11:55:00
https://monngonmoingay.com/salad-rong-sun-trung-muoi/,Salad rong sụn trứng muối,52510,2019-02-01T11:55:56
https://monngonmoingay.com/ca-trung-chien-xot-trung-muoi/,Cá trứng chiên xốt trứng muối,52234,2019-01-27T11:55:01
https://monngonmoingay.com/chan-ga-sa-tac/,Chân gà sả tắc,52229,2019-01-26T11:55:17
https://monngonmoingay.com/hoanh-thanh-chay-ap-chao/,Hoành thánh chay áp chảo,52224,2019-01-25T11:55:37
https://monngonmoingay.com/muc-lui-sa-nuong/,Mực lụi sả nướng,52071,2019-01-20T11:55:17
https://monngonmoingay.com/canh-tom-moc-hat-sen/,Canh tôm mọc hạt sen,52063,2019-01-19T11:55:56
https://monngonmoingay.com/cuon-tau-hu-ky-xot-ro-ti/,Cuốn tàu hũ ky xốt rô ti,52058,2019-01-18T11:55:30
https://monngonmoingay.com/ca-la-lot-chien-me/,Cá lá lốt chiên mè,51938,2019-01-13T11:55:45
https://monngonmoingay.com/lau-tom-cang/,Lẩu tôm càng,51933,2019-01-12T11:55:38
https://monngonmoingay.com/canh-ga-mang-chua-la-giang/,Canh gà măng chua lá giang,51927,2019-01-11T11:55:54
https://monngonmoingay.com/pancake-nhan-dua/,Pancake nhân dừa,51865,2019-01-06T11:55:23
https://monngonmoingay.com/ram-hen/,Ram hến,51859,2019-01-05T11:55:58
https://monngonmoingay.com/suon-sun-om-hanh-phi/,Sườn sụn om hành phi,51853,2019-01-04T11:55:07
https://monngonmoingay.com/goi-rau-ma-tom-kho-chien-gion/,Gỏi rau má tôm khô chiên giòn,51807,2018-12-30T11:55:25
https://monngonmoingay.com/canh-chum-ngay-suon-non/,Canh chùm ngây sườn non,51802,2018-12-29T11:55:00
https://monngonmoingay.com/pancake-chuoi-xuc-xich/,Pancake chuối xúc xích,51794,2018-12-28T11:55:03
https://monngonmoingay.com/banh-ran-giang-sinh/,Bánh rán giáng sinh,51737,2018-12-23T11:55:57
https://monngonmoingay.com/nam-xao-bi-ngoi/,Nấm xào bí ngòi,51732,2018-12-22T11:55:39
https://monngonmoingay.com/nam-xot-tieu-xanh/,Nấm xốt tiêu xanh,51726,2018-12-21T13:15:24
https://monngonmoingay.com/vien-cha-muc-chien-gion/,Viên chả mực chiên giòn,51692,2018-12-16T11:55:09
https://monngonmoingay.com/vit-om-dua-cai-khoai-so/,Vịt om dưa cải khoai sọ,51687,2018-12-15T11:55:25
https://monngonmoingay.com/ca-chien-bong-dien-dien/,Cá chiên bông điên điển,51682,2018-12-14T11:55:22
https://monngonmoingay.com/chao-hat-sen-bach-qua/,Cháo hạt sen bạch quả,1997,2018-12-10T18:35:49
https://monngonmoingay.com/dui-ech-nuong-la-cach/,Đùi ếch nướng lá cách,51653,2018-12-09T11:55:49
https://monngonmoingay.com/cha-cua-nam-huong/,Chả cua nấm hương,51648,2018-12-08T11:55:04
https://monngonmoingay.com/sup-khoai-bap-tom/,Súp khoai bắp tôm,51643,2018-12-07T11:55:55
https://monngonmoingay.com/ca-loc-chien-mam-sa/,Cá lóc chiên mắm sả,51571,2018-12-02T11:55:48
https://monngonmoingay.com/lau-muc-nam/,Lẩu mực nấm,51566,2018-12-01T11:55:55
https://monngonmoingay.com/canh-bun-suon-rieu-cua/,Canh bún sườn riêu cua,51557,2018-11-30T12:36:07
https://monngonmoingay.com/lau-bau-cua/,Lẩu bầu cua,51532,2018-11-25T11:55:41
https://monngonmoingay.com/nuoc-ep-tao-quyt-bo-xoi/,Nước ép táo quýt bó xôi,51527,2018-11-24T11:55:37
https://monngonmoingay.com/cai-thia-xao-nam-dong-co-thit-cua/,Cải thìa xào nấm đông cô thịt cua,51521,2018-11-23T11:55:53
https://monngonmoingay.com/canh-ga-nhoi-cu-nang/,Cánh gà nhồi củ năng,51491,2018-11-18T11:55:06
https://monngonmoingay.com/lau-nguu-bang-rong-bien/,Lẩu ngưu bàng rong biển,51485,2018-11-17T11:55:02
https://monngonmoingay.com/chao-yen-mach-thit-bo/,Cháo yến mạch thịt bò,51478,2018-11-16T11:59:33
https://monngonmoingay.com/ca-gay-chien-xot-chanh-sa/,Cá gáy chiên xốt chanh sả,51445,2018-11-11T11:55:29
https://monngonmoingay.com/banh-rau-cu-chien/,Bánh rau củ chiên,51440,2018-11-10T11:55:27
https://monngonmoingay.com/bun-me-den-xao-ngheu/,Bún mè đen xào nghêu,51435,2018-11-09T11:55:14
https://monngonmoingay.com/com-tam-suon-cay/,Cơm tấm sườn cây,51379,2018-11-04T11:55:44
https://monngonmoingay.com/banh-bot-bang-ngu-sac/,Bánh bột báng ngũ sắc,51374,2018-11-03T11:55:08
https://monngonmoingay.com/ga-vien-pho-mai-chien-gion/,Gà viên phô mai chiên giòn,51369,2018-11-02T11:55:31
https://monngonmoingay.com/muop-khia-xao-muc/,Mướp khía xào mực,51344,2018-10-28T11:55:39
https://monngonmoingay.com/pancake-kem-me/,PanCake kem mè,51338,2018-10-27T11:55:37
https://monngonmoingay.com/canh-ech-la-giang/,Canh ếch lá giang,51333,2018-10-26T11:55:54
https://monngonmoingay.com/mi-nua-tron-suon-chay/,Mì nưa trộn sườn chay,51281,2018-10-21T11:55:47
https://monngonmoingay.com/tom-xot-nu-bach-hoa/,Tôm xốt nụ bạch hoa,51273,2018-10-20T11:55:34
https://monngonmoingay.com/ca-dong-kho-dua-ca/,Cá đổng kho dưa cà,51264,2018-10-19T11:55:08
https://monngonmoingay.com/cai-xoong-xao-tom/,Cải xoong xào tôm,51188,2018-10-14T11:55:56
https://monngonmoingay.com/banh-cuon-long-vit/,Bánh cuốn lòng vịt,51176,2018-10-13T11:55:20
https://monngonmoingay.com/goi-mit-thit-ba-chi/,Gỏi mít thịt ba chỉ,51169,2018-10-12T16:58:02
https://monngonmoingay.com/goi-ga-sua-sa-tac/,Gỏi gà sứa sả tắc,51127,2018-10-07T11:55:11
https://monngonmoingay.com/sup-hanh-tay-kieu-phap/,Súp hành tây kiểu Pháp,51119,2018-10-06T11:55:28
https://monngonmoingay.com/goi-cuon-ca-hoi/,Gỏi cuốn cá hồi,51112,2018-10-05T14:47:46
https://monngonmoingay.com/ca-hoi-chien-sot-chanh/,Cá hồi chiên sốt chanh,51109,2018-10-05T14:42:11
https://monngonmoingay.com/ca-hoi-nuong-mia/,Cá hồi nướng mía,51104,2018-10-05T14:37:10
https://monngonmoingay.com/canape-ca-hoi-xong-khoi/,Canape cá hồi xông khói,51098,2018-10-05T12:24:11
https://monngonmoingay.com/goi-buoi-ca-hoi/,Gỏi bưởi cá hồi,51041,2018-09-30T11:55:34
https://monngonmoingay.com/canh-muc-nau-chua/,Canh mực nấu chua,51032,2018-09-29T11:55:14
https://monngonmoingay.com/ca-ho-kho-hanh-gung/,Cá hố kho hành gừng,51023,2018-09-28T13:08:16
https://monngonmoingay.com/be-hap-bia/,Bê hấp bia,50967,2018-09-23T11:55:31
https://monngonmoingay.com/cha-gio-khoai-tay-trung-muoi/,Chả giò khoai tây trứng muối,50962,2018-09-22T11:55:23
https://monngonmoingay.com/nam-bao-ngu-hap-sa/,Nấm bào ngư hấp sả,50956,2018-09-21T12:00:25
https://monngonmoingay.com/sandwich-cuon-thit-cua/,Sandwich cuộn thịt cua,50884,2018-09-16T11:55:01
https://monngonmoingay.com/sun-heo-xao-nghe/,Sụn heo xáo nghệ,50873,2018-09-14T11:55:16
https://monngonmoingay.com/luon-kho-cu-nen/,Lươn kho củ nén,50790,2018-09-08T11:55:32
https://monngonmoingay.com/pizza-pho-hai-san/,Pizza phở hải sản,50782,2018-09-07T12:29:18
https://monngonmoingay.com/bun-bo-gio-heo/,Bún bò giò heo,50727,2018-09-02T11:50:05
https://monngonmoingay.com/mi-nua-xao-kim-chi-thit-bo/,Mì nưa xào kim chi thịt bò,50721,2018-09-01T11:55:20
https://monngonmoingay.com/banh-ran-hamburger/,Bánh rán hamburger,50712,2018-08-31T12:07:42
https://monngonmoingay.com/banh-khot-chay/,Bánh khọt chay,50651,2018-08-26T11:50:28
https://monngonmoingay.com/cha-chay-rim-ngu-vi/,Chả chay rim ngũ vị,50646,2018-08-25T11:55:01
https://monngonmoingay.com/dau-hu-nhoi-nam-bao-ngu/,Đậu hũ nhồi nấm bào ngư,50641,2018-08-24T12:12:52
https://monngonmoingay.com/canh-cu-qua-nau-tom/,Canh củ quả nấu tôm,50563,2018-08-19T11:55:13
https://monngonmoingay.com/canh-ga-chien-coca/,Cánh gà chiên Coca,50557,2018-08-18T11:58:20
https://monngonmoingay.com/tom-nuong-la-chuc/,Tôm nướng lá chúc,50463,2018-08-11T11:50:02
https://monngonmoingay.com/hau-chien-gion-sot-mayonnaise-mu-tat/,Hàu chiên giòn sốt mayonnaise mù tạt,50458,2018-08-10T13:48:03
https://monngonmoingay.com/bun-xi-quach-nuoc-tuong/,Bún xí quách nước tương,50375,2018-08-05T11:54:44
https://monngonmoingay.com/canh-ga-chien-tieu-lop/,Cánh gà chiên tiêu lốp,50370,2018-08-04T11:50:15
https://monngonmoingay.com/thit-ba-chi-kho-cam/,Thịt ba chỉ kho cam,50365,2018-08-03T11:50:22
https://monngonmoingay.com/canh-ca-chep-rau-can/,Canh cá chép rau cần,50297,2018-07-29T11:50:23
https://monngonmoingay.com/banh-kim-chi-hai-san/,Bánh kim chi hải sản,50292,2018-07-28T11:50:07
https://monngonmoingay.com/rong-bien-cuon-dau-hu/,Rong biển cuộn đậu hũ,50287,2018-07-27T11:52:31
https://monngonmoingay.com/pancake-chocolate-nhan-kem-dau/,Pancake chocolate nhân kem dâu,50222,2018-07-22T11:50:53
https://monngonmoingay.com/suon-va-dau-hu-kho-thom/,Sườn và đậu hũ kho thơm,50217,2018-07-21T11:50:07
https://monngonmoingay.com/ga-xao-ngu-sac/,Gà xào ngũ sắc,50136,2018-07-15T11:50:16
https://monngonmoingay.com/goi-ca/,Gỏi cá,50131,2018-07-14T11:50:47
https://monngonmoingay.com/salad-cam-tom-su/,Salad cam tôm sú,50126,2018-07-13T11:50:41
https://monngonmoingay.com/ca-tre-chien-gion/,Cá trê chiên giòn,50050,2018-07-08T11:50:44
https://monngonmoingay.com/bun-chum-ngay-xao-hai-san/,Bún chùm ngây xào hải sản,50045,2018-07-07T11:50:53
https://monngonmoingay.com/muop-huong-xao-tim/,Mướp hương xào tim,50040,2018-07-06T11:50:47
https://monngonmoingay.com/bot-chien/,Bột chiên,49972,2018-07-01T11:50:18
https://monngonmoingay.com/lau-thai-cua-dong/,Lẩu thái cua đồng,49962,2018-06-29T11:50:06
https://monngonmoingay.com/canh-ca-com-la-me-dat/,Canh cá cơm lá me đất,49874,2018-06-24T11:50:28
https://monngonmoingay.com/vit-nuong-me-cay/,Vịt nướng me cay,49863,2018-06-23T11:50:22
https://monngonmoingay.com/banh-ran-chocolate-dau-do/,Bánh rán chocolate đậu đỏ,49841,2018-06-22T11:59:55
https://monngonmoingay.com/dau-dua-xao-tom/,Đậu đũa xào tôm,49741,2018-06-17T11:50:38
https://monngonmoingay.com/lau-ca-dia/,Lẩu cá dìa,49735,2018-06-16T11:50:03
https://monngonmoingay.com/bach-tuoc-xao-ruou-gung/,Bạch tuộc xào rượu gừng,49730,2018-06-15T11:50:16
https://monngonmoingay.com/banh-ran-chocolate-jelly-chanh-day/,Bánh rán chocolate jelly chanh dây,49664,2018-06-10T12:00:45
https://monngonmoingay.com/goi-sua-khoai-mon/,Gỏi sứa khoai môn,49659,2018-06-09T12:12:35
https://monngonmoingay.com/ca-hoi-cuon-com-chien/,Cá hồi cuộn cơm chiên,49636,2018-06-08T12:00:12
https://monngonmoingay.com/ba-roi-kho-mang/,Ba rọi kho măng,49512,2018-06-03T12:00:10
https://monngonmoingay.com/trung-chien-dau-hu-thit-cua/,Trứng chiên đậu hủ thịt cua,49500,2018-06-01T12:00:38
https://monngonmoingay.com/banh-canh-khoai-tim/,Bánh canh khoai tím,49388,2018-05-27T12:00:26
https://monngonmoingay.com/chao-chay-sa-cay/,Chạo chay sả cây,49383,2018-05-26T12:00:17
https://monngonmoingay.com/oc-ca-na-hap-sa/,Ốc cà na hấp sả,49378,2018-05-25T12:00:23
https://monngonmoingay.com/banh-xep/,Bánh xếp,49297,2018-05-20T12:00:17
https://monngonmoingay.com/canh-chua-bong-thien-ly/,Canh chua bông thiên lý,49291,2018-05-19T12:00:45
https://monngonmoingay.com/vit-kho-chanh-muoi/,Vịt kho chanh muối,49286,2018-05-18T12:00:07
https://monngonmoingay.com/cha-ca-vi-ca-ri/,Chả cá vị cà ri,49175,2018-05-13T12:00:09
https://monngonmoingay.com/du-du-xao-thit-ga/,Đu đủ xào thịt gà,49170,2018-05-12T12:00:31
https://monngonmoingay.com/lau-dai-banh-ran/,Lâu đài bánh rán,49165,2018-05-11T12:00:20
https://monngonmoingay.com/ca-duc-chien-gion/,Cá đục chiên giòn,49067,2018-05-06T12:00:32
https://monngonmoingay.com/com-pho-mai-chien-gion/,Cơm phô mai chiên giòn,49061,2018-05-05T12:00:15
https://monngonmoingay.com/than-heo-cuon-cai-hap/,Thăn heo cuốn cải hấp,49055,2018-05-04T12:00:46
https://monngonmoingay.com/vit-kho-dua-gung-non/,Vịt kho dưa gừng non,48990,2018-04-29T12:00:34
https://monngonmoingay.com/ca-thu-chien-gion-xot-chanh-day/,Cá thu chiên giòn xốt chanh dây,48984,2018-04-28T12:00:27
https://monngonmoingay.com/thit-heo-xong-khoi-huong-sa/,Thịt heo xông khói hương sả,48979,2018-04-27T12:00:23
https://monngonmoingay.com/lau-ga-ham-sa/,Lẩu gà hầm sả,48946,2018-04-22T12:00:35
https://monngonmoingay.com/cai-thao-xao-tom-kho/,Cải thảo xào tôm khô,48941,2018-04-21T12:00:10
https://monngonmoingay.com/ngong-toi-xao-hai-san/,Ngồng tỏi xào hải sản,48935,2018-04-20T12:00:16
https://monngonmoingay.com/dot-su-xao-trung-bac-thao/,Đọt su xào trứng bắc thảo,48898,2018-04-15T12:00:19
https://monngonmoingay.com/goi-cua/,Gỏi cua,48893,2018-04-14T12:00:02
https://monngonmoingay.com/cha-tom-oc-huong/,Chả tôm ốc hương,48888,2018-04-13T12:00:38
https://monngonmoingay.com/goi-bach-tuoc-ot-chuong/,Gỏi bạch tuộc ớt chuông,48837,2018-04-08T12:00:52
https://monngonmoingay.com/ca-cuon-bacon-huong-thao/,Cá cuộn Bacon hương thảo,48832,2018-04-07T12:00:43
https://monngonmoingay.com/canh-ga-cuon-cai-thao/,Canh gà cuộn cải thảo,48827,2018-04-06T12:00:19
https://monngonmoingay.com/salad-dua-leo-tron-xuc-xich/,Salad dưa leo trộn xúc xích,48775,2018-04-01T12:00:50
https://monngonmoingay.com/nem-chay-ran/,Nem chay rán,48769,2018-03-31T12:00:37
https://monngonmoingay.com/ca-nuc-kho-ruc/,Cá nục kho rục,48764,2018-03-30T12:17:05
https://monngonmoingay.com/cuon-ga-xao-xot-me/,Cuốn gà xào xốt mè,48588,2018-03-25T12:00:53
https://monngonmoingay.com/banh-khoai-mon-dut-lo/,Bánh khoai môn đút lò,48582,2018-03-24T12:00:31
https://monngonmoingay.com/canh-ga-la-e/,Canh gà lá é,48577,2018-03-23T12:00:57
https://monngonmoingay.com/tom-chien-xot-chanh/,Tôm chiên xốt chanh,48499,2018-03-17T12:00:54
https://monngonmoingay.com/lau-kho-qua-hai-san/,Lẩu khổ qua hải sản,48436,2018-03-11T12:00:34
https://monngonmoingay.com/muc-trung-xao-rau-ram/,Mực trứng xào rau răm,48425,2018-03-09T12:20:14
https://monngonmoingay.com/ba-roi-nuong-rieng/,Ba rọi nướng riềng,48327,2018-03-04T12:00:58
https://monngonmoingay.com/canh-ga-nam-mo/,Canh gà nấm mỡ,48322,2018-03-03T12:00:29
https://monngonmoingay.com/salad-ngu-sac-chay/,Salad ngũ sắc chay,48316,2018-03-02T12:00:37
https://monngonmoingay.com/can-tay-bop-xoi-sun-ga/,Cần tây bóp xổi sụn gà,48149,2018-02-25T12:00:45
https://monngonmoingay.com/salad-bo-rau-dang/,Salad bò rau đắng,48139,2018-02-23T12:00:23
https://monngonmoingay.com/kho-qua-hap-tam-co/,Khổ qua hấp tam cô,47969,2018-02-18T12:00:25
https://monngonmoingay.com/bo-kho-dua-kieu/,Bò kho dưa kiệu,47964,2018-02-17T12:00:11
https://monngonmoingay.com/bo-cui-bao-ngu/,Bó củi bào ngư,47958,2018-02-16T12:00:11
https://monngonmoingay.com/pasta-tinh-yeu/,Pasta tình yêu,47953,2018-02-11T12:00:24
https://monngonmoingay.com/ca-tim-kep-thit-ga-chien/,Cà tím kẹp thịt gà chiên,47949,2018-02-10T12:00:25
https://monngonmoingay.com/ca-dieu-hong-chien-xot-tac/,Cá điêu hồng chiên xốt tắc,47941,2018-02-09T12:00:43
https://monngonmoingay.com/ca-chem-xien-que-xot-thi-la/,Cá chẽm xiên que xốt thì là,47757,2018-02-04T12:00:32
https://monngonmoingay.com/canh-cua-rau-can/,Canh cua rau cần,47748,2018-02-03T12:00:38
https://monngonmoingay.com/suon-nuong-qua-le/,Sườn nướng quả lê,47743,2018-02-02T12:00:39
https://monngonmoingay.com/salad-mi-udon-ca-hoi/,Salad mì Udon cá hồi,47631,2018-01-27T12:00:38
https://monngonmoingay.com/banh-duc-cu-cai/,Bánh đúc củ cải,47625,2018-01-26T17:27:49
https://monngonmoingay.com/salad-uc-ga-ap-chao/,Salad ức gà áp chảo,47581,2018-01-21T12:00:49
https://monngonmoingay.com/banh-ran-chocolate/,Bánh rán Chocolate,47575,2018-01-20T12:00:59
https://monngonmoingay.com/tom-chien-la-ca-ri/,Tôm chiên lá cà ri,47493,2018-01-14T12:00:02
https://monngonmoingay.com/ca-vien-chien/,Cá viên chiên,47488,2018-01-13T12:00:18
https://monngonmoingay.com/keo-neo-xao-tep/,Kèo nèo xào tép,47483,2018-01-12T12:00:23
https://monngonmoingay.com/bo-kho-nuoc-dua/,Bò kho nước dừa,47445,2018-01-07T12:00:20
https://monngonmoingay.com/cu-sen-xao-ngu-vi/,Củ sen xào ngũ vị,47440,2018-01-06T12:00:44
https://monngonmoingay.com/cha-lui/,Chả lui,47433,2018-01-05T12:00:44
https://monngonmoingay.com/ech-xao-sa-la-chanh/,Ếch xào sả lá chanh,47337,2017-12-31T12:00:01
https://monngonmoingay.com/canh-ngheu-bo-xoi/,Canh nghêu bó xôi,47332,2017-12-30T12:00:57
https://monngonmoingay.com/salad-nui/,Salad nui,47327,2017-12-29T12:00:31
https://monngonmoingay.com/ga-cuon-rong-bien/,Gà cuộn rong biển,47042,2017-12-24T12:00:14
https://monngonmoingay.com/banh-rau-cu-chien-gion/,Bánh rau củ chiên giòn,47036,2017-12-23T12:00:35
https://monngonmoingay.com/salad-ga-gion/,Salad gà giòn,47030,2017-12-22T12:00:16
https://monngonmoingay.com/cuon-rau-dau-hu/,Cuốn rau đậu hũ,46758,2017-12-17T12:00:49
https://monngonmoingay.com/suon-non-ram-me/,Sườn non ram mè,46753,2017-12-16T12:00:19
https://monngonmoingay.com/salad-tao-rau-mam/,Salad táo rau mầm,46748,2017-12-15T12:00:47
https://monngonmoingay.com/dau-kho-gung/,Đậu kho gừng,46636,2017-12-10T12:00:08
https://monngonmoingay.com/canh-ca-hoi-nau-nam/,Canh cá hồi nấu nấm,46594,2017-12-09T12:00:31
https://monngonmoingay.com/salad-tom-dau-tay-tao-do/,Salad tôm dâu tây táo đỏ,46589,2017-12-08T12:00:25
https://monngonmoingay.com/cha-gio-sua/,Chả giò sứa,46416,2017-12-03T12:00:56
https://monngonmoingay.com/gan-bo-xao-sa-ot/,Gân bò xào sả ớt,46405,2017-12-01T12:00:33
https://monngonmoingay.com/goi-oi-oc-giac/,Gỏi ổi ốc giác,46305,2017-11-26T12:00:29
https://monngonmoingay.com/suon-chien-cay/,Sườn chiên cay,46295,2017-11-24T12:00:26
https://monngonmoingay.com/cua-dong-xuc-banh-trang/,Cua đồng xúc bánh tráng,46253,2017-11-19T12:00:12
https://monngonmoingay.com/ngheu-hap-vang-trang/,Nghêu hấp vang trắng,46243,2017-11-17T12:00:39
https://monngonmoingay.com/canh-cai-xoan/,Canh cải xoăn,46208,2017-11-12T12:00:25
https://monngonmoingay.com/suon-kho-que-mat-ong/,Sườn kho quế mật ong,46203,2017-11-11T12:00:30
https://monngonmoingay.com/ca-chim-chien-gion/,Cá chim chiên giòn,46158,2017-11-05T12:00:47
https://monngonmoingay.com/salad-bi-ngoi-nuong/,Salad bí ngòi nướng,46153,2017-11-04T12:00:54
https://monngonmoingay.com/banh-ha-cao/,Bánh há cảo,46148,2017-11-03T12:00:42
https://monngonmoingay.com/mien-tron-kieu-thai/,Miến trộn kiểu Thái,46109,2017-10-29T12:00:19
https://monngonmoingay.com/trung-op-la-ot-chuong/,Trứng ốp la ớt chuông,46100,2017-10-28T12:00:59
https://monngonmoingay.com/banh-mi-que-nuong-rau-cu/,Bánh mì que nướng rau củ,46097,2017-10-27T12:00:12
https://monngonmoingay.com/sushi-dau-hu/,Sushi đậu hũ,46046,2017-10-22T12:00:53
https://monngonmoingay.com/canh-bo-xoi-bo-vien/,Canh bó xôi bò viên,46037,2017-10-21T12:00:17
https://monngonmoingay.com/suon-tiem-hoa-thanh-long/,Sườn tiềm hoa thanh long,46034,2017-10-20T12:00:36
https://monngonmoingay.com/banh-xeo-nhat-ban/,Bánh xèo Nhật Bản,45994,2017-10-15T12:00:15
https://monngonmoingay.com/khoai-lang-kho-rong-bien/,Khoai lang kho rong biển,45988,2017-10-14T12:00:20
https://monngonmoingay.com/ca-hoi-chien-mam-dua/,Cá hồi chiên mắm dừa,45981,2017-10-13T12:00:56
https://monngonmoingay.com/cha-oc-chien/,Chả ốc chiên,45817,2017-10-08T12:00:04
https://monngonmoingay.com/canh-ca-nau-me/,Canh cá nấu mẻ,45811,2017-10-07T12:00:11
https://monngonmoingay.com/bo-xao-kho-qua-bap-cai-tim/,Bò xào khổ qua bắp cải tím,45806,2017-10-06T12:00:48
https://monngonmoingay.com/rau-cu-kho-mia/,Rau củ kho mía,45588,2017-10-01T12:00:25
https://monngonmoingay.com/mien-dau-xanh-xao-thap-cam/,Miến đậu xanh xào thập cẩm,45583,2017-09-30T12:00:58
https://monngonmoingay.com/banh-ran-xien-que/,Bánh rán xiên que,45577,2017-09-29T13:03:29
https://monngonmoingay.com/ga-vien-xot-ca-ri/,Gà viên xốt cà ri,45338,2017-09-24T12:00:46
https://monngonmoingay.com/dau-cove-xao-ba-roi-xong-khoi/,Đậu cove xào ba rọi xông khói,45335,2017-09-23T12:00:10
https://monngonmoingay.com/canh-nam-cang-cua/,Canh nấm càng cua,45332,2017-09-22T12:00:40
https://monngonmoingay.com/thit-rang-gung-la-chanh/,Thịt rang gừng lá chanh,45007,2017-09-17T12:00:16
https://monngonmoingay.com/ga-chien-la-e/,Gà chiên lá é,45004,2017-09-16T12:00:20
https://monngonmoingay.com/ca-ro-phi-chien-xot-ca/,Cá rô phi chiên xốt cà,45001,2017-09-15T12:00:10
https://monngonmoingay.com/vit-rang-toi/,Vịt rang tỏi,44855,2017-09-10T12:00:43
https://monngonmoingay.com/banh-ran-thu-cung/,Bánh rán thú cưng,44851,2017-09-09T12:00:21
https://monngonmoingay.com/canh-hao-thanh-mat/,Canh hào thanh mát,44814,2017-09-08T12:00:54
https://monngonmoingay.com/dau-hu-xao-nam/,Đậu hũ xào nấm,44579,2017-09-03T12:00:58
https://monngonmoingay.com/xoi-chay-ngu-sac/,Xôi chay ngũ sắc,44574,2017-09-02T12:00:28
https://monngonmoingay.com/vang-dau-cuon-rau-cu-chien/,Váng đậu cuộn rau củ chiên,44569,2017-09-01T12:00:55
https://monngonmoingay.com/thit-quay-kho-ca-phao/,Thịt quay kho cà pháo,44294,2017-08-27T12:00:25
https://monngonmoingay.com/spagetty-xot-vem/,Spagetty xốt vẹm,44288,2017-08-26T12:00:20
https://monngonmoingay.com/bun-mi-xao-tep/,Bún mì xào tép,44283,2017-08-25T12:00:32
https://monngonmoingay.com/bun-cu-hu-dua-la-chanh/,Bún củ hủ dừa lá chanh,44079,2017-08-20T12:00:22
https://monngonmoingay.com/rau-cu-luoc-xot-nam/,Rau củ luộc xốt nấm,44074,2017-08-19T12:00:20
https://monngonmoingay.com/goi-nam-rau-mam/,Gỏi nấm rau mầm,44069,2017-08-18T12:00:56
https://monngonmoingay.com/pheo-nuong-la-he/,Phèo nướng lá hẹ,43796,2017-08-13T12:00:53
https://monngonmoingay.com/nicoise-salad-salad-trung-ca-ngu/,Nicoise salad (Salad trứng cá ngừ),43792,2017-08-12T12:00:10
https://monngonmoingay.com/thit-kho-dau-phong/,Thịt kho đậu phộng,43786,2017-08-11T12:00:51
https://monngonmoingay.com/vien-dau-hu-xot-nuoc-tuong/,Viên đậu hũ xốt nước tương,43486,2017-08-05T12:00:55
https://monngonmoingay.com/tom-chien-u-rom/,Tôm chiên ủ rơm,43485,2017-08-05T12:00:39
https://monngonmoingay.com/ca-chach-kho-sa/,Cá chạch kho sả,43482,2017-08-04T12:00:32
https://monngonmoingay.com/salad-ca-moi/,Salad Cá Mòi,43265,2017-07-30T12:00:38
https://monngonmoingay.com/ca-dieu-hong-chien-xot-chanh-day/,Cá điêu hồng chiên xốt chanh dây,43250,2017-07-29T12:00:20
https://monngonmoingay.com/ca-hoi-xot-ca-ri-me/,Cá hồi xốt cà ri me,43201,2017-07-28T12:00:29
https://monngonmoingay.com/pizza-mi-soi/,Pizza mì sợi,42935,2017-07-23T12:00:48
https://monngonmoingay.com/suon-bbq/,Sườn BBQ,42932,2017-07-22T12:00:21
https://monngonmoingay.com/ga-xao-cay/,Gà xào cay,42929,2017-07-21T12:00:37
https://monngonmoingay.com/sandwich-nuong-tom/,Sandwich nướng tôm,42687,2017-07-16T12:00:27
https://monngonmoingay.com/canh-tuong-dau/,Canh tương đậu,42681,2017-07-15T12:00:23
https://monngonmoingay.com/goi-sua-tien-vua/,Gỏi sứa tiến vua,42421,2017-07-09T12:00:29
https://monngonmoingay.com/bi-do-kho-rong-bien/,Bí đỏ kho rong biển,42417,2017-07-08T12:00:27
https://monngonmoingay.com/muc-xao-hoa-trung/,Mực xào hoa trứng,42414,2017-07-07T12:00:19
https://monngonmoingay.com/ca-luoi-trau-chien-gion/,Cá lưỡi trâu chiên giòn,42261,2017-07-02T12:00:18
https://monngonmoingay.com/suon-kho-cu-nang/,Sườn kho củ năng,42256,2017-07-01T12:00:48
https://monngonmoingay.com/canh-cua-dong-rong-bien/,Canh cua đồng rong biển,42218,2017-06-30T12:47:40
https://monngonmoingay.com/du-du-tron-ga-khia/,Đu đủ trộn gà khìa,42049,2017-06-25T12:00:51
https://monngonmoingay.com/vien-xoi-chien/,Viên xôi chiên,42046,2017-06-24T12:00:40
https://monngonmoingay.com/dot-su-xao-tep/,Đọt su xào tép,42039,2017-06-23T12:00:39
https://monngonmoingay.com/banh-trang-cuon-xot-mayo/,Bánh tráng cuốn xốt Mayo,41857,2017-06-18T12:00:59
https://monngonmoingay.com/ga-no-muoi/,Gà nổ muối,41853,2017-06-17T12:00:38
https://monngonmoingay.com/nu-bi-boc-gio-song/,Nụ bí bọc giò sống,41848,2017-06-16T14:07:25
https://monngonmoingay.com/cuon-ca-xot-xoai/,Cuốn cá xốt xoài,41729,2017-06-11T12:00:19
https://monngonmoingay.com/cua-xao-cay/,Cua xào cay,41725,2017-06-10T12:00:49
https://monngonmoingay.com/kho-qua-xao-chay/,Khổ qua xào chay,41684,2017-06-09T12:12:46
https://monngonmoingay.com/gnocchi-khoai-tay-xao-bo/,Gnocchi khoai tây xào bò,41321,2017-06-04T12:11:35
https://monngonmoingay.com/canh-rau-cu-ba-roi-xong-khoi/,Canh rau củ ba rọi xông khói,41316,2017-06-03T12:05:15
https://monngonmoingay.com/bo-cuon-la-que-nuong/,Bò cuộn lá quế nướng,41310,2017-06-02T13:53:25
https://monngonmoingay.com/canh-chua-hai-san/,Canh chua hải sản,41196,2017-05-28T12:00:37
https://monngonmoingay.com/ca-loc-dong-kho-nghe/,Cá lóc đồng kho nghệ,41195,2017-05-27T12:00:40
https://monngonmoingay.com/banh-ran-vi-chanh/,Bánh rán vị chanh,41191,2017-05-26T12:00:48
https://monngonmoingay.com/pho-xao/,Phở xào,41071,2017-05-21T12:00:32
https://monngonmoingay.com/banh-canh-ca-loc/,Bánh canh cá lóc,41068,2017-05-20T12:00:35
https://monngonmoingay.com/doi-truong-xao-bap-cai-tim/,Dồi trường xào bắp cải tím,41065,2017-05-19T12:00:18
https://monngonmoingay.com/goi-ech-rau-rung/,Gỏi ếch rau rừng,40935,2017-05-14T12:00:58
https://monngonmoingay.com/bi-do-hap-hai-san/,Bí đỏ hấp hải sản,40906,2017-05-13T12:00:28
https://monngonmoingay.com/canh-ca-chua-thit-bo/,Canh cà chua thịt bò,40896,2017-05-12T12:00:51
https://monngonmoingay.com/mit-non-om-nuoc-cot-dua/,Mít non om nước cốt dừa,40737,2017-05-07T12:00:56
https://monngonmoingay.com/com-chien-nam-man/,Cơm chiên nấm mặn,40734,2017-05-06T12:00:39
https://monngonmoingay.com/goi-buoi-chay/,Gỏi bưởi chay,40728,2017-05-05T12:00:10
https://monngonmoingay.com/ca-com-bap-chien-pho-mai/,"Cá cơm, bắp chiên phô mai",40582,2017-04-30T12:30:11
https://monngonmoingay.com/bao-tu-kho-xot-cay/,Bao tử kho xốt cay,40579,2017-04-29T12:30:03
https://monngonmoingay.com/bun-gao-xao-rau-cu/,Bún gạo xào rau củ,40482,2017-04-23T12:30:03
https://monngonmoingay.com/tom-thit-xao-mam-ruoc/,Tôm thịt xào mắm ruốc,40476,2017-04-22T12:30:42
https://monngonmoingay.com/ga-kho-rau-cu/,Gà kho rau củ,40467,2017-04-21T12:30:40
https://monngonmoingay.com/lau-nhung-cay/,Lẩu nhúng cay,40245,2017-04-15T12:30:41
https://monngonmoingay.com/ga-xao-ca-ri/,Gà xào cà ri,40242,2017-04-14T12:30:54
https://monngonmoingay.com/ca-ro-kho-ca-na/,Cá rô kho cà na,40239,2017-04-14T12:30:54
https://monngonmoingay.com/salad-thit-bo-chien/,Salad thịt bò chiên,40151,2017-04-09T12:30:29
https://monngonmoingay.com/lau-khoai-mo/,Lẩu khoai mỡ,40148,2017-04-08T12:30:08
https://monngonmoingay.com/ca-nuong-mu-tat/,Cá nướng mù tạt,40145,2017-04-07T12:30:10
https://monngonmoingay.com/goi-xoai-ca-com-chien/,Gỏi xoài cá cơm chiên,40073,2017-04-02T12:30:33
https://monngonmoingay.com/ca-chuon-kho-mit-non/,Cá chuồn kho mít non,40070,2017-04-01T12:30:05
https://monngonmoingay.com/thit-ba-roi-nuong-la-chanh/,Thịt ba rọi nướng lá chanh,40067,2017-03-31T12:30:47
https://monngonmoingay.com/cha-gio-ngu-vi/,Chả giò ngũ vị,39988,2017-03-26T12:30:34
https://monngonmoingay.com/bo-cuon-rau-cu/,Bò cuộn rau củ,39977,2017-03-25T12:30:28
https://monngonmoingay.com/canh-rau-ma-khoai-lang/,Canh rau má khoai lang,39974,2017-03-24T12:30:45
https://monngonmoingay.com/ca-keo-chien-cham-tuong-ban/,Cá kèo chiên chấm tương bần,39892,2017-03-19T12:30:01
https://monngonmoingay.com/canh-dot-kho-qua-rung-tom-tha/,Canh đọt khổ qua rừng tôm thả,39889,2017-03-18T12:30:35
https://monngonmoingay.com/ca-cuon-tom-chien-xot-qua-bo/,Cá cuốn tôm chiên xốt quả bơ,39886,2017-03-17T12:30:21
https://monngonmoingay.com/canh-rong-bien-thit-bo/,Canh rong biển thịt bò,39797,2017-03-11T12:30:29
https://monngonmoingay.com/goi-bo-rau-mam/,Gỏi bò rau mầm,39794,2017-03-10T12:30:33
https://monngonmoingay.com/bap-bo-kho-thom/,Bắp bò kho thơm,39699,2017-03-05T12:30:20
https://monngonmoingay.com/chan-gio-kho-tuong-sa/,Chân giò kho tương sả,39696,2017-03-04T12:30:50
https://monngonmoingay.com/kho-qua-chien-me-cay/,Khổ qua chiên me cay,39690,2017-03-03T12:30:09
https://monngonmoingay.com/mien-xao-hen-xot-me/,Miến xào hến xốt me,39603,2017-02-24T10:58:30
https://monngonmoingay.com/ca-ro-phi-kho-la-lot/,Cá rô phi kho lá lốt,39600,2017-02-24T09:37:07
https://monngonmoingay.com/canh-chua-ca-cu-thi-la/,Canh chua cá củ thì là,39597,2017-02-24T09:31:08
https://monngonmoingay.com/salad-dau-cay/,Salad đậu cay,39494,2017-02-16T17:04:18
https://monngonmoingay.com/canh-chua-ga-bong-so-dua/,Canh chua gà bông so đũa,39490,2017-02-16T16:59:44
https://monngonmoingay.com/mi-soba-xao-kieu-nhat/,Mì Soba Xào Kiểu Nhật,39487,2017-02-16T16:54:06
https://monngonmoingay.com/banh-khoai-tay-chien-xu/,Bánh khoai tây chiên xù,39373,2017-02-10T17:42:56
https://monngonmoingay.com/mi-can-nhoi-ro-ti/,Mì căn nhồi rô ti,39370,2017-02-10T17:34:57
https://monngonmoingay.com/bo-kho-khoai-so/,Bò kho khoai sọ,39367,2017-02-10T17:22:56
https://monngonmoingay.com/than-bo-nuong/,Thăn bò nướng,39338,2017-02-08T15:09:09
https://monngonmoingay.com/bo-xao-nam-mo/,Bò xào nấm mỡ,39332,2017-02-08T14:59:03
https://monngonmoingay.com/banh-trang-cuon-rau-rung/,Bánh tráng cuộn rau rừng,39227,2017-01-26T00:51:33
https://monngonmoingay.com/banh-quy-chay-tam-sac/,Bánh qui chay tam sắc,39224,2017-01-26T00:38:14
https://monngonmoingay.com/ga-ham-tu-quy/,Gà hầm tứ quý,39221,2017-01-26T00:33:17
https://monngonmoingay.com/lau-bo-chua-cay-2/,Lẩu bò chua cay,39173,2017-01-20T14:29:57
https://monngonmoingay.com/ca-nuc-chien-xot-me-wasabi/,Cá nục chiên xốt mè Wasabi,39165,2017-01-20T11:59:05
https://monngonmoingay.com/rau-cu-xao-thit-cua/,Rau củ xào thịt cua,39112,2017-01-13T15:30:26
https://monngonmoingay.com/ca-bop-chien-gion-xot-chanh/,Cá bớp chiên giòn xốt chanh,39109,2017-01-13T15:26:35
https://monngonmoingay.com/salad-romain-tom-chien/,Salad romain tôm chiên,39106,2017-01-13T15:21:21
https://monngonmoingay.com/canh-cua-rau-nhut/,Canh cua rau nhút,39049,2017-01-07T11:34:06
https://monngonmoingay.com/ca-lang-kho-chuoi-va-tai-chua/,Cá lăng kho chuối và tai chua,39046,2017-01-07T11:28:12
https://monngonmoingay.com/nam-dui-ga-kho-mang-tay/,Nấm đùi gà kho măng tây,39027,2017-01-06T12:15:20
https://monngonmoingay.com/muc-nhoi-gao-luc-rim/,Mực nhồi gạo lức rim,38974,2016-12-30T15:09:47
https://monngonmoingay.com/salad-ca-hoi/,Salad cá hồi,38966,2016-12-30T11:18:12
https://monngonmoingay.com/mi-linguine-xao-tom-bap/,Mì Linguine xào tôm bắp,38958,2016-12-30T10:44:49
https://monngonmoingay.com/banh-bi-do-tom-thit/,Bánh bí đỏ tôm thịt,38894,2016-12-24T16:28:49
https://monngonmoingay.com/ca-nuong-xot-mayo-khoai-tay/,Cá nướng xốt Mayo khoai tây,38887,2016-12-24T16:09:43
https://monngonmoingay.com/ga-quay-xot-hanh-tam/,Gà quay xốt hành tăm,38865,2016-12-23T11:48:29
https://monngonmoingay.com/lau-ga-hanh-can/,Lẩu gà hành cần,38794,2016-12-16T18:24:48
https://monngonmoingay.com/tai-heo-kho-cai-chua/,Tai heo kho cải chua,38787,2016-12-16T18:17:30
https://monngonmoingay.com/chan-gio-cuon-ham-sam/,Chân giò cuộn hầm sâm,38771,2016-12-16T10:58:50
https://monngonmoingay.com/suon-non-om-chuoi/,Sườn non om chuối,38695,2016-12-09T19:13:05
https://monngonmoingay.com/cuon-vit-mam-sa/,Cuốn vịt mắm sả,38689,2016-12-09T19:07:29
https://monngonmoingay.com/thit-lan-me/,Thịt lăn mè,38677,2016-12-09T12:18:42
https://monngonmoingay.com/tom-muc-xao-tieu-xanh/,Tôm mực xào tiêu xanh,38584,2016-12-02T22:17:06
https://monngonmoingay.com/chao-hau-sua-dau-xanh/,Cháo hàu sữa đậu xanh,38581,2016-12-02T22:10:05
https://monngonmoingay.com/cha-tom-thit-mac-khen/,Chả tôm thịt mắc khén,38568,2016-12-02T11:57:34
https://monngonmoingay.com/duoi-heo-nuong-chao/,Đuôi heo nướng chao,38501,2016-11-24T15:25:59
https://monngonmoingay.com/canh-thinh-du-du/,Canh thính đu đủ,38492,2016-11-24T15:14:36
https://monngonmoingay.com/salad-tom-va-thit-hun-khoi/,Salad tôm và thịt hun khói,38485,2016-11-24T15:05:00
https://monngonmoingay.com/mi-soba-xao-bach-tuoc/,Mì Soba xào bạch tuộc,38395,2016-11-18T15:35:27
https://monngonmoingay.com/canh-ga-hat-luu/,Canh gà hạt lựu,38392,2016-11-18T15:30:00
https://monngonmoingay.com/cuon-ca-loc-xot-dau-phong/,Cuốn cá lóc xốt đậu phộng,38384,2016-11-18T10:14:45
https://monngonmoingay.com/mi-spaghetti-xot-chay/,Mì Spaghetti xốt chay,38281,2016-11-11T12:40:52
https://monngonmoingay.com/ech-xao-chua-ngot/,Ếch xào chua ngọt,38277,2016-11-11T12:35:14
https://monngonmoingay.com/salad-ca-chien-gion/,Salad cá chiên giòn,38271,2016-11-11T12:15:11
https://monngonmoingay.com/canh-bong-bi-nam-kim-cham/,Canh bông bí nấm kim châm,38189,2016-11-04T12:00:47
https://monngonmoingay.com/ca-tim-ap-chao-xot-cay/,Cà tím áp chảo xốt cay,38181,2016-11-04T12:00:38
https://monngonmoingay.com/mang-truc-kho-ruoc-hue/,Măng trúc kho ruốc Huế,38193,2016-11-04T12:00:18
https://monngonmoingay.com/muc-nhoi-tom-chien-hanh-nhan/,Mực nhồi tôm chiên hạnh nhân,38082,2016-10-28T12:00:27
https://monngonmoingay.com/bi-do-xao-thit-xong-khoi/,Bí đỏ xào thịt xông khói,38095,2016-10-28T12:00:20
https://monngonmoingay.com/suon-nuong-la-huong-thao/,Sườn nướng lá hương thảo,38077,2016-10-28T12:00:18
https://monngonmoingay.com/ga-xao-nuoc-tuong/,Gà xào nước tương,36006,2016-10-21T12:00:34
https://monngonmoingay.com/suon-nau-ca-moi/,Sườn nấu cá mòi,36002,2016-10-21T12:00:14
https://monngonmoingay.com/canh-cai-goi-thit-ga-nam/,Canh cải gói thịt gà nấm hương,36010,2016-10-21T12:00:10
https://monngonmoingay.com/mi-cay-chay/,Mì cay chay,35252,2016-10-14T12:00:39
https://monngonmoingay.com/ca-dieu-hong-kho-tuong-hot/,Cá điêu hồng kho tương hột,35256,2016-10-14T12:00:34
https://monngonmoingay.com/canh-chua-tom-ca-ri/,Canh chua tôm cà ri,35234,2016-10-14T12:00:03
https://monngonmoingay.com/ca-tam-bot-cay-chien/,Cá tẩm bột cay chiên giòn,35073,2016-10-07T12:00:57
https://monngonmoingay.com/ga-cuon-xuc-xich/,Gà cuộn xúc xích,35077,2016-10-07T12:00:47
https://monngonmoingay.com/dimsum-hai-san/,Dimsum hải sản,35081,2016-10-07T12:00:09
https://monngonmoingay.com/mi-quang-xao-luon/,Mì Quảng xào lươn,34901,2016-09-30T12:00:51
https://monngonmoingay.com/tai-heo-thau-chua/,Tai heo thấu chua,34912,2016-09-30T12:00:20
https://monngonmoingay.com/ca-hoi-kho-nuoc-tuong/,Cá hồi kho nước tương,34908,2016-09-30T12:00:04
https://monngonmoingay.com/thit-ba-chi-kho-mo/,Thịt ba chỉ kho mơ,34742,2016-09-23T17:50:41
https://monngonmoingay.com/ga-nuong-xi-muoi/,Gà nướng xí muội,34685,2016-09-23T12:11:30
https://monngonmoingay.com/thit-be-xao-cai-ro/,Thịt bê xào cải rổ,34691,2016-09-23T12:00:15
https://monngonmoingay.com/ca-keo-kho-kim-chi-cu-cai/,Cá kèo kho kim chi củ cải,34696,2016-09-23T12:00:00
https://monngonmoingay.com/cha-ca-chien-banh-trang/,Chả cá chiên bánh tráng,34417,2016-09-16T12:00:59
https://monngonmoingay.com/bo-ap-chao-chanh-day/,Bò áp chảo chanh dây,34422,2016-09-16T12:00:07
https://monngonmoingay.com/du-du-huong-xao-tom-dat/,Đu đủ hường xào tôm đất,34413,2016-09-16T12:00:07
https://monngonmoingay.com/ngheu-kho-gung/,Nghêu kho gừng,34284,2016-09-09T14:24:09
https://monngonmoingay.com/canh-du-du-vien-cua/,Canh đu đủ viên cua,34280,2016-09-09T14:17:55
https://monngonmoingay.com/banh-tart-thap-cam/,Bánh tart thập cẩm,34274,2016-09-09T12:00:31
https://monngonmoingay.com/xuc-xich-ech/,Xúc xích ếch,34095,2016-09-01T19:03:22
https://monngonmoingay.com/banh-uot-xa-xiu-ap-chao/,Bánh ướt xá xíu áp chảo,34091,2016-09-01T18:54:32
https://monngonmoingay.com/gio-heo-um-nuoc-cot-dua/,Giò heo um nước cốt dừa,34087,2016-09-01T18:48:08
https://monngonmoingay.com/canh-chua-nau-dau/,Canh cà chua nấu đậu,29487,2016-08-26T11:59:54
https://monngonmoingay.com/thanh-ga-chien-xot-cay/,Thanh gà chiên xốt cay,29483,2016-08-26T11:59:32
https://monngonmoingay.com/goi-bo-rau-cang-cua/,Gỏi bò rau càng cua,29479,2016-08-26T11:59:27
https://monngonmoingay.com/ech-chien-ngu-vi/,Ếch chiên ngũ vị,29261,2016-08-18T15:54:52
https://monngonmoingay.com/banh-hanh-top-mo/,Bánh hành tóp mỡ,29252,2016-08-18T15:40:11
https://monngonmoingay.com/lau-chao-chum-ngay/,Lẩu cháo chùm ngây,29145,2016-08-12T14:03:54
https://monngonmoingay.com/ca-ri-hai-san/,Cà ri hải sản,29137,2016-08-12T11:44:43
https://monngonmoingay.com/doi-truong-xao-chua-cay/,Dồi trường xào chua cay,29133,2016-08-12T11:02:28
https://monngonmoingay.com/ga-nuong-chao/,Gà nướng chảo,29031,2016-08-04T18:09:18
https://monngonmoingay.com/lau-ca-hong-nhung-giam/,Lẩu cá hồng nhúng giấm,29027,2016-08-04T18:01:00
https://monngonmoingay.com/da-dieu-xot-trai-cay/,Đà điểu xốt trái cây,29023,2016-08-04T17:51:52
https://monngonmoingay.com/goi-so-long/,Gỏi sò lông,28974,2016-07-29T15:19:56
https://monngonmoingay.com/bun-bi-can/,Bún bì căn,28970,2016-07-29T15:03:49
https://monngonmoingay.com/trung-duc-nam-rom/,Trứng đúc nấm rơm,28962,2016-07-29T12:03:27
https://monngonmoingay.com/canh-dua-huong-tom/,Canh dưa hường tôm viên,28869,2016-07-24T12:01:11
https://monngonmoingay.com/lau-ga-tu-xuyen/,Lẩu gà tứ xuyên,28865,2016-07-23T12:01:56
https://monngonmoingay.com/mi-ap-chao-thit-heo/,Mì áp chảo thịt heo,28732,2016-07-17T12:00:45
https://monngonmoingay.com/ga-quay-xot-kem-nam/,Gà quay xốt kem nấm,28725,2016-07-16T12:00:12
https://monngonmoingay.com/hamburger-bi-do/,Hamburger bí đỏ,28721,2016-07-15T12:00:59
https://monngonmoingay.com/ngoc-muc-xoc-toi/,Ngọc mực xóc tỏi,28556,2016-07-10T11:59:41
https://monngonmoingay.com/canh-gan-bo-cai-chua/,Canh gân bò cải chua,28552,2016-07-09T11:59:54
https://monngonmoingay.com/bon-bon-xao-tom/,Bồn bồn xào tôm,28544,2016-07-08T12:00:37
https://monngonmoingay.com/bao-tu-ca-kho-tieu/,Bao tử cá kho tiêu,28455,2016-07-03T12:00:51
https://monngonmoingay.com/xoi-tom-cu-sen/,Xôi tôm củ sen,28445,2016-07-02T12:00:22
https://monngonmoingay.com/dau-hu-bach-hoa-xot-thit-cua/,Đậu hủ bách hoa xốt thịt cua,28450,2016-07-01T12:00:46
https://monngonmoingay.com/suon-kinh-do/,Sườn kinh đô,28389,2016-06-26T12:01:07
https://monngonmoingay.com/ga-nuong-xien-xot-dau-phong/,Gà nướng xiên xốt đậu phộng,28385,2016-06-25T12:00:47
https://monngonmoingay.com/ca-tram-kho-khe/,Cá trắm kho khế,28377,2016-06-24T12:00:31
https://monngonmoingay.com/udon-thit-xiu/,Udon thịt xíu,28261,2016-06-19T12:00:26
https://monngonmoingay.com/sake-bot-chien/,Sakê bột chiên,28255,2016-06-18T12:00:38
https://monngonmoingay.com/vit-nuong-nuoc-cot-dua/,Vịt nướng nước cốt dừa,28248,2016-06-17T12:00:10
https://monngonmoingay.com/cuon-hanh-hoa/,Cuộn hành hoa,28016,2016-06-12T12:00:41
https://monngonmoingay.com/lau-ca-chem-dau-hu-non/,Lẩu cá chẽm đậu hũ non,28011,2016-06-11T12:00:57
https://monngonmoingay.com/me-ga-kho-thom/,Mề gà kho thơm,28003,2016-06-10T12:00:29
https://monngonmoingay.com/canh-thom-ca-ngu/,Canh thơm cá ngừ,27809,2016-06-05T12:00:27
https://monngonmoingay.com/salad-trai-tim/,Salad trái tim,27798,2016-06-04T12:06:58
https://monngonmoingay.com/mi-xao-xa-xiu/,Mì xào xá xíu,27765,2016-06-03T12:00:06
https://monngonmoingay.com/canh-ga-chien-ngu-coc/,Cánh gà chiên ngũ cốc,27599,2016-05-29T12:00:20
https://monngonmoingay.com/com-hen-tron/,Cơm hến trộn,27593,2016-05-28T12:00:21
https://monngonmoingay.com/ca-lang-kho-nghe/,Cá lăng kho nghệ,27563,2016-05-27T12:00:11
https://monngonmoingay.com/bap-bo-xao-xot-tieu-xanh/,Bắp bò xào xốt tiêu xanh,27376,2016-05-22T12:00:19
https://monngonmoingay.com/banh-xep-chay/,Bánh xếp chay,27372,2016-05-21T12:00:02
https://monngonmoingay.com/bun-cua-luoi-heo/,Bún cua lưỡi heo,27366,2016-05-20T12:00:52
https://monngonmoingay.com/teriyaki-ca-hoi/,Teriyaki cá hồi,27230,2016-05-15T12:00:39
https://monngonmoingay.com/tau-hu-ki-cuon-tom/,Tàu hũ ki cuộn tôm,27226,2016-05-14T12:00:47
https://monngonmoingay.com/bo-tiem-trai-dua/,Bò tiềm trái dừa,27217,2016-05-13T12:00:00
https://monngonmoingay.com/banh-gio-trung-cut/,Bánh giò trứng cút,27087,2016-05-08T12:00:35
https://monngonmoingay.com/goi-tom-rau-cau/,Gỏi tôm rau câu,27067,2016-05-07T12:00:03
https://monngonmoingay.com/canh-ga-mang-chua/,Canh gà măng chua,27036,2016-05-06T12:00:06
https://monngonmoingay.com/banh-bong-lan-cuon-trung-muoi/,Bánh bông lan trứng muối,26894,2016-05-01T12:01:35
https://monngonmoingay.com/bi-ho-lo-nhoi-thit-kho/,Bí nhồi thịt kho,26888,2016-04-30T12:01:07
https://monngonmoingay.com/ga-len-mam/,Gà lên mâm,26878,2016-04-29T12:01:43
https://monngonmoingay.com/salad-bap-nuong/,Salad bắp nướng,26705,2016-04-24T12:01:26
https://monngonmoingay.com/gio-heo-da-gion/,Giò heo da giòn,26668,2016-04-23T12:46:48
https://monngonmoingay.com/hu-tieu-muc/,Hủ tiếu mực,26633,2016-04-22T12:01:44
https://monngonmoingay.com/ga-kho-nghe-chua-cay/,Gà kho nghệ chua cay,26527,2016-04-17T12:01:48
https://monngonmoingay.com/ca-lang-nuong-thi-la/,Cá lăng nướng thì là,26524,2016-04-16T12:01:25
https://monngonmoingay.com/kho-quet-chay/,Kho quẹt chay,26521,2016-04-15T12:01:55
https://monngonmoingay.com/bo-nau-trai-cay/,Bò nấu trái cây,26362,2016-04-10T12:01:52
https://monngonmoingay.com/cha-muc-bap-ap-chao/,Chả mực bắp áp chảo,26358,2016-04-09T12:01:08
https://monngonmoingay.com/mi-can-xao-sa-ot/,Mì căn xào sả ớt,26355,2016-04-08T12:01:37
https://monngonmoingay.com/da-dieu-xao-la-cach/,Đà điểu xào lá cách,26191,2016-04-03T12:01:51
https://monngonmoingay.com/pha-lau-thit-be/,Phá lấu thịt bê,26188,2016-04-02T12:01:18
https://monngonmoingay.com/lau-oc-tha/,Lẩu ốc thả,26166,2016-04-01T12:01:02
https://monngonmoingay.com/luon-nuong-la-dua/,Lươn nướng lá dứa,26035,2016-03-27T12:01:22
https://monngonmoingay.com/canh-ghe-hung-que/,Canh ghẹ húng quế,26029,2016-03-26T12:01:54
https://monngonmoingay.com/mang-tay-xao-tom/,Măng tây xào tôm,26026,2016-03-25T12:01:02
https://monngonmoingay.com/bap-bo-xao-sa-ot-com-chay/,Bắp bò xào sả ớt cơm cháy,25821,2016-03-20T12:01:51
https://monngonmoingay.com/banh-mi-hap-bi-chay/,Bánh mì hấp bì chay,25818,2016-03-19T12:01:03
https://monngonmoingay.com/ca-lang-kho-ca-bi/,Cá lăng kho cà bi,25815,2016-03-18T12:01:15
https://monngonmoingay.com/hau-nuong-la-huong-thao/,Hàu nướng lá hương thảo,25631,2016-03-13T12:01:38
https://monngonmoingay.com/ga-rang-muoi/,Gà rang muối,25630,2016-03-12T12:01:51
https://monngonmoingay.com/canh-ca-loc-la-giang/,Canh cá lóc lá giang,25627,2016-03-11T12:01:03
https://monngonmoingay.com/goi-la-coc/,Gỏi lá cóc,25466,2016-03-06T12:01:47
https://monngonmoingay.com/lau-bo-2/,Lẩu bò,25460,2016-03-05T12:01:37
https://monngonmoingay.com/canh-muc-nau-nuoc-dua/,Canh mực nấu nước dừa,25452,2016-03-04T12:01:42
https://monngonmoingay.com/salad-ca-hoi-hung-que/,Salad cá hồi húng quế,25289,2016-02-28T12:01:02
https://monngonmoingay.com/vit-kho-cu-hu-dua/,Vịt kho củ hũ dừa,25282,2016-02-26T12:01:42
https://monngonmoingay.com/bi-bun-chay/,Bì bún chay,25134,2016-02-21T12:01:15
https://monngonmoingay.com/muc-xao-nuoc-cot-dua/,Mực xáo nước cốt dừa,25131,2016-02-20T12:01:47
https://monngonmoingay.com/tom-xot-cocktail/,Tôm xốt cocktail,25126,2016-02-19T12:01:24
https://monngonmoingay.com/ga-nau-nuoc-tuong/,Gà nấu nước tương,24865,2016-02-14T12:01:26
https://monngonmoingay.com/goi-khoai-mon-chien-gion/,Gỏi khoai môn chiên giòn,24862,2016-02-13T12:01:33
https://monngonmoingay.com/tom-chien-rong-bien/,Tôm chiên rong biển,24859,2016-02-12T12:01:16
https://monngonmoingay.com/com-rau-cu-nam-huong/,Cơm rau củ nấm hương,24845,2016-02-07T12:01:17
https://monngonmoingay.com/com-ga-xoi-mo/,Cơm gà xối mỡ,24842,2016-02-06T12:01:37
https://monngonmoingay.com/nom-ga-chay-hoa-chuoi/,Nộm gà chay hoa chuối,24839,2016-02-05T12:01:18
https://monngonmoingay.com/lau-dau-ca-bop-rau-keo-neo/,Lẩu đầu cá bớp rau kèo nèo,24727,2016-01-31T12:01:02
https://monngonmoingay.com/ngheu-xao-la-kho-qua/,Nghêu xào lá khổ qua,24721,2016-01-30T12:01:20
https://monngonmoingay.com/gio-hoa-rong-bien/,Giò hoa rong biển,24716,2016-01-29T12:01:48
https://monngonmoingay.com/lau-ca-co/,Lẩu cá cờ,24553,2016-01-23T12:01:31
https://monngonmoingay.com/cuon-rau-rung-thit-khia-chay/,Cuốn rau rừng thịt khìa chay,24552,2016-01-22T12:01:04
https://monngonmoingay.com/gio-heo-ham-tu-quy/,Giò heo hầm tứ quý,24378,2016-01-17T12:01:29
https://monngonmoingay.com/hoanh-thanh-nhan-dau-chien/,Hoành thánh nhân đậu chiên,24375,2016-01-16T12:01:06
https://monngonmoingay.com/ca-chim-kho-gung-ot/,Cá chim kho gừng ớt,24371,2016-01-15T12:01:21
https://monngonmoingay.com/ca-nuong-ca-ri/,Cá nướng cà ri,24188,2016-01-10T12:01:29
https://monngonmoingay.com/lau-kim-chi/,Lẩu kim chi,24185,2016-01-09T12:01:12
https://monngonmoingay.com/so-long-xao-chua-ngot/,Sò lông xào chua ngọt,24182,2016-01-08T12:01:31
https://monngonmoingay.com/muc-xao-nam-huong/,Mực xào nấm hương,24007,2016-01-03T12:01:33
https://monngonmoingay.com/thit-kho-hat-de/,Thịt kho hạt dẻ,24001,2016-01-02T12:01:15
https://monngonmoingay.com/ga-nuong-la-hung-lui/,Gà nướng lá húng lủi,23994,2016-01-01T12:01:38
https://monngonmoingay.com/duoi-bo-ham-hoa-actiso/,Đuôi bò hầm hoa atiso,23877,2015-12-27T12:01:48
https://monngonmoingay.com/my-y-xot-kem/,Mỳ Ý xốt kem,23871,2015-12-26T12:01:08
https://monngonmoingay.com/canh-ba-roi-cuon-nam/,Canh ba rọi cuộn nấm,23677,2015-12-20T12:01:06
https://monngonmoingay.com/ragu-bo/,Ragu bò,23674,2015-12-19T12:01:39
https://monngonmoingay.com/canh-ga-nhoi-sa-chien-xot-me/,Cánh gà nhồi sả chiên xốt me,23662,2015-12-18T12:01:37
https://monngonmoingay.com/banh-cong/,Bánh cóng,23503,2015-12-13T12:01:51
https://monngonmoingay.com/trung-chien-ngai-cuu/,Trứng chiên ngải cứu,23487,2015-12-11T12:01:40
https://monngonmoingay.com/cuon-tau-hu-ky-xot-tieu/,Cuốn tàu hũ ky xốt tiêu,23263,2015-12-06T12:01:46
https://monngonmoingay.com/ca-vien-chien-me/,Cá viên chiên mè,23260,2015-12-05T12:01:41
https://monngonmoingay.com/banh-da-xao-hai-san/,Bánh đa xào hải sản,23229,2015-12-04T12:01:10
https://monngonmoingay.com/ga-hap-la-sen/,Gà hấp lá sen,22989,2015-11-29T12:01:20
https://monngonmoingay.com/mi-tuong-den/,Mì tương đen,22979,2015-11-28T12:01:40
https://monngonmoingay.com/com-chien-thit-bo-va-pho-mai/,Cơm chiên thịt bò và phô mai,22971,2015-11-27T12:01:47
https://monngonmoingay.com/dui-ga-mat-ong/,Đùi gà mật ong,22760,2015-11-22T12:01:17
https://monngonmoingay.com/nom-bi/,Nộm bì,22741,2015-11-21T12:01:50
https://monngonmoingay.com/mi-vit-tiem-chay/,Mì vịt tiềm chay,22737,2015-11-20T12:01:29
https://monngonmoingay.com/cha-ca-la-vong/,Chả cá Lã Vọng,22466,2015-11-15T00:00:18
https://monngonmoingay.com/lau-bap-bo-tom-chua/,Lẩu bắp bò tôm chua,22457,2015-11-14T00:00:45
https://monngonmoingay.com/ga-tiem-chom-chom/,Gà tiềm chôm chôm,22450,2015-11-13T00:00:14
https://monngonmoingay.com/cha-trung-hap/,Chả trứng hấp,22058,2015-11-08T00:00:24
https://monngonmoingay.com/goi-ngo-sen-tom-thit/,Gỏi ngó sen tôm thịt,22052,2015-11-07T00:00:15
https://monngonmoingay.com/pho-bo/,Phở bò,22044,2015-11-06T00:00:14
https://monngonmoingay.com/chan-gio-nau-nuoc-tuong/,Chân giò nấu nước tương,21808,2015-11-01T00:00:02
https://monngonmoingay.com/lau-ga-ot-hiem/,Lẩu gà ớt hiểm,21801,2015-10-31T00:00:37
https://monngonmoingay.com/gan-heo-xao-chua-ngot/,Gan heo xào chua ngọt,21794,2015-10-30T00:00:49
https://monngonmoingay.com/so-huyet-xao-toi/,Sò huyết xào tỏi,21559,2015-10-25T00:00:16
https://monngonmoingay.com/bo-ne-chay/,Bò né chay,21552,2015-10-24T00:00:56
https://monngonmoingay.com/lau-ca-bop/,Lẩu cá bớp,21544,2015-10-23T00:00:04
https://monngonmoingay.com/nem-nuong/,Nem nướng,21179,2015-10-18T00:00:07
https://monngonmoingay.com/banh-bao-chien/,Bánh bao chiên,21171,2015-10-17T00:00:51
https://monngonmoingay.com/dui-ech-xe-phay/,Đùi ếch xé phay,21164,2015-10-16T00:00:02
https://monngonmoingay.com/xao-long/,Xáo lòng,21012,2015-10-11T00:00:41
https://monngonmoingay.com/heo-quay-hon/,Heo quay hon,21005,2015-10-10T00:00:52
https://monngonmoingay.com/ga-cuon-cai-bo-xoi-dut-lo/,Gà cuộn cải bó xôi đút lò,20997,2015-10-09T00:00:14
https://monngonmoingay.com/xa-lach-trung-2/,Xà lách trứng,20960,2015-10-08T11:51:27
https://monngonmoingay.com/ca-hap-cu-sen-2/,Cá hấp củ sen,20951,2015-10-08T11:36:59
https://monngonmoingay.com/thit-bo-chien-mam-bo-hoc/,Thịt bò chiên mắm bò hóc,20774,2015-10-04T00:00:02
https://monngonmoingay.com/canh-luon-ham-cai-chua/,Canh lươn hầm cải chua,20767,2015-10-03T00:00:19
https://monngonmoingay.com/cha-gio-rong-bien/,Chả giò rong biển,20759,2015-10-02T00:00:05
https://monngonmoingay.com/tom-xao-tau-xi/,Tôm xào tàu xì,20573,2015-09-27T00:00:03
https://monngonmoingay.com/pho-chay/,Phở chay,20567,2015-09-26T00:00:07
https://monngonmoingay.com/ca-nuc-hap-cuon-cai-xanh/,Cá nục hấp cuốn cải xanh,20560,2015-09-25T00:00:56
https://monngonmoingay.com/bo-nau-pate-tieu-xanh/,Bò nấu pate tiêu xanh,20263,2015-09-20T00:00:05
https://monngonmoingay.com/tom-xao-bong-so-dua/,Tôm xào bông so đũa,20253,2015-09-19T00:00:40
https://monngonmoingay.com/cai-ro-xao-toi-50/,Cải rổ xào tỏi,20299,2015-09-18T17:22:53
https://monngonmoingay.com/cha-lua-kho-trung-cut/,Chả lụa kho trứng cút,20280,2015-09-18T15:58:07
https://monngonmoingay.com/sup-coi-diep-rau-cu-2/,Súp cồi điệp rau củ,20276,2015-09-18T15:24:53
https://monngonmoingay.com/thit-ap-chao-mayonnaise-lisa/,Thịt áp chảo Mayonnaise LISA,20029,2015-09-18T09:13:02
https://monngonmoingay.com/lau-nam-dau-ca-hoi/,Lẩu nấm đầu cá hồi,20244,2015-09-18T00:00:21
https://monngonmoingay.com/salad-dau-tam/,Salad dâu tằm,20180,2015-09-17T15:20:06
https://monngonmoingay.com/ga-ro-ti/,Gà rô ti,20176,2015-09-17T14:53:34
https://monngonmoingay.com/banh-cuon-nhan-ca-hoi/,Bánh cuốn nhân cá hồi,20149,2015-09-17T10:44:10
https://monngonmoingay.com/canh-mang-cua-dong/,Canh măng cua đồng,20142,2015-09-17T10:22:29
https://monngonmoingay.com/canh-ca-rau-muong/,Canh cá rau muống,20136,2015-09-17T10:12:43
https://monngonmoingay.com/ca-rim-giam-me/,Cá rim giấm mè,20092,2015-09-16T17:41:41
https://monngonmoingay.com/moc-dong-trung-cut/,Mọc đông trứng cút,20077,2015-09-16T16:50:16
https://monngonmoingay.com/canh-rong-bien-hat-sen/,Canh rong biển hạt sen,20073,2015-09-16T16:40:55
https://monngonmoingay.com/bo-cuon-nam-xot-tieu/,Bò cuộn nấm xốt tiêu,20069,2015-09-16T16:32:47
https://monngonmoingay.com/cua-lot-xao-chua-ngot/,Cua lột xào chua ngọt,20066,2015-09-16T15:59:44
https://monngonmoingay.com/chao-ech/,Cháo ếch,19769,2015-09-13T00:00:26
https://monngonmoingay.com/canh-bi-do-rong-bien/,Canh bí đỏ rong biển,19760,2015-09-12T00:00:06
https://monngonmoingay.com/cuon-cha-tom/,Cuốn chả tôm,19752,2015-09-11T00:00:22
https://monngonmoingay.com/banh_it_nhan_tom_thit/,Bánh ít nhân tôm thịt,19719,2015-09-10T10:45:44
https://monngonmoingay.com/ga-nau-dau-ngu-2/,Gà nấu đậu ngự,19712,2015-09-10T10:27:44
https://monngonmoingay.com/suon-nuong-sot-cay/,Sườn nướng xốt cay,19647,2015-09-10T10:15:00
https://monngonmoingay.com/banh-mi-kep-pho-mai-thit-nguoi/,Bánh mì kẹp phô mai thịt nguội,19638,2015-09-09T16:43:17
https://monngonmoingay.com/tom-ram-thit-ba-chi/,Tôm ram thịt ba chỉ,19635,2015-09-09T16:35:02
https://monngonmoingay.com/goi-tron-kho-muc/,Gỏi trộn khô mực,19631,2015-09-09T16:25:47
https://monngonmoingay.com/goi-rau-mam-tom/,Gỏi rau mầm tôm,19626,2015-09-09T16:09:07
https://monngonmoingay.com/mit-kho-tuong/,Mít kho tương,19618,2015-09-09T15:39:55
https://monngonmoingay.com/lau-bap-bo-chua-cay/,Lẩu bắp bò chua cay,19214,2015-09-06T00:00:14
https://monngonmoingay.com/com-chien-ca-man/,Cơm chiên cá mặn,19192,2015-09-05T00:00:42
https://monngonmoingay.com/tom-su-sot-gac/,Tôm sú xốt gấc,19184,2015-09-04T00:00:53
https://monngonmoingay.com/com-ga/,Cơm gà,18292,2015-08-30T00:00:13
https://monngonmoingay.com/thit-nuong-bbq/,Thịt nướng BBQ,18291,2015-08-29T00:00:08
https://monngonmoingay.com/goi-ot-chuong-cay-tay/,Gỏi ớt chuông cần tây,17993,2015-08-28T00:00:28
https://monngonmoingay.com/dau-hu-xot-me-mayonnaise/,Đậu hũ xốt mè mayonnaise,17585,2015-08-26T11:14:17
https://monngonmoingay.com/banh-cuon-cu-cai/,Bánh cuốn củ cải,17122,2015-08-23T00:00:09
https://monngonmoingay.com/goi-muc-cay/,Gỏi mực cay,17117,2015-08-22T00:00:16
https://monngonmoingay.com/banh-da-cua/,Bánh đa cua,17098,2015-08-21T00:00:35
https://monngonmoingay.com/mien-tron-cua-lot/,Miến trộn cua lột,16460,2015-08-15T10:52:56
https://monngonmoingay.com/banh-sen-chien-gion/,Bánh sen chiên giòn,16410,2015-08-14T18:20:38
https://monngonmoingay.com/canh-ca-keo-rau-dang/,Canh cá kèo rau đắng,15507,2015-08-08T12:01:52
https://monngonmoingay.com/cha-ca-chien-com/,Chả cá chiên cốm,15423,2015-08-07T18:09:10
https://monngonmoingay.com/ga-xao-thom-bong-cai/,Gà xào thơm bông cải,15410,2015-08-07T16:28:49
https://monngonmoingay.com/canh-ba-mau/,Canh ba màu,12992,2015-08-06T15:01:12
https://monngonmoingay.com/cuon-thit-ram-mam-tep/,Cuốn thịt ram mắm tép,13384,2015-08-05T21:59:59
https://monngonmoingay.com/ca-thu-kho-nuoc-tuong/,Cá thu kho nước tương,13370,2015-08-05T21:56:20
https://monngonmoingay.com/muc-nhoi-thit-xot-ca/,Mực nhồi thịt xốt cà,13322,2015-08-05T21:50:01
https://monngonmoingay.com/nui-xao-bo/,Nui xào bò,13304,2015-08-05T21:43:58
https://monngonmoingay.com/ga-vien-chien/,Gà viên chiên,13287,2015-08-05T21:40:33
https://monngonmoingay.com/banh-mi-nuong/,Bánh mì nướng phô mai,13270,2015-08-05T21:37:07
https://monngonmoingay.com/ca-chien-xot-me/,Cá chiên xốt me,13244,2015-08-05T21:33:16
https://monngonmoingay.com/muc-xao-chua-cay/,Mực xào chua cay,13191,2015-08-05T21:23:30
https://monngonmoingay.com/ngong-cai-hap-tom/,Ngồng cải hấp tôm,13140,2015-08-05T21:13:08
https://monngonmoingay.com/tom-cang-rim-toi-2/,Tôm càng rim tỏi,13059,2015-08-05T20:53:27
https://monngonmoingay.com/lau-tap-tang/,Lẩu tập tàng,13017,2015-08-05T20:46:57
https://monngonmoingay.com/rau-xao-thap-cam/,Rau xào thập cẩm,12997,2015-08-05T20:40:14
https://monngonmoingay.com/canh-khoai-tim-hot-luu/,Canh khoai tím hột lựu,12983,2015-08-05T20:33:42
https://monngonmoingay.com/cha-gio-chuoi-2/,Chả giò chuối,12974,2015-08-05T20:32:16
https://monngonmoingay.com/canh-bi-dao-don-thit/,Canh bí đao dồn thịt,12969,2015-08-05T20:30:00
https://monngonmoingay.com/ga-xao-tuong-hot/,Gà xào tương hột,12962,2015-08-05T20:27:25
https://monngonmoingay.com/canh-suon-cu-cai-muoi/,Canh sườn củ cải muối,12960,2015-08-05T20:25:32
https://monngonmoingay.com/muc-muoi-rim-thit/,Mực muối rim thịt,12953,2015-08-05T20:22:28
https://monngonmoingay.com/goi-cu-sen/,Gỏi củ sen,12954,2015-08-05T20:21:16
https://monngonmoingay.com/ech-xao-la-lot/,Ếch xào lá lốt,12940,2015-08-05T20:16:56
https://monngonmoingay.com/goi-hai-san-rau-nhut/,Gỏi hải sản rau nhút,12944,2015-08-05T20:16:50
https://monngonmoingay.com/nom-hoa-chuoi-hai-san/,Nộm hoa chuối hải sản,12920,2015-08-05T20:12:36
https://monngonmoingay.com/salad-bi-ngoi/,Salad bí ngòi,12910,2015-08-05T20:12:14
https://monngonmoingay.com/gio-heo-kho-que/,Giò heo kho quế,12881,2015-08-05T20:06:23
https://monngonmoingay.com/bong-bi-chien-gion-chay/,Bông bí chiên giòn chay,12852,2015-08-05T20:06:13
https://monngonmoingay.com/cha-muc-chien/,Chả mực chiên,12820,2015-08-05T19:48:25
https://monngonmoingay.com/sup-toc-tien-bi-dao/,Súp tóc tiên bí đao,12808,2015-08-05T19:40:51
https://monngonmoingay.com/vit-nau-chao/,Vịt nấu chao,12807,2015-08-05T19:40:38
https://monngonmoingay.com/banh-duc-chien-ap-chao-trung/,Bánh đúc chiên áp chảo trứng,12786,2015-08-05T19:36:37
https://monngonmoingay.com/duoi-heo-ham-mang/,Đuôi heo hầm măng,12794,2015-08-05T19:36:35
https://monngonmoingay.com/thit-quay-chay/,Thịt quay chay,12777,2015-08-05T19:32:44
https://monngonmoingay.com/goi-cu-kieu/,Gỏi củ kiệu,12761,2015-08-05T19:22:24
https://monngonmoingay.com/thit-bo-kho-tau/,Thịt bò kho tàu,12756,2015-08-05T19:18:22
https://monngonmoingay.com/cha-lua-chay/,Chả lụa chay,12752,2015-08-05T19:13:59
https://monngonmoingay.com/salad-mi-y-voi-gio-thu/,Salad mì Ý với giò thủ,12747,2015-08-05T19:10:48
https://monngonmoingay.com/suon-chay-nau-dau/,Sườn chay nấu đậu,12733,2015-08-05T19:03:45
https://monngonmoingay.com/com-tom-bi-do/,Cơm tôm bí đỏ,12714,2015-08-05T18:59:52
https://monngonmoingay.com/xuc-xich-chien-xu/,Xúc xích chiên xù,12704,2015-08-05T18:57:14
https://monngonmoingay.com/cat-heo-xao-bi-ngoi/,Cật heo xào bí ngòi,12691,2015-08-05T18:54:45
https://monngonmoingay.com/goi-cuon-tom-chien/,Gỏi cuốn tôm chiên,12663,2015-08-05T18:50:58
https://monngonmoingay.com/sup-sac-mau/,Súp sắc màu,12629,2015-08-05T18:49:46
https://monngonmoingay.com/canape-ca-hoi-trai-bo/,Canape cá hồi trái bơ,12605,2015-08-05T18:46:53
https://monngonmoingay.com/cha-cua-ap-chao/,Chả cua áp chảo,12532,2015-08-05T18:33:19
https://monngonmoingay.com/hau-vong-nguyet/,Hàu vọng nguyệt,12503,2015-08-05T18:27:43
https://monngonmoingay.com/suon-cot-let-xot-dau-hao/,Sườn cốt lết xốt dầu hào,12459,2015-08-05T18:18:00
https://monngonmoingay.com/tim-heo-ham-hat-sen/,Tim heo hầm hạt sen,12431,2015-08-05T18:13:58
https://monngonmoingay.com/ca-hoi-xot-cay/,Cá hồi xốt cay,12395,2015-08-05T18:09:51
https://monngonmoingay.com/lau-tom-chua/,Lẩu tôm chua,12337,2015-08-05T18:03:59
https://monngonmoingay.com/be-chao/,Bê chao,12270,2015-08-05T17:57:45
https://monngonmoingay.com/thit-ga-nau-long-nhan/,Thịt gà nấu long nhãn,12248,2015-08-05T17:55:05
https://monngonmoingay.com/bun-gao-xao-thit-bo/,Bún gạo xào thịt bò,12212,2015-08-05T17:50:47
https://monngonmoingay.com/tom-vien-com-chay/,Tôm viên cơm cháy,12210,2015-08-05T17:48:14
https://monngonmoingay.com/ca-cuon-cai-chien-xu/,Cá cuộn cải chiên xù,12173,2015-08-05T17:43:48
https://monngonmoingay.com/goi-mien-thit-bam/,Gỏi miến thịt bằm,12187,2015-08-05T17:43:35
https://monngonmoingay.com/muc-kho-cu-cai/,Mực kho củ cải,12141,2015-08-05T17:39:44
https://monngonmoingay.com/nam-chien-xot-tom/,Nấm chiên xốt tôm,12124,2015-08-05T17:37:59
https://monngonmoingay.com/heo-quay-xao-kim-chi-ca-bat/,Heo quay xào kim chi cà bát,12112,2015-08-05T17:33:52
https://monngonmoingay.com/lau-ca-ngat-kim-chi/,Lẩu cá ngát kim chi,12063,2015-08-05T17:31:17
https://monngonmoingay.com/dau-rong-xao-tep/,Đậu rồng xào tép,12071,2015-08-05T17:29:32
https://monngonmoingay.com/canh-ga-nau-khoai-mon/,Canh gà nấu khoai môn,12026,2015-08-05T17:25:37
https://monngonmoingay.com/banh-trung-cut/,Bánh trứng cút,11989,2015-08-05T17:24:53
https://monngonmoingay.com/canh-hen-nau-bau/,Canh hến nấu bầu,11976,2015-08-05T17:20:32
https://monngonmoingay.com/com-chien-dua/,Cơm chiên dừa,11893,2015-08-05T17:17:51
https://monngonmoingay.com/goi-du-du-kho-ca-loc/,Gỏi đu đủ khô cá lóc,11929,2015-08-05T17:16:44
https://monngonmoingay.com/goi-rau-muc-chien-gion/,Gỏi râu mực chiên giòn,11874,2015-08-05T17:12:23
https://monngonmoingay.com/sup-chua-cay-chay/,Súp chua cay chay,11815,2015-08-05T17:09:42
https://monngonmoingay.com/ngheu-xao-la-lot/,Nghêu xào lá lốt,11743,2015-08-05T17:02:19
https://monngonmoingay.com/cuon-lap-xuong-chien-gion/,Cuốn lạp xưởng chiên giòn,11675,2015-08-05T16:56:30
https://monngonmoingay.com/banh-mi-thit-nguoi-bap-cai/,Bánh mì thịt nguội bắp cải,11612,2015-08-05T16:52:18
https://monngonmoingay.com/trung-chien-com-xanh/,Trứng chiên cốm xanh,11546,2015-08-05T16:44:59
https://monngonmoingay.com/tom-thit-kho-mang/,Tôm thịt kho măng,11518,2015-08-05T16:42:55
https://monngonmoingay.com/ca-hoi-cuon-mang-tay/,Cá hồi cuộn măng tây,11492,2015-08-05T16:39:26
https://monngonmoingay.com/chao-tim-gan/,Cháo tim gan,11454,2015-08-05T16:35:09
https://monngonmoingay.com/sup-ngheu-rong-bien-2/,Súp nghêu rong biển,11430,2015-08-05T16:32:11
https://monngonmoingay.com/banh-xeo-xot-trung-ga-tuoi/,Bánh xèo xốt trứng gà tươi,11422,2015-08-05T16:30:10
https://monngonmoingay.com/banh-mi-trung-danh-thit-nguoi/,Bánh mì trứng thịt nguội,11378,2015-08-05T16:26:39
https://monngonmoingay.com/com-chien-nam-thit-bo/,Cơm chiên nấm thịt bò,11384,2015-08-05T16:25:00
https://monngonmoingay.com/banh-com-pate-cha-lua/,Bánh cốm patê chả lụa,11357,2015-08-05T16:20:31
https://monngonmoingay.com/muc-xot-cay-2/,Mực xốt cay,11330,2015-08-05T16:19:05
https://monngonmoingay.com/canh-suon-khoai-so/,Canh sườn khoai sọ,11313,2015-08-05T16:16:22
https://monngonmoingay.com/thit-ba-roi-xao-nam/,Thịt ba rọi xào nấm,11290,2015-08-05T16:12:26
https://monngonmoingay.com/xuc-xich-xao-khoai-tay/,Xúc xích xào khoai tây,11261,2015-08-05T16:10:11
https://monngonmoingay.com/hoa-thien-ly-tron-muc-xe/,Hoa thiên lý trộn mực xé,11252,2015-08-05T16:07:11
https://monngonmoingay.com/hoanh-thanh-chien-gion/,Hoành thánh chiên giòn,11188,2015-08-05T16:03:13
https://monngonmoingay.com/kho-qua-xao-trung-thit-bam/,Khổ qua xào trứng thịt bằm,11199,2015-08-05T16:03:06
https://monngonmoingay.com/khoai-tay-xao-kim-chi/,Khoai tây xào kim chi,11131,2015-08-05T16:03:04
https://monngonmoingay.com/com-sen-com/,Cơm sen cốm,11157,2015-08-05T15:57:24
https://monngonmoingay.com/ra-gu-chay/,Ra-gu chay,11113,2015-08-05T15:53:01
https://monngonmoingay.com/ga-cuon-xoi-chien/,Gà cuộn xôi chiên,11071,2015-08-05T15:49:52
https://monngonmoingay.com/chao-tom-nep-cam/,Cháo tôm nếp cẩm,11065,2015-08-05T15:48:50
https://monngonmoingay.com/tau-hu-ky-chien-xa-ot/,Tàu hủ ky chiên xả ớt,11076,2015-08-05T15:48:35
https://monngonmoingay.com/goi-bong-bi/,Gỏi bông bí,11040,2015-08-05T15:44:12
https://monngonmoingay.com/vien-xoi-boc-thit/,Viên xôi bọc thịt,11000,2015-08-05T15:41:47
https://monngonmoingay.com/gia-he-xao-long-ga/,Giá hẹ xào lòng gà,11017,2015-08-05T15:40:35
https://monngonmoingay.com/canh-bong-sung-nau-tom-2/,Canh bông súng nấu tôm,10986,2015-08-05T15:36:08
https://monngonmoingay.com/oc-giac-xao-cai-thia/,Ốc giác xào cải thìa,10935,2015-08-05T15:34:14
https://monngonmoingay.com/rau-muong-xao-mam-ruoc/,Rau muống xào mắm ruốc,10951,2015-08-05T15:32:24
https://monngonmoingay.com/sup-tom-bi-do/,Súp tôm bí đỏ,10901,2015-08-05T15:30:03
https://monngonmoingay.com/rau-cang-cua-tron-ca-moi/,Rau càng cua trộn cá mòi,10914,2015-08-05T15:27:57
https://monngonmoingay.com/salad-ca-hoi-xong-khoi/,Salad cá hồi xông khói,10860,2015-08-05T15:24:17
https://monngonmoingay.com/goi-thap-cam-ca-hoi/,Gỏi thập cẩm cá hồi,10805,2015-08-05T15:24:00
https://monngonmoingay.com/ca-cuon-rong-bien/,Cá cuộn rong biển,10844,2015-08-05T15:22:16
https://monngonmoingay.com/goi-trung-chien/,Gỏi trứng chiên,10825,2015-08-05T15:18:36
https://monngonmoingay.com/ga-chien-tron-xot-ngot-mayonnaise/,Gà chiên trộn xốt ngọt Mayonnaise,10808,2015-08-05T15:16:54
https://monngonmoingay.com/salad-ngu-sac/,Salad ngũ sắc,10797,2015-08-05T15:14:26
https://monngonmoingay.com/nui-no-nau-thit-bam/,Nui nơ nấu thịt băm,10773,2015-08-05T15:11:58
https://monngonmoingay.com/sup-cua-cu-nang/,Súp cua củ năng,10778,2015-08-05T15:10:43
https://monngonmoingay.com/hu-tieu-mi-xao/,Hủ tiếu mì xào,10736,2015-08-05T15:08:16
https://monngonmoingay.com/goi-rau-ma/,Gỏi rau má,10754,2015-08-05T15:06:42
https://monngonmoingay.com/salad-cu-sen-khoai-tay/,Salad củ sen khoai tây,10733,2015-08-05T15:02:31
https://monngonmoingay.com/cha-gio-cua-thanh/,Chả giò cua thanh,10718,2015-08-05T15:00:24
https://monngonmoingay.com/banh-mi-kep-thit-ga/,Bánh mì kẹp thịt gà,10720,2015-08-05T14:58:15
https://monngonmoingay.com/tom-tron-bong-cai/,Tôm trộn bông cải,10695,2015-08-05T14:32:10
https://monngonmoingay.com/ga-nau-trai-le/,Gà nấu trái lê,10667,2015-08-05T14:27:25
https://monngonmoingay.com/bap-xao-ngu-sac/,Bắp xào ngũ sắc,10624,2015-08-05T14:23:49
https://monngonmoingay.com/salad-su-su-2/,Salad su su,10647,2015-08-05T14:22:22
https://monngonmoingay.com/bap-vang-tron-xuc-xich/,Bắp vàng trộn xúc xích,10628,2015-08-05T14:18:39
https://monngonmoingay.com/gio-heo-ham-bong-atiso/,Giò heo hầm bông atiso,10604,2015-08-05T14:13:16
https://monngonmoingay.com/canh-ca-rau-day/,Canh cá rau đay,10598,2015-08-05T14:09:33
https://monngonmoingay.com/goi-kho-qua/,Gỏi khổ qua,10586,2015-08-05T14:06:03
https://monngonmoingay.com/nui-tron-ca-ngu/,Nui trộn cá ngừ,10513,2015-08-05T13:37:28
https://monngonmoingay.com/salad-trai-cay/,Salad trái cây,10489,2015-08-05T13:30:27
https://monngonmoingay.com/canh-duoi-heo-cu-sen/,Canh đuôi heo củ sen,10464,2015-08-05T13:23:21
https://monngonmoingay.com/canh-oc-nau-tia-to/,Canh ốc nấu tía tô,10446,2015-08-05T13:18:19
https://monngonmoingay.com/bo-cuon-nam-kim-cham/,Bò cuộn nấm kim châm,10422,2015-08-05T13:13:33
https://monngonmoingay.com/muc-chien-ngu-sac/,Mực chiên ngũ sắc,10271,2015-08-05T12:18:44
https://monngonmoingay.com/banh-da-xao-thit-ga-chua-ngot/,Bánh đa xào thịt gà chua ngọt,10240,2015-08-05T12:13:43
https://monngonmoingay.com/chao-trung-thit-bam/,Cháo trứng thịt bằm,10153,2015-08-05T11:56:11
https://monngonmoingay.com/ngheu-nuong-mo-chai/,Nghêu nướng mỡ chài,10085,2015-08-05T11:49:14
https://monngonmoingay.com/cha-gio-muc/,Chả giò mực,10021,2015-08-05T11:42:15
https://monngonmoingay.com/cha-gio-spaghetti/,Chả giò Spaghetti,9942,2015-08-05T11:33:56
https://monngonmoingay.com/goi-rau-nuoc-tuong/,Gỏi rau nước tương,9886,2015-08-05T11:22:49
https://monngonmoingay.com/sup-hot-luu-chay/,Súp hột lựu chay,9091,2015-08-05T01:39:40
https://monngonmoingay.com/mi-xao-gion-chay/,Mì xào giòn chay,9067,2015-08-05T01:30:07
https://monngonmoingay.com/goi-ga-rau-ram/,Gỏi gà rau răm,9048,2015-08-05T01:22:43
https://monngonmoingay.com/salad-nui-ca-hoi/,Salad nui cá hồi,9028,2015-08-05T01:16:51
https://monngonmoingay.com/goi-cuon-3-loai/,Gỏi cuốn 3 loại,8974,2015-08-05T01:03:29
https://monngonmoingay.com/ca-dieu-hong-nuong-rau-ram-2/,Cá điêu hồng nướng rau răm,5244,2015-08-04T21:06:12
https://monngonmoingay.com/chao-ngheu/,Cháo nghêu,6703,2015-08-04T10:54:09
https://monngonmoingay.com/banh-mi-chien-tom/,Bánh mì chiên tôm,6683,2015-08-04T10:48:16
https://monngonmoingay.com/nem-hai-san/,Nem hải sản,6668,2015-08-04T10:42:31
https://monngonmoingay.com/tom-chien-hoanh-thanh/,Tôm chiên hoành thánh,6647,2015-08-04T10:36:45
https://monngonmoingay.com/banh-tom/,Bánh tôm,6625,2015-08-04T10:28:37
https://monngonmoingay.com/banh-beo/,Bánh bèo,6607,2015-08-04T10:18:15
https://monngonmoingay.com/ca-keo-kho-rau-ram/,Cá kèo kho rau răm,6593,2015-08-04T10:10:55
https://monngonmoingay.com/ca-tim-hap-nuoc-tuong-toi/,Cà tím hấp nước tương tỏi,6579,2015-08-04T09:53:15
https://monngonmoingay.com/sup-ngheu-chua-cay/,Súp nghêu chua cay,6566,2015-08-04T09:46:50
https://monngonmoingay.com/canh-ga-nau-bong-cai-2/,Canh gà nấu bông cải,6550,2015-08-04T09:16:35
https://monngonmoingay.com/dau-hu-khia/,Đậu hũ khìa,5347,2015-08-03T17:57:54
https://monngonmoingay.com/banh-cua/,Bánh cua,5378,2015-08-03T17:55:11
https://monngonmoingay.com/rau-cu-chien-tam-nuoc-tuong/,Rau củ chiên tẩm nước tương,5365,2015-08-03T17:52:25
https://monngonmoingay.com/sup-ngheu-rau-cu-2/,Súp nghêu rau củ,5428,2015-08-03T17:48:07
https://monngonmoingay.com/salad-nui-ba-mau-2/,Salad nui ba màu,6249,2015-08-03T14:42:31
https://monngonmoingay.com/cha-ngheu-hung-que-2/,Chả nghêu húng quế,6178,2015-08-03T11:48:11
https://monngonmoingay.com/canh-bi-do-dau-xanh-2/,Canh bí đỏ đậu xanh,6053,2015-08-03T10:49:36
https://monngonmoingay.com/cha-nam-chien-gion/,Chả nấm chiên giòn,5968,2015-08-02T23:52:49
https://monngonmoingay.com/lap-xuong-xao-ngu-sac/,Lạp xưởng xào ngũ sắc,5964,2015-08-02T23:48:05
https://monngonmoingay.com/chim-cut-ro-ti/,Chim cút rô ti,5960,2015-08-02T23:41:24
https://monngonmoingay.com/lau-luon-hoa-chuoi/,Lẩu lươn hoa chuối,5956,2015-08-02T23:36:01
https://monngonmoingay.com/suon-kho-nam/,Sườn kho nấm,5938,2015-08-02T23:05:58
https://monngonmoingay.com/ca-thu-nuong-ot-xanh/,Cá thu nướng ớt xanh,5922,2015-08-02T23:00:32
https://monngonmoingay.com/lau-dau-tuong/,Lẩu đậu tương,5912,2015-08-02T22:57:36
https://monngonmoingay.com/bi-ngoi-xao-hai-san/,Bí ngòi xào hải sản,5669,2015-08-02T22:54:43
https://monngonmoingay.com/ech-xao-bon-bon/,Ếch xào bồn bồn,5903,2015-08-02T22:53:57
https://monngonmoingay.com/hu-tieu-xao-cua-thanh/,Hủ tiếu xào cua thanh,5896,2015-08-02T22:50:51
https://monngonmoingay.com/salad-doi-quay/,Salad dồi quẩy,5890,2015-08-02T22:47:44
https://monngonmoingay.com/lau-ngheu-hung-chanh/,Lẩu nghêu húng chanh,5884,2015-08-02T22:44:39
https://monngonmoingay.com/mien-ga-mang-kho/,Miến gà măng khô,5880,2015-08-02T22:41:53
https://monngonmoingay.com/ech-xao-cai-chua/,Ếch xào cải chua,5862,2015-08-02T22:36:05
https://monngonmoingay.com/ca-dieu-hong-xot-hat-luu/,Cá điêu hồng xốt hạt lựu,5851,2015-08-02T22:33:10
https://monngonmoingay.com/trai-cay-va-rau-cu-chien-gion/,Trái cây và rau củ chiên giòn,5841,2015-08-02T22:30:03
https://monngonmoingay.com/lau-dau-ca-bop-ot-kho/,Lẩu đầu cá bớp ớt khô,5831,2015-08-02T22:27:12
https://monngonmoingay.com/ca-tai-tuong-hap-xi-dau/,Cá tai tượng hấp xì dầu,5823,2015-08-02T22:24:01
https://monngonmoingay.com/snack-com/,Snack cốm,5813,2015-08-02T22:21:02
https://monngonmoingay.com/tom-xao-hanh-nhan-chay/,Tôm xào hạnh nhân chay,5790,2015-08-02T22:14:23
https://monngonmoingay.com/ca-thac-lac-bach-hoa-2/,Cá thác lác bách hoa,5661,2015-08-02T20:51:41
https://monngonmoingay.com/ca-ro-kho-ca-bat-2/,Cá rô kho cà bát,5657,2015-08-02T20:46:50
https://monngonmoingay.com/bun-chay-la-chanh-2/,Bún chay lá chanh,5647,2015-08-02T20:42:15
https://monngonmoingay.com/tom-nuong-muoi-ot/,Tôm nướng muối ớt,5637,2015-08-02T20:37:04
https://monngonmoingay.com/pho-chien-phong-chua-ngot/,Phở chiên phồng chua ngọt,5626,2015-08-02T20:32:19
https://monngonmoingay.com/goi-vit-rau-rung/,Gỏi vịt rau rừng,5615,2015-08-02T20:25:02
https://monngonmoingay.com/canh-mang-kho-duoi-bo-2/,Canh măng khô đuôi bò,5509,2015-08-02T20:17:37
https://monngonmoingay.com/canh-rau-den-khoai-so/,Canh rau dền khoai sọ,5600,2015-08-02T19:34:40
https://monngonmoingay.com/lau-thai/,Lẩu Thái,5596,2015-08-02T19:28:46
https://monngonmoingay.com/ca-loc-xao-luu-ly/,Cá lóc xào lưu ly,5587,2015-08-02T19:17:41
https://monngonmoingay.com/goi-rau-can-thit-bo/,Gỏi rau cần thịt bò,5578,2015-08-02T19:08:23
https://monngonmoingay.com/cu-san-xao-thit/,Củ sắn xào thịt,5574,2015-08-02T19:03:19
https://monngonmoingay.com/dau-hu-hap-la-han/,Đậu hũ hấp la hán,5570,2015-08-02T18:59:19
https://monngonmoingay.com/banh-mi-cuon-ca-hop/,Bánh mì cuộn cá hộp,5566,2015-08-02T18:54:50
https://monngonmoingay.com/goi-so-huyet-nam-tuyet/,Gỏi sò huyết nấm tuyết,5562,2015-08-02T18:49:55
https://monngonmoingay.com/salad-thit-ga-tron-tao-do-2/,Salad thịt gà trộn táo đỏ,5558,2015-08-02T18:44:31
https://monngonmoingay.com/banh-khoai-tim-nhan-thit/,Bánh khoai tím nhân thịt,5554,2015-08-02T18:39:17
https://monngonmoingay.com/suon-kho-dau-hu-non/,Sườn kho đậu hũ non,5550,2015-08-02T18:35:56
https://monngonmoingay.com/bo-luc-lac-mayo/,Bò lúc lắc Mayo,5542,2015-08-02T18:31:55
https://monngonmoingay.com/rau-cu-xao-hy-lac/,Rau củ xào hỷ lạc,5534,2015-08-02T18:26:37
https://monngonmoingay.com/mi-quang-xao-chay/,Mì Quảng xào chay,5518,2015-08-02T18:21:53
https://monngonmoingay.com/luon-om-chuoi-dau/,Lươn om chuối đậu,5501,2015-08-02T18:16:20
https://monngonmoingay.com/trung-chien-lap-xuong/,Trứng chiên lạp xưởng,5504,2015-08-02T18:15:04
https://monngonmoingay.com/cu-sen-chien-tom/,Củ sen chiên tôm,5489,2015-08-02T18:10:53
https://monngonmoingay.com/banh-bot-loc/,Bánh bột lọc,5475,2015-08-02T18:05:55
https://monngonmoingay.com/cai-thao-xao-tim-heo/,Cải thảo xào tim heo,5472,2015-08-02T18:05:54
https://monngonmoingay.com/banh-xeo/,Bánh xèo,5462,2015-08-02T18:01:26
https://monngonmoingay.com/canh-ga-nau-khoai-tay/,Canh gà nấu khoai tây,5459,2015-08-02T18:00:52
https://monngonmoingay.com/cha-bap/,Chả bắp,5452,2015-08-02T17:56:50
https://monngonmoingay.com/banh-xeo-han-quoc/,Bánh xèo Hàn Quốc,5445,2015-08-02T17:55:53
https://monngonmoingay.com/kiem/,Kiểm,5435,2015-08-02T17:52:50
https://monngonmoingay.com/cai-thao-goi-tom-thit/,Cải thảo gói tôm thịt,5426,2015-08-02T17:50:35
https://monngonmoingay.com/cha-gio-chay/,Chả giò chay,5418,2015-08-02T17:46:59
https://monngonmoingay.com/salad-mi-y-chua-ngot/,Salad mì Ý chua ngọt,5400,2015-08-02T17:44:35
https://monngonmoingay.com/bach-tuoc-xao-chua-cay/,Bạch tuộc xào chua cay,5395,2015-08-02T17:42:02
https://monngonmoingay.com/tom-xao-sa-cay/,Tôm xào sả cay,5385,2015-08-02T17:38:09
https://monngonmoingay.com/ga-kho-hanh-phi/,Gà kho hành phi,5372,2015-08-02T17:36:25
https://monngonmoingay.com/dau-hu-xot-nam/,Đậu hũ xốt nấm,5366,2015-08-02T17:32:05
https://monngonmoingay.com/dua-kho-ngu-vi/,Dừa kho ngũ vị,5362,2015-08-02T17:31:36
https://monngonmoingay.com/mien-xao-xot-tuong/,Miến xào xốt tương,5353,2015-08-02T17:27:50
https://monngonmoingay.com/cua-nam-xao-mang-tay/,Cua nấm xào măng tây,5350,2015-08-02T17:27:09
https://monngonmoingay.com/mam-loc-chung/,Mắm lóc chưng,5334,2015-08-02T17:23:12
https://monngonmoingay.com/ca-doi-kho-cai-chua/,Cá đối kho cải chua,5328,2015-08-02T17:22:08
https://monngonmoingay.com/canh-ca-ro-rau-nhut/,Canh cá rô rau nhút,5332,2015-08-02T17:22:00
https://monngonmoingay.com/ga-nau-nam/,Gà nấu nấm,5320,2015-08-02T17:18:22
https://monngonmoingay.com/dau-tron-xa-lach/,Đậu trộn xà lách,5311,2015-08-02T17:17:23
https://monngonmoingay.com/tom-rang-dua/,Tôm rang dừa,5308,2015-08-02T17:14:04
https://monngonmoingay.com/ca-tim-dau-hu-chien-xu/,Cà tím đậu hũ chiên xù,5301,2015-08-02T17:11:26
https://monngonmoingay.com/goi-rong-bien/,Gỏi rong biển,5297,2015-08-02T17:09:06
https://monngonmoingay.com/ca-trung-chien-bo-toi/,Cá trứng chiên bơ tỏi,5296,2015-08-02T17:06:57
https://monngonmoingay.com/sandwich-nuong-thit-bam/,Sandwich nướng thịt băm,5261,2015-08-02T17:05:33
https://monngonmoingay.com/goi-buoi-bap-cai-ga-xe/,Gỏi bưởi bắp cải gà xé,5286,2015-08-02T17:04:20
https://monngonmoingay.com/bi-xanh-nhoi-suon-hap/,Bí xanh nhồi sườn hấp,5289,2015-08-02T17:04:19
https://monngonmoingay.com/lau-bo-sa-te/,Lẩu bò sa tế,5282,2015-08-02T17:01:41
https://monngonmoingay.com/salad-nga/,Salad Nga,5271,2015-08-02T16:58:52
https://monngonmoingay.com/mon-thit-ba-chi-chien-gion/,Thịt ba chỉ chiên giòn,5273,2015-08-02T16:58:18
https://monngonmoingay.com/ga-nuong-noi-dat/,Gà nướng nồi đất,5265,2015-08-02T16:55:44
https://monngonmoingay.com/canh-ngheu-kim-cham/,Canh nghêu kim châm,5258,2015-08-02T16:53:30
https://monngonmoingay.com/muc-tron-kho-qua-chua-ngot/,Mực trộn khổ qua chua ngọt,5237,2015-08-02T16:51:44
https://monngonmoingay.com/cuon-dau-hu-kho-gung/,Cuốn đậu hủ kho gừng,5247,2015-08-02T16:51:03
https://monngonmoingay.com/suon-bung/,Sườn bung,5227,2015-08-02T16:48:43
https://monngonmoingay.com/tom-cang-uyen-uong/,Tôm càng uyên ương,5213,2015-08-02T16:46:59
https://monngonmoingay.com/sake-kep-tom-chien-gion/,Sake kẹp tôm chiên giòn,5216,2015-08-02T16:45:21
https://monngonmoingay.com/cai-bo-xoi-xao-thit/,Cải bó xôi xào thịt,5220,2015-08-02T16:44:47
https://monngonmoingay.com/cuon-so-diep-cham-xot-2/,Cuốn sò điệp chấm xốt,5206,2015-08-02T16:41:38
https://monngonmoingay.com/dau-rong-xao-trung/,Đậu rồng xào trứng,5190,2015-08-02T16:40:09
https://monngonmoingay.com/ca-ri-vit-quay/,Cà ri vịt quay,5180,2015-08-02T16:39:52
https://monngonmoingay.com/than-heo-chien-bo/,Thăn heo chiên bơ,5192,2015-08-02T16:38:20
https://monngonmoingay.com/lau-ghe-kim-chi/,Lẩu ghẹ kim chi,5179,2015-08-02T16:37:18
https://monngonmoingay.com/ca-thu-kho-ca-tim/,Cá thu kho cà tím,5181,2015-08-02T16:35:36
https://monngonmoingay.com/canh-ngheu-dau-hu-chua-cay/,Canh nghêu đậu hũ chua cay,5172,2015-08-02T16:35:20
https://monngonmoingay.com/banh-muc-khoai-mon/,Bánh mực khoai môn,5170,2015-08-02T16:32:59
https://monngonmoingay.com/bi-ngoi-hap-xot-nam/,Bí ngòi hấp xốt nấm,5152,2015-08-02T16:32:49
https://monngonmoingay.com/lau-tuong-hai-san/,Lẩu tương hải sản,5150,2015-08-02T16:32:39
https://monngonmoingay.com/ech-xao-bong-he-sa-te/,Ếch xào bông hẹ sa tế,5162,2015-08-02T16:30:34
https://monngonmoingay.com/khoai-tay-trai-le/,Khoai tây trái lê,5154,2015-08-02T16:28:00
https://monngonmoingay.com/khoai-tay-xao-ba-roi-xong-khoi/,Khoai tây xào ba rọi xông khói,5144,2015-08-02T16:25:13
https://monngonmoingay.com/tom-vien-tuyet-hoa/,Tôm viên tuyết hoa,5124,2015-08-02T16:24:48
https://monngonmoingay.com/mi-truong-tho/,Mì trường thọ,5122,2015-08-02T16:24:25
https://monngonmoingay.com/kho-qua-deo-kho-nam/,Khổ qua đèo kho nấm,5109,2015-08-02T16:23:40
https://monngonmoingay.com/canh-rieu-chem-chep/,Canh riêu chem chép,5127,2015-08-02T16:23:02
https://monngonmoingay.com/ca-chem-luc-lac-hat-dieu/,Cá chẽm lúc lắc hạt điều,5117,2015-08-02T16:20:08
https://monngonmoingay.com/lau-hoa-muc/,Lẩu hoa mực,5105,2015-08-02T16:19:37
https://monngonmoingay.com/ba-roi-chien-sa-ot/,Ba rọi chiên sả ớt,5101,2015-08-02T16:18:26
https://monngonmoingay.com/ga-tiem-nam-dong-co/,Gà tiềm nấm đông cô,5107,2015-08-02T16:17:16
https://monngonmoingay.com/ca-kho-chuoi-xanh/,Cá kho chuối xanh,5082,2015-08-02T16:14:50
https://monngonmoingay.com/salad-tom-xot-kem/,Salad tôm xốt kem,5044,2015-08-02T16:13:55
https://monngonmoingay.com/dau-hu-chien-xot-ca/,Đậu hũ chiên xốt cà,5089,2015-08-02T16:12:11
https://monngonmoingay.com/mien-xao-luon-chien-gion/,Miến xào lươn chiên giòn,5087,2015-08-02T16:06:44
https://monngonmoingay.com/mi-can-kho-tieu-xanh/,Mì căn kho tiêu xanh,5079,2015-08-02T16:04:25
https://monngonmoingay.com/canh-ga-dui-trong/,Cánh gà dùi trống,5073,2015-08-02T16:04:02
https://monngonmoingay.com/bong-thien-ly-xao-tom/,Bông thiên lý xào tôm,5060,2015-08-02T16:02:25
https://monngonmoingay.com/cua-lot-phong-sa/,Cua lột phong sa,5070,2015-08-02T16:01:57
https://monngonmoingay.com/ca-tim-tay-cam/,Cà tím tay cầm,5058,2015-08-02T16:00:12
https://monngonmoingay.com/cha-ech-la-lot-chien/,Chả ếch lá lốt chiên,5056,2015-08-02T15:59:41
https://monngonmoingay.com/ga-xao-lan-mayonnaise/,Gà xào lăn Mayonnaise,5038,2015-08-02T15:57:20
https://monngonmoingay.com/mi-vang-xot-tom/,Mì vàng xốt tôm,5040,2015-08-02T15:55:28
https://monngonmoingay.com/so-long-chien-gion/,Sò lông chiên giòn,5017,2015-08-02T15:52:58
https://monngonmoingay.com/vit-kho-nuoc-tuong/,Vịt kho nước tương,5024,2015-08-02T15:52:54
https://monngonmoingay.com/banh-khoai-tay/,Bánh khoai tây,5027,2015-08-02T15:52:39
https://monngonmoingay.com/rau-cang-cua-tron-tom/,Rau càng cua trộn tôm,5012,2015-08-02T15:51:40
https://monngonmoingay.com/thit-kho-cu-kieu/,Thịt kho củ kiệu,5014,2015-08-02T15:49:50
https://monngonmoingay.com/trung-hap-kieu-nhat/,Trứng hấp kiểu Nhật,5004,2015-08-02T15:49:16
https://monngonmoingay.com/canh-nam-khoai-tu/,Canh nấm khoai từ,4989,2015-08-02T15:47:50
https://monngonmoingay.com/pho-mai-que-dau-phong/,Phô mai que đậu phộng,4980,2015-08-02T15:47:11
https://monngonmoingay.com/canh-bap-cai-thit-xong-khoi/,Canh bắp cải thịt xông khói,4997,2015-08-02T15:46:59
https://monngonmoingay.com/thit-vien-nau-sua-tuoi/,Thịt viên nấu sữa tươi,4992,2015-08-02T15:44:49
https://monngonmoingay.com/cai-ro-xao-nam-mayonnaise/,Cải rổ xào nấm Mayonnaise,4983,2015-08-02T15:41:50
https://monngonmoingay.com/ga-chien-gion/,Gà chiên giòn,4976,2015-08-02T15:40:04
https://monngonmoingay.com/banh-ca-chien/,Bánh cá chiên,4964,2015-08-02T15:39:45
https://monngonmoingay.com/muc-xot-thom/,Mực xốt thơm,4961,2015-08-02T15:36:54
https://monngonmoingay.com/cha-ca-kho-chua-cay/,Chả cá kho chua cay,4971,2015-08-02T15:36:43
https://monngonmoingay.com/canh-ga-tam-xot-mayonnaise-ca-ri/,Cánh gà tẩm xốt Mayonnaise cà ri,4959,2015-08-02T15:35:04
https://monngonmoingay.com/canh-chua-bap-cai-tim/,Canh chua bắp cải tím,4963,2015-08-02T15:34:23
https://monngonmoingay.com/rau-cu-kho-chay/,Rau củ kho chay,4955,2015-08-02T15:32:06
https://monngonmoingay.com/thit-ech-xao-giam-toi/,Thịt ếch xào giấm tỏi,4943,2015-08-02T15:31:54
https://monngonmoingay.com/salad-cua-va-mi-y-2/,Salad cua mì ý,4947,2015-08-02T15:31:18
https://monngonmoingay.com/mien-xao-chay/,Miến xào chay,4945,2015-08-02T15:29:25
https://monngonmoingay.com/com-thap-cam-kieu-nhat/,Cơm thập cẩm kiểu Nhật,4934,2015-08-02T15:27:01
https://monngonmoingay.com/bo-tam-sac-ap-chao/,Bò tam sắc áp chảo,4937,2015-08-02T15:26:37
https://monngonmoingay.com/long-ga-kho-tuong/,Lòng gà kho tương,4927,2015-08-02T15:26:02
https://monngonmoingay.com/lau-ech-sa-te/,Lẩu ếch sa tế,4929,2015-08-02T15:23:58
https://monngonmoingay.com/sandwich-nuong-hai-san/,Sandwich nướng hải sản,4918,2015-08-02T15:22:48
https://monngonmoingay.com/vit-kho-cu-cai-man/,Vịt kho củ cải mặn,4921,2015-08-02T15:21:41
https://monngonmoingay.com/banh-chien-hai-san/,Bánh chiên hải sản,4911,2015-08-02T15:21:03
https://monngonmoingay.com/banh-quy-gion-mayonnaise/,Bánh quy giòn mayonnaise,4905,2015-08-02T15:18:17
https://monngonmoingay.com/cuon-bi-chien-gion/,Cuộn bí chiên giòn,4781,2015-08-02T15:16:51
https://monngonmoingay.com/tom-nuong-banh-hoi/,Tôm nướng bánh hỏi,4898,2015-08-02T15:16:13
https://monngonmoingay.com/ga-nuong-xien/,Gà nướng xiên,4896,2015-08-02T15:14:14
https://monngonmoingay.com/kho-qua-kho-chay/,Khổ qua kho chay,4890,2015-08-02T15:11:29
https://monngonmoingay.com/ca-hap-nuoc-tuong/,Cá hấp nước tương,4888,2015-08-02T15:09:45
https://monngonmoingay.com/hen-chien-trung/,Hến chiên trứng,4879,2015-08-02T15:05:31
https://monngonmoingay.com/tom-chien-com/,Tôm chiên cốm,4875,2015-08-02T15:04:35
https://monngonmoingay.com/goi-su-hao/,Gỏi su hào,4878,2015-08-02T15:03:41
https://monngonmoingay.com/pizza-thit-nguoi/,Pizza thịt nguội,4867,2015-08-02T15:00:41
https://monngonmoingay.com/luon-xao-lan/,Lươn xào lăn,4862,2015-08-02T14:59:30
https://monngonmoingay.com/gan-xot-mat-ong-2/,Gan xốt mật ong,4858,2015-08-02T14:56:56
https://monngonmoingay.com/oc-nhoi-hap-sa/,Ốc nhồi hấp xả,4846,2015-08-02T14:55:44
https://monngonmoingay.com/oc-xao/,Ốc xào,4849,2015-08-02T14:55:27
https://monngonmoingay.com/heo-thau/,Heo thấu,4821,2015-08-02T14:51:18
https://monngonmoingay.com/tom-chien-xot-kiwi/,Tôm chiên xốt kiwi,4819,2015-08-02T14:51:08
https://monngonmoingay.com/canh-tom-bap-vien/,Canh tôm bắp viên,4825,2015-08-02T14:50:56
https://monngonmoingay.com/canh-nam-rong-bien/,Canh nấm rong biển,4808,2015-08-02T14:48:04
https://monngonmoingay.com/moc-cua/,Mọc cua,4805,2015-08-02T14:46:55
https://monngonmoingay.com/ga-kho-chao-mayonnaise/,Gà kho chao Mayonnaise,4800,2015-08-02T14:46:50
https://monngonmoingay.com/canh-rau-muong-khoai-so/,Canh rau muống khoai sọ,4797,2015-08-02T14:43:23
https://monngonmoingay.com/pho-ga/,Phở gà,4784,2015-08-02T14:42:16
https://monngonmoingay.com/coi-so-diep-chien-khoai/,Cồi sò điệp chiên khoai,4787,2015-08-02T14:41:23
https://monngonmoingay.com/chao-thit-bo-trung-muoi/,Cháo thịt bò trứng muối,4789,2015-08-02T14:40:44
https://monngonmoingay.com/chim-cut-nhoi-com-hap/,Chim cút nhồi cốm hấp,4771,2015-08-02T14:37:04
https://monngonmoingay.com/ca-lang-kho-cu-nen/,Cá lăng kho củ nén,4774,2015-08-02T14:34:08
https://monngonmoingay.com/bun-thit-nuong/,Bún thịt nướng,4753,2015-08-02T14:29:29
https://monngonmoingay.com/lau-nam-ga-2/,Lẩu nấm gà,4757,2015-08-02T14:28:53
https://monngonmoingay.com/cai-thao-xao-so-diep/,Cải thảo xào sò điệp,4747,2015-08-02T14:26:30
https://monngonmoingay.com/bun-gao-xao-chao-do/,Bún gạo xào chao đỏ,4727,2015-08-02T14:24:52
https://monngonmoingay.com/canh-ga-chien-sa-te-tom/,Cánh gà chiên sa tế tôm,4731,2015-08-02T14:21:26
https://monngonmoingay.com/dau-hu-bao-bo/,Đậu hũ bao bố,4719,2015-08-02T14:19:02
https://monngonmoingay.com/cha-ca-ha-noi-2/,Chả cá Hà Nội,4705,2015-08-02T14:17:35
https://monngonmoingay.com/bi-cuon-chay/,Bì cuốn chay,4708,2015-08-02T14:17:28
https://monngonmoingay.com/suon-kho-giam-mat-ong/,Sườn kho giấm mật ong,4712,2015-08-02T14:15:33
https://monngonmoingay.com/canh-ga-nau-nho/,Canh gà nấu nho,4707,2015-08-02T14:13:12
https://monngonmoingay.com/hamburger-ga-xe/,Hamburger gà xé,4699,2015-08-02T14:10:35
https://monngonmoingay.com/ca-chem-nuong-la-chuoi/,Cá chẽm nướng lá chuối,4697,2015-08-02T14:10:23
https://monngonmoingay.com/ca-loc-chien-xot-kiwi/,Cá lóc chiên xốt kiwi,4690,2015-08-02T14:07:39
https://monngonmoingay.com/ga-kho-cu-cai-muoi/,Gà kho củ cải muối,4688,2015-08-02T14:07:31
https://monngonmoingay.com/thit-heo-xao-nuoc-tuong-gung/,Thịt heo xào nước tương gừng,4676,2015-08-02T14:05:29
https://monngonmoingay.com/chan-nam-xao-thit-ga/,Chân nấm xào thịt gà,4681,2015-08-02T14:05:17
https://monngonmoingay.com/hau-chien-gion/,Hàu chiên giòn,4678,2015-08-02T14:04:40
https://monngonmoingay.com/vit-ham-bi-xanh/,Vịt hầm bí xanh,4672,2015-08-02T14:02:57
https://monngonmoingay.com/mi-xao-gion-so-diep/,Mì xào giòn sò điệp,4665,2015-08-02T14:01:57
https://monngonmoingay.com/nam-nau-tha/,Nấm nấu thả,4657,2015-08-02T14:01:41
https://monngonmoingay.com/suon-chien-xot-nam/,Sườn chiên xốt nấm,4662,2015-08-02T14:00:32
https://monngonmoingay.com/salad-thit-bo-cai-xoong/,Salad thịt bò cải xoong,4654,2015-08-02T13:58:50
https://monngonmoingay.com/cha-gio-ca-chem-dua-luoi/,Chả giò cá chẽm dưa lưới,4627,2015-08-02T13:55:10
https://monngonmoingay.com/canh-bong-thap-cam/,Canh bóng thập cẩm,4634,2015-08-02T13:50:36
https://monngonmoingay.com/bo-thung/,Bò thưng,4624,2015-08-02T13:45:14
https://monngonmoingay.com/thit-bo-kho-que/,Thịt bò kho quế,4609,2015-08-02T13:40:42
https://monngonmoingay.com/long-heo-tron-rieng-sa/,Lòng heo trộn riềng sả,4603,2015-08-02T13:39:17
https://monngonmoingay.com/thit-kho-nuoc-dua/,Thịt kho nước dừa,4595,2015-08-02T13:35:43
https://monngonmoingay.com/lau-hau-kim-chi/,Lẩu hàu kim chi,4594,2015-08-02T13:33:47
https://monngonmoingay.com/gio-thu-xao/,Giò thủ xào,4580,2015-08-02T13:31:05
https://monngonmoingay.com/ga-luc-lac-phu-hanh-nhan/,Gà lúc lắc phủ hạnh nhân,4574,2015-08-02T13:28:46
https://monngonmoingay.com/ga-nau-dong/,Gà nấu đông,4562,2015-08-02T13:27:00
https://monngonmoingay.com/vit-nuong-chao/,Vịt nướng chao,4559,2015-08-02T13:26:52
https://monngonmoingay.com/lau-chay-trai-cay-2/,Lẩu chay trái cây,4546,2015-08-02T13:25:48
https://monngonmoingay.com/oc-bien-xao-chua-ngot/,Ốc biển xào chua ngọt,4548,2015-08-02T13:25:01
https://monngonmoingay.com/goi-buoi/,Gỏi bưởi,4533,2015-08-02T13:22:28
https://monngonmoingay.com/ca-ap-chao-vi-sa-te/,Cá áp chảo vị sa tế,4525,2015-08-02T13:21:57
https://monngonmoingay.com/thit-ga-kho-rau-ram/,Thịt gà kho rau răm,4532,2015-08-02T13:20:59
https://monngonmoingay.com/bong-so-dua-chien-gion/,Bông so đũa chiên giòn,4536,2015-08-02T13:20:51
https://monngonmoingay.com/hu-tieu-xao-cat-heo/,Hủ tiếu xào cật heo,4523,2015-08-02T13:19:03
https://monngonmoingay.com/banh-ha-cao-hoa-hong/,Bánh há cảo hoa hồng,4515,2015-08-02T13:17:33
https://monngonmoingay.com/banh-tet-la-cam/,Bánh tét lá cẩm,4510,2015-08-02T13:17:32
https://monngonmoingay.com/cha-dum/,Chả đùm,4484,2015-08-02T13:16:08
https://monngonmoingay.com/vien-xoi-ga-boc-la-sen/,Viên xôi gà bọc lá sen,4491,2015-08-02T13:16:04
https://monngonmoingay.com/xoi-vien-ngoc/,Xôi viên ngọc,4499,2015-08-02T13:13:42
https://monngonmoingay.com/tau-hu-ky-cuon-thit-chien/,Tàu hũ ky cuộn thịt chiên,4474,2015-08-02T13:12:52
https://monngonmoingay.com/khoai-mon-hat-sen-chien-xu/,Khoai môn hạt sen chiên xù,4489,2015-08-02T13:12:40
https://monngonmoingay.com/lau-me-ca-chem/,Lẩu mẻ cá chẽm,4476,2015-08-02T13:09:52
https://monngonmoingay.com/lau-ca-ro-phi/,Lẩu cá rô phi,4473,2015-08-02T13:08:50
https://monngonmoingay.com/hanh-toi-ngam-giam/,Hành tỏi ngâm giấm,4461,2015-08-02T13:08:20
https://monngonmoingay.com/com-hoang-bao/,Cơm Hoàng bào,4453,2015-08-02T13:06:03
https://monngonmoingay.com/banh-khoai/,Bánh khoái,4460,2015-08-02T13:05:37
https://monngonmoingay.com/mi-xao-ga-chua-cay/,Mì xào gà chua cay,4445,2015-08-02T13:02:44
https://monngonmoingay.com/bap-bo-ngam-giam/,Bắp bò ngâm giấm,4442,2015-08-02T13:02:42
https://monngonmoingay.com/com-tam-suon-mayonnaise/,Cơm tấm sườn mayonnaise,4439,2015-08-02T13:02:37
https://monngonmoingay.com/nam-hap-sa/,Nấm hấp sả,4419,2015-08-02T12:59:06
https://monngonmoingay.com/dua-cai-thao/,Dưa cải thảo,4433,2015-08-02T12:58:27
https://monngonmoingay.com/than-heo-cuon-nhan-jambon-pho-mai/,Thăn heo cuộn nhân Jambon phô mai,4427,2015-08-02T12:54:05
https://monngonmoingay.com/ca-chim-rim-gung-toi/,Cá chim rim gừng tỏi,4417,2015-08-02T12:49:11
https://monngonmoingay.com/bo-cuon-pho-mai/,Bò cuộn phô mai,4414,2015-08-02T12:48:15
https://monngonmoingay.com/thit-ba-roi-kho-khoai-so/,Thịt ba rọi kho khoai sọ,4395,2015-08-02T12:45:25
https://monngonmoingay.com/goi-thit-bo-tron-rau/,Gỏi thịt bò trộn rau,4407,2015-08-02T12:44:51
https://monngonmoingay.com/tho-nau-ruou-vang-do/,Thỏ nấu rượu vang đỏ,4405,2015-08-02T12:43:40
https://monngonmoingay.com/thit-gio-heo-kho-xa-xi/,Thịt giò heo kho xá xị,4398,2015-08-02T12:40:19
https://monngonmoingay.com/ga-tay-cuon-hat-sen/,Gà tây cuộn hạt sen,4385,2015-08-02T12:34:30
https://monngonmoingay.com/dau-hu-don-tom-kho-chao/,Đậu hũ dồn tôm kho chao,4388,2015-08-02T12:34:02
https://monngonmoingay.com/canh-chua-muc/,Canh chua mực,4376,2015-08-02T12:31:12
https://monngonmoingay.com/khai-vi-ca-hoi-tao-tron/,Khai vị cá hồi táo trộn,4374,2015-08-02T12:29:59
https://monngonmoingay.com/banh-mi-dut-lo-xot-mayonnaise/,Bánh mì đút lò xốt mayonnaise,4351,2015-08-02T12:25:53
https://monngonmoingay.com/bau-non-tron-heo-quay/,Bầu non trộn heo quay,4359,2015-08-02T12:22:54
https://monngonmoingay.com/khoai-tay-tron-mayonnaise/,Khoai tây trộn Mayonnaise,4349,2015-08-02T12:18:24
https://monngonmoingay.com/luon-om-khoai-so/,Lươn om khoai sọ,4346,2015-08-02T12:17:34
https://monngonmoingay.com/nhong-xao-mang-chua-2/,Nhộng xào măng chua,4340,2015-08-02T12:14:28
https://monngonmoingay.com/goi-hai-san-phuong-dong/,Gỏi hải sản phương Đông,4332,2015-08-02T12:13:52
https://monngonmoingay.com/com-chien-mayonnaise-2/,Cơm chiên mayonnaise,4326,2015-08-02T12:12:58
https://monngonmoingay.com/ca-dieu-hong-xot-ngu-sac/,Cá điêu hồng xốt ngũ sắc,4330,2015-08-02T12:11:37
https://monngonmoingay.com/sup-nam-cua/,Súp nấm cua,4317,2015-08-02T12:09:11
https://monngonmoingay.com/muc-don-nhan/,Mực dồn nhân,4320,2015-08-02T12:08:49
https://monngonmoingay.com/luoi-heo-tron-chua-ngot-2/,Lưỡi heo trộn chua ngọt,4267,2015-08-02T12:07:01
https://monngonmoingay.com/ga-cuon-nuong-xot-mayo/,Gà cuộn nướng xốt Mayo,4304,2015-08-02T12:04:48
https://monngonmoingay.com/sup-tran-chau/,Súp trân châu,4305,2015-08-02T12:04:02
https://monngonmoingay.com/sup-thap-cam/,Súp thập cẩm,4294,2015-08-02T11:59:29
https://monngonmoingay.com/chao-vat-giuong/,Cháo vạt giường,4295,2015-08-02T11:59:14
https://monngonmoingay.com/banh-mi-kep-thit-bo-bam/,Bánh mì kẹp thịt bò bằm,4285,2015-08-02T11:55:15
https://monngonmoingay.com/banh-mi-pho-mai-thit-nguoi/,Bánh mì phô mai thịt nguội,4274,2015-08-02T11:51:21
https://monngonmoingay.com/banh-mi-kep-xuc-xich-2/,Bánh mì kẹp xúc xích,4261,2015-08-02T11:47:21
https://monngonmoingay.com/tom-thit-kho-quet/,Tôm thịt kho quẹt,4232,2015-08-02T11:44:06
https://monngonmoingay.com/ga-nuong-teriyaki/,Gà nướng Teriyaki,4255,2015-08-02T11:42:23
https://monngonmoingay.com/thit-bo-xao-can-nuoc/,Thịt bò xào cần nước,4251,2015-08-02T11:37:23
https://monngonmoingay.com/ga-xao-hanh-nhan/,Gà xào hạnh nhân,4241,2015-08-02T11:33:15
https://monngonmoingay.com/nui-xao-hai-san/,Nui xào hải sản,4227,2015-08-02T11:24:54
https://monngonmoingay.com/mi-goi-tron/,Mì gói trộn,4217,2015-08-02T11:19:08
https://monngonmoingay.com/long-ga-xao-mien/,Lòng gà xào miến,4208,2015-08-02T11:15:05
https://monngonmoingay.com/canh-mit-non-cu-nang/,Canh mít non củ năng,4205,2015-08-02T11:14:48
https://monngonmoingay.com/canh-ca-chim-nau-ngot/,Canh cá chim nấu ngót,4198,2015-08-02T11:10:15
https://monngonmoingay.com/canh-luon-nau-khe/,Canh lươn nấu khế,4187,2015-08-02T11:06:29
https://monngonmoingay.com/muc-xao-dua-cai/,Mực xào dưa cải,4179,2015-08-02T11:05:16
https://monngonmoingay.com/canh-he-nau-thit/,Canh hẹ nấu thịt,4174,2015-08-02T11:02:50
https://monngonmoingay.com/ca-loc-xao-rau-can-nuoc/,Cá lóc xào rau cần nước,4156,2015-08-02T11:01:06
https://monngonmoingay.com/tom-kho-tau/,Tôm kho tàu,4164,2015-08-02T10:59:09
https://monngonmoingay.com/ech-kho-nuoc-tuong/,Ếch kho nước tương,4150,2015-08-02T10:55:54
https://monngonmoingay.com/goi-cai-thao/,Gỏi cải thảo,4160,2015-08-02T10:55:29
https://monngonmoingay.com/ca-tre-kho-gung/,Cá trê kho gừng,4146,2015-08-02T10:50:47
https://monngonmoingay.com/gio-heo-kho-nam-dong-co/,Giò heo kho nấm đông cô,4148,2015-08-02T10:50:10
https://monngonmoingay.com/canh-suon-cai-chua/,Canh sườn cải chua,4138,2015-08-02T10:48:15
https://monngonmoingay.com/dau-dua-xao-la-chanh/,Đậu đũa xào lá chanh,4140,2015-08-02T10:47:46
https://monngonmoingay.com/ca-basa-cuon-tia-to/,Cá basa cuốn tía tô,4134,2015-08-02T10:44:02
https://monngonmoingay.com/mi-xao-tron-mayonnaise/,Mì xào trộn mayonnaise,4128,2015-08-02T10:43:20
https://monngonmoingay.com/lau-oc-tia-to/,Lẩu ốc tía tô,4126,2015-08-02T10:38:42
https://monngonmoingay.com/bun-thit-nuong-mayonnaise/,Bún thịt nướng mayonnaise,4122,2015-08-02T10:35:49
https://monngonmoingay.com/canh-long-tha/,Canh long thả,4100,2015-08-02T10:25:55
https://monngonmoingay.com/salad-rau-cu-tron-xot-mayonnaise/,Salad rau củ trộn xốt mayonnaise,4082,2015-08-02T10:21:51
https://monngonmoingay.com/nhong-rang-la-chanh/,Nhộng rang lá chanh,4076,2015-08-02T10:18:56
https://monngonmoingay.com/canh-ech-la-me-non/,Canh ếch lá me non,4046,2015-08-02T10:14:00
https://monngonmoingay.com/com-chien-trung-ca/,Cơm chiên trứng cá,4042,2015-08-02T10:10:36
https://monngonmoingay.com/dau-hu-chien-sa-ot/,Đậu hũ chiên sả ớt,4008,2015-08-02T10:06:19
https://monngonmoingay.com/cuon-ga/,Cuốn gà,4006,2015-08-02T10:05:37
https://monngonmoingay.com/lau-ga-nau-giam/,Lẩu gà nấu giấm,3984,2015-08-02T10:03:45
https://monngonmoingay.com/vit-kho-sau/,Vịt kho sấu,3992,2015-08-02T10:02:22
https://monngonmoingay.com/rau-cu-chien-gion/,Rau củ chiên giòn,3974,2015-08-02T10:02:03
https://monngonmoingay.com/oc-mong-tay-xao-tieu-xanh/,Ốc móng tay xào tiêu xanh,3965,2015-08-02T09:58:53
https://monngonmoingay.com/luon-kho-sa-ot/,Lươn kho sả ớt,3955,2015-08-02T09:58:25
https://monngonmoingay.com/mi-y-xao-thit-bo-bam/,Mì Ý xào thịt bò băm,3950,2015-08-02T09:56:39
https://monngonmoingay.com/banh-hen-chien/,Bánh hến chiên,3946,2015-08-02T09:55:09
https://monngonmoingay.com/ca-saba-kho-ca-xot-mayonnaise/,Cá saba kho cà xốt mayonnaise,3934,2015-08-02T09:53:49
https://monngonmoingay.com/hoanh-thanh/,Hoành thánh,3930,2015-08-02T09:52:41
https://monngonmoingay.com/lau-mam-ca-keo/,Lẩu mắm cá kèo,3926,2015-08-02T09:51:10
https://monngonmoingay.com/banh-mi-xiu-mai/,Bánh mì xíu mại,3904,2015-08-02T09:47:56
https://monngonmoingay.com/canh-he-thanh-nhiet/,Canh hẹ thanh nhiệt,3907,2015-08-02T09:47:43
https://monngonmoingay.com/thit-ram-xot-mayonnaise/,Thịt ram xốt mayonnaise,3878,2015-08-02T09:44:04
https://monngonmoingay.com/ca-cuon-tom-chien/,Cá cuốn tôm chiên,3873,2015-08-02T09:39:58
https://monngonmoingay.com/luoi-heo-xao-rieng-xa/,Lưỡi heo xào riềng sả,3871,2015-08-02T09:38:13
https://monngonmoingay.com/thit-kho-nuoc-tuong-giam/,Thịt kho nước tương giấm,3859,2015-08-02T09:37:15
https://monngonmoingay.com/cha-gio-cua/,Chả giò cua,3858,2015-08-02T09:35:23
https://monngonmoingay.com/heo-vien-chien-xu/,Heo viên chiên xù,3844,2015-08-02T09:31:51
https://monngonmoingay.com/ca-long-tong-kho-lat/,Cá long tong kho lạt,3832,2015-08-02T09:31:34
https://monngonmoingay.com/ca-doi-kho-ca-chua/,Cá đối kho cà chua,3836,2015-08-02T09:28:12
https://monngonmoingay.com/canh-ngheu-mong-toi-2/,Canh nghêu mồng tơi,3833,2015-08-02T09:27:10
https://monngonmoingay.com/tam-huu/,Tam hữu,3822,2015-08-02T09:25:28
https://monngonmoingay.com/canh-rau-tap-tang/,Canh rau tập tàng,3821,2015-08-02T09:24:04
https://monngonmoingay.com/trung-chien-rau-cu-xot-mayonnaise/,Trứng chiên rau củ xốt mayonnaise,3809,2015-08-02T09:24:02
https://monngonmoingay.com/canh-chua-chem-chep/,Canh chua chem chép,3808,2015-08-02T09:19:55
https://monngonmoingay.com/salad-khoai-tay-thit-ga/,Salad khoai tây thịt gà,3801,2015-08-02T09:19:43
https://monngonmoingay.com/salad-khoai-tron-thit-bo/,Salad khoai trộn thịt bò,3791,2015-08-02T09:16:08
https://monngonmoingay.com/salad-dau-giam-tron-mayonnaise/,Salad dầu giấm trộn Mayonnaise,3798,2015-08-02T09:15:21
https://monngonmoingay.com/goi-xoai-tom/,Gỏi xoài tôm,3794,2015-08-02T09:11:42
https://monngonmoingay.com/salad-tron-thit-bo-2/,Salad trộn thịt bò,3787,2015-08-02T09:07:51
https://monngonmoingay.com/nui-tron-ca-hoi-nuong-mayonnaise/,Nui trộn cá hồi nướng Mayonnaise,3781,2015-08-02T09:05:47
https://monngonmoingay.com/ga-om-bia/,Gà om bia,3779,2015-08-02T09:03:26
https://monngonmoingay.com/ca-bong-lau-kho-to/,Cá bông lau kho tộ,3771,2015-08-02T08:59:39
https://monngonmoingay.com/so-diep-xao-bong-he-mayonnaise/,Sò điệp xào bông hẹ mayonnaise,3764,2015-08-02T08:52:36
https://monngonmoingay.com/ca-nuong-muoi-ot/,Cá nướng muối ớt,3760,2015-08-02T08:44:08
https://monngonmoingay.com/ngheu-xao-mayonnaise-hung-que/,Nghêu xào mayonnaise hung quế,3752,2015-08-02T08:39:05
https://monngonmoingay.com/ngheu-hap-nuoc-tuong/,Nghêu hấp nước tương,3750,2015-08-02T08:36:11
https://monngonmoingay.com/banh-mi-kep-thit-ga-khia/,Bánh mì kẹp thịt gà khìa,3739,2015-08-02T08:34:01
https://monngonmoingay.com/cu-sen-hap-thap-cam/,Củ sen hấp thập cẩm,3735,2015-08-02T08:33:44
https://monngonmoingay.com/dau-bap-xao-tom/,Đậu bắp xào tôm,3743,2015-08-02T08:33:35
https://monngonmoingay.com/nem-cua-ran/,Nem cua rán,3733,2015-08-02T08:30:57
https://monngonmoingay.com/banh-mi-tam-trung-chien/,Bánh mì tẩm trứng chiên,3725,2015-08-02T08:29:04
https://monngonmoingay.com/ca-loc-kho-cu-cai/,Cá lóc kho củ cải,3721,2015-08-02T08:28:30
https://monngonmoingay.com/ca-ba-sa-om-xot-mayonnaise/,Cá ba sa om xốt mayonnaise,3724,2015-08-02T08:27:37
https://monngonmoingay.com/cha-quat/,Chả quất,3715,2015-08-02T08:25:03
https://monngonmoingay.com/banh-mi-kep-tom-tron-mayonnaise/,Bánh mì kẹp tôm trộn Mayonnaise,3710,2015-08-02T08:24:57
https://monngonmoingay.com/ca-tim-nuong-mayonnaise/,Cà tím nướng mayonnaise,3703,2015-08-02T08:23:48
https://monngonmoingay.com/sandwich-cuon-tom/,Sandwich cuốn tôm,3707,2015-08-02T08:22:23
https://monngonmoingay.com/com-chien-trai-thom/,Cơm chiên trái thơm,3697,2015-08-02T08:19:53
https://monngonmoingay.com/cang-cua-bach-hoa/,Càng cua bách hoa,3699,2015-08-02T08:19:19
https://monngonmoingay.com/canh-bi-ngoi-nau-nam/,Canh bí ngòi nấu nấm,3692,2015-08-02T08:17:48
https://monngonmoingay.com/thit-heo-chien-xu/,Thịt heo chiên xù,3687,2015-08-02T08:16:16
https://monngonmoingay.com/ca-xao-can-toi/,Cá xào cần tỏi,3673,2015-08-02T08:12:00
https://monngonmoingay.com/salad-kieu-y/,Salad kiểu Ý,3675,2015-08-02T08:10:52
https://monngonmoingay.com/ca-chua-nhoi-dau-hu/,Cà chua nhồi đậu hũ,3667,2015-08-02T08:08:25
https://monngonmoingay.com/bo-la-lot-mayonnaise/,Bò lá lốt mayonnaise,3580,2015-08-02T08:06:58
https://monngonmoingay.com/canh-mang-gio-heo/,Canh măng giò heo,3661,2015-08-02T08:05:51
https://monngonmoingay.com/canh-ca-loc-rau-can/,Canh cá lóc rau cần,3653,2015-08-02T08:02:13
https://monngonmoingay.com/salad-trai-bo/,Salad trái bơ,3652,2015-08-02T08:01:30
https://monngonmoingay.com/salad-tu-chon/,Salad tự chọn,3645,2015-08-02T07:58:52
https://monngonmoingay.com/ca-ro-kho-to/,Cá rô kho tộ,3644,2015-08-02T07:58:38
https://monngonmoingay.com/mien-xao-cua/,Miến xào cua,3640,2015-08-02T07:54:15
https://monngonmoingay.com/ech-xao-lan/,Ếch xào lăn,3636,2015-08-02T07:49:05
https://monngonmoingay.com/thit-vit-xao-bau/,Thịt vịt xào bầu,3632,2015-08-02T07:45:05
https://monngonmoingay.com/nem-thit-bo-chien-xu/,Nem thịt bò chiên xù,3628,2015-08-02T07:41:09
https://monngonmoingay.com/cai-ro-xao-trung-muoi/,Cải rổ xào trứng muối,3624,2015-08-02T07:36:43
https://monngonmoingay.com/salad-bong-cai-thit-nguoi/,Salad bông cải thịt nguội,3620,2015-08-02T07:32:46
https://monngonmoingay.com/mit-non-tron-tau-hu-ky/,Mít non trộn đậu hũ ky,3616,2015-08-02T07:28:20
https://monngonmoingay.com/ga-ram-gung/,Gà ram gừng,3612,2015-08-02T07:24:36
https://monngonmoingay.com/suon-ram-man/,Sườn ram mặn,3608,2015-08-02T07:20:38
https://monngonmoingay.com/tom-rim-thit-ba-chi/,Tôm rim thịt ba chỉ,3604,2015-08-02T07:16:31
https://monngonmoingay.com/sup-cua-nam-tuyet/,Súp cua nấm tuyết,3600,2015-08-02T07:13:16
https://monngonmoingay.com/canh-ca-ro-nau-cai-be-xanh/,Canh cá rô nấu cải bẹ xanh,3596,2015-08-02T07:09:08
https://monngonmoingay.com/canh-chua-ca-loc/,Canh chua cá lóc,3592,2015-08-02T07:05:19
https://monngonmoingay.com/bo-nhung-giam/,Bò nhúng giấm,3584,2015-08-02T06:55:46
https://monngonmoingay.com/canh-ca-rau-can/,Canh cá rau cần,3576,2015-08-02T02:50:48
https://monngonmoingay.com/oc-lac-xao-cay/,Ốc lác xào cay,3559,2015-08-02T02:39:47
https://monngonmoingay.com/ca-chep-kho-qua-sau/,Cá chép kho quả sấu,3561,2015-08-02T02:38:06
https://monngonmoingay.com/canh-ca-tran-chau/,Canh cá trân châu,3549,2015-08-02T02:34:00
https://monngonmoingay.com/canh-chua-trai-tac/,Canh chua trái tắc,3547,2015-08-02T02:31:47
https://monngonmoingay.com/ca-tre-kho-rau-ram/,Cá trê kho rau răm,3541,2015-08-02T02:28:33
https://monngonmoingay.com/ca-xao-la-que/,Cá xào lá quế,3535,2015-08-02T02:25:00
https://monngonmoingay.com/hu-tiu-xao-chay-vi-me/,Hủ tiếu xào chay vị me,3529,2015-08-02T02:24:02
https://monngonmoingay.com/ech-xao-tia-to/,Ếch xào tía tô,3527,2015-08-02T02:21:37
https://monngonmoingay.com/hoanh-thanh-ca-hoi/,Hoành thánh cá hồi,3515,2015-08-02T02:15:29
https://monngonmoingay.com/lac-xa-chay/,Lạc xá chay,3509,2015-08-02T02:12:36
https://monngonmoingay.com/canh-ga-xot-kem-thom/,Cánh gà xốt kem thơm,3498,2015-08-02T02:08:08
https://monngonmoingay.com/ca-kho-tau/,Cá kho tàu,3502,2015-08-02T02:07:57
https://monngonmoingay.com/cha-nam-xot-chua-ngot/,Chả nấm xốt chua ngọt,3495,2015-08-02T02:04:35
https://monngonmoingay.com/banh-mi-nuong-hai-san/,Bánh mì nướng hải sản,3489,2015-08-02T02:01:04
https://monngonmoingay.com/oc-buou-kho-gung/,Ốc bươu kho gừng,3483,2015-08-02T01:57:46
https://monngonmoingay.com/ca-thu-nhat-kho-nuoc-dua/,Cá thu Nhật kho nước dừa,3459,2015-08-02T01:57:29
https://monngonmoingay.com/bap-hat-xao-ga-gion-mayonnaise/,Bắp hạt xào gà giòn Mayonnaise,3477,2015-08-02T01:54:37
https://monngonmoingay.com/so-diep-xao-can-tay/,Sò điệp xào cần tây,3473,2015-08-02T01:50:53
https://monngonmoingay.com/kho-ca-com-kho-khe/,Khô cá cơm kho khế,3468,2015-08-02T01:47:59
https://monngonmoingay.com/chao-thap-cam/,Cháo thập cẩm,3463,2015-08-02T01:44:56
https://monngonmoingay.com/ca-cuon-ki-lan/,Cá cuốn kì lân,3457,2015-08-02T01:40:09
https://monngonmoingay.com/dau-que-xao-thit/,Đậu que xào thịt,3449,2015-08-02T01:37:52
https://monngonmoingay.com/khoai-tay-xao-thit-bo/,Khoai tây xào thịt bò,3451,2015-08-02T01:36:50
https://monngonmoingay.com/canh-song-thuy/,Canh song thủy,3445,2015-08-02T01:33:52
https://monngonmoingay.com/banh-duc-chien-hai-san/,Bánh đúc chiên hải sản,3438,2015-08-02T01:30:12
https://monngonmoingay.com/ngong-cai-xao-bao-tu-ca-basa/,Ngồng cải xào bao tử cá basa,3429,2015-08-02T01:27:04
https://monngonmoingay.com/vit-kho-ngu-vi/,Vịt kho ngũ vị,3425,2015-08-02T01:22:44
https://monngonmoingay.com/dau-bap-kho-nuoc-tuong/,Đậu bắp kho nước tương,3419,2015-08-02T01:19:39
https://monngonmoingay.com/ca-ngu-kho-nuoc-mia/,Cá ngừ kho nước mía,3411,2015-08-02T01:16:08
https://monngonmoingay.com/canh-bi-ngoi-quan-tom/,Canh bí ngòi quấn tôm,3408,2015-08-02T01:16:01
https://monngonmoingay.com/bao-tu-ca-basa-xao-bac-ha/,Bao tử cá basa xào bạc hà,3404,2015-08-02T01:13:03
https://monngonmoingay.com/trung-duc-he/,Trứng đúc hẹ,3396,2015-08-02T01:11:24
https://monngonmoingay.com/bo-xao-ot-kho/,Bò xào ớt khô,3398,2015-08-02T01:09:59
https://monngonmoingay.com/bo-ne-hoa-thien-ly/,Bò né hoa thiên lý,3392,2015-08-02T01:06:22
https://monngonmoingay.com/canh-ga-thuoc-bac/,Canh gà thuốc bắc,3386,2015-08-02T01:03:14
https://monngonmoingay.com/goi-ca-keo/,Gỏi cá kèo,3380,2015-08-02T01:00:17
https://monngonmoingay.com/canh-duoi-bo-cu-cai/,Canh đuôi bò củ cải,3372,2015-08-02T00:59:03
https://monngonmoingay.com/goi-nam/,Gỏi nấm,3374,2015-08-02T00:57:07
https://monngonmoingay.com/dau-ca-hoi-xoc-muoi-sa/,Đầu cá hồi xốc muối sả,3368,2015-08-02T00:53:20
https://monngonmoingay.com/cai-lan-tron-mayonnaise/,Cải làn trộn Mayonnaise,3360,2015-08-02T00:53:08
https://monngonmoingay.com/thit-kho-cu-sen-tuong-hot/,Thịt kho củ sen tương hột,3362,2015-08-02T00:50:34
https://monngonmoingay.com/bao-tu-kho-dua-cai-trung-cut/,Bao tử kho dưa cải trứng cút,3356,2015-08-02T00:47:28
https://monngonmoingay.com/ca-doi-kho-can-tau/,Cá đối kho cần tàu,3343,2015-08-02T00:41:32
https://monngonmoingay.com/canh-gio-heo-du-du-huom/,Canh giò heo đu đủ hườm,3334,2015-08-02T00:40:29
https://monngonmoingay.com/lau-ca-keo-la-giang/,Lẩu cá kèo lá giang,3335,2015-08-02T00:38:26
https://monngonmoingay.com/cua-xot-me/,Cua xốt me,3323,2015-08-02T00:35:10
https://monngonmoingay.com/thit-om-chuoi-xanh/,Thịt om chuối xanh,3320,2015-08-02T00:34:55
https://monngonmoingay.com/ech-kho-tieu-xanh/,Ếch kho tiêu xanh,3326,2015-08-02T00:34:48
https://monngonmoingay.com/suon-xao-chua-ngot/,Sườn xào chua ngọt,3310,2015-08-02T00:30:03
https://monngonmoingay.com/cuon-diep-chay/,Cuốn diếp chay,3307,2015-08-02T00:28:29
https://monngonmoingay.com/bong-thien-ly-xao-hai-san/,Bông thiên lý xào hải sản,3297,2015-08-02T00:25:53
https://monngonmoingay.com/ca-thu-xot-xoai-tuong/,Cá thu xốt xòai tượng,3284,2015-08-02T00:23:37
https://monngonmoingay.com/thit-bo-tron-rau-muong-che/,Thịt bò trộn rau muống chẻ,3281,2015-08-02T00:21:19
https://monngonmoingay.com/bun-xao-chay/,Bún xào chay,3279,2015-08-02T00:20:29
https://monngonmoingay.com/banh-canh-cua/,Bánh canh cua,3266,2015-08-02T00:17:44
https://monngonmoingay.com/goi-rau-mam/,Gỏi rau mầm,3264,2015-08-02T00:17:18
https://monngonmoingay.com/ech-chien-bot/,Ếch chiên bột,3268,2015-08-02T00:17:01
https://monngonmoingay.com/lau-duoi-bo-cay/,Lẩu đuôi bò cay,3246,2015-08-02T00:14:33
https://monngonmoingay.com/ca-dieu-hong-kho-tuong-ban/,Cá điêu hồng kho tương bần,3252,2015-08-02T00:13:58
https://monngonmoingay.com/ga-hap-cai-be-xanh/,Gà hấp cải bẹ xanh,3254,2015-08-02T00:13:51
https://monngonmoingay.com/goi-cuon-mayonnaise/,Gỏi cuốn Mayonnaise,3242,2015-08-02T00:12:47
https://monngonmoingay.com/sup-trai-cay/,Súp trái cây,3233,2015-08-02T00:11:50
https://monngonmoingay.com/mang-le-xao-gan/,Măng le xào gan,3238,2015-08-02T00:09:32
https://monngonmoingay.com/so-long-kho-tieu-xanh/,Sò lông kho tiêu xanh,3227,2015-08-02T00:09:04
https://monngonmoingay.com/tom-chien-me/,Tôm chiên mè,3224,2015-08-02T00:07:53
https://monngonmoingay.com/vit-nau-thom/,Vịt nấu thơm,3221,2015-08-02T00:06:49
https://monngonmoingay.com/lau-uyen-uong/,Lẩu uyên ương,3219,2015-08-02T00:05:23
https://monngonmoingay.com/trung-hap-rau-cu/,Trứng hấp rau củ,3208,2015-08-02T00:05:18
https://monngonmoingay.com/bap-cai-cuon-thit-kho-bo/,Bắp cải cuộn thịt kho bơ,3204,2015-08-02T00:03:47
https://monngonmoingay.com/ca-basa-chien-gion/,Cá basa chiên giòn,3206,2015-08-02T00:03:02
https://monngonmoingay.com/dui-ga-boc-xoi/,Đùi gà bọc xôi,3200,2015-08-02T00:01:45
https://monngonmoingay.com/bo-xot-vang/,Bò xốt vang,3185,2015-08-01T23:59:06
https://monngonmoingay.com/sandwich-ca-ngu/,Sandwich cá ngừ,3178,2015-08-01T23:58:17
https://monngonmoingay.com/canh-mong-toi-bap-nu/,Canh mồng tơi bắp nụ,3189,2015-08-01T23:58:02
https://monngonmoingay.com/vit-thau/,Vịt thấu,3181,2015-08-01T23:56:18
https://monngonmoingay.com/ga-xao-giam-gung/,Gà xào giấm gừng,3141,2015-08-01T23:53:32
https://monngonmoingay.com/mi-quang/,Mì Quảng,2811,2015-08-01T23:53:06
https://monngonmoingay.com/lau-ca-lang-mang-chua/,Lẩu cá lăng măng chua,3168,2015-08-01T23:52:13
https://monngonmoingay.com/bo-xao-lan/,Bò xào lăn,3148,2015-08-01T23:48:59
https://monngonmoingay.com/thit-bo-xao-kieu-han-quoc/,Thịt bò xào kiểu Hàn Quốc,3143,2015-08-01T23:48:45
https://monngonmoingay.com/ga-chien-la-dua/,Gà chiên lá dứa,3146,2015-08-01T23:47:43
https://monngonmoingay.com/canh-rieu-ca-chep-2/,Canh riêu cá chép,3124,2015-08-01T23:46:31
https://monngonmoingay.com/hen-tron-hoa-chuoi/,Hến trộn hoa chuối,3130,2015-08-01T23:45:14
https://monngonmoingay.com/canh-ga-kho-khoai-mon/,Cánh gà kho khoai môn,3129,2015-08-01T23:44:53
https://monngonmoingay.com/suon-chien-xot-chanh-day/,Sườn chiên xốt chanh dây,3120,2015-08-01T23:41:54
https://monngonmoingay.com/canh-hen-nau-khe/,Canh hến nấu khế,3121,2015-08-01T23:41:22
https://monngonmoingay.com/canh-chua-mang/,Canh chua măng,3111,2015-08-01T23:39:14
https://monngonmoingay.com/pho-xao-chua-ngot/,Phở xào chua ngọt,3105,2015-08-01T23:37:46
https://monngonmoingay.com/kho-qua-xao-tom/,Khổ qua xào tôm,3109,2015-08-01T23:37:30
https://monngonmoingay.com/bao-tu-khia-tieu-xanh/,Bao tử khìa tiêu xanh,3090,2015-08-01T23:33:58
https://monngonmoingay.com/ca-loc-hap-bau/,Cá lóc hấp bầu,3094,2015-08-01T23:33:12
https://monngonmoingay.com/so-diep-nuong-ba-mau/,Sò điệp nướng ba màu,3084,2015-08-01T23:31:59
https://monngonmoingay.com/ga-kho-me/,Gà kho me,3087,2015-08-01T23:31:37
https://monngonmoingay.com/suon-xao-bap-non/,Sườn xào bắp non,3082,2015-08-01T23:30:22
https://monngonmoingay.com/com-chien-trai-cay/,Cơm chiên trái cây,3022,2015-08-01T23:29:53
https://monngonmoingay.com/goi-muc-bap-cai/,Gỏi mực bắp cải,3057,2015-08-01T23:28:25
https://monngonmoingay.com/vit-quay-tron-can-tay-2/,Vịt quay trộn cần tây,3070,2015-08-01T23:27:58
https://monngonmoingay.com/luoi-heo-kho-que/,Lưỡi heo kho quế,3060,2015-08-01T23:26:54
https://monngonmoingay.com/mien-xao-dau-ngu/,Miến xào đậu ngự,3064,2015-08-01T23:26:49
https://monngonmoingay.com/ca-bung-thit-heo/,Cà bung thịt heo,3050,2015-08-01T23:24:07
https://monngonmoingay.com/goi-bap-bo-hoa/,Gỏi bắp bò hoa,3048,2015-08-01T23:21:48
https://monngonmoingay.com/salad-bap-tom/,Salad bắp tôm,3036,2015-08-01T23:20:05
https://monngonmoingay.com/nam-dui-ga-kho-gung/,Nấm đùi gà kho gừng,3042,2015-08-01T23:18:44
https://monngonmoingay.com/canh-du-du-la-lot/,Canh đu đủ lá lốt,3029,2015-08-01T23:17:54
https://monngonmoingay.com/xoi-ga-chien/,Xôi gà chiên,3026,2015-08-01T23:17:05
https://monngonmoingay.com/suon-chien-giam-do/,Sườn chiên giấm đỏ,3031,2015-08-01T23:15:31
https://monngonmoingay.com/thit-bo-xao-ngong-cai/,Thịt bò xào ngồng cải,3015,2015-08-01T23:12:43
https://monngonmoingay.com/dau-bap-thit-ga-xao-chao/,Đậu bắp thịt gà xào chao,3018,2015-08-01T23:11:44
https://monngonmoingay.com/tom-chien-xoc-la-que/,Tôm chiên xóc lá quế,3013,2015-08-01T23:11:10
https://monngonmoingay.com/cha-tom-chien-la-tra-xanh/,Chả tôm chiên lá trà xanh,2999,2015-08-01T23:10:33
https://monngonmoingay.com/tao-tau-tiem-chom-chom/,Táo tàu tiềm chôm chôm,2997,2015-08-01T23:09:37
https://monngonmoingay.com/lau-ga-thai-lan/,Lẩu gà Thái Lan,3002,2015-08-01T23:08:34
https://monngonmoingay.com/hai-sam-xao-rau-cu/,Hải sâm xào rau củ,2992,2015-08-01T23:08:06
https://monngonmoingay.com/suon-nuong-ngu-vi/,Sườn nướng ngũ vị,2996,2015-08-01T23:07:25
https://monngonmoingay.com/ca-thu-kho-rieng/,Cá thu kho riềng,2988,2015-08-01T23:05:00
https://monngonmoingay.com/canh-ga-cai-bo-xoi/,Canh gà cải bó xôi,2975,2015-08-01T23:04:30
https://monngonmoingay.com/vit-chien-xot-chua-ngot/,Vịt chiên xốt chua ngọt,2969,2015-08-01T23:04:04
https://monngonmoingay.com/ca-tim-nhoi-thit-kho/,Cà tím nhồi thịt kho,2980,2015-08-01T23:04:01
https://monngonmoingay.com/vay-ca-hoi-xot-kem-mayo/,Vây cá hồi xốt kem Mayo,2973,2015-08-01T23:01:58
https://monngonmoingay.com/bach-tuoc-xao-rau-muong/,Bạch tuộc xào rau muống,2971,2015-08-01T23:01:52
https://monngonmoingay.com/goi-rau-muong-chien-gion/,Gỏi rau muống chiên giòn,2959,2015-08-01T22:59:47
https://monngonmoingay.com/thit-bo-xao-la-lot/,Thịt bò xào lá lốt,2942,2015-08-01T22:58:14
https://monngonmoingay.com/dau-hu-nuong-giay-bac/,Đậu hũ nướng giấy bạc,2957,2015-08-01T22:57:57
https://monngonmoingay.com/tom-muc-chien-gion/,Tôm mực chiên giòn,2950,2015-08-01T22:57:33
https://monngonmoingay.com/banh-da-xuc-thit-bam/,Bánh đa xúc thịt bằm,2944,2015-08-01T22:57:05
https://monngonmoingay.com/canh-vit-khoai-so/,Canh vịt khoai sọ,2921,2015-08-01T22:54:32
https://monngonmoingay.com/rau-cu-kho-mayonnaise/,Rau củ kho mayonnaise,2925,2015-08-01T22:52:33
https://monngonmoingay.com/luon-chien-mam-sa/,Lươn chiên mắm sả,2935,2015-08-01T22:51:03
https://monngonmoingay.com/cuon-ga-khai-vi/,Cuốn gà khai vị,2928,2015-08-01T22:50:48
https://monngonmoingay.com/banh-roti-cuon-thit-ga/,Bánh rôti cuộn thịt gà,2922,2015-08-01T22:50:41
https://monngonmoingay.com/tom-cang-xot-tuong/,Tôm càng xốt nước tương,2926,2015-08-01T22:47:45
https://monngonmoingay.com/thit-bo-tron-ngu-sac-2/,Thịt bò trộn ngũ sắc,2899,2015-08-01T22:44:35
https://monngonmoingay.com/salad-banh-da-tom/,Salad bánh đa tôm,2905,2015-08-01T22:44:25
https://monngonmoingay.com/bo-cuon-xot-la-que/,Bò cuộn xốt lá quế,2911,2015-08-01T22:44:17
https://monngonmoingay.com/goi-bao-tu-ca-basa/,Gỏi bao tử cá basa,2908,2015-08-01T22:43:12
https://monngonmoingay.com/thit-kho-kho-qua-tay/,Thịt kho khổ qua tây,2845,2015-08-01T22:42:36
https://monngonmoingay.com/ga-xao-hat-dieu/,Gà xào hạt điều,2895,2015-08-01T22:40:44
https://monngonmoingay.com/canh-muop-huong-thit-vien/,Canh mướp hương thịt viên,2891,2015-08-01T22:39:34
https://monngonmoingay.com/canh-kim-chi-thit-bo/,Canh kim chi thịt bò,2888,2015-08-01T22:39:14
https://monngonmoingay.com/cha-gio-trai-cay-xot-sau-rieng/,Chả giò trái cây xốt sầu riêng,2864,2015-08-01T22:37:48
https://monngonmoingay.com/tom-hap-su-hao/,Tôm hấp su hào,2879,2015-08-01T22:35:47
https://monngonmoingay.com/bun-cha-ca/,Bún chả cá,2872,2015-08-01T22:33:28
https://monngonmoingay.com/canh-dua-leo-nhoi-thit/,Canh dưa leo nhồi thịt,2870,2015-08-01T22:32:05
https://monngonmoingay.com/salad-buoi-tron-bo/,Salad bưởi trộn bơ,2862,2015-08-01T22:30:07
https://monngonmoingay.com/canh-chua-bong-so-dua-chay/,Canh chua bông so đũa chay,2853,2015-08-01T22:27:16
https://monngonmoingay.com/ca-chien-gion-xot-chanh-ot/,Cá chiên giòn xốt chanh ớt,2857,2015-08-01T22:26:52
https://monngonmoingay.com/vien-tom-chien-toi-thi-la/,Viên tôm chiên tỏi thì là,2838,2015-08-01T22:25:32
https://monngonmoingay.com/banh-duc-tom-thit/,Bánh đúc tôm thịt,2843,2015-08-01T22:25:26
https://monngonmoingay.com/tom-su-san-ho/,Tôm sú san hô,2833,2015-08-01T22:24:09
https://monngonmoingay.com/long-non-xao-nghe/,Lòng non xào nghệ,2839,2015-08-01T22:22:48
https://monngonmoingay.com/ca-hoi-ngu-sac/,Cá hồi ngũ sắc,2792,2015-08-01T22:21:21
https://monngonmoingay.com/vit-kho-chuoi-xanh/,Vịt kho chuối xanh,2828,2015-08-01T22:20:36
https://monngonmoingay.com/nhong-xao-bong-he/,Nhộng xào bông hẹ,2827,2015-08-01T22:19:18
https://monngonmoingay.com/chao-ca-hoi/,Cháo cá hồi,2814,2015-08-01T22:19:11
https://monngonmoingay.com/than-heo-cuon-dua/,Thăn heo cuộn dừa,2812,2015-08-01T22:17:30
https://monngonmoingay.com/ga-nuong-nam-linh-chi/,Gà nướng nấm linh chi,2809,2015-08-01T22:16:14
https://monngonmoingay.com/goi-sua-rau-thom/,Gỏi sứa rau thơm,2808,2015-08-01T22:15:56
https://monngonmoingay.com/goi-bap-bo-rau-thom/,Gỏi bắp bò rau thơm,2799,2015-08-01T22:12:06
https://monngonmoingay.com/oc-heo-chien-gion/,Óc heo chiên giòn,2796,2015-08-01T22:11:03
https://monngonmoingay.com/suon-chien-mayonnaise-sa-te/,Sườn chiên mayonnaise sa tế,2787,2015-08-01T22:09:06
https://monngonmoingay.com/chao-nam-tram/,Cháo nấm tràm,2752,2015-08-01T22:06:57
https://monngonmoingay.com/doi-truong-xao-cai-chua/,Dồi trường xào cải chua,2770,2015-08-01T22:04:05
https://monngonmoingay.com/canh-bau-nau-rieu-tep/,Canh bầu nấu riêu tép,2765,2015-08-01T22:02:43
https://monngonmoingay.com/salad-chip-chip/,Salad chip chip,2758,2015-08-01T22:00:30
https://monngonmoingay.com/be-thau/,Bê thấu,2751,2015-08-01T21:59:01
https://monngonmoingay.com/bo-cuon-ba-roi-xong-khoi-chien/,Bò cuộn ba rọi xông khói,2690,2015-08-01T21:58:33
https://monngonmoingay.com/ca-thu-nhat-kho-me/,Cá thu nhật kho me,2745,2015-08-01T21:56:21
https://monngonmoingay.com/ga-hap-dau-hu-non/,Gà hấp đậu hũ non,2735,2015-08-01T21:55:09
https://monngonmoingay.com/cu-hu-dua-kho-nam/,Củ hũ dừa kho nấm,2738,2015-08-01T21:54:53
https://monngonmoingay.com/lau-ca-thac-lac-kho-qua/,Lẩu cá thác lác khổ qua,2734,2015-08-01T21:51:57
https://monngonmoingay.com/goi-chan-ga-tom-chua/,Gỏi chân gà tôm chua,2724,2015-08-01T21:47:32
https://monngonmoingay.com/cha-gio-ca/,Chả giò cá,2718,2015-08-01T21:43:43
https://monngonmoingay.com/canh-ca-thac-lac-nau-hoa/,Canh cá thác lác nấu hoa,2710,2015-08-01T21:42:00
https://monngonmoingay.com/salad-mang-cut/,Salad măng cụt,2712,2015-08-01T21:40:12
https://monngonmoingay.com/thit-heo-quay-kho-cu-hu-dua/,Thịt heo quay kho củ hũ dừa,2700,2015-08-01T21:36:18
https://monngonmoingay.com/bao-tu-xao-dong-co/,Bao tử xào đông cô,2706,2015-08-01T21:35:53
https://monngonmoingay.com/canh-khe-ca-com/,Canh khế cá cơm,2688,2015-08-01T21:24:06
https://monngonmoingay.com/banh-khoai-mi-trung-cut/,Bánh khoai mì trứng cút,2679,2015-08-01T21:20:27
https://monngonmoingay.com/long-heo-xao-thom/,Lòng heo xào thơm,2668,2015-08-01T21:19:56
https://monngonmoingay.com/dong-co-hap-tom/,Đông cô hấp tôm,2669,2015-08-01T21:18:32
https://monngonmoingay.com/dau-hu-hap-tom/,Đậu hũ hấp tôm,2612,2015-08-01T21:09:22
https://monngonmoingay.com/salad-dua-leo-thit-ga/,Salad dưa leo thịt gà,2656,2015-08-01T21:03:44
https://monngonmoingay.com/tau-hu-ky-cuon-muc-chien/,Tàu hủ ky cuộn mực chiên,2647,2015-08-01T20:59:54
https://monngonmoingay.com/muc-nhung-giam/,Mực nhúng giấm,2642,2015-08-01T20:58:34
https://monngonmoingay.com/vit-nau-sake/,Vịt nấu sake,2637,2015-08-01T20:53:44
https://monngonmoingay.com/canh-rieu-cua/,Canh riêu cua,2632,2015-08-01T20:51:47
https://monngonmoingay.com/banh-uot-xao-hai-san/,Bánh ướt xào hải sản,2621,2015-08-01T20:48:32
https://monngonmoingay.com/thit-ba-chi-nuong-trai-cay/,Thịt ba chỉ nướng trái cây,2625,2015-08-01T20:46:02
https://monngonmoingay.com/goi-thanh-long/,Gỏi thanh long,2620,2015-08-01T20:40:46
https://monngonmoingay.com/ga-nuong-tao-2/,Gà nướng táo,2616,2015-08-01T20:35:27
https://monngonmoingay.com/thit-ga-kho-kim-chi/,Thịt gà kho kim chi,2606,2015-08-01T20:06:17
https://monngonmoingay.com/ga-chien-lap-xuong/,Gà chiên lạp xưởng,2601,2015-08-01T20:01:40
https://monngonmoingay.com/goi-dua-leo-kho-ca/,Gỏi dưa leo khô cá,2591,2015-08-01T18:20:21
https://monngonmoingay.com/goi-bong-thien-ly-chay/,Gỏi bông thiên lý chay,2588,2015-08-01T18:15:42
https://monngonmoingay.com/ga-chien-bo/,Gà chiên bơ,2581,2015-08-01T18:07:37
https://monngonmoingay.com/banh-ran-nhan-cua/,Bánh rán nhân cua,2580,2015-08-01T18:07:27
https://monngonmoingay.com/banh-mi-nuong-xot-ca/,Bánh mì nướng xốt cà,2570,2015-08-01T18:03:21
https://monngonmoingay.com/mi-goi-xao-bo/,Mì gói xào bò,2564,2015-08-01T17:59:51
https://monngonmoingay.com/mien-mang-ga/,Miến măng gà,2562,2015-08-01T17:59:17
https://monngonmoingay.com/chan-gio-ninh-mang-luoi-lon/,Chân giò ninh măng lưỡi lợn,2555,2015-08-01T17:55:08
https://monngonmoingay.com/canh-bap-cai-goi-thit/,Canh bắp cải gói thịt,2546,2015-08-01T17:48:21
https://monngonmoingay.com/gan-bo-ngam-chua-ngot/,Gân bò ngâm chua ngọt,2536,2015-08-01T17:44:18
https://monngonmoingay.com/bo-nuong-sa-te/,Bò nướng sa tế,2537,2015-08-01T17:41:17
https://monngonmoingay.com/tom-xao-bong-cai/,Tôm xào bông cải,2521,2015-08-01T17:38:03
https://monngonmoingay.com/lau-chem-chep-tia-to/,Lẩu chem chép tía tô,2529,2015-08-01T17:37:53
https://monngonmoingay.com/goi-du-du-ba-khia/,Gỏi đu đủ ba khía,2520,2015-08-01T17:35:42
https://monngonmoingay.com/ca-nuong-cham-muoi-ot-xanh/,Cá nướng chấm muối ớt xanh,2514,2015-08-01T17:34:43
https://monngonmoingay.com/canh-oc-thi-la/,Canh ốc thì là,2512,2015-08-01T17:33:19
https://monngonmoingay.com/canh-cai-chua-nau-ca-com/,Canh cải chua nấu cá cơm,2505,2015-08-01T17:31:30
https://monngonmoingay.com/ca-tai-tuong-hap/,Cá tai tượng hấp,2503,2015-08-01T17:30:24
https://monngonmoingay.com/ca-chien-hoa-cuc/,Cá chiên hoa cúc,2493,2015-08-01T17:29:17
https://monngonmoingay.com/canh-boaro-nau-dau-hu-non/,Canh boaro nấu đậu hũ non,2492,2015-08-01T17:28:49
https://monngonmoingay.com/hen-xao-mit/,Hến xào mít,2495,2015-08-01T17:28:25
https://monngonmoingay.com/ca-basa-chien-gion-vi-chanh/,Cá basa chiên giòn vị chanh,2475,2015-08-01T17:25:26
https://monngonmoingay.com/thit-heo-ngam-nuoc-mam/,Thịt heo ngâm nước mắm,2480,2015-08-01T17:25:24
https://monngonmoingay.com/chan-ga-chien-cham-mam-me/,Chân gà chiên chấm mắm mè,2477,2015-08-01T17:23:26
https://monngonmoingay.com/dua-mon/,Dưa món,2466,2015-08-01T17:22:08
https://monngonmoingay.com/cha-tom-nhan-pho-mai/,Chả tôm nhân phô mai,2469,2015-08-01T17:20:56
https://monngonmoingay.com/ga-cuon-khoai-chien-gion/,Gà cuộn khoai chiên giòn,2463,2015-08-01T17:20:41
https://monngonmoingay.com/ca-chua-nhoi-thit-ghe/,Cà chua nhồi thịt ghẹ,2455,2015-08-01T17:18:46
https://monngonmoingay.com/rau-tien-vua-ngam-chua/,Rau tiến vua ngâm chua,2452,2015-08-01T17:18:18
https://monngonmoingay.com/ba-roi-kho-gung/,Ba rọi kho gừng,2453,2015-08-01T17:17:31
https://monngonmoingay.com/dot-su-xao-tom/,Đọt su xào tôm,2442,2015-08-01T17:15:14
https://monngonmoingay.com/vit-nau-mang/,Vịt nấu măng,2439,2015-08-01T17:13:22
https://monngonmoingay.com/lau-ca-duoi-la-giang-2/,Lẩu cá đuối lá giang,2419,2015-08-01T17:08:25
https://monngonmoingay.com/rau-muong-ngam-chua/,Rau muống ngâm chua,2428,2015-08-01T17:08:01
https://monngonmoingay.com/thit-chien-xot-nuoc-tuong/,Thịt chiên xốt nước tương,2425,2015-08-01T17:05:55
https://monngonmoingay.com/tai-heo-ngam-giam/,Tai heo ngâm giấm,2421,2015-08-01T17:03:58
https://monngonmoingay.com/thit-cuon-rau-cu/,Thịt cuốn rau củ,2411,2015-08-01T17:00:01
https://monngonmoingay.com/goi-xoai-kho-ca-sac/,Gỏi xoài khô cá sặc,2400,2015-08-01T16:57:28
https://monngonmoingay.com/thit-quay-kho-dua-cai/,Thịt quay kho dưa cải,2404,2015-08-01T16:56:27
https://monngonmoingay.com/ca-chien-ngam-nuoc-tuong/,Cá chiên ngâm nước tương,2398,2015-08-01T16:52:22
https://monngonmoingay.com/nem-chay-vo-buoi/,Nem chay vỏ bưởi,2390,2015-08-01T16:49:45
https://monngonmoingay.com/goi-ca-hap-kieu-nhat/,Gỏi cá hấp kiểu Nhật,2392,2015-08-01T16:48:59
https://monngonmoingay.com/salad-dau-co-ve/,Salad đậu cô ve,2384,2015-08-01T16:46:04
https://monngonmoingay.com/canh-chua-ca-lang-rau-nhut/,Canh chua cá lăng rau nhút,2381,2015-08-01T16:45:22
https://monngonmoingay.com/bun-bo-hue/,Bún bò Huế Chay,2373,2015-08-01T16:42:09
https://monngonmoingay.com/cuon-la-lot-chay/,Cuốn lá lốt chay,2366,2015-08-01T16:39:57
https://monngonmoingay.com/nam-bao-ngu-xao-xot-me/,Nấm bào ngư xào xốt mè,2364,2015-08-01T16:37:59
https://monngonmoingay.com/cu-nang-xao-tom-thit/,Củ năng xào tôm thịt,2342,2015-08-01T16:35:57
https://monngonmoingay.com/da-dieu-luc-lac/,Đà điểu lúc lắc,2347,2015-08-01T16:34:47
https://monngonmoingay.com/suon-non-kho-khe/,Sườn non kho khế,2352,2015-08-01T16:33:15
https://monngonmoingay.com/uc-vit-chien-xot-chanh/,Ức vịt chiên xốt chanh,2335,2015-08-01T16:29:08
https://monngonmoingay.com/cha-ca-kho-van-trung/,Chả cá kho vân trứng,2333,2015-08-01T16:28:07
https://monngonmoingay.com/mi-lanh/,Mì lạnh,2317,2015-08-01T16:26:09
https://monngonmoingay.com/canh-cha-muc-thi-la/,Canh chả mực thì là,2318,2015-08-01T16:25:36
https://monngonmoingay.com/lau-duoi-heo-tieu-xanh/,Lẩu đuôi heo tiêu xanh,2319,2015-08-01T16:23:18
https://monngonmoingay.com/canh-ga-xot-nuoc-tuong/,Cánh gà xốt nước tương,2313,2015-08-01T16:20:36
https://monngonmoingay.com/ngheu-chien-khoai-tia-to/,Nghêu chiên khoai tía tô,2308,2015-08-01T16:09:43
https://monngonmoingay.com/banh-bap-tom-chien/,Bánh bắp tôm chiên,2299,2015-08-01T16:06:48
https://monngonmoingay.com/heo-nuong-bap-cai-chua/,Heo nướng bắp cải chua,2280,2015-08-01T16:00:43
https://monngonmoingay.com/muc-roi/,Mực rối,2277,2015-08-01T15:58:28
https://monngonmoingay.com/com-tran-chau/,Cơm trân châu,2265,2015-08-01T15:57:40
https://monngonmoingay.com/muc-nuong-sa-te/,Mực nướng sa tế,2269,2015-08-01T15:56:06
https://monngonmoingay.com/vit-quay-bac-kinh-chay/,Vịt quay Bắc Kinh chay,2268,2015-08-01T15:55:18
https://monngonmoingay.com/ca-loc-phi-le-xot-gung/,Cá lóc phi lê xốt gừng,2256,2015-08-01T15:51:56
https://monngonmoingay.com/nui-dut-lo-hai-san/,Nui đút lò hải sản,2253,2015-08-01T15:51:17
https://monngonmoingay.com/goi-trai-coc/,Gỏi trái cóc,2241,2015-08-01T15:50:59
https://monngonmoingay.com/dau-dua-xao-tom-thit/,Đậu đũa xào tôm thịt,2245,2015-08-01T15:48:47
https://monngonmoingay.com/pha-lau/,Lẩu bò,2242,2015-08-01T15:47:54
https://monngonmoingay.com/ca-hoi-xot-trai-cay/,Cá hồi xốt trái cây,2215,2015-08-01T15:43:36
https://monngonmoingay.com/gan-ga-xao-chua-ngot/,Gan gà xào chua ngọt,2216,2015-08-01T15:39:15
https://monngonmoingay.com/chao-luon-khoai-mon-dau-xanh/,Cháo lươn khoai môn đậu xanh,2200,2015-08-01T15:38:19
https://monngonmoingay.com/oc-xao-chuoi-xanh/,Ốc xào chuối xanh,2206,2015-08-01T15:36:59
https://monngonmoingay.com/ca-keo-kho-khe/,Cá kèo kho khế,2204,2015-08-01T15:36:11
https://monngonmoingay.com/luoi-heo-xao-lan/,Lưỡi heo xào lăn,2197,2015-08-01T15:36:07
https://monngonmoingay.com/muc-xao-ot-kho-caramen/,Mực xào ớt khô Caramen,2186,2015-08-01T15:32:17
https://monngonmoingay.com/sup-vit-quay/,Súp vịt quay,2179,2015-08-01T15:31:23
https://monngonmoingay.com/ca-ri-to-ong/,Cà ri tổ ong,2185,2015-08-01T15:29:17
https://monngonmoingay.com/canh-den-com-nau-ngheu/,Canh dền cơm nấu nghêu,2173,2015-08-01T15:22:52
https://monngonmoingay.com/salad-khoai-tay-tron-be-thui/,Salad khoai tây trộn bê thui,2167,2015-08-01T15:22:49
https://monngonmoingay.com/thit-bo-xao-dau-cove/,Thịt bò xào đậu cove,2170,2015-08-01T15:22:09
https://monngonmoingay.com/ga-tron-gung-chua-ngot/,Gà trộn gừng chua ngọt,2150,2015-08-01T15:21:12
https://monngonmoingay.com/tom-nuong-mo-chai/,Tôm nướng mỡ chài,2161,2015-08-01T15:19:45
https://monngonmoingay.com/ca-ri-chay/,Cà ri chay,2148,2015-08-01T15:17:57
https://monngonmoingay.com/nam-tuyet-xao-hai-sam/,Nấm tuyết xào hải sâm,2147,2015-08-01T15:17:15
https://monngonmoingay.com/xoi-ga/,Xôi gà,2141,2015-08-01T15:16:36
https://monngonmoingay.com/can-nuoc-xao-bao-tu-ca-basa/,Cần nước xào bao tử cá basa,2130,2015-08-01T15:12:31
https://monngonmoingay.com/banh-ruoc-chien-gion/,Bánh ruốc chiên giòn,2123,2015-08-01T15:11:11
https://monngonmoingay.com/goi-muc-chien/,Gỏi mực chiên,2125,2015-08-01T15:10:37
https://monngonmoingay.com/luon-cuon-thit-om-rieng/,Lươn cuốn thịt om riềng,2113,2015-08-01T15:08:23
https://monngonmoingay.com/goi-du-du/,Gỏi đu đủ,2107,2015-08-01T15:07:37
https://monngonmoingay.com/banh-mi-nuong-hoa-hong/,Bánh mì nướng hoa hồng,2111,2015-08-01T15:07:29
https://monngonmoingay.com/ngoc-muc-rang-to-chim/,Ngọc mực rang tổ chim,2096,2015-08-01T15:04:30
https://monngonmoingay.com/canh-thanh-long/,Canh thanh long,2095,2015-08-01T15:04:22
https://monngonmoingay.com/salad-tron-kieu-nhat/,Salad trộn kiểu Nhật,2091,2015-08-01T15:03:03
https://monngonmoingay.com/com-chien-ca-man-chay/,Cơm chiên cá mặn chay,2078,2015-08-01T15:00:24
https://monngonmoingay.com/lau-suon-non/,Lẩu sườn non,2083,2015-08-01T15:00:16
https://monngonmoingay.com/salad-bap-tron-tom/,Salad bắp trộn tôm,2070,2015-08-01T14:59:15
https://monngonmoingay.com/thit-heo-kho-thom/,Thịt heo kho thơm,2027,2015-08-01T14:56:44
https://monngonmoingay.com/banh-roti-cuon-thit-bo/,Bánh Rôti cuốn thịt bò,2056,2015-08-01T14:54:12
https://monngonmoingay.com/ca-doi-kho-thom/,Cá đối kho thơm,2052,2015-08-01T14:52:52
https://monngonmoingay.com/canh-mang-ga-vien/,Canh măng gà viên,2048,2015-08-01T14:51:22
https://monngonmoingay.com/coi-so-diep-xot-cay/,Cồi sò điệp xốt cay,2032,2015-08-01T14:45:43
https://monngonmoingay.com/vit-quay-kho-trung-cut/,Vịt quay kho trứng cút,2020,2015-08-01T14:42:07
https://monngonmoingay.com/ga-xao-chua-ngot/,Gà xào chua ngọt,2023,2015-08-01T14:41:54
https://monngonmoingay.com/canh-ca-khoai-la-giang/,Canh cá khoai lá giang,2006,2015-08-01T14:40:02
https://monngonmoingay.com/burger-ca-kieu-hawaii/,Burger cá kiểu Hawaii,1999,2015-08-01T14:39:44
https://monngonmoingay.com/ca-com-chien-gion-xot-tieu/,Cá cơm chiên giòn xốt tiêu,2007,2015-08-01T14:37:59
https://monngonmoingay.com/hai-san-chien-xu/,Hải sản chiên xù,1990,2015-08-01T14:36:21
https://monngonmoingay.com/banh-bong-lan-xot-dau-mayonnaise-2/,Bánh bông lan xốt dâu mayonnaise,1914,2015-08-01T14:34:48
https://monngonmoingay.com/dau-hu-nhoi-hat-sen/,Đậu hũ nhồi hạt sen,1987,2015-08-01T14:34:40
https://monngonmoingay.com/tom-nuong-la-chuoi/,Tôm nướng lá chuối,1963,2015-08-01T14:32:59
https://monngonmoingay.com/muc-ne/,Mực né,1979,2015-08-01T14:32:30
https://monngonmoingay.com/vit-quay-xao-thom/,Vịt quay xào thơm,1972,2015-08-01T14:31:07
https://monngonmoingay.com/ca-trung-ngam-giam/,Cá trứng ngâm giấm,1959,2015-08-01T14:28:08
https://monngonmoingay.com/cha-khoai-hap/,Chả khoai hấp,1955,2015-08-01T14:27:12
https://monngonmoingay.com/bap-non-xao-muc-cay/,Bắp non xào mực cay,1953,2015-08-01T14:25:56
https://monngonmoingay.com/com-chien-chay/,Cơm chiên chay,1947,2015-08-01T14:23:29
https://monngonmoingay.com/goi-ngheu-bong-thien-ly/,Gỏi nghêu bông thiên lý,1946,2015-08-01T14:22:59
https://monngonmoingay.com/bo-ap-chao-mam-ruoc/,Bò áp chảo mắm ruốc,1940,2015-08-01T14:17:56
https://monngonmoingay.com/trung-hap-tom-nam/,Trứng hấp tôm nấm,1926,2015-08-01T14:09:58
https://monngonmoingay.com/vien-me-chien-gion/,Viên mè chiên giòn,1928,2015-08-01T14:09:26
https://monngonmoingay.com/thit-xay-kho-bap-dau-2/,Thịt xay kho bắp đậu,1915,2015-08-01T14:00:06
https://monngonmoingay.com/hamburger-kieu-mehico/,Hamburger kiểu Mehico,1900,2015-08-01T13:56:12
https://monngonmoingay.com/mien-xao-luon-chay/,Miến xào lươn chay,1895,2015-08-01T13:55:18
https://monngonmoingay.com/canh-suon-non-tao-do/,Canh sườn non táo đỏ,1880,2015-08-01T13:53:38
https://monngonmoingay.com/ca-nuc-kho-kieu-nhat/,Cá nục kho kiểu Nhật,1885,2015-08-01T13:52:01
https://monngonmoingay.com/kho-qua-tay-xao-thit-bo/,Khổ qua tây xào thịt bò,1875,2015-08-01T13:51:17
https://monngonmoingay.com/hu-tieu-chay/,Hủ tiếu chay,1874,2015-08-01T13:50:50
https://monngonmoingay.com/nui-xao-ga/,Nui xào gà,1857,2015-08-01T13:50:16
https://monngonmoingay.com/luon-chien-gion-xot-tieu-xanh/,Lươn chiên giòn xốt tiêu xanh,1865,2015-08-01T13:48:33
https://monngonmoingay.com/ga-chien-xot-tao/,Gà chiên xốt táo,1762,2015-08-01T13:47:43
https://monngonmoingay.com/canh-chua-nau-ca-hoi/,Canh chua nấu cá hồi,1861,2015-08-01T13:46:31
https://monngonmoingay.com/banh-xeo-cuon-ap-chao/,Bánh xèo cuốn áp chảo,1853,2015-08-01T13:45:39
https://monngonmoingay.com/salad-bap-cai-xot-me/,Salad bắp cải xốt mè,1825,2015-08-01T13:44:41
https://monngonmoingay.com/banh-cuon-chay/,Bánh cuốn chay,1846,2015-08-01T13:43:46
https://monngonmoingay.com/canh-khoai-rau-dang/,Canh khoai rau đắng,1834,2015-08-01T13:42:20
https://monngonmoingay.com/vit-xao-mang/,Vịt xào măng,1836,2015-08-01T13:42:02
https://monngonmoingay.com/so-huyet-tu-xuyen/,Sò huyết Tứ Xuyên,1831,2015-08-01T13:40:37
https://monngonmoingay.com/goi-bo-la-chanh/,Gỏi bò lá chanh,1818,2015-08-01T13:38:13
https://monngonmoingay.com/banh-mi-op-la-ca-moi/,Bánh mì ốp la cá mòi,1820,2015-08-01T13:37:20
https://monngonmoingay.com/canh-bi-dao-nau-suon-non/,Canh bí đao nấu sườn non,1814,2015-08-01T13:37:10
https://monngonmoingay.com/banh-cay-nhan-tom/,Bánh cay nhân tôm,1816,2015-08-01T13:35:44
https://monngonmoingay.com/sushi/,Sushi,1801,2015-08-01T13:31:40
https://monngonmoingay.com/ca-chep-nau-bung/,Cá chép nấu bung,1790,2015-08-01T13:30:48
https://monngonmoingay.com/lau-cua-la-me/,Lẩu cua lá me,1805,2015-08-01T13:30:33
https://monngonmoingay.com/xuc-xich-khia-nuoc-dua/,Xúc xích khìa nước dừa,1789,2015-08-01T13:24:33
https://monngonmoingay.com/vit-xiem-gia-cay/,Vịt xiêm giả cầy,1774,2015-08-01T13:20:26
https://monngonmoingay.com/bun-thit-xao-sa-ot/,Bún thịt xào sả ớt,1783,2015-08-01T13:19:38
https://monngonmoingay.com/burger-ca-ngu/,Burger cá ngừ,1780,2015-08-01T13:18:41
https://monngonmoingay.com/bun-gao-xao-thap-cam/,Bún gạo xào thập cẩm,1768,2015-08-01T13:00:55
https://monngonmoingay.com/nai-chuoi-muc/,Nải chuối mực,1766,2015-08-01T12:57:32
https://monngonmoingay.com/ca-bat-om-thit-ba-chi/,Cà bát om thịt ba chỉ,1755,2015-08-01T12:52:17
https://monngonmoingay.com/oc-giac-xao-bong-hanh/,Ốc giác xào bông hành,1757,2015-08-01T12:51:38
https://monngonmoingay.com/goi-nam-bao-ngu/,Gỏi nấm bào ngư,1718,2015-08-01T12:49:03
https://monngonmoingay.com/banh-mi-bi-sai-gon/,Bánh mì bì Sài Gòn,1746,2015-08-01T12:45:24
https://monngonmoingay.com/tom-hap-rau-cu/,Tôm hấp rau củ,1740,2015-08-01T12:35:26
https://monngonmoingay.com/rong-bien-tron-nam-tuyet/,Rong biển trộn nấm tuyết,1722,2015-08-01T12:30:03
https://monngonmoingay.com/ga-rim-nuoc-tuong-ca/,Gà rim nước tương cà,1725,2015-08-01T12:29:33
https://monngonmoingay.com/canh-rau-muc-nau-ngot/,Canh râu mực nấu ngót,1717,2015-08-01T12:25:00
https://monngonmoingay.com/suon-chay-rim-mat-ong-2/,Sườn chay rim mật ong,1706,2015-08-01T12:23:07
https://monngonmoingay.com/trung-ca-kho-nghe/,Trứng cá kho nghệ,1707,2015-08-01T12:20:31
https://monngonmoingay.com/com-gao-luc-chien-ngheu/,Cơm gạo lức chiên nghêu,1703,2015-08-01T12:18:56
https://monngonmoingay.com/ga-nuong-buoi-xot-giam/,Gà nướng bưởi xốt giấm,1694,2015-08-01T12:15:30
https://monngonmoingay.com/ga-chien-sa-te-xot-mayonnaise/,Gà chiên sa tế xốt mayonnaise,1697,2015-08-01T12:14:45
https://monngonmoingay.com/bap-bo-kho-chua-ngot/,Bắp bò kho chua ngọt,1689,2015-08-01T12:12:56
https://monngonmoingay.com/heo-quay-kho-mang/,Heo quay kho măng,1684,2015-08-01T12:10:15
https://monngonmoingay.com/nam-bao-ngu-xao-sa-ot/,Nấm bào ngư xào sả ớt,1678,2015-08-01T12:09:28
https://monngonmoingay.com/salad-dau/,Salad đậu,1671,2015-08-01T12:07:03
https://monngonmoingay.com/canh-hen-dua-cai/,Canh hến dưa cải,1668,2015-08-01T12:04:28
https://monngonmoingay.com/de-nuong-sa-te/,Dê nướng sa tế,1652,2015-08-01T12:02:31
https://monngonmoingay.com/lau-xi-quach-chua-cay/,Lẩu xí quách chua cay,1795,2015-08-01T12:00:39
https://monngonmoingay.com/canh-luon-nau-bap-chuoi-hot-2/,Canh lươn nấu bắp chuối hột,1654,2015-08-01T11:58:10
https://monngonmoingay.com/cua-lot-xot-cam/,Cua lột xốt cam,1638,2015-08-01T11:54:05
https://monngonmoingay.com/ca-hoi-nuong-xot-mayo/,Cá hồi nướng xốt Mayo,1641,2015-08-01T11:53:27
https://monngonmoingay.com/vit-kho-rau-cu/,Vịt kho rau củ,1616,2015-08-01T11:49:49
https://monngonmoingay.com/muc-nuong-tuong-hot/,Mực nướng tương hột,1632,2015-08-01T11:45:40
https://monngonmoingay.com/salad-muc-pho-tai/,Salad mực phổ tai,1610,2015-08-01T11:40:44
https://monngonmoingay.com/bun-rieu-cua-xi-quach-2/,Bún riêu cua xí quách,1615,2015-08-01T11:39:45
https://monngonmoingay.com/sup-ga-chua-cay/,Súp gà chua cay,1613,2015-08-01T11:37:48
https://monngonmoingay.com/bong-cai-tron-tom-2/,Bông cải trộn tôm,1603,2015-08-01T11:31:01
https://monngonmoingay.com/bun-oc/,Bún ốc,1597,2015-08-01T11:30:29
https://monngonmoingay.com/goi-du-du-thit-bo-ap-chao/,Gỏi đu đủ thịt bò áp chảo,1592,2015-08-01T11:30:23
https://monngonmoingay.com/bun-gio-heo-nau-giam/,Bún giò heo nấu giấm,1587,2015-08-01T11:18:30
https://monngonmoingay.com/be-thui-xao-sa-te-2/,Bê thui xào sa tế,1582,2015-08-01T11:15:05
https://monngonmoingay.com/goi-nha-dam/,Gỏi nha đam,1573,2015-08-01T11:10:23
https://monngonmoingay.com/canh-suon-hat-sen-2/,Canh sườn hạt sen,1571,2015-08-01T11:06:26
https://monngonmoingay.com/dau-hu-nhoi-xot-me-2/,Đậu hũ nhồi xốt me,1568,2015-08-01T11:06:19
https://monngonmoingay.com/khai-vi-dau-xuan/,Khai vị đầu xuân,1562,2015-08-01T11:01:57
https://monngonmoingay.com/bo-vien-chay-xao-thap-cam-2/,Bò viên chay xào thập cẩm,1540,2015-08-01T10:56:20
https://monngonmoingay.com/mien-xao-ngheu-tay-cam/,Miến xào nghêu tay cầm,1545,2015-08-01T10:49:23
https://monngonmoingay.com/thit-bo-nuong-mu-tat/,Thịt bò nướng mù tạt,1477,2015-08-01T10:39:44
https://monngonmoingay.com/ga-cuon-xoi-xoai-2/,Gà cuộn xôi xoài,1475,2015-08-01T10:34:45
https://monngonmoingay.com/pho-cuon/,Phở cuốn,1453,2015-08-01T10:25:22
https://monngonmoingay.com/lau-chua-thit-bo/,Lẩu chua thịt bò,1389,2015-08-01T10:16:56
https://monngonmoingay.com/su-hao-xao-hai-san/,Su hào xào hải sản,1384,2015-08-01T10:12:52
https://monngonmoingay.com/suong-tom-gio-heo/,Suông tôm giò heo,54168,2015-04-09T14:43:23
https://monngonmoingay.com/chao-ca-gio-heo/,Cháo cá giò heo,54162,2015-04-09T14:22:00
https://monngonmoingay.com/chao-bo-cau/,Cháo bồ câu,54159,2015-04-09T14:13:14
https://monngonmoingay.com/thit-kho-xot-tuong/,Thịt kho xốt tương,54153,2015-04-09T13:36:57
https://monngonmoingay.com/suon-ham-toi/,Sườn hầm tỏi,54147,2015-04-09T12:14:04
https://monngonmoingay.com/bi-xanh-tiem-tu-hai/,Bí xanh tiềm tứ hải,54141,2015-04-09T11:41:31
https://monngonmoingay.com/dau-hu-kho-nam-rom/,Đậu hũ kho nấm rơm,54105,2015-04-09T07:51:09
https://monngonmoingay.com/canh-thit-bo-cai-xoong/,Canh thịt bò cải xoong,54096,2015-04-08T18:08:28
https://monngonmoingay.com/cha-hap-chay/,Chả hấp chay,54150,2008-04-09T12:14:48
https://monngonmoingay.com/ga-tiem-hat-sen/,Gà tiềm hạt sen,54144,2008-04-09T11:42:06
https://monngonmoingay.com/suon-nau-dau/,Sườn nấu đậu,54135,2008-04-09T11:15:22
https://monngonmoingay.com/bo-kho/,Bò kho,54132,2008-04-09T11:08:39
https://monngonmoingay.com/bo-cau-quay-nuoc-dua/,Bồ câu quay nước dừa,54124,2008-04-09T09:16:08
https://monngonmoingay.com/bap-cai-tim-xao-hai-san/,Bắp cải tím xào hải sản,54121,2008-04-09T08:33:09
https://monngonmoingay.com/rau-cang-cua-tron-dau-giam/,Rau càng cua trộn dầu giấm,54115,2008-04-09T08:11:51
https://monngonmoingay.com/ca-thu-rim-nuoc-tra-xanh/,Cá thu rim nước trà xanh,54111,2008-04-09T08:00:38
https://monngonmoingay.com/ca-hu-kho-xot-tuong/,Cá hú kho xốt tương,54108,2008-04-09T07:52:41
https://monngonmoingay.com/bap-bo-ngam-nuoc-mam/,Bắp bò ngâm nước mắm,108590,2007-01-06T23:59:03
https://monngonmoingay.com/kimbap-cuon-trung-thit-nguoi/,Kimbap cuộn trứng thịt nguội,108588,2007-01-06T23:53:04
https://monngonmoingay.com/com-nam-ca-ngu-tam-trung-chien/,Cơm nắm cá ngừ tẩm trứng chiên,108586,2007-01-06T23:46:36
https://monngonmoingay.com/pizza-bap-cai/,Pizza bắp cải,108584,2007-01-06T23:29:14
https://monngonmoingay.com/banh-crepe-xep-tang/,Bánh crepe xếp tầng,108583,2007-01-06T23:22:50
https://monngonmoingay.com/bo-luc-lac-vi-pho/,Bò lúc lắc vị phở,108565,2007-01-06T21:22:34
https://monngonmoingay.com/ca-hoi-ngam-tuong/,Cá hồi ngâm tương,108564,2007-01-06T21:14:45
https://monngonmoingay.com/com-tron-ca-ngu-rong-bien/,Cơm trộn cá ngừ rong biển,108562,2007-01-06T20:58:57
https://monngonmoingay.com/pudding-tra-xanh/,Pudding trà xanh,108539,2007-01-06T17:03:37
