link,type_of_food,title,description,author_name,cook_time,num_of_people,calories,num_of_ingredients,ingredients,step,note,post_date
https://vncooking.com/cong-thuc/tom-hap-lien-hoa-559,Món chính,Tôm hấp liên hoa,"Tôm hấp liên hoa không chỉ có hình thức bắt mắt mà còn mang đến một hương vị tươi ngon, khó cưỡng.",,30phút,2,,3,"['tôm thẻ 200 gam', 'giò sống 500 gam', 'Hành tây 1 củ']","['Bước 1: Sơ chế nguyên liệu Tôm mua về bóc vỏ, bỏ chỉ lưng, rửa sạch và băm nhỏ. Cho tôm băm vào tô cùng 50g giò sống, 1/2 muỗng cà phê hạt nêm, 1/2 muỗng cà phê bột ngọt, một xíu muối và tiêu xay. Trộn thật đều cho tôm ngấm gia vị. Hành tây bóc vỏ, rửa sạch, cắt thành múi cau. Bạn hãy cắt sao cho các múi hành tây đều nhau để món ăn trông đẹp hơn khi chế biến nhé!', 'Bước 2: Hấp tôm Bạn cho tôm đã ướp gia vị vào dĩa, tạo hình tròn cho đẹp. Xếp các múi hành tây vào sao cho trông như những cánh hoa sen. Cho dĩa tôm vào xửng hấp khoảng 15 phút là chín.', 'Bước 3: Hầm nước dùng Trong thời gian chờ tôm chín, bạn hãy rửa sạch xương gà. Trần sơ xương qua nước sôi cho sạch. Sau đó, hầm xương với nước và chút muối.', 'Bước 4: Thành phẩm Vậy là món tôm hấp liên hoa của bạn đã hoàn thành rồi đấy. Bạn hãy gấp dĩa tôm ra, chan thêm nước dùng gà đã ninh lên trên. Cuối cùng rắc thêm ít hành lá cho đẹp và thưởng thức thôi nào.', 'Bước 5: Thưởng thức Món tôm hấp liên hoa trông như một đóa sen trắng đang nở rộ. Thịt tôm ngọt, giòn dai, kết hợp cùng giò sống càng thêm đậm đà. Nước dùng gà ngọt thanh càng làm món ăn thêm phần hấp dẫn. Bạn hãy thưởng thức món ăn ngay khi còn nóng nhé!']",[],"Thứ năm, 19/10/2023, 20:08 (GMT+7)"
https://vncooking.com/cong-thuc/tra-lipton-pha-voi-7up-558,Thức uống,Trà Lipton pha với 7up,"Đã bao giờ bạn thử món nước giải khát được làm từ trà Lipton và 7up chưa? Khi thưởng thức, chắc chắn bạn sẽ ngạc nhiên trước hương vị thơm ngon, mát lạnh của thức uống này đấy",,15phút,2,,2,"['trà Lipton 1 túi', '7up 1 chai']","['Bước 1: Pha chế trà Lipton với 7up Đầu tiên, bạn hãy lấy một túi trà Lipton và cho vào chai nước 7Up. Bạn úp ngược chai 7up vào một cái cốc để trà dễ ngấm nước hơn. Bạn chỉ cần chờ khoảng 10 phút là sẽ thấy nước 7up chuyển sang màu vàng.', 'Bước 2: Thành phẩm Chỉ với những bước đơn giản vậy thôi là món nước Lipton pha 7up của bạn đã hoàn thành. Bây giờ, bạn hãy cho nước đá và một lát chanh vào ly, rót nước trà Lipton pha 7up vào và thưởng thức thôi.', 'Bước 3: Thưởng thức Khi thưởng thức bạn sẽ thấy thức uống rất thơm vị trà Lipton kết hợp cùng hương 7up chanh chua chua, ngot ngọt rất hấp dẫn. Thức uống mát lạnh, sảng khoái này rất thích hợp cho những ngày hè nóng nực. thưởng thức ngay bạn nhé!']",[],"Thứ hai, 16/10/2023, 20:11 (GMT+7)"
https://vncooking.com/cong-thuc/cach-lam-kem-sau-rieng-thom-ngon-nhanh-cap-toc-khong-can-tu-lanh-557,Bánh và bánh ngọt,Cách làm kem sầu riêng thơm ngon nhanh cấp tốc không cần tủ lạnh,Bạn đã biết cách làm kem sầu riêng thơm ngon giải cứu ngày nắng nóng gay gắt mà không cần đến tủ lạnh chưa? Cùng tìm hiểu thật kỹ trong bài viết dưới đây nhé!,,30phút,2,,4,"['Thịt sầu riêng 100 gam', 'Sữa đặc 50 gam', 'Sữa tươi không đường 100 ml', 'Whipping Cream 100 ml']","['Bước 1: Sơ chế nguyên liệu Đầu tiên, bạn cho phần múi sầu riêng cùng với sữa tươi và sữa đặc vào trong cối xay thật mịn. Sau đó, bạn cho 100ml whipping cream vào một chiếc tô và bắt đầu đánh bông lên.', 'Bước 2: Làm kem sầu riêng Cho phần whipping cream đánh bông vào hỗn hợp sầu riêng và sữa vừa xay rồi trộn đều. Tiếp đó, bạn chuẩn bị một thau đá lớn, rắc 500g muối hột vào thau đá rồi đổ một ít nước lọc vào. Sau đó, bạn đặt phần hỗn hợp sầu riêng kem sữa đã trộn vào thau đá rồi lắc nhẹ và khuấy tới khi kem đặc lại. Muối hột có công dụng làm giảm nhiệt độ của đá giúp hỗn hợp kem có thể đông lại nhanh hơn.', 'Bước 3: Thành phẩm Chỉ mất vài phút với các nguyên liệu đơn giản và dễ tìm mà bạn đã có cho mình một ly kem sầu riêng thơm ngon mát lạnh. Đặc biệt, cách làm này còn không cần phải dùng đến tủ lạnh hay bất kỳ máy làm kem nào. Mang đến sự tiện lợi và tiết kiệm trang thiết bị hiệu quả.']",[],"Chủ nhật, 15/10/2023, 22:15 (GMT+7)"
https://vncooking.com/cong-thuc/cach-lam-bun-ga-la-e-ngot-thom-chua-thanh-cho-ca-gia-dinh-556,Món chính,"Cách làm bún gà lá é ngọt thơm, chua thanh cho cả gia đình","xin giới thiệu đến bạn món bún gà lá é với hương vị thơm ngon, độc đáo, lạ miệng để đãi những người thân yêu thưởng thức.",,45phút,2,,3,"['thịt gà ta 800 gam', 'lá é 400 gam', 'Bún 300 gam']","['Bước 1: Sơ chế nguyên liệu Thịt gà mua về bạn rửa sạch rồi chặt gà thành những miếng nhỏ vừa ăn. Tiếp đến, bạn ướp thịt gà với 1 muỗng cà phê muối, 1 muỗng cà phê nước mắm, 1 muỗng canh hạt nêm, 2 muỗng cà phê đường phèn rồi trộn đều. Để thịt gà trong ngăn mát tủ lạnh khoảng 10 - 15 phút cho ngấm gia vị. Lá é mua về bạn bỏ gốc già cứng hay những lá bị dập nát rồi rửa thật kĩ với nước sạch, vớt ra rổ, để ráo.', 'Bước 2: Nấu nước hầm gà Bạn tiến hành băm nhỏ 2 củ hành tím rồi bắc nồi lên bếp, thêm 1 muỗng cà phê dầu ăn, dầu nóng thì cho hành vào phi thơm. Cho tiếp thịt gà đã ướp vào đảo đều trong khoảng 3 phút đến khi thịt hơi săn lại. Tiếp đến bạn cho thêm 1.5 lít nước vào nồi và đậy nắp đun sôi, hầm gà khoảng 15 phút cho tới khi gà chín mềm.', 'Bước 3: Thành phẩm Bạn chuẩn bị một chiếc tô rồi xếp bún vào dưới cùng, vớt thịt gà ra xếp lên trên. Kế đến bạn nêm nếm lại nồi nước hầm gà cho phù hợp khẩu vị gia đình. Sau đó bạn nhúng lá é vào nồi nước khoảng 30 giây rồi vớt ra tô, chan thêm nước dùng là có thể thưởng thức rồi.', 'Bước 4: Thưởng thức Món bún gà lá é khi hoàn thành hấp dẫn với màu vàng bắt mắt của thịt gà, mùi thơm nứt của lá é cùng các loại gia vị. Khi ăn, bạn sẽ cảm nhận được phần nước dùng đậm đà, ngọt thanh từ thịt gà, cắn một miếng thấy gà săn chắc, ngọt thịt, kết hợp với vị lá é thơm thơm cay cay.']",[],"Chủ nhật, 8/10/2023, 20:32 (GMT+7)"
https://vncooking.com/cong-thuc/khoai-tay-nghien-pho-mai-cap-toc-bang-snack-khoai-tay-555,Bánh và bánh ngọt,Khoai tây nghiền phô mai cấp tốc bằng snack khoai tây,Bạn có thể tự làm khoai tây nghiền phô mai tại nhà chỉ với 3 nguyên liệu đơn giản,,15phút,2,,2,"['Snack khoai tây 1 ống', 'Sữa tươi không đường 1 hộp']","['Bước 1: Sơ chế nguyên liệu Đầu tiên, bạn hãy cho snack khoai tây vào túi zip, dùng chày giã cho bánh nát ra. Phô mai mozzarella cắt nhỏ. Đun nóng sữa tươi không đường.', 'Bước 2: Làm khoai tây nghiền Bạn hãy cho sữa tươi không đường đun nóng vào phần phô mai đã cắt nhỏ, dùng muỗng khuấy đều cho phô mai tan ra hết. Sau đó, cho phần snack khoai tây nghiền nát vào, tiếp tục trộn đều. Bạn hãy cho từ từ phần bánh khoai tây vào để điều chỉnh được độ đặc mong muốn.', 'Bước 3: Thành phẩm Vậy là bạn đã hoàn thành món khoai tây nghiền phô mai rồi đấy. Bạn hãy thưởng thức ngay món ăn ngon này nhé. Phô mai mềm thơm, kéo thành sợi, kết hợp với snack tây đậm đà rất hấp dẫn.']",[],"Thứ năm, 5/10/2023, 22:08 (GMT+7)"
https://vncooking.com/cong-thuc/banh-flan-duong-thot-not-mem-min-thom-lung-554,Bánh và bánh ngọt,"Bánh flan đường thốt nốt mềm mịn, thơm lừng","Tận hưởng hương vị bánh flan đường thốt nốt mềm mịn, thơm lừng tại nhà với cách làm đơn giản và các bước thực hiện dễ dàng ngay trong bài viết này nhé!",,30phút,2,,4,"['Đường thốt nốt 100 gam', 'Trứng gà 3 quả', 'Đường 40 gam', 'Sữa tươi 200 ml']","['Bước 1: Làm caramen Chuẩn bị một nồi nhỏ, đun nóng 100g đường thốt nốt cắt nhuyễn cùng với 25ml nước, đến khi nước vừa sôi thì cho thêm 25ml nước và khuấy đều. Khi đường tan chảy và hỗn hợp đạt được màu vàng óng, đổ nhanh chóng vào khuôn bánh flan. Lưu ý cẩn thận vì đường nóng có thể gây bỏng.', 'Bước 2: Làm hỗn hợp trứng sữa Chuẩn bị một tô lớn, đánh tan 3 quả trứng gà. Sau đó, thêm vào 40g đường, 200ml sữa tươi và một ít vanilla, khuấy đều cho đến khi hỗn hợp trở nên mịn và đường tan hoàn toàn. Lọc hỗn hợp trứng, đường, và sữa qua một cái rây mịn để loại bỏ bọt và các cục lớn. Điều này giúp bánh flan mềm mịn hơn. Sau đó đổ hỗn hợp trứng đã lọc vào khuôn bánh flan có đường thốt nốt đã đông. Đậy kín khuôn lại.', 'Bước 3: Hấp bánh Mang nồi hấp lên bếp và đặt khuôn bánh flan vào nồi. Đậy nắp và hấp bánh flan trong khoảng 30 - 40 phút hoặc cho đến khi bánh chín. Kiểm tra bánh flan bằng cách chọc một que tăm vào giữa. Nếu que tre ra sạch, bánh đã chín. Nếu que tre dính bánh, hấp thêm một ít thời gian. Khi bánh flan đã chín, tắt bếp và để bánh nguội tự nhiên trong khuôn. Sau đó, đặt bánh flan vào tủ lạnh trong ít nhất 2 giờ hoặc qua đêm để đông lại và tạo độ mềm mịn cho bánh.', 'Bước 4: Thành phẩm Bánh flan đường thốt nốt sẽ mang đến vị ngọt mát tự nhiên từ đường thốt nốt hòa quyện hoàn hảo với vị béo mềm mại của trứng và sữa tươi, tạo ra một sự cân bằng và hài hòa trong khẩu vị. Đây chắc chắn sẽ là món ăn tráng miệng kích thích vị giác dành cho cả gia đình mỗi dịp cuối tuần.']",[],"Thứ tư, 4/10/2023, 23:27 (GMT+7)"
https://vncooking.com/cong-thuc/banh-bao-bo-xanh-muot-mem-thom-beo-ngay-553,Bánh và bánh ngọt,"Bánh bao bơ xanh mướt, mềm thơm béo ngậy","Bánh bao bơ vừa thơm ngon vừa đẹp mắt sẽ là món ăn không thể bỏ qua, cùng tìm hiểu cách làm bánh bao bơ xanh mướt và béo ngậy nhé.",,45phút,2,,1,['Trái bơ 140 gam'],"['Bước 1: Làm nhân bánh Đầu tiên, bạn cho lần lượt 140g bơ cùng với 35ml sữa tươi không đường vào máy xay thật nhuyễn mịn. Tiếp theo, bạn bắc chảo lên bếp và cho vào chảo 100g sữa đặc, 50g bơ nhạt, 125g bơ đã xay nhuyễn, 2 giọt màu thực phẩm màu xanh dứa và khuấy thật đều cho đến khi có màu xanh lá non.Sau đó bạn hòa tan 3g bột bắp với 20ml nước lọc và cho vào chảo, đảo đều trong lửa nhỏ đến khi hỗn hợp đồng nhất là được. Cuối cùng, bạn chia thành từng phần nhỏ khoảng 20 - 30g một phần và để trong ngăn đá khoảng 3 tiếng.', 'Bước 2: Làm vỏ bánh Bạn chuẩn bị một cái tô thủy tinh và cho vào tô các nguyên liệu lần lượt là 3g men khô, 80ml nước lọc, 90g sữa đặc, 30g dầu ăn, 1 lòng trắng trứng gà, 340g bột mì số 8, 4g bột nở, 50g bơ xay nhuyễn ban đầu, 2 giọt màu thực phẩm màu xanh dứa và trộn đều đến khi thành 1 khối bột thì dùng nhồi bằng máy trong 8 - 10 phút.Sau đó, bạn bọc màng thực phẩm và cho bột nghỉ 10 phút.', 'Bước 3: Hấp bánh Sau khi ủ bột bánh được 10 phút, bạn lấy bột ra, chia thành từng phần nhỏ sao cho không quá mỏng bằng cách cán bột dẹp, cuộn lại, vo tròn và nhấn dẹp ra.Tiếp theo, bạn cho nhân vào giữa, túm lại, miết thật kỹ không để hở và đặt trên giấy nến. Sau đó, bạn để vào nồi và đậy nắp lại ủ từ 30 - 50 phút. Khi ủ xong thì bạn tiến hành hấp bánh trong vòng 8 phút, bạn nên để khăn lên miệng nồi và đậy nắp để tránh nước đọng trên bánh.', 'Bước 4: Thành phẩm Bánh bao bơ xanh thơm ngon, hấp dẫn với phần vỏ bánh mềm mịn, nhân chảy có sữa đặc ngọt béo không bị gắt. Bạn có thể trang trí thêm một số hình vẽ lên bánh để món ăn đặc sắc hơn.']",[],"Thứ ba, 3/10/2023, 20:51 (GMT+7)"
https://vncooking.com/cong-thuc/banh-su-mini-sieu-de-beo-ngay-bat-ngo-552,Bánh và bánh ngọt,"Bánh su mini siêu dễ, béo ngậy bất ngờ","Bánh su kem sở hữu hương vị thơm ngon, béo ngậy không ai có thể chối từ.",,30phút,3,,5,"['Bột mì 90 gam', 'Bột bắp 20 gam', 'Trứng gà 3 quả', 'Sữa tươi 320 ml', 'Bơ lạt 77 gam']","['Bước 1: Làm nhân bánh Đầu tiên, bạn hãy cho vào tô 2 lòng đỏ trứng, 35g đường, 20g bột bắp, trộn thật đều cho hỗn hợp hòa quyện với nhau. Kế đến, bạn đun 235g sữa tươi cho ấm (không để quá nóng nhé), sau đó cho vào hỗn hợp bột trứng lúc nãy. Vừa rót sữa, vừa đánh đều tay cho bột tan đều vào sữa. Bắc hỗ hợp này lên bếp, đun lửa vừa, khuấy liên tục đến khi nào phần nhân này sánh lại và dẻo mịn. Cho thêm 12g bơ lạt, đảo đều cho bơ tan chảo rồi tắt bếp. Cho phần nhân vào một cái tô, để nguội, bọc một lớp màng bọc thực phẩm phía trên và cho vào ngăn mát tủ lạnh.', 'Bước 2: Làm bột bánh Sau khi đã xong phần nhân bánh, bạn hãy làm tiếp phần bột bánh. Cho 90g bột mì và 1 xíu muối vào nồi, cho thêm 65g bơ nhạt, 85g sữa tươi và 85g nước lọc, trộn đều. Cho phần bột này lên bếp, đun lửa nhỏ và đảo đều đến khi bột dẻo mịn, sánh lại như hình thì tắt bếp. Đánh 2 quả trứng gà cho tan và cho từ từ vào hỗn hợp bột đến khi bột chảy như hình.', 'Bước 3: Nướng bánh Cho bột đã trộn vào túi bắt kem, bắt bánh thành hình xoắn ốc lên giấy nến. Chấm một chút nước lên đầu bột để tạo hình và giúp bột nở đều. Làm nóng lò và nướng bánh trong 190 độ trong vòng 20 phút là bánh chín. Lấy bánh ra để nguội.', 'Bước 4: Thành phẩm Vậy là bạn đã làm xong phần nhân và phần bánh su. Việc của bạn là tiếp theo là dùng dao tạo một lỗ dưới đáy bánh, cho nhân vào giữa bánh là hoàn thành.', 'Bước 5: Thưởng thức Vậy là món bánh su kem mini của bạn đã hoàn thành rồi đấy. Bạn có thể để bánh trong ngăn mát tủ lạnh khoảng 2 tiếng để bánh lạnh, ăn sẽ ngon hơn. Bánh có lớp vỏ xốp mềm, thơm lừng mùi bơ, nhân bánh mềm mịn, béo ngậy, thơm vị trứng và mát lạnh rất ngon. Thưởng thức ngay bạn nhé!']",[],"Thứ sáu, 29/9/2023, 23:24 (GMT+7)"
https://vncooking.com/cong-thuc/trung-luoc-7-sao-dubai-doc-la-trung-beo-thom-dam-da-551,Nhanh và dễ,"Trứng luộc 7 sao Dubai độc lạ, trứng béo thơm, đậm đà",nghe bảo món trứng này thường được phục vụ trong các nhà hàng 7 sao ở Dubai.,,30phút,2,,4,"['Trứng gà 3 quả', 'Hành tím 1 củ', 'Ớt 1 trái', 'Nước tương 1 chai']","['Bước 1: Luộc trứng Đầu tiên, bạn hãy bắc nồi lên bếp, cho nước vào và bật lửa. Khi nước hơi ấm, cho trứng vào và khuấy nhẹ để giúp cho lòng đỏ trứng nằm ngay giữa. Luộc trứng trong khoảng 5 - 6 phút thì lấy ra. Cho trứng vào ngay trong nước đá để trứng mau nguội và không chín tiếp. Sau đó, bạn hãy bóc sạch vỏ trứng.', 'Bước 2: Ngâm trứng Bạn hãy cắt nhỏ ớt và băm nhỏ hành tím. Cho hành và ớt vào chén, thêm nước tương và 1 lon Coca Cola vào, khuấy đều. Cho trứng đã bóc vỏ vào ngâm, để ngăn mát tủ lạnh khoảng 4 tiếng.', 'Bước 3: Thành phẩm Sau 4 tiếng thì món trứng của bạn đã hoàn thành rồi. Phần vỏ trứng ngấm nước sốt nên có màu nâu rất bắt mắt. Bạn hãy thưởng thức trứng với cơm hoặc mì nhé! Chắc chắn bạn sẽ thấy sự đặc biệt của món ăn này.']",[],"Thứ năm, 28/9/2023, 19:20 (GMT+7)"
https://vncooking.com/cong-thuc/goi-tom-rau-nhut-gion-thom-chua-ngot-hai-hoa-550,Nhanh và dễ,"Gỏi tôm rau nhút giòn thơm, chua ngọt hài hòa","món gỏi tôm rau nhút lạ miệng, chua ngọt, giòn thơm để dành làm món khai vị cho bữa ăn thêm hấp dẫn nhé!",,30phút,2,,5,"['tôm sú 1 kg', 'rau nhút 1 bó', 'Lá quế 1 bó', 'Đậu phộng 2 muỗng canh', 'Hành phi 1 muỗng canh']","['Bước 1: Sơ chế rau nhút Rau nhút bạn mua về tuốt bỏ phần phao trắng, nhặt thành khúc ngắn vừa ăn, lấy luôn cả phần lá. Tiếp đến bạn đem rửa sạch phần rau nhút đã nhặt với nước muối, rửa qua 3 lần sau đó vớt lên để ráo. Phần thân to, bạn dùng dao chẻ đôi để khi trộn rau nhút dễ thấm gia vị hơn. Bạn bắc lên bếp 1 chảo nước, 1 muỗng cà phê muối, nấu đến khi nước sôi. Trong thời gian đợi nước sôi thì bạn chuẩn bị 1 thau đá lạnh. Bạn cho phần rau nhút vào chần sơ khoảng 2 phút, sau đó bạn vớt ra thau đá. Cho phần rau ngập trong nước đá và ngâm trong 15 phút để rau giòn hơn rồi vớt ra để ráo.', 'Bước 2: Sơ chế các nguyên liệu khác Hành tím bạn lột vỏ, sau đó thái mỏng, bắc chảo lên bếp cho dầu ăn vào phi vàng sau đó vớt ra chén để ráo dầu. Bạn cho 2 muỗng canh đậu phộng vào chảo cùng 1 muỗng canh muối để rang cho đậu chín, để khi vỏ đậu chuyển màu khoảng 10 phút thì tắt bếp, vớt ra, để nguội, đãi vỏ. Bạn lấy 1 trái chanh cắt bỏ hạt, vắt lấy nước. Lá quế bạn nhặt lá, rửa sạch sau đó thái đôi.', 'Bước 3: Làm sốt trộn gỏi Bạn cho vào cối 1 muỗng canh đường, 1/2 muỗng cà phê bột ngọt, 4 trái ớt, 3 tép tỏi, sau đó giã nhuyễn hỗn hợp. Tiếp đến bạn cho vào 2.5 muỗng canh nước mắm, nửa trái chanh vắt lấy nước và khuấy đều.', 'Bước 4: Trộn gỏi Bạn cho rau nhút ra thau, 1/2 muỗng cà phê muối, 1/2 muỗng cà phê bột ngọt, 1 muỗng cà phê đường sau đó trộn đều lên. Bạn cho vào 3 muỗng canh nước gỏi đã pha, nước cốt chanh, sau đó trộn đều. Tiếp theo bạn cho tôm, hành phi, rau thơm vào lần lượt và tiếp tục trộn đều. Bạn bày gỏi ra đĩa, rắc thêm một ít đậu phộng rang, vài lát ớt là hoàn thành.', 'Bước 5: Thành phẩm Gỏi tôm rau nhút sau khi hoàn thành rất đẹp mắt của màu xanh tươi mát của rau nhút, tôm đỏ cam nổi bật, ăn một miếng thấy giòn thơm, vị chua ngọt dễ ăn, vô cùng bắt miệng.']",[],"Thứ tư, 27/9/2023, 19:06 (GMT+7)"
https://vncooking.com/cong-thuc/tu-lam-pho-mai-que-bang-voi-banh-sandwich-sieu-de-sieu-cap-gion-rum-549,Nhanh và dễ,"Tự làm phô mai que bằng với bánh sandwich siêu dễ, siêu cấp giòn rụm","Phô mai que làm bằng bánh sandwich có lớp vỏ thơm lừng, giòn rụm, phô mai kéo sợi béo ngậy, chỉ nhìn thôi cũng để mê",,15phút,2,,3,"['Bánh sandwich 4 lát', 'Phô mai mozzarella 4 lát', 'Trứng gà 1 quả']","['Bước 1: Cuộn bánh sandwich với phô mai Đầu tiên, bạn hãy cắt 4 viền ngoài của bánh sandwich, dùng chày cán cho bánh mỏng ra. Phô mai mozzarella cắt thành que vừa ăn. Cuộn phô mai trong lát bánh sandwich cho thật chặt.', 'Bước 2: Chiên phô mai que Đập một quả trứng gà vào đĩa, cho thêm lá oregano khô, khuấy đều cho trứng tan ra. Nhúng từng thanh phô mai que vào trứng, lăn qua lớp bột chiên xù. Bạn lại nhúng bánh vào một lớp trứng rồi lăn thêm một lớp bột chiên xù nữa. Cho phô mai que vào nồi chiên không dầu. Xịt hoặc quét một lớp dầu ăn mỏng lên từng que phô mai. Chiên bánh ở 180 độ C trong 12 phút là hoàn thành. Nếu không có nồi chiên không dầu, bạn có thể chiên bằng chảo nhé! Chiên với nhiều dầu sẽ giúp món phô mai que của bạn giòn hơn.', 'Bước 3: Thành phẩm Vậy là món phô mai que của bạn đã hoàn thành rồi đấy. Đơn giản quá phải không nào. Bạn hãy dọn món ăn ra đĩa. Thưởng thức phô mai que với tương ớt hoặc tương cà nếu thích nhé!', 'Bước 4: Thưởng thức Phô mai que làm bằng bánh sandwich có lớp vỏ dày, giòn rụm, thơm mùi trứng và lá oregano. Nhân phô mai béo ngậy, kéo sợi, ăn rất thích miệng. Bạn hãy thưởng thức món ăn ngay khi còn nóng nhé!']",[],"Thứ ba, 26/9/2023, 22:28 (GMT+7)"
https://vncooking.com/cong-thuc/tro-tai-lam-bap-pho-mai-dut-lo-thom-lung-beo-ngay-an-la-me-548,Nhanh và dễ,"Trổ tài làm bắp phô mai đút lò thơm lừng, béo ngậy ăn là mê",Bạn đang cần một món ăn nhẹ với nguyên liệu dễ tìm cùng cách thực hiện đơn giản? Cùng tìm hiểu công thức chế biến bắp phô mai đút lò ngay trong bài viết này.,,30phút,2,,4,"['Bắp mỹ 2 trái', 'Hành tây 1 củ', 'Xúc xích 3 cây', 'Phô mai mozzarella 1 bịch']","['Bước 1: Tách hạt và luộc bắp Bắp sau khi mua về, lột sạch vỏ, rửa sạch với nước. Tiếp đó, dùng dao cắt bắp làm 4 phần theo chiều dọc và nhẹ nhàng tách sạch hạt bắp. Đặt nồi lên bếp và đun sôi nước, cho hạt bắp vào, luộc trong khoảng 3 phút rồi vớt hạt bắp ra.', 'Bước 2: Sơ chế hành tây và xúc xích Lột sạch lớp vỏ bên ngoài hành tây, rửa sơ với nước rồi cắt nhỏ. Với xúc xích, ta thái thành các lát nhỏ. Về khối lượng của nguyên liệu thì bạn có thể tùy chỉnh ít nhiều theo ý thích cá nhân nhé!', 'Bước 3: Chế biến bắp phô mai đút lò Làm nóng chảo và thêm bơ vào. Đợi bơ tan chảy, ta cho hành tây xào đến khi trong lại, sau đó, lần lượt thêm xúc xích và bắp vào rồi đảo đều tay khoảng 2 phút. Phủ đều phô mai mozzarella lên bề mặt món ăn, rắc thêm đường, tiêu và muối. Cho hỗn hợp bắp, xúc xích, hành tây và phô mai vào lò nướng ở mức 180 độ C trong 10 phút là hoàn thành.', 'Bước 4: Thành phẩm Sau khi hoàn thành, bắp phô mai đút lò có bề mặt màu vàng, hơi cháy nhẹ nhưng trông vô cùng ngon mắt. Cùng với đó là mùi hương khó cưỡng, đầy lôi cuốn. Một món ăn thơm ngon lại đơn giản như thế này thì còn ngại gì mà không bắt tay vào thực hiện ngay?']",[],"Thứ hai, 25/9/2023, 21:13 (GMT+7)"
https://vncooking.com/cong-thuc/mach-ban-cach-uop-ga-bat-bai-dam-bao-lan-nao-cung-thanh-cong-547,Món chính,"Mách bạn cách ướp gà bất bại, đảm bảo lần nào cũng thành công",,,30phút,2,,4,"['Đùi gà 500 gam', 'Nước mắm 1 chai', 'Nước tương 1 chai', 'Dầu ăn 1 chai']","['Bước 1: Bạn hãy pha nước sốt ướp gà theo công thức sau: 2 muỗng nước mắm, 2 muỗng nước tương, 2 muỗng tương ớt, 2 muỗng dầu ăn, 2 muỗng giấm, 1 muỗng tiêu xay, bột ớt, 2 muỗng sữa đặc. Khuấy thật đều cho các nguyên liệu tan hết. Đùi gà mua về rửa sạch, để ráo. Cho hỗn hợp sốt vào ướp với gà khoảng 15 phút cho gia vị thấm đều vào thịt.', 'Bước 2: Bạn hãy nướng gà lần 1 trong nồi chiên không dầu với 180 độ, sau 8 phút thì lấy ra trở mặt, quét nước sốt và nướng tiếp 8 phút nữa. Sau đó, bạn hãy nướng lần 2 ở 200 độ trong khoảng 2 - 3 phút, lại lấy ra, trở mặt gà và quét thêm nước sốt. Nướng tiếp khoảng 2 - 3 phút nữa là hoàn thành.', 'Bước 3: Thành phẩm Vậy là món gà nướng của bạn đã hoàn thành rồi đấy. Bạn hãy bày món ăn ra đĩa, ăn kèm với cơm, mì, bánh mì tùy thích nha. Với cách ướp gà này, món gà nướng của bạn sẽ có màu sắc và hương thơm rất quyến rũ.']",[],"Chủ nhật, 24/9/2023, 19:36 (GMT+7)"
https://vncooking.com/cong-thuc/vao-bep-lam-mon-banh-sandwich-milo-mini-gion-rum-thom-nuc-mui-546,Bánh và bánh ngọt,"Vào bếp làm món bánh sandwich milo mini giòn rụm, thơm nức mũi","Bánh sandwich có thể chế biến thành nhiều món ăn ngon, hấp dẫn khác nhau",,15phút,1,,4,"['bánh sandwich 6 lát', 'Bột milo 1 bịch', 'Trứng gà 1 trứng', 'Sữa tươi 1 hộp']","['Bước 1: Chuẩn bị bánh sandwich Bánh sandwich mua về, bạn hãy dùng dao, cắt hết phần viền bánh và để sử dụng sau. Sau đó, dùng chày hoặc muôi cán mỏng miếng bánh. Phết một lớp sữa đặc mỏng lên 1 mặt bánh, rắc bột milo và cuộn bánh lại cho thật chặt.', 'Bước 2: Chiên bánh Bạn hãy cho một quả trứng và sữa tươi vào chén, đánh tan. Nhúng bánh sandwich vừa cuộn vào hỗn hợp trứng sữa. Sau đó chiên bánh trên chảo dầu với lửa vừa. Bạn hãy trở mặt bánh thưởng xuyên để bánh vàng đều, không bị khét nhé!', 'Bước 3: Thành phẩm Đến khi bánh đã giòn, vàng như ý thì bạn hãy vớt bánh ra, để lên giấy để thấm bớt dầu. Dọn bánh ra đĩa, rưới thêm sữa đặc, bột milo lên trên và thưởng thức ngay thôi.']",[],"Thứ sáu, 22/9/2023, 20:22 (GMT+7)"
https://vncooking.com/cong-thuc/tu-nau-chao-yen-mach-dau-tay-tai-nha-cho-bua-sang-dinh-duong-545,Nhanh và dễ,Tự nấu cháo yến mạch dâu tây tại nhà cho bữa sáng dinh dưỡng,"Yến mạch giúp bổ sung nhiều chất dinh dưỡng tốt cho sức khỏe và hỗ trợ làm đẹp da, cùng tìm hiểu cách nấu cháo yến mạch dâu tây thơm ngon, bổ dưỡng tại nhà nhé.",,30phút,1,,4,"['yến mạch 100 gam', 'dâu tây 200 gam', 'dừa khô sấy 10 gam', 'dừa khô sấy 10 gam']","['Bước 1: Sơ chế nguyên liệu Sau khi mua dâu tây về, bạn hãy ngâm dâu tây với nước muối loãng khoảng 10 phút và rửa sạch lại với nước, cắt bỏ cuống, đài lá và cắt dâu tây làm đôi hoặc bốn tùy theo sở thích.', 'Bước 2: Sên dâu tây Bạn bắc nồi lên bếp, tiếp theo lần lượt cho dâu tây (bạn nên để lại vài quả cho phần trang trí nhé), 20gr đường và đảo đều với lửa nhỏ cho đến khi dâu bị xém cạnh thì thêm khoảng 100ml nước. Sau đó, bạn tiếp tục sên dâu tây khoảng 3 - 4 phút rồi tắt bếp.', 'Bước 3: Xay nhuyễn dâu tây Sau khi dâu tây đã được sên thì bạn cho hỗn hợp vào máy xay sinh tố để xay thật nhuyễn thì món cháo yến mạch sẽ thơm ngon và hấp dẫn hơn.', 'Bước 4: Nấu cháo yến mạch dâu tây Bạn tiến hành bắc nồi lên bếp, cho 500ml sữa tươi không đường vào và nấu sôi. Sau đó, bạn cho yến mạch vào và nấu ở lửa nhỏ khoảng 5 phút đến khi yến mạch nở mềm. Nếu bạn cảm thấy cháo hơi đặc thì có thể cho thêm một ít nước nhé. Bước cuối cùng là bạn cho vào nồi lần lượt hỗn hợp dâu tây đã xay nhuyễn, 10gr bột quế, 1 - 2 muỗng cà phê siro cây phong và đảo đều là xong. Sau khi đã múc ra chén, bạn cho thêm vài lát dâu tây, dừa khô và hạnh nhân.', 'Bước 5: Thành phẩm Món cháo yến mạch dâu tây nóng hổi dậy mùi thơm đặc trưng của yến mạch và dâu tây hòa quyện cùng vị thơm béo của sữa tươi và chua chua ngọt ngọt của dâu tây, béo bùi của dừa khô và hạnh nhân.']",[],"Thứ tư, 20/9/2023, 19:28 (GMT+7)"
https://vncooking.com/cong-thuc/cach-lam-trung-vit-lon-chay-don-gian-thom-ngon-ngay-tai-nha-544,Món chay,"Cách làm trứng vịt lộn chay đơn giản, thơm ngon ngay tại nhà",Trứng vịt lộn chay với cách làm đơn giản nhưng vô cùng thơm ngon sẽ khiến bạn mê ngay từ lần đầu tiên thưởng thức. Cùng tìm hiểu cách làm món ăn này qua bài viết này nha.,,30phút,2,,7,"['Tàu hũ ky 100 gam', 'Nấm đông cô 50 gam', 'Đậu hũ trắng 100 gam', 'Đậu xanh không vỏ 100 gam', 'Rong biển 2 lá', 'Lá chuối 2 lá', 'Hành tím 2 cũng']","['Bước 1: Sơ chế nguyên liệu Đậu hũ trắng sau khi mua về các bạn cắt thành những miếng dày khoảng 1 - 5 cm. Đậu xanh sau khi mua về các bạn cho vào nước rửa thật sạch. Nấm đông cô bạn rửa sạch bằng nước ấm khoảng 10 phút rồi rửa lại thật sạch, để ráo, cắt bỏ gốc và cắt nấm thành từng miếng dày khoảng 0,5cm. Hành tím sau khi mua về các bạn lột vỏ và cắt nhỏ. Rau răm các bạn bỏ đi phần lá già và rửa sạch. Lá rong biển các bạn cắt đôi sau đó cắt thành bốn phần hình chữ nhật. Về lá chuối, các bạn cũng rửa sạch rồi cắt thành hình chữ nhật.', 'Bước 2: Sơ chế tàu hũ ky Tàu hũ ky sau khi mua về các bạn cắt những phần rìa bỏ đi. Kế tiếp, các bạn cắt thành những miếng hình chữ nhật hoặc hình vuông rồi sau đó rửa sạch.', 'Bước 3: Phi thơm hành tím Sau khi đã cắt nhỏ hành tím, bạn bắt chảo lên bếp rồi cho 2 muỗng canh dầu ăn vào chảo. Đến khi dầu nóng, bạn cho hành tím vào phi đến khi vàng đều là được.', 'Bước 4: Ướp gia vị Bạn chuẩn bị chén sau đó lần lượt cho các gia vị vào bao gồm 2 muỗng cà phê đường, 1 muỗng cà phê hạt nêm, ¼ muỗng cà phê bột ngọt và ¼ muỗng cà phê tiêu vào rồi trộn đều tất cả lên. Kế tiếp, bạn chuẩn bị một chiếc tô rồi cho đậu xanh, 1 nửa hành phi và ½ hỗn hợp gia vị đã trộn đều vào. Bạn đeo bao tay và trộn đều hỗn hợp lên. Sau đó, bạn chuẩn bị thêm một chiếc tô khác và lần lượt cho vào nấm đông cô, đậu hũ trắng, phần hành phi và gia vị còn lại vào. Bạn hãy đảo đều nhẹ nhàng hỗn hợp này để đậu hũ trắng không bị nát.', 'Bước 5: Gói trứng vịt lộn chay Đầu tiên, bạn lấy rong biển rồi cho nấm đông cuộn lại để tạo hình con vịt. Tiếp đến, bạn lấy khoảng 1 muỗng canh hỗn hợp đậu xanh rồi vo tròn, ấn dẹp và bọc vào miếng rong biển đã cuộn nấm rồi cho vào giữa miếng tàu hũ ky. Sau đó, bạn cho thêm 1 miếng đậu hũ trắng vào miếng tàu hũ ky rồi dùng tay vo tròn lại tạo hình trứng. Cuối cùng, bạn bọc thêm 1 miếng tàu hũ ky và dùng 2 tấm lá chuối bọc quả trứng lại rồi dùng dây buộc cố định là chúng ta hoàn thành bước tạo hình cho trứng vịt lộn chay. Bạn làm tương tự như vậy đến khi hết nguyên liệu.', 'Bước 6: Hấp trứng Sau khi đã tạo hình trứng vịt lộn chay xong, các bạn tiến hành hấp trứng. Bạn bắt nồi lên bếp và cho vào khoảng 1 lít nước nấu sôi. Khi nước sôi, bạn chỉnh lửa vừa rồi đặt xửng hấp lên và cho trứng vào hấp.', 'Bước 7: Thành phẩm Bạn hấp trứng vịt lộn chay trong khoảng 1 giờ là chúng ta hoàn thành món trứng vô cùng hấp dẫn. Các bạn lấy trứng ra, cắt bỏ phần lá chuối bên ngoài và thưởng thức cùng mọi người.', 'Bước 8: Thưởng thức Trứng vịt lộn chay có cách làm không quá phức tạp và hương vị vô cùng thơm ngon. Trứng có vỏ ngoài dai dai, béo bùi từ đậu xanh, ngọt ngọt dai dai từ nấm đông cô. Khi thưởng thức trứng vịt lộn chay, bạn hãy ăn kèm với rau răm và muối tiêu chanh sẽ tăng thêm hương vị thơm ngon cho món ăn.']",[],"Thứ ba, 19/9/2023, 21:42 (GMT+7)"
https://vncooking.com/cong-thuc/bo-tui-cach-lam-yen-chung-trai-le-ngot-mat-tam-bo-ca-nha-543,Món tráng miệng,"Bỏ túi cách làm yến chưng trái lê ngọt mát, tẩm bổ cả nhà","Yến chưng trái lê là món ăn bổ dưỡng, thơm ngon và có nhiều công dụng tốt cho sức khỏe. Hãy cùng tìm hiểu công thức làm yến chưng trái lê ngọt mát ngay nhé",,45phút,2,,4,"['Lê 2 trái', 'Hạt sen tươi 100 gam', 'Táo đỏ 10 trái', 'yến đã ngâm mềm 2 tai']","['Bước 1: Sơ chế nguyên liệu Lê mua về bạn đem rửa sạch rồi để ráo nước. Hạt sen tươi đem rửa sạch rồi vớt ra để ráo. Táo đỏ đem rửa sạch với nước. Yến khi mua về bạn đem ngâm khoảng 20 - 30 phút cho yến nở mềm rồi vớt ra để ráo nước.', 'Bước 2: Ninh hạt sen và yến Bạn cho 500ml nước lọc vào tô rồi cho hạt sen tươi vào, sau đó đem đi ninh để hạt sen chín mềm. Khi hạt sen chín thì cho 3 muỗng canh đường phèn vào, bạn có thể cho gia giảm lượng đường sao cho vừa với khẩu vị gia đình. Sau đó, bạn cho táo đỏ và yến vào ninh thêm 15 phút rồi tắt bếp', 'Bước 3: Cắt lê Cắt đầu trái lê ra, sau đó dùng muỗng nạo ruột lê ra ngoài, trong quá trình làm thì làm nhẹ nhàng tránh để trái lê bị bể. Thịt lê vừa nạo ra bạn đem đi cắt thành hạt lựu nhỏ rồi cho vào quả lê.', 'Bước 4: Chưng lê Sau đó, bạn cho yến và hạt sen đã ninh vào quả lê rồi đem đi hấp cách thủy trong khoảng 8 phút là hoàn thành.', 'Bước 5: Thành phẩm Yến chưng trái lê thơm lừng mùi lê, vị ngọt thanh từ đường phèn và quả lê kết hợp cùng vị dai dai đặc trưng của yến, bùi bùi của hạt sen và táo đỏ ăn vô cùng bắt miệng. Chắc hẳn đây là món ăn vừa thơm ngon vừa bổ dưỡng mà bạn không nên bỏ qua.']",[],"Thứ hai, 18/9/2023, 16:23 (GMT+7)"
https://vncooking.com/cong-thuc/vao-bep-lam-mon-khoai-tay-long-den-vua-xinh-vua-ngon-dip-trung-thu-542,Nhanh và dễ,Vào bếp làm món khoai tây lồng đèn vừa xinh vừa ngon dịp Trung thu,"Khoai tây chiên là món ăn khoái khẩu của nhiều người. Khoai tây giòn rụm, thơm thơm, chấm cùng tương ớt có thể làm siêu lòng bất cứ ai",,30phút,2,,4,"['Khoai tây 2 củ', 'Dầu ăn 1 chai', 'Bột chiên giòn 1 bịch', 'Tương ớt 1 chai']","['Bước 1: Sơ chế khoai tây Khoai tây mua về bạn hãy rửa sạch với nước, gọt bỏ vỏ khoai tây. Kế đến, bạn cắt đôi củ khoai ra, dùng 2 chiếc đũa cố đỉnh nửa miếng khoai. Cắt dọc củ khoai thành từng lát mỏng. Đũa sẽ là bệ đỡ bên dưới để những miếng khoai vẫn còn dính lại với nhau. Nhẹ nhàng chà sát khoai với muối, ngâm trong nước muối khoảng 1 tiếng cho khoai mềm ra. Sau đó, vớt khoai ra để ráo.', 'Bước 2: Chiên khoai Bạn hãy phủ đều khoai bằng bột chiên giòn, đặc biệt bạn hãy phủ đều bột vào các lớp khoai tây để khoai sẽ được giòn hơn khi chiên. Dùng tăm cố định hai đầu miếng khoai lại để tạo hình lồng đèn. Cho khoai vào chiên ngập dầu đến khi vàng giòn thì vớt ra.', 'Bước 3: Thành phẩm Vậy là món khoai tây lồng đèn của bạn đã hoàn thành rồi đấy. Bạn hãy cho khoai ra đĩa, dọn kèm với tương ớt để thưởng thức nhé! Khoai vừa giòn vừa thơm đảm bảo khiến bạn xiêu lòng.', 'Bước 4: Thưởng thức Khoai tây chiên theo cách này có vẻ ngoài như một chiếc đèn lồng ngày Trung thu. Khoai có màu vàng ươm bắt mắt cùng hương thơm quyến rũ. Bạn hãy chấm khoai với tương ớt, vị béo bùi của khoai kết hợp với vị mặn mặn cay cay của tương ớt rất hấp dẫn. Bạn phải thử ngay nhé!']",[],"Thứ năm, 14/9/2023, 18:28 (GMT+7)"
https://vncooking.com/cong-thuc/kheo-tay-lam-trung-nuong-vo-collagen-doc-dao-an-ngon-mien-che-541,Nhanh và dễ,"Khéo tay làm trứng nướng vỏ collagen độc đáo, ăn ngon miễn chê","Món trứng nướng vỏ collagen có hình dạng độc đáo, hương vị cũng rất thơm ngon.",,30phút,2,,4,"['Trứng gà 8 quả', 'Vỏ collagen 1 ống', 'Bột năng 1 bịch', 'Sữa đặc 1 lon']","['Bước 1: Chuẩn bị phần trứng Bạn hãy đập 8 quả trứng gà vào tô, nêm thêm 1/2 muỗng cafe hạt nêm, 2 muỗng cafe bột năng, 1 muỗng cafe bột ngọt, 1 muỗng cafe tiêu, 1/2 muỗng cafe mật ong và 2 muỗng cafe nướng mắm. Dùng đũa hoặc cây đánh trứng khuấy đều cho trứng và gia vị tan hết. Lọc trứng qua rây để tránh vón cục.', 'Bước 2: Cho trứng vào vỏ collagen Bạn hãy cắt những đoạn vỏ collagen vừa phải khoảng 15cm, buộc 1 đầu, rót trứng vào vỏ và buộc đầu kia lại. Bạn hãy chừa một khoảng trống, không đổ trứng quá đầy để khi hấp trứng nở ra và không bị nổ.', 'Bước 3: Hấp và nướng trứng Mang những những que trứng đi hấp cách thủy khoảng 45 phút cho trứng chín. Sau đó, bạn mang trứng đi nướng trong nồi chiên không dầu ở 120 độ trong 15 phút.', 'Bước 4: Làm nước chấm Kế đến, bạn pha nước chấm theo công thức sau: 1 muỗng cafe muối, 1/2 muỗng cafe tiêu, 2 trái tắc, 2 muỗng cafe sữa đặc, 1 - 2 trái ớt và 1/2 muỗng cafe bột ngọt. Khuấy đều cho các loại gia vị tan hết', 'Bước 5: Thành phẩm Trứng có màu vàng ươm đẹp mắt, thơm lừng, trông như những chiếc xúc xích. Bạn hãy dọn trứng nướng, nước chấm và rau răm để thưởng thức nhé!']",[],"Thứ tư, 13/9/2023, 21:38 (GMT+7)"
https://vncooking.com/cong-thuc/cach-lam-trung-onsen-kieu-nhat-don-gian-beo-ngay-chi-voi-vai-buoc-540,Món chính,"Cách làm trứng onsen kiểu Nhật đơn giản, béo ngậy chỉ với vài bước","Team nghiện trứng lòng đào thì không thể bỏ qua món trứng onsen này. Chỉ cần vài thao tác đơn giản, bạn đã có ngay món trứng vừa mềm mịn, vừa béo ngậy",,15phút,2,,2,"['Trứng gà 2 quả', 'Nước tương 1 chai']","['Bước 1: Luộc trứng Đầu tiên, bạn hãy nấu sôi 500ml nước. Khi nước sôi, bạn tắt bếp và cho vào 200ml nước thường. Nhẹ nhàng cho 2 quả trứng gà vào. Đậy nắp lại và ủ khoảng 15 phút. Sau đó ngâm trứng vào nước đá lạnh khoảng 5 phút.', 'Bước 2: Thành phẩm Sau 15 phút, bạn đập quả trứng ra bát. Lúc này, lòng trắng của trứng sẽ hơi đặc lại và có màu trắng đục, lòng đỏ lòng đào núng nính rất hấp dẫn. Bạn cho thêm nước tương và thưởng thức nhé!', 'Bước 3: Thưởng thức Trứng onsen kiểu Nhật có độ mềm mại ấn tượng. Lòng trắng mềm tan trong miệng, lòng đỏ béo ngậy, chảy lòng đào rất hấp dẫn. Cách làm này giúp trứng hơi tái, ăn không bị tanh. Bạn có thể thưởng thức với cơm hoặc mì trộn.']",[],"Thứ hai, 11/9/2023, 14:31 (GMT+7)"
https://vncooking.com/cong-thuc/cach-lam-mousse-buoi-mem-min-xinh-xan-khong-can-lo-nuong-539,Bánh và bánh ngọt,"Cách làm mousse bưởi mềm mịn, xinh xắn không cần lò nướng","Mousse bưởi là món tráng miệng thơm ngon, hấp dẫn được nhiều người yêu thích. Tham khảo ngay cách làm mousse bưởi mềm mịn không cần lò nướng.",,45phút,2,,5,"['thịt bưởi màu đỏ 200 g', 'Kem sữa tươi 1 hộp', 'Kem phô mai 1 hộp', 'Sữa chua không đường 1 hộp', 'Socola trắng 1 thanh']","['Bước 1: Sơ chế bưởi Bạn tách các múi bưởi và bỏ hạt bưởi đi, cho 200g thịt bưởi vào máy xay rồi xay cho đến khi bưởi được nhuyễn.', 'Bước 2: Đổ khuôn bánh Đặt nồi nhỏ chứa phần nước bưởi đã xay lên bếp với lửa vừa, sau đó thêm 70g đường vào. Khuấy đều và đun cho đến khi hỗn hợp có màu hấp dẫn và bắt đầu đặc lại. Sau đó thêm 5ml nước chanh vào nồi, khuấy đều một lần nữa và tắt bếp. Cho 35ml cream cheese, 50ml sữa chua, 30g đường và 1 muỗng cà phê vani vào bát lớn rồi khuấy đều. Tiếp theo, thêm 100ml nước bưởi đã xay vào hỗn hợp và khuấy đều cùng với 5g gelatin (đã được chưng cách thủy). Sau đó, đổ thêm 50ml kem sữa tươi và khuấy đều một lần nữa.', 'Bước 3: Chế biến mousse bưởi Bật bếp cho 50ml nước bưởi xay, 50ml siro bắp và 25g đường vào nồi nhỏ với lửa nhỏ. Khuấy đều cho đến khi đường tan hoàn toàn và hỗn hợp có màu đẹp mắt. Sau đó, tắt bếp và lọc hỗn hợp qua rây để lấy nước cốt. Ngâm mềm miếng gelatin 4g trong nước, vắt bớt nước và sau đó cho vào phần nước cốt siro bưởi đã được lọc. Dùng muỗng khuấy đều sao cho gelatin tan hoàn toàn. Tiếp theo, thêm 35ml kem sữa tươi vào hỗn hợp và khuấy đều. Nhúng một tăm nước màu đỏ thực phẩm. Cuối cùng, cho 50g socola trắng đã đun chảy vào hỗn hợp và khuấy đều cho đến khi tạo thành một hỗn hợp đồng nhất.', 'Bước 4: Hoàn thành Sau khi lấy khuôn bánh ra khỏi ngăn mát tủ lạnh, hãy cẩn thận gỡ từng miếng bánh ra khỏi khuôn một để tránh bị vỡ. Đặt lên một tấm vỉ sạch, sau đó chan đều nước thạch bưởi lên bề mặt miếng bánh. Phần nước thạch thừa sẽ tự chảy xuống phía dưới vỉ. Cuối cùng, bạn lấy những miếng bánh bông lan được cắt thành hình tròn tương đồng với kích thước của miếng mousse. Đặt chúng lên đĩa và rồi mới lấy phần mousse đặt lên. Chan một ít nước siro bưởi vào giữa lõi bánh và rắc thêm một ít thịt bưởi lên phía trên để trang trí.', 'Bước 5: Thưởng thức Bánh mousse bưởi không cầu kì trong cách làm nhưng vẫn thể hiện được sự tinh tế của một trong những món tráng miệng nổi tiếng tại nước Pháp. Với hương vị ngọt ngào, phần mousse mềm mịn và thơm béo, kết hợp hài hòa với lớp bánh dưới cùng xốp mịn, bánh này chắc chắn sẽ để lại ấn tượng đậm nét trong lòng bạn sau mỗi lần thưởng thức!']",[],"Thứ năm, 7/9/2023, 21:14 (GMT+7)"
https://vncooking.com/cong-thuc/cach-lam-banh-deo-nhan-sua-dua-don-gian-cho-ngay-trung-thu-538,Bánh và bánh ngọt,Cách làm bánh dẻo nhân sữa dừa đơn giản cho ngày Trung thu,Bánh trung thu dẻo nhân sữa dừa với cách làm đơn giản nhưng hương vị rất thơm ngon,,30phút,2,,5,"['dừa bào sợi 500 gam', 'bột bánh dẻo 570 gam', 'Nước cốt dừa 250 gam', 'vừng trắng 80 gam', 'Sữa đặc 250 gam']","['Bước 1: Làm phần nước đường Bạn cho 600ml nước vào nồi sao đó nấu sôi ở lửa vừa. Khi nước sôi, bạn tắt bếp rồi cho 600g đường vào và khuấy đều để đường tan hoàn toàn. Kế tiếp, bạn tiếp tục cho nồi nước đường lên bếp nấu sôi (trong lúc nấu, bạn hãy để yên nồi và không đường khuấy). Khi nước sôi bạn cho khoảng 10g nước cốt chanh và nấu thêm khoảng 5 phút nữa là hoàn thành phần nước đường. Nước đường này bạn sẽ để ở nhiệt độ phòng qua một đêm hoặc 8 tiếng trước khi làm bánh.', 'Bước 2: Làm phần nhân bánh Trước tiên, bạn tiến hành rang mè trên lửa vừa cho mè vàng đều. Kế tiếp, bạn lần lượt cho vào thau 500g dừa bào sợi, 250g sữa đặc rồi trộn đều hỗn hợp và để trong 30 phút. Sau đó, bạn cho 250g nước cốt dừa lên chảo nấu sôi với lửa lớn. Khi nước cốt đã sôi, bạn cho hỗn hợp dừa sữa vào và tiếp tục đảo đều liên lục trong lửa lớn. Khi hỗn hợp đã cạn nước, các bạn hạ lửa nhỏ lại và tiếp tục đảo đến khi phần nhân bánh sệt lại thì tắt bếp. Cuối cùng, các bạn cho phần mè đã rang vào và cho từ từ 50g bột bánh dẻo rồi trộn đều. Bạn trộn đều đến khi vò nhân sẽ kết dính tốt và khi đặt xuống không bị chảy là chúng ta đã hoàn thành nhân bánh.', 'Bước 3: Làm phần vỏ bánh Bạn chuẩn bị một cái chén sau đó cho vào ba muỗng canh nước cốt lá dứa và vài giọt màu thực phẩm màu xanh rồi trộn đều để hỗn hợp hòa tan. Các bạn sẽ làm từng phần vỏ bánh với tỉ lệ 1 vỏ bánh sẽ gồm 55g nước đường, 2g dầu ăn, 26g bột bánh dẻo. Các bạn cho hỗn hợp theo tỉ lệ vào tô rồi trộn thật đều để vỏ bánh dẻo, mịn. Khi vỏ bánh đã dẻo, mịn bạn cho vài giọt màu xanh đã pha vào. Kế tiếp, chúng ta sẽ tiến hành cán vỏ bánh. Bạn cho một ít lớp bột dẻo ra miếng silicon cán bánh để chống dính. Sau đó, dùng chày cán bột dàn mỏng phần vỏ bánh ra là chúng ta đã hoàn thành phần vỏ bánh.', 'Bước 4: Bọc bánh Bạn chia phần nhân bánh thành 18 - 19 viên nhỏ (mỗi viên nặng khoảng 40 - 45g) rồi vo tròn lại. Sau đó, bạn lấy phần vỏ bánh đã cán mỏng ra rồi cho nhân bánh vào và vo tròn lại. Bạn hãy làm tương tự đến khi hết nhân và vỏ bánh.', 'Bước 5: Tạo hình bánh trung thu Trước khi tạo hình bánh trung thu bạn hãy thoa trước một ít bột để áo bên ngoài bánh và rắc một ít bột khô vào khuôn bánh. Sau đó, bạn cho bánh vào khuôn, ấn nhẹ và giữ khoảng 5 giây.', 'Bước 6: Thành phẩm Sau khi giữ khoảng 5 giây, các bạn hãy nhẹ nhàng lấy bánh ra khỏi khuôn và phủi bớt phần bột áo bên ngoài bánh. Các bạn bày trí bánh ra dĩa và thưởng thức món bánh vô cùng thơm ngon này.']",[],"Thứ tư, 6/9/2023, 18:35 (GMT+7)"
https://vncooking.com/cong-thuc/vao-bep-tro-tai-lam-banh-paparoti-bang-banh-sandwich-cuc-de-536,Nhanh và dễ,Vào bếp trổ tài làm bánh paparoti bằng bánh sandwich cực dễ,mách bạn một công thức làm bánh paparoti bằng bánh sandwich cực dễ bằng những nguyên liệu đơn giản. Cùng vào bếp nhé!,,30phút,2,,4,"['Bánh mì sandwich 1 bịch', 'cà phê đen hòa tan 1 gói', 'lòng đỏ trứng gà 1 trứng', 'Bột mì 40 gam']","['Bước 1: Chuẩn bị bánh Đầu tiên, bạn hãy cho 1 gói cà phê hòa tan vào chén, cho 1 muỗng canh nước nóng, 2 muỗng cà phê đường, khuấy tan. Cho tiếp 1 lòng đỏ trứng, 40g bột mì, 30g bơ lạt đun chảy, đánh cho hỗn hợp ta hoàn toàn. Kế đến, phết hỗn hợp lên 1 mặt của từng lát bánh sandwich cho đến khi hết nguyên liệu.', 'Bước 2: Nướng bánh Nướng bánh trong nồi chiên không dầu 180 độ trong vòng 10 phút. Bạn lấy bánh ra, lúc này bánh sẽ hơi mềm, bạn đợi khoảng 10 phút bánh sẽ cứng lại nhé!', 'Bước 3: Thành phẩm Sau khoảng 10 phút thì bánh của bạn đã cứng và giòn lớp mặt rồi đấy. Bây giờ bạn hãy thưởng thức món bánh paparoti bằng bánh sandwich thơm ngon gì nhé!', 'Bước 4: Thưởng thức Món bánh paparoti bằng bánh sandwich có một mặt giòn rụm, thơm lừng vị cà phê. Mặt bánh bên kia thì dẻo dai, ăn rất lạ miệng. Hương vị của bánh gần giống với bánh paparoti nên rất thích hợp cho những ai đang thèm nhưng ngại làm bánh nhé!']",[],"Thứ ba, 5/9/2023, 20:06 (GMT+7)"
https://vncooking.com/cong-thuc/cach-lam-tom-chien-hoang-kim-beo-ngay-chuan-vi-nha-hang-535,Món chính,Cách làm tôm chiên hoàng kim béo ngậy chuẩn vị nhà hàng,"Tôm chiên hoàng kim, món ăn thường xuất hiện trong thực đơn của nhà hàng sang trọng. Và giờ bạn đã có thể tự chế biến món ăn này với các bước vô cùng đơn giản.",,30phút,2,,3,"['tôm sú 500 gam', 'quả trứng muối 4 quả', 'Bột năng 15 gam']","['Bước 1: Sơ chế tôm Làm sạch tôm bằng nước muối pha loãng rồi rửa lại với nước sạch. Dùng kéo để loại bỏ đầu, chân tôm rồi lấy sạch dạ dày ở đầu tôm. Tiếp đó, rạch một đường ở thân và rút chỉ tôm. Lót khăn giấy bên dưới, đặt tôm lên và phủ thêm 2,3 miếng khăn giấy. Ấn nhẹ để lấy sạch nước còn sót lại trong thịt tôm. Cho tôm vào bát lớn, thêm 1,25g muối cùng một ít tiêu rồi trộn đều cho gia vị thấm vào tôm. Tiếp đó, thêm bột năng vào và tiếp tục trộn.', 'Bước 2: Hấp lòng đỏ trứng muối Tách trứng muối và giữ lại lòng đỏ rồi mang đi rửa sạch với nước. Cho rượu vào bình có vòi xịt, sau đó xịt đều lên lòng đỏ để khử mùi tanh. Đặt trứng muối vào xửng, hấp trong khoảng 15 phút ở lửa lớn. Hết thời gian thì lấy lòng đỏ ra và dùng nĩa dầm nát.', 'Bước 3: Chiên tôm Làm nóng chảo, thêm dầu ăn vào và chỉnh lửa lớn. Khi dầu sôi, ta cho tôm vào, dùng đũa đảo đều và chiên trong 2-3 phút. Tôm chuyển sang màu cam đẹp mắt thì vớt ra để ráo dầu.', 'Bước 4: Làm sốt trứng muối và phủ sốt lên tôm Bật bếp ở lửa nhỏ, cho 15g bơ vào, đến khi bơ tan chảy thì tiếp tục cho lòng đỏ trứng muối đã dầm nát vào. Thêm 15ml nước để giúp lòng đỏ dễ tan chảy. Lần lượt cho 15ml sốt mayonnaise, 5g đường và 2,5g hạt nêm gà rồi khuấy đều. Cho tôm vào, đảo đều tay cho đến khi sốt phủ đều bề mặt tôm thì tắt bếp.', 'Bước 5: Thành phẩm Tôm được phủ một lớp sốt trứng muối nóng hổi, vàng ươm với hương thơm nhè nhẹ khó cưỡng. Còn đợi gì nữa mà không nhanh tay cho ra đĩa và cùng những người thân yêu thưởng thức ngay món ăn này?']",[],"Thứ hai, 4/9/2023, 16:42 (GMT+7)"
https://vncooking.com/cong-thuc/cach-lam-banh-trung-thu-gao-do-nhan-com-xao-ngot-thom-hap-dan-534,Món nhậu,"Cách làm bánh trung thu gạo đỏ nhân cốm xào ngọt thơm, hấp dẫn","Trung thu đến, không chỉ là thời điểm để thưởng thức những chiếc bánh trung thu ngon lành, mà còn là cơ hội để gia đình sum họp, chế biến những món ngon cùng nhau. Trong đó, món bánh trung thu gạo đỏ nhân cốm xào ngọt thơm sẽ là món bánh đặc biệt, lạ miệng cho cả nhà cùng thưởng thức.",,45phút,2,,6,"['dừa bào sợi 350 gam', 'cốm khô 300 gam', 'Nước cốt dừa 200 gam', 'nước đường bánh nướng 160 gam', 'bột đa dụng 250 gam', 'Lá dứa 100 gam']","['Bước 1: Sơ chế các nguyên liệu Lá dứa đem đi rửa sạch, cắt ngắn bớt. Rửa sạch cốm khô, để ráo.', 'Bước 2: Làm phần nhân bánh Cho 1 muỗng canh đường vào 350g dừa bào sợi trộn đều rồi ướp khoảng 30 phút. Tiếp theo, sên dừa ở lửa nhỏ cho đến khi ráo đường. Cho vào máy xay 500ml nước, 100g lá dứa rồi xay nhuyễn. Sau đó lọc lấy phần cốt của lá dứa, tiếp tục lọc qua rây 1 lần nữa để đảm bảo không còn sót cặn. Cho cốm khô, phần cốt lá dứa, 200g nước cốt dừa, 1 muỗng canh đường và 1 muỗng cà phê muối vào trộn đều, ướp trong khoảng 30 phút. Bật bếp, cho hỗn hợp vừa trộn vào chảo và sên lại trên lửa vừa. Khi cốm cạn hết nước, hạ lửa nhỏ lại và sên theo tay cho đến khi cốm dẻo kết thành 1 khối. Tiếp theo, cho hết phần dừa sợi đã sên vào và trộn đều, sên cho đến khi gập nhân không chảy là được. Cho phần nhân ra tô, bọc màng bọc sát mặt, để nguội ở nhiệt độ phòng. Khi nhân đã nguội thì vo viên cho vào ngăn mát tủ lạnh.', 'Bước 3: Làm vỏ bánh nướng Cho 160g nước đường bánh nướng, 1 muỗng bơ đậu phộng, 1 muỗng canh dầu vào trộn đều. Cho 250g bột đa dụng vào khuấy đều với 2 muỗng bột men gạo đỏ. Ray hỗn hợp này vào phần nước đường được trộn ban đầu. Tiếp theo, dùng tay trộn và nhồi bột thật nhanh.Sau đó, dùng màng bọc để bọc kín bột, ủ khoảng 30 phút ở nhiệt độ phòng hoặc ngăn mát. Chia phần bánh và nhân để đóng bánh. Cán bột và bọc nhân, sau đó cho vào khuôn để đóng bánh. Sau khi đóng bánh xong, bật lò làm nóng lò ở 200 độ C trong 15 phút. Xịt nước lên mặt bánh thật mỏng rồi nướng bánh ở nhiệt độ 190 độ C khoảng 15 phút. Lấy bánh ra khỏi lò, xịt thêm một lớp nước mỏng để hạ nhiệt cho bánh. Sau đó đem bánh đi nướng lần 2 ở 180 độ C trong 10 phút.', 'Bước 4: Thành phẩm Bánh trung thu gạo đỏ nhân cốm xào sau khi nướng xong có màu đỏ cực kỳ bắt mắt, bóng bẩy, với hương thơm vô cùng cuốn hút của cốm, lá dứa và dừa.']",[],"Thứ hai, 4/9/2023, 16:31 (GMT+7)"
https://vncooking.com/cong-thuc/mach-ban-cach-tu-lam-mi-can-dai-ngon-tai-nha-sieu-don-gian-533,Món chay,Mách bạn cách tự làm mì căn dai ngon tại nhà siêu đơn giản,Thời gian gần đây mì căn đã tạo nên một cơn sốt trên các nền tảng mạng xã hội vì công thức chế biến vô cùng đơn giản với nguyên liệu dễ tìm mua.,,15phút,2,,1,['bột mì đa dụng 500 gam'],"['Bước 1: Nhồi bột Cho bột mì vào thau lớn, chia 350ml nước thành từng lượng nhỏ. Tiếp đó, ta vừa thêm nước vừa nhào bột cho đến khi có được khối bột dẻo mịn và không dính tay. Đậy nắp và để bột nghỉ trong khoảng 1 giờ.', 'Bước 2: Rửa bột Thêm nước vào và tiến hành rửa bột. Trong lúc rửa, ta hãy nhồi và vò bột đều tay để loại bỏ hết tinh bột. Cứ thế lặp lại việc rửa bột từ 5-6 lần, thay nước mới giữa các lần. Đến khi nước trong thì cho bột vào rổ và để ráo. Cho bột vào túi bóng, cột kín miệng túi và ủ trong 1 giờ.', 'Bước 3: Quấn bột Lấy bột ra khỏi túi và đặt lên mặt phẳng. Cắt bột thành các phần bằng nhau. Dùng quét dầu ăn lên đũa để chống dính, sau đó, chọn 2 đôi đũa, để trái đầu nhau. Kéo nhẹ bột và quấn quanh đũa cho đến khi hết khối bột, nhét phần rìa vào giữa 2 đôi đũa để cố định, tiếp tục chọn 2 đôi đũa và lặp lại các bước trên cho đến khi hết bột.', 'Bước 4: Luộc mì căn Bật bếp và đun sôi nước, sau đó trực tiếp cho những khối bột đã quấn quanh đũa vào và luộc trong 15 phút. Vớt ra và cho ngay vào nước lạnh. Khi mì căn đã nguội, ta dùng tay, đẩy nhẹ để lấy phần mì căn là hoàn thành.', 'Bước 5: Thành phẩm Do không sử dụng thêm bất cứ nguyên liệu nào khác để tạo màu nên sau khi hoàn thành mì căn sẽ có màu trắng ngà tự nhiên hoặc hơi ngả vàng. Chính vì thế mà đây sẽ là thực phẩm an toàn, không lo chứa các phụ gia như khi mua ngoài thị trường.']",[],"Thứ sáu, 1/9/2023, 21:35 (GMT+7)"
https://vncooking.com/cong-thuc/mach-ban-cach-lam-muc-sot-ca-chay-mem-dai-chua-ngot-hap-dan-532,Món chay,"Mách bạn cách làm mực sốt cà chay mềm dai, chua ngọt hấp dẫn","Bạn chưa biết nấu món gì cho bữa cơm chay của gia đình thì hãy tham khảo ngay món mực sốt cà chay, đảm bảo cả nhà ai cũng mê.",,30phút,2,,4,"['Nấm đùi gà 200 g', 'Đậu hũ trứng 1 miếng', 'Nấm mèo 100 gam', 'Cà chua 2 quả']","['Bước 1: Sơ chế nguyên liệu Đầu tiên, bạn hãy ngâm 1 tai nấm mèo vào nước ấm khoảng 30 phút cho nấm nở mềm. Nấm đùi gà rửa sạch, cắt phần đầu và dùng dao khoét ruột để nhồi nhân. Cà chua rửa sạch, băm nhỏ.', 'Bước 2: Làm nhân nhồi Bạn hãy cho đầu nấm và phần thân nấm được khoét vào cối xay. Cho thêm đậu hũ trứng, bột năng và nêm vào hạt nêm chay, nước mắm chay, đường, bột ngọt, tiêu xay theo khẩu vị.Xay cho hỗn hợp nhuyễn mịn.', 'Bước 3: Hấp mực chay Bạn hãy nhồi phần nhân vào nấm đùi gà. Bạn có thể dùng tăm xiên vào thân nấm để nhồi được nhân nhiều hơn và khi hấp nhân không bị lồi ra ngoài. Vậy là bạn đã có những con mực chay nhồi. Hấp mực chay khoảng 15 phút cho chín.', 'Bước 4: Làm sốt cà chua Bạn hãy phi thơm hành tím băm, cho cà chua băm vào xào cho mềm. Bạn hãy nêm vào cà chua hạt nêm chay, nước mắm chay, đường, bột ngọt, tiêu xay theo khẩu vị. Khi cà chua đã hơi sệt lại, bạn cho mực chay đã hấp chín vào, rim khoảng 5 phút thì tắt bếp.', 'Bước 5: Thành phẩm Vậy là món mực chay sốt cà của bạn đã hoàn thành rồi đấy. Bạn hãy cho món ăn ra đĩa. Cắt mực chay thành từng khoanh tùy thích. Thưởng thức món này với cơm nóng nhé!']",[],"Thứ tư, 30/8/2023, 20:37 (GMT+7)"
https://vncooking.com/cong-thuc/mach-ban-cach-lam-banh-kem-oreo-beo-ngay-voi-3-nguyen-lieu-don-gian-531,Bánh và bánh ngọt,Mách bạn cách làm bánh kem Oreo béo ngậy với 3 nguyên liệu đơn giản,"Bánh kem Oreo là món bánh ngọt dễ làm cùng hương vị thơm ngon, khiến ai cũng mê mẩn. Nếu bạn muốn thử sức làm món bánh ngày tại nhà thì còn chần chờ gì nữa mà không xem ngay bài viết dưới đây",,30phút,2,,3,"['bánh Oreo 2 cây', 'creamcheese 200 gam', 'Đường 20 gam']","['Bước 1: Làm kem phô mai Đầu tiên, bạn hãy lấy hết phần kem của 2 cây bánh Oreo và cho vào tô. Kế đến, bạn cho vào 200g creamcheese và 20g đường, dùng muỗng trộn đều hỗn hợp. Bạn cho 300ml whipping cream vào một cái tô lớn, dùng máy đánh trứng đánh cho kem bông lên. Sau đó cho phần kem cheese lúc đầu vào và trộn cho thật đều và cho vào túi bắt kem. Với phần bánh quy Oreo, bạn hãy cho vào một chiếc túi và dùng chày đập cho bánh nhuyễn ra. Bạn có thể điều chỉnh độ nhuyễn của bánh theo ý thích nhé!', 'Bước 2: Đổ khuôn bánh Sau khi đã chuẩn bị sau nguyên liệu, bạn hãy đổ khuôn bánh bằng một lớp bánh, 1 lớp kem xen kẽ nhau. Bạn cứ làm như thế cho đến khi hết khuôn nhé! Trang trí mặt bánh bằng những miếng bánh Oreo. Cho bánh vào ngăn mát tủ lạnh khoảng 3 tiếng trước khi thưởng thức nhé!', 'Bước 3: Thành phẩm Vậy là bạn đã hoàn thành món bánh kem Oreo thơm ngon rồi đấy. Bạn hãy lấy bánh ra khỏi khuôn. Dùng dao cắt thành miếng vừa ăn và thưởng thức thôi.']",[],"Thứ ba, 29/8/2023, 21:15 (GMT+7)"
https://vncooking.com/cong-thuc/cach-lam-banh-trung-thu-tra-xanh-hoa-anh-dao-cho-dem-trang-them-sac-mau-530,Bánh và bánh ngọt,Cách làm bánh trung thu trà xanh hoa anh đào cho đêm trăng thêm sắc màu,Bánh trung thu trà xanh hoa anh đào là một loại bánh trung thu vô cùng đáng yêu và hấp dẫn,,45phút,2,,4,"['bột mì đa dụng 140 gam', 'bông hoa anh đào muối 10 bông', 'nhân trà xanh 120 gam', 'Phô mai 50 gam']","['Bước 1: Ngâm hoa anh đào Đầu tiên, bạn ngâm hoa anh đào muối trong chậu nước sạch khoảng 10 - 15 phút cho hết vị mặn. Tiếp đó, bạn vớt hoa ra và cho lên khăn giấy để thấm hết nước.', 'Bước 2: Trộn bột bánh Bạn khuấy đều hỗn hợp 10ml nước lọc, 1ml màu hồng thực phẩm và 5ml màu trắng thực phẩm để tạo màu cho bánh. Tiếp đến, bạn chuẩn bị một cái tô lớn rồi cho vào tô 90g siro ngô, 20g dầu ăn và dung dịch màu vừa pha, sau đó khuấy đều tay. Sau đó, bạn cho thêm 140g bột mì đa dụng vào tô rồi trộn đều cho đến khi thu được khối bột dẻo, mềm và không dính tay là hoàn thành. Cuối cùng, hãy để bột nghỉ trong vòng 30 phút ở nhiệt độ phòng.', 'Bước 3: Bọc nhân bánh Bạn chia nhân trà xanh thành các phần nhỏ 25g và chia phô mai thành các phần nhỏ 5g. Tiếp đó, bạn ấn dẹt phần nhân trà xanh rồi cho phô mai vào giữa, gói kín lại và vo tròn. Thực hiện tương tự cho đến hết.', 'Bước 4: bọc bánh Bạn lấy bột ra và chia thành các phần nhỏ, khoảng 20g/phần. Tiếp đến, bạn cán mỏng cục bột nhỏ rồi cho phần nhân bánh đã chuẩn bị vào giữa, túm kín các mép lại và vo tròn.', 'Bước 5: Đóng bánh Bạn rải 1 lớp mỏng bột mì và thêm 1 bông hoa anh đào vào bên trong khuôn bánh rồi cho cục bột vừa vo vào khuôn. Dùng sức ấn chặt bánh để vừa kín với khuôn. Cuối cùng, bạn dùng tay lấy bánh ra khỏi khuôn để đem đi nướng.', 'Bước 6: Nướng bánh Trước khi nướng, bạn cần làm nóng lò khoảng 20 phút ở nhiệt độ 150 độ C. Sau đó, bạn cho bánh vào nướng trong khoảng 15 - 18 phút. Tiếp đến, bạn lấy bánh ra khỏi lò, xịt một lớp nước mỏng lên mặt bánh rồi để nguội hoàn toàn. Cuối cùng, bạn đem bánh nướng lần 2 ở nhiệt độ 150 độ C trong vòng 5 - 7 phút nữa là hoàn thành.', 'Bước 7: Thành phẩm Bánh trung thu trà xanh hoa anh đào sau khi nướng xong có vỏ ngoài màu hồng nhạt rất bắt mắt. Mùi hương tỏa ra từ các miếng bánh rất hấp dẫn.']",[],"Thứ hai, 28/8/2023, 22:33 (GMT+7)"
https://vncooking.com/cong-thuc/ngan-chay-toi-529,Món nhậu,NGAN CHÁY TỎI,"Ngoài gà, vịt thì thịt ngan cũng là loại thực phẩm phổ biến, dân dã được nhiều người ưa thích dùng để chế biến nên không ít món ngon hấp dẫn.",,15phút,2,,4,"['con ngan 1 con', 'Tỏi 100 gam', 'Gừng 5 gam', 'chanh ớt 1 trái']","['Bước 1: Sơ chế nguyên liệu Gừng gọt bỏ vỏ, băm nhuyễn. Ớt băm nhỏ. Tỏi bóc vỏ, lấy 100g cắt thành từng lát mỏng, 10g còn lại băm nhỏ.', 'Bước 2: Sơ chế và ướp thịt ngan Ngan bạn có thể nhờ người bán làm sạch sẵn, sau đó đem về chà xát với rượu, muối hoặc giấm cho bớt hôi tanh. Rửa sạch, chặt thành từng khúc vừa ăn và để ráo. Cho thịt ngan vào âu, ướp với gừng cùng ít tỏi băm, ½ muỗng cà phê tiêu xay, ½ muỗng canh ngũ vị hương, 1 muỗng canh rượu trắng, 1/3 muỗng canh đường, ½ muỗng canh hạt nêm, 1 muỗng canh nước tương, 1 muỗng canh dầu hào, trộn đều và để khoảng 30 – 60 phút cho thịt ngấm gia vị.', 'Bước 3: Chiên tỏi và ngan Đặt chảo lên bếp, đun nóng nhiều dầu ăn và cho tỏi cắt lát vào chiên vàng. Sau đó vớt ra để ráo dầu.', 'Bước 4: Pha xốt chấm Cho vào chén 1 muỗng canh đường, 2 muỗng canh nước lọc, 2 muỗng canh nước mắm, 1 muỗng canh tương ớt, 1 muỗng canh nước chanh, tỏi ớt băm và khuấy đều.', 'Bước 5: Trình bày và thưởng thức Thịt ngan sau khi được chiên chín vàng và để ráo dầu, bạn cho ra đĩa và rắc tỏi lát lên trên, bày cùng chén nước chấm là có thể thưởng thức.']",[],"Chủ nhật, 27/8/2023, 22:58 (GMT+7)"
https://vncooking.com/cong-thuc/suon-chay-rim-nuoc-tuong-528,Món chay,Sườn chay rim nước tương,"Chỉ vài phút vào bếp, chúng tôi sẽ hướng dẫn bạn cách chế biến sườn chay chiên, sườn chay rim",,15phút,2,,3,"['sườn non chay 100 gam', 'hành băm 1 muỗng', 'Nước tương muối đường 1 muỗng']","['Bước 1: Sơ chế Ngâm sườn chay vào nước khoảng 30 phút cho sườn nở mềm. Vớt sườn ra, xé thành miếng vừa ăn.', 'Bước 2: Rim sườn Đun nóng dầu ăn trong chảo. Trút hành băm vào phi thơm rồi cho sườn non vào chiên vàng. Thêm vào chảo nước tương, muối và đường với liều lượng vừa ăn. Rim sườn khoảng 10 phút trên lửa nhỏ cho sườn ngấm gia vị rồi tắt bếp.', 'Bước 3: Dọn sườn rim nước tương ra dĩa và thưởng thức ngay khi còn nóng.']",[],"Chủ nhật, 27/8/2023, 22:53 (GMT+7)"
https://vncooking.com/cong-thuc/bo-tui-cach-lam-mon-khoai-chien-mayo-lac-me-cuc-gion-thom-527,Món tráng miệng,Bỏ túi cách làm món khoai chiên mayo lắc mè cực giòn thơm,Mách bạn cách làm món khoai chiên mayo lắc mè thơm ngon đến miếng cuối cùng cả nhà đều mê. Cùng theo dõi thật kỹ trong bài viết dưới đây nhé!,,30phút,2,,4,"['khoai lang 100 gam', 'Khoai mì 100 gam', 'Khoai tây 100 gam', 'Lá quế 10 gam']","['Bước 1: Chuẩn bị nguyên liệu Đầu tiên, bạn tiến hành cắt khoai lang, khoai mì và khoai tây thành từng thanh nhỏ. Tiếp đó, bạn cho vào gói gia vị nêm sẵn Aji-Quick - bột tẩm khô chiên giòn vào khoai vừa cắt rồi trộn đều.', 'Bước 2: Pha xốt mayo mè Bạn tiến hành cho 3 muỗng canh xốt Mayonnaise Aji-mayo vị nguyên bản, 1 muỗng cafe sữa chua không đường, 1 muỗng cafe sữa đặc, 1 muỗng cafe mè rang giã nhuyễn vào cùng 1 chén rồi trộn đều.', 'Bước 3: Pha bột lắc khoai Bạn cho vào chén ⅓ muỗng cafe muối, 1 muỗng cafe ớt bột paprika, ⅓ muỗng cafe đường, ⅓ muỗng cafe tiêu xay, 1 muỗng canh mè rang giã nhuyễn, sau đó trộn thật đều.', 'Bước 4: Chiên khoai Trước khi chiên khoai, bạn hãy cho vào nồi dầu một vài lá quế để chiên giòn trước rồi vớt ra dĩa. Tiếp đó, bạn tiến hành cho khoai vào chiên và để lửa lớn. Khi khoai đã có màu vàng giòn, bạn hãy vớt ra giấy thấm dầu rồi tắt bếp.', 'Bước 5: Thành phẩm Bạn cho khoai đã chiên vào tô rồi lắc thật đều cùng bột đã pha ở bước 3. Sau khi lắc, khoai có mùi thơm đậm vị mè rang cùng một chút cay từ ớt bột.', 'Bước 6: Thưởng thức Khoai đã lắc được trình bày ra đĩa, rải lên trên một ít lá quế đã chiên cùng một chút mè rang để trang trí. Khoai được chiên giòn kết hợp cùng xốt mayo mè rang béo ngậy, thơm lừng vừa ăn vừa thổi. Bạn có thể ăn kèm món ăn này cùng với những loại salad là ngon chuẩn bài.']",[],"Thứ năm, 24/8/2023, 17:47 (GMT+7)"
https://vncooking.com/cong-thuc/cach-lam-kimbap-bap-cai-dau-hu-don-gian-thanh-dam-bo-duong-526,Món chính,"Cách làm kimbap bắp cải đậu hũ đơn giản, thanh đạm, bổ dưỡng","Nếu đã quá chán với các món kimbap truyền thống thì hãy cùng cách làm món kimbap bắp cải đậu hũ đơn giản, thanh đạm mà bổ dưỡng ngay nhé!",,30phút,2,,6,"['Bắp cải 1 cái', 'củ cà rốt 1 củ', 'chén gạo lứt 1.5 chén', 'miếng đậu hũ trắng 1 miếng', 'trái ớt 2 trái', 'quả trứng gà 2 quả']","['Bước 1: Sơ chế nguyên liệu Đầu tiên, hãy rửa sạch các nguyên liệu như bắp cải, cà rốt, ớt, hành lá và cả tàu hũ cũng cần phải ngâm qua nước để làm mất đi các chất phụ gia bạn nhé! Sau đó, cắt bắp cải, bào cà rốt thành dạng sợi, ớt và hành lá thì băm nhuyễn.', 'Bước 2: Xào chín và trộn đều các nguyên liệu Cho bắp cải và cà rốt đã cắt sợi vào xào trong một chảo dầu nóng trên bếp. Đến khi bắp cải hơi trong thì nêm nếm thêm muối sao cho vừa ăn là xong. Nấu chín gạo lứt rồi cho vào tô lớn và trộn đều với muối, mè (hoặc dầu mè nếu bạn muốn). Sau đó cho hỗn hợp bắp cải và cà rốt vừa xào vào trộn chung với cơm. Đậu hũ sau khi ngâm nước thì cho lên chảo nóng nghiền nát. Khi hơi ẩm trong đậu hũ đã bốc hơi hết thì dùng thìa đảo kỹ rồi cho thêm 1 muỗng canh dầu vào xào tiếp tục. Cho thêm 1 muỗng canh nước tương, 1 muỗng đường, ớt, hành đã băm nhuyễn rồi trộn đều tiếp tục và tắt bếp. Cuối cùng là cho trộn đều tất cả với nhau, bao gồm cơm gạo lứt, bắp cải, cà rốt, và phần đậu hũ vừa xào là xong.', 'Bước 3: Nấu súp trứng ăn kèm Cho 2 quả trứng gà, hành lá băm nhuyễn vào tô rồi cho thêm một ít muối và khuấy đều. Kế đến hãy cho 3 cốc nước vào nồi đun sôi cùng với 1 muỗng canh nước mắm và một ít bột canh. Khi nước sôi thì hạ lửa nhỏ rồi từ từ đổ trứng đã khuấy vào nồi rồi tắt bếp.', 'Bước 4: Thành phẩm Cắt cuộn kimbap thành những khoanh nhỏ vừa ăn và cho súp trứng ra chén nhỏ. Lúc này bạn đã có một phần kimbap bắp cải đậu hũ hấp dẫn và bắt mắt rồi đấy!']",[],"Thứ ba, 22/8/2023, 12:47 (GMT+7)"
https://vncooking.com/cong-thuc/cha-gio-hai-san-chien-xu-xot-mayonnaise-ngon-cuc-525,Món khai vị,Chả giò hải sản chiên xù xốt mayonnaise ngon cực,,,30phút,2,,6,"['Tôm tươi 200 gam', 'Mực tươi 200 gam', 'Bột mì 30 gam', 'Bột chiên xù 100 gam', 'bánh tráng bò bía đậu xanh 1 bịch', 'Trứng gà 1 quả']","['Bước 1: Sơ chế nguyên liệu Nấm mèo ngâm trong nước lạnh khoảng 15 - 20 cho nở ra. Tôm mua về rửa sạch, lột bỏ vỏ, bỏ đầu, lấy chỉ đen trên lưng của tôm ra, chỉ sử dụng thịt tôm. Sau đó thái tôm thành những miếng nhỏ. Mực rửa sạch, thái thành các sợi mỏng dài rồi thái nhỏ hạt lựu. Cà rốt rửa sạch, gọt bỏ vỏ, dùng dao bào cà rốt thành sợi rồi thái nhuyễn. Hành lá rửa sạch, thái nhuyễn. Hành tím, tỏi, nấm mèo cũng thái nhuyễn ra.', 'Bước 2: Xào tôm, mực Cho cà rốt, hành lá, hành tím, nấm mèo vừa thái nhuyễn và ½ muỗng cà phê tiêu, 2 muỗng cà phê hạt nêm vào tô để tôm, mực, trộn đều tay trong khoảng 10 phút cho gia vị thấm vào các nguyên liệu. Đặt chảo lên bếp, đổ vào chảo một ít dầu ăn, khi dầu nóng lên cho tỏi vào phi thơm. Khi tỏi chuyển vàng và thơm thì cho tô hỗn hợp mực, tôm vào chảo, đảo đều tay cho tôm, mực săn lại, vừa chín tới là được, rồi tắt bếp, cho ra tô riêng.', 'Bước 3: Cuốn chả giò Cho 2 muỗng cà phê mayonnaise vào tô mực, tôm, trộn đều tay. Tiếp đó trải vỏ bò bía ra, múc nhân vào một đầu vỏ bánh, gấp hai bên mép lại rồi cuốn từ từ. Tiếp tục cuốn cho đến khi hết nguyên liệu.Sau khi cuốn xong, cho bột mì ra tô, đập 1 quả trứng vào tô, khuấy đều tay, cho tiếp phần bột chiên xù ra đĩa khác. Dùng đũa gắp chả giò nhúng qua hỗn hợp bột mì và trứng trước, rồi lăn qua lớp bột chiên xù. Tiếp tục theo trình tự bột mì, trứng rồi đến bột chiên xù với các miếng còn lại.', 'Bước 4: Chiên chả giò Đặt chảo lên bếp, cho nhiều dầu vào chảo, đợi đến khi dầu thật nóng thì lần lượt cho chả giò vào. Vì phần nhân bên trong đã chín cho nên chiên đến khi bột chiên xù chuyển sang vàng là được. Lót giấy thấm dầu lên đĩa rồi để chả giò lên cho ráo bớt dầu.', 'Bước 5: Thành phẩm Chả giò sau khi chiên sẽ có màu vàng đẹp mắt, giòn rụm, bạn có thể bày ra dĩa ngay và trang trí thêm cho đẹp mắt và thưởng thức.']",[],"Thứ bảy, 19/8/2023, 19:17 (GMT+7)"
https://vncooking.com/cong-thuc/hoc-ngay-cach-lam-ga-chien-chay-tu-nam-bao-ngu-gion-ngon-sieu-cap-524,Món chay,Học ngay cách làm gà chiên chay từ nấm bào ngư giòn ngon siêu cấp,"Bạn đang muốn tìm một công thức gà chiên chay tốt cho sức khỏe nhưng vẫn đảm bảo thơm ngon, giòn rụm, thì bài viết này chính là một gợi ý hay cho bạn.",,30phút,2,,4,"['Nấm bào ngư 200 gam', 'Bột chiên tempura (bột chiên giòn) 1 bịch', 'Ngũ cốc 1 phần', 'Dầu ăn 1 chai']","['Bước 1: Sơ chế nguyên liệu Nấm bào ngư mua về, bạn hãy rửa sạch, vắt thật ráo nước. Pha bột tempura với sữa đậu nành sao cho hỗn hợp bột hơi sệt là được. Ngũ cốc bạn hãy cho vào cối, giã nhỏ. Kế đến, bạn nhúng nấm bào ngư vào bột ướt và lăn qua phần ngũ cốc sao cho ngũ cốc bám đều các mặt của nấm.', 'Bước 2: Chiên nấm Cho nấm đã áo bột vào nồi chiên không dầu, xịt vào một chút dầu ăn cho nấm giòn hơn. Bạn hãy chiên nấm trong nồi ở 150 độ trong 20 phút, sau đó trở mặt và chiên thêm khoảng 10 phút nữa cho nấm giòn hơn.', 'Bước 3: Thành phẩm Vậy là món gà chiên fake phiên bản chay của bạn đã hoàn thành rồi đấy. Bạn hãy cho món ăn ra đĩa, dọn kèm với tương ớt và mayonnaise để chấm cùng cho thêm phần đậm đà, thơm ngon.', 'Bước 4: Thưởng thức Món gà chiên chay có hình thức chẳng khác gì gà chiên giòn thật. Lớp vỏ vàng ươm, giòn rụm, thịt nấm bên trong vừa dai vừa ngọt như thịt gà. Chấm món ăn với tương ớt lại càng làm bùm nổ hương vị. Thưởng thức ngay khi còn nóng bạn nhé!']",[],"Thứ sáu, 18/8/2023, 10:54 (GMT+7)"
https://vncooking.com/cong-thuc/tro-tai-lam-banh-trung-thu-tra-xanh-pho-mai-bang-sandwich-cuc-doc-dao-523,Món tráng miệng,Trổ tài làm bánh trung thu trà xanh phô mai bằng sandwich cực độc đáo,Với nguyên liệu từ sandwich chúng ta đã có thể làm được chiếc bánh trung thu trà xanh phô mai thơm ngon.,,45phút,2,,4,"['bánh mì sandwich 6 lát', 'Phô mai 6 miếng', 'Sữa tươi không đường 100 ml', 'Bột trà xanh 1 hộp']","['Bước 1: Làm phần vỏ bánh trung thu Bánh sandwich sau khi mua về, các bạn cắt nhỏ. Sau đó, lần lượt cho bánh sandwich, 1 muỗng canh bột trà xanh, 2 muỗng canh đường và 100ml sữa tươi không đường vào máy xay sinh tố rồi xay nhuyễn tất cả.', 'Bước 2: Làm phần nhân bánh Bạn lấy vỏ bánh đã xay nhuyễn từ máy xay sinh tố ra rồi chia thành 6 phần bằng nhau (mỗi phần khoảng 35g). Kế tiếp, bạn vo tròn vỏ bánh rồi ấn dẹp và cho phô mai đã chuẩn bị vào giữa. Cuối cùng, bạn vo tròn lại.', 'Bước 3: Tạo hình bánh trung thu Khi đã vo tròn bánh lại, bạn quét một lớp mỏng dầu ăn lên bánh. Sau đó, cho bánh vào khuôn rồi ấn mạnh để tạo hình rồi từ từ lấy ra là chúng ta đã có những chiếc bánh trung thu rất đẹp.', 'Bước 4: Nướng bánh Trước khi cho bánh vào lò bạn hãy làm nóng lò trước ở nhiệt độ 150 độ C trong 5 phút. Kế tiếp, lót giấy nến lên khay trước rồi cho bánh lên. Sau khi lò nóng, bạn cho bánh vào lò nướng ở nhiệt độ 150 độ C trong 5 phút.', 'Bước 5: Thành phẩm Sau khi nướng bánh được 5 phút, bạn lấy bánh ra khỏi lò. Bạn cho bánh lên dĩa, để bánh nguội là chúng ta có thể thưởng thức món bánh trung thu vô cùng thơm ngon']",[],"Thứ năm, 17/8/2023, 16:29 (GMT+7)"
https://vncooking.com/cong-thuc/mach-ban-cach-lam-mi-khoai-tay-dai-ngon-dung-dieu-522,Nhanh và dễ,Mách bạn cách làm mì khoai tây dai ngon đúng điệu,"Sợi mì khoai tây dai dai, giòn giòn khiến nhiều tín đồ yêu mì si mê.",,30phút,2,,4,"['tinh bột khoai tây 120 gam', 'Trứng gà 2 quả', 'Cà chua 1 quả', 'Dưa leo 1 quả']","['Bước 1: Làm sợi mì khoai tây Đầu tiên, bạn hãy đập 2 quả trứng gà vào tô, cho thêm 120g tinh bột khoai tây, một xíu muối. Dùng phới lồng đánh đều cho hỗn hợp quyện vào nhau, không làm cho bột bị vón cục. Kế đến, bạn cho phần bột này vào túi bắt kem, cắt một góc nhỏ ở đầu. Bên cạnh đó, bạn hãy đun sôi một nồi nước. Khi nước sôi, bóp nhẹ túi bột vào nồi để tạo thành sợi mì, khi các sợi mì đã nổi hết lên là mì đã chín. Bạn hãy vớt mì ra và cho vào tô nước đá lạnh, sau đó vớt ra để ráo và cho vào tô.', 'Bước 2: Pha nước sốt Bạn hãy pha nước sốt trộn mì với công thức sau: 1 muỗng canh bơ đậu phông, 1 muỗng canh xì dầu, 1 muỗng canh mật ong, 1 muỗng canh dầu mè, 1 muỗng canh tương ớt Hàn Quốc. Trộn đều cho nước sốt quyện vào nhau. Bạn cho nước sốt vào mì theo khẩu vị, dùng đũa trộn đều sao cho các sợi mì đều thấm đẫm nước sốt.', 'Bước 3: Thành phẩm Vậy là món mì khoai tây với nước sốt cay cay của bạn đã hoàn thành rồi đấy. Bạn có thể rắc thêm một ít mè rang lên trên, trang trí thêm dưa leo, cà chua và ăn kèm với kim chi. Món mì khoai tây này chắc chắn không làm bạn thất vọng.', 'Bước 4: Thưởng thức Sợi mì làm hoàn toàn từ tinh bột khoai tây nên có độ dai giòn đặc trưng, sợi mì có thêm màu vàng và thơm mùi trứng. Sợi mì thấm đẫm nước sốt vừa đậm đà vừa thơm mùi mè rang rất kích thích vị giác. Thưởng thức ngay bạn nhé!']",[],"Thứ tư, 16/8/2023, 17:34 (GMT+7)"
https://vncooking.com/cong-thuc/cach-lam-mi-yakisoba-ngon-chuan-nhat-bat-mat-nhu-ngoai-hang-521,Nhanh và dễ,"Cách làm mì yakisoba ngon chuẩn Nhật, bắt mắt như ngoài hàng",Nhắc đến các món mì nổi tiếng của Nhật Bản thì bạn không thể bỏ qua món mì xào yakisoba thơm ngon và hấp dẫn. Cách làm sẽ được trình bày ngay sau đây.,,30phút,2,,3,"['mì yakisoba tươi 450 gam', 'Thịt heo 250 gam', 'Nấm đông cô hành lá hành tây cà rốt bắp cải gừng ngâm Nhật Bản 1 phần']","['Bước 1: Sơ chế nguyên liệu Trước tiên, bạn bắc lên bếp một cái nồi với 300ml nước và đun sôi, tiếp theo bạn cho mì yakisoba vào và nấu trong vòng 1 phút, sau đó vớt ra dĩa. Đối với thịt heo thì bạn rửa sơ qua với nước muối và để ráo, khi thịt đã ráo nước thì dùng dao lọc bỏ phần da heo và cắt phần thịt heo thành lát mỏng vừa ăn. Nấm đông cô sẽ được ngâm với nước nóng khoảng 10 phút cho nấm mềm và cắt bỏ phần gốc, phần còn lại thì xắt nhỏ. Cà rốt gọt vỏ và cắt sợi, hành tây lột vỏ, rửa sạch và cắt múi cau, gừng ngâm Nhật Bản cắt sợi. Bắp cải sau khi mua về thì bạn tách lá và cắt thành từng khúc nhỏ khoảng 1,5cm. Hành lá rửa sạch với nước và cắt chia phần đầu hành với lá hành, bạn hãy cắt nhỏ phần đầu hành và cắt khúc phần lá hành khoảng 2cm.', 'Bước 2: Pha nước sốt Để làm nên phần nước sốt đặc trưng cho món mì yakisoba, bạn chuẩn bị một cái chén và cho vào lần lượt 4 muỗng canh sốt Worcestershire, 2 muỗng canh nước tương, 2 muỗng canh dầu hào, 1 muỗng canh tương cà, 1 muỗng cà phê nước tương ngọt đậm, 1 muỗng cà phê đường và trộn đều hỗn hợp để hòa quyện vào nhau.', 'Bước 3: Xào mì yakisoba với các nguyên liệu Bạn tiến hành bắc một chảo lên bếp và cho vào 1 muỗng canh dầu ăn cùng với hành tây và đầu hành lá xào đều đến khi dậy mùi thơm. Tiếp theo, bạn cho thêm 1 muỗng canh dầu ăn và thịt heo xào trong vòng 3 phút cho thịt heo vừa chín tới. Sau đó, bạn cho tất cả rau củ đã được sơ chế như cà rốt, bắp cải, nấm đông cô vào chảo xào đều tay. Khi rau củ và thịt heo đã chín, bạn cho mì yakisoba và nước sốt vào chảo, xào và trộn đều trong vòng 2 phút đến khi mì yakisoba đã thấm đều nước sốt thì tắt bếp.', 'Bước 4: Thành phẩm Sau khi đã xào mì xong, bạn cho ra dĩa và rắc thêm một ít gừng ngâm Nhật Bản cắt sợi để ăn kèm. Sợi mì yakisoba với màu sắc vàng nâu óng ánh rất bắt mắt, sợi mì dai mềm, thấm đều nước sốt mặn ngọt đặc trưng cùng với vị ngọt tự nhiên của rau củ và vị chua chua kích thích của gừng ngâm.', 'Bước 5: Thưởng thức Món mì xào yakisoba vừa dễ làm vừa mang đến đầy đủ chất dinh dưỡng từ rau củ như cà rốt, nấm đông cô, bắp cải,... Bạn có thể làm món này để chiêu đãi người thân hoặc bạn bè vào những dịp vui chơi với nhau nhé.']",[],"Thứ ba, 15/8/2023, 18:57 (GMT+7)"
https://vncooking.com/cong-thuc/cach-lam-trung-ngam-miso-beo-ngay-ngon-chuan-nhat-519,Nhanh và dễ,"Cách làm trứng ngâm miso béo ngậy, ngon chuẩn Nhật",Trứng ngâm miso là một món ăn thơm ngon và vô cùng bổ dưỡng.,,30phút,2,,4,"['Trứng gà 4 quả', 'tương miso 50 gam', 'rượu mirin 60 ml', 'Tỏi băm 1 muỗng cafe']","['Bước 1: Quay hỗn hợp tương miso trong lò vi sóng Trước hết, bạn chuẩn bị 1 cái tô, sau đó bạn cho vào tô 50g tương miso, 60ml rượu mirin, 1 muỗng cà phê hạt nêm và 1 muỗng cà phê tỏi băm vào cùng rồi trộn đều. Tiếp đó, bạn cho tô hỗn hợp tương miso vào lò vi sóng, tiến hành quay 600W trong vòng khoảng 2 phút rồi lấy ra.', 'Bước 2: Ngâm trứng Bạn cho 1 tờ giấy lọc lên tô tương miso. Tiếp theo, bạn đập vỏ trứng gà rồi lần lượt cho lòng đỏ trứng gà lên trên giấy lọc. Sau đó, bạn đậy thêm 1 lớp giấy lọc trên phía trên trứng gà rồi phủ 1 lớp tương miso lên phía trên giấy lọc. Cuối cùng, bạn dùng màng bọc thực phẩm bọc kín tô rồi cho vào ngăn mát tủ lạnh khoảng 2 ngày là có thể lấy ra sử dụng.', 'Bước 3: Thành phẩm Sau 2 ngày, bạn lấy trứng ra khỏi tủ lạnh. Trứng ngâm miso sau khi hoàn thành có màu vàng cam bắt mắt, mùi thơm tỏa ra từ món ăn này vô cùng cuốn hút.', 'Bước 4: Thưởng thức Vậy là món trứng ngâm miso đã hoàn thành rồi! Khi ăn, bạn sẽ cảm nhận được vị bùi bùi, béo ngậy của trứng ngâm hòa quyện cùng vị thơm thơm của tương miso, rất kích thích vị giác. Bạn có thể ăn món này cùng cơm nóng và rong biển để cảm nhận rõ hơn hương vị của nó nhé!']",[],"Thứ hai, 14/8/2023, 15:24 (GMT+7)"
https://vncooking.com/cong-thuc/cach-lam-mon-gan-heo-xao-muop-bo-duong-thanh-mat-cho-ca-nha-518,Món chính,"Cách làm món gan heo xào mướp bổ dưỡng, thanh mát cho cả nhà",Gan heo chứa nhiều vitamin A cùng các dưỡng chất khác tốt cho cơ thể. VNCooking sau đây sẽ giới thiệu đến bạn món gan xèo xào mướp để bổ dung vào thực đơn hằng ngày.,,30phút,2,,3,"['gan heo 100 gam', 'Mướp hương 300 gam', 'Nấm rơm 100 gam']","['Bước 1: Sơ chế nguyên liệu Mướp mua về bạn gọt sạch vỏ, rửa sạch, để ráo rồi thái xéo miếng vừa ăn. Tỏi lột vỏ, đập dập rồi băm nhuyễn. Giá đỗ rửa sạch, để ráo. Gan heo rửa sạch với nước muối, sau đó thái miếng mỏng vừa ăn.', 'Bước 2: Trần sơ và ướp gan Bạn trần sơ qua gan heo với nước sôi khoảng 30 giây rồi vớt gan ra để ráo. Ướp gan với 1 thìa dầu hào và 1/2 thìa nước tương cùng một chút tỏi để khoảng 15 phút cho ngấm.', 'Bước 3: Xào gan với mướp Bắc chảo lên bếp, bạn cho khoảng 50ml dầu ăn vào, bỏ tỏi vào phi thơm, cho gan vào xào khoảng qua khoảng 3 phút cho chín sơ rồi cho mướp với giá đỗ vào cùng. Nêm gia vị tuỳ thích là có thể thưởng thức rồi.', 'Bước 4: Thành phẩm Món gan heo xào mướp với vẻ ngoài xanh mát, đẹp mắt, mướp hương thơm dễ chịu, lôi cuốn ăn vào mềm mềm, ngọt thanh, gan heo bùi bùi, đẫm gia vị rất bắt cơm.']",[],"Chủ nhật, 13/8/2023, 17:40 (GMT+7)"
https://vncooking.com/cong-thuc/cach-lam-sun-ga-rang-la-ca-ri-gion-tan-thom-lung-517,Món chính,"Cách làm sụn gà rang lá cà ri giòn tan, thơm lừng",Sụn gà rang lá cà ri là món ăn thơm ngon và chứa nhiều dinh dưỡng.,,30phút,2,,4,"['sụn gà 300 gam', 'lá cà ri 10 gam', 'ớt xiêm xanh 10 gam', 'Xà lách 100 gam']","['Bước 1: Sơ chế nguyên liệu Đầu tiên, bạn cho sụn gà đã cắt nhỏ vào tô và rửa lá cà ri, rau xà lách với nước sạch rồi để ráo. Sau đó, bạn thái nhuyễn lá cà ri rồi cho vào phần sụn gà đã chuẩn bị sẵn. Tiếp đến, bạn tiến hành thái nhỏ ớt xiêm xanh và cho vào tô sụn rồi trộn đều. Cuối cùng, ở bước sơ chế nguyên liệu, bạn đừng quên cho hết gói bột tẩm khô chiên giòn vào sụn gà nhé. Lưu ý lắc đều để gia vị thấm vào món ăn.', 'Bước 2: Rang sụn gà với lá cà ri Cho khoảng 100ml dầu ăn vào chảo và đun sôi trong vòng 2 phút. Chiên lá cà ri qua với dầu để món ăn có mùi thơm hấp dẫn hơn. Tiếp đến, bạn cho tất cả sụn gà đã thấm đều gia vị vào chảo và chiên trong khoảng 10 phút với lửa vừa. Sau khi món ăn đã chín và tỏa ra mùi thơm đặc trưng, bạn vớt sụn gà ra và để lên dĩa, lót một miếng khăn giấy rồi để đó trong khoảng 5 phút để phần dầu thừa được loại bỏ.', 'Bước 3: Thành phẩm Vậy là bạn đã có cho mình món sụn gà rang lá cà ri thơm ngon hấp dẫn rồi đấy! Món này sẽ được ăn cùng sốt mayonnaise nên bạn hãy cho sốt ra chén nhỏ để chấm nhé. Ăn ngay khi còn nóng để thưởng thức được độ giòn tan và thơm lừng của món ăn bạn nhé!']",[],"Chủ nhật, 13/8/2023, 17:33 (GMT+7)"
https://vncooking.com/cong-thuc/cach-lam-chan-vit-rut-xuong-chien-gion-nhanh-gon-don-gian-515,Món nhậu,"Cách làm chân vịt rút xương chiên giòn nhanh gọn, đơn giản",Chân vịt rút xương chiên giòn là một món ăn thơm ngon và có cách làm đơn giản.,,30phút,2,,4,"['chân vịt rút xương 500 gam', 'Gừng 1 củ', 'Bột chiên giòn 1 bịch', 'Dầu ăn 1 chai']","['Bước 1: Sơ chế chân vịt Chân vịt rút xương mua về, bạn hãy rửa thật sạch với nước và muối, để ráo. Sau đó mang chân vịt đi luộc chín với gừng cắt lát, vớt ra và ngâm vào tô nước lạnh. Cuối cùng vớt ra để ráo. Trộn chân vịt rút xương với bột chiên giòn sao cho bột phủ đều lên chân vịt.', 'Bước 2: Chiên chân vịt Bạn bắc chảo vịt lên bếp, cho dầu ăn vào. Khi dầu nóng, bạn cho từng chân vịt đã áo bột vào chiên vàng. Bạn hãy trở mặt trong lúc chiên để chân vịt được giòn đều và không bị cháy nhé!', 'Bước 3: Thành phẩm Khi chân vịt đã vàng giòn, bạn hãy vớt ra giấy thấm dầu cho chân vịt ráo bớt dầu, ăn không bị ngán. Bạn hãy dọn kèm chân vịt rút xương chiên giòn với tương ớt để thưởng thức nhé!']",[],"Thứ bảy, 12/8/2023, 23:13 (GMT+7)"
https://vncooking.com/cong-thuc/cach-lam-thit-boc-trung-chien-xu-cuc-hap-dan-de-lam-tai-nha-514,Món chính,Cách làm thịt bọc trứng chiên xù cực hấp dẫn dễ làm tại nhà,Thịt bọc trứng chiên xù vừa ngon vừa giòn làm ai ăn đều thích mê,,30phút,2,,4,"['thịt heo xay 200 gam', 'Trứng cút 30 quả', 'Trứng gà 2 quả', 'Bột chiên xù 200 gam']","['Bước 1: Đầu tiên, bạn luộc 30 quả trứng cút trong 10 phút, sau đó vớt ra ngâm vào trong nước lạnh, lột vỏ và để ráo.Tiếp đó, bạn cho thịt xay ra tô và thêm ½ muỗng cafe hạt nêm, ½ muỗng cafe tiêu vào tô thịt xay, trộn đều hỗn hợp lên để thịt xay ngấm gia vị.', 'Bước 2: Thịt bọc trứng cút Bạn lấy một lượng thịt vừa đủ cho vào lòng bàn tay, vo viên tròn và ép dẹt. Đặt vào chính giữa 1 quả trứng cút đã lăn sơ qua bột chiên giòn. Sau đó bọc kín thịt lại, rồi lăn qua 1 lớp bột chiên giòn sao cho bột phủ hết bề mặt viên thịt.Tiếp đến, bạn đập tan 2 quả trứng gà, rồi nhúng viên thịt qua hỗn hợp trứng gà đã đánh tan. Lăn tiếp qua một lớp bột chiên xù, rải đều bột lên khắp mặt viên thịt để đảm bảo bột chiên xù bám hết vào viên thịt nhé.', 'Bước 3: Đem chiên trứng cút đã bọc thịt Bắc chảo lên bếp, cho vào 250ml dầu ăn và đun nóng già. Bạn thả từng viên thịt đã bọc trứng vào chiên đến khi vàng đều thì vớt ra, để ráo dầu và thưởng thức thôi']",[],"Thứ bảy, 12/8/2023, 22:58 (GMT+7)"
https://vncooking.com/cong-thuc/vao-bep-lam-mon-ba-roi-mam-ot-xiem-gion-rum-cay-te-cuc-me-513,Món chính,"Vào bếp làm món ba rọi mắm ớt xiêm giòn rụm, cay tê cực mê","Ba rọi mắm ớt xiêm có cách làm đơn giản nhưng hương vị lại cực kỳ thơm ngon, thích hợp cho mọi bữa cơm hằng ngày",,30phút,2,,6,"['Thịt ba rọi 200 gr', 'Tỏi 1 củ', 'Ớt xiêm xanh 2 trái', 'Dầu ăn 1 chai', 'Tắc 3 trái', 'xả 1 cây']","['Bước 1: Chiên ba rọi Đầu tiên, bạn hãy rửa sạch ba rọi và trần sơ với nước sôi, rửa lại một lần nữa cho thật sạch. Thấm khô ba rọi bằng khăn giấy. Cắt ba rọi thành từng lát vừa ăn, khoảng 0.5cm. Cho ba rọi vào nồi chiên không dầu, chiên sơ khoảng 15 phút. Sau đó, bắc chảo dầu lên bếp, chiên ba rọi cho thật vàng đều và phần da nổ lên vàng giòn. Vớt ba rọi ra và lót giấy thấm dầu ở bên dưới.', 'Bước 2: Pha nước mắm Bạn hãy băm nhuyễn tỏi và ớt xiêm xanh, sả bóc vỏ ngoài, cắt lát, hành tím bóc vỏ, cắt lát. Lá chanh rửa sạch, cắt sợi, tắc vắt lấy nước cốt. Bạn hãy pha nước mắm chấm thịt với công thức sau tỏi băm, ớt xiêm băm, 3 muỗng canh đường, 1 muỗng canh nước mắm, nước cốt 3 quả tắc, sả, lá chanh, hành tím. Cùng muỗng khuấy đều cho các nguyên liệu hòa vào nhau, nêm lại theo khẩu vị.', 'Bước 3: Thành phẩm Vậy là món ba rọi mắm ớt xiêm của bạn đã hoàng thành rồi đấy, đơn giản quá phải không nào. Bạn dãy dọn ba rọi chiên ra, kèm với một chén nước mắm vừa pha, thưởng thức cùng cơm nóng nhé!']",[],"Thứ sáu, 11/8/2023, 19:19 (GMT+7)"
https://vncooking.com/cong-thuc/cach-lam-nuoc-dua-ca-phe-vua-mat-lanh-vua-thom-beo-512,Nhanh và dễ,Cách làm nước dừa cà phê vừa mát lạnh vừa thơm béo,"Chỉ với một vài nguyên liệu quen thuộc, bạn đã có ngay một ly nước dừa cà phê thơm ngon, giải khát ngày hè.",,30phút,2,,3,"['Nước dừa 1 trái', 'Cà phê 500 ml', 'Whipping cream 1 hộp']","['Bước 1: Làm kem cà phê Bạn hãy cho whipping cream vào ly, cho thêm bột cà phê theo khẩu vị của bạn. Nếu bạn thích có vị đắng đậm, bạn có thể cho nhiều cà phê hơn một chút. Dùng máy đánh bọt, đánh whipping cream hơi bông nhẹ.', 'Bước 2: Pha chế nước dừa Bạn hãy cho đá viên vào ly, cho nước dừa vào khoảng 2/3 ly. Cuối cùng bạn hãy rót phần kem cà phê vừa đánh bông lên trên. Bạn có thể rắc thêm topping dừa sấy giòn lên trên nếu thích.', 'Bước 3: Thành phẩm Vậy là bạn đã hoàn thành món nước dừa cà phê rồi đấy. Đơn giản quá phải không nào. Bạn hãy thưởng thức ngay để tránh đá tan ra mất ngon nhé! Bạn có thể chấm bánh quy, Kitkat vào lớp kem sẽ rất ngon đấy.']",[],"Thứ sáu, 11/8/2023, 19:16 (GMT+7)"
https://vncooking.com/cong-thuc/cach-lam-dua-say-deo-muoi-ot-thom-ngon-chong-ngan-ngay-tet-511,Bánh và bánh ngọt,"Cách làm dứa sấy dẻo muối ớt thơm ngon, chống ngán ngày tết","Ngày Tết luôn là thời gian để sum họp và chế biến những món ăn hấp dẫn để cùng nhau thưởng thức, tận hưởng không khí Tết",,30phút,2,,4,"['quả dứa chín 1 quả', 'Muối 1 muỗng', 'Đường 1 muỗng', 'Ớt sừng 1 quả']","['Bước 1: Sơ chế nguyên liệu Cắt gọt sạch mắt quả dứa , rửa qua với nước sạch hoặc nước muối. Sau đó, cắt dứa thành từng khoanh tròn dày khoảng 0,3cm Trộn dứa đã cắt lát với 1 muỗng cà phê muối, ½ muỗng ớtmuỗng, 2 muỗng đường, 1 quả ớt sừng băm nhuyễn. Xóc lên cho thấm gia vị.', 'Bước 2: Sấy dẻo dứa Đối với lò sấy: Bạn sắp phần dứa đã tẩm ướp gia vị vào khay và để nhiệt độ 70 độ C trong 3 tiếng, mỗi 1 tiếng nhớ trở mặt dứa để nhiệt độ được tỏa đều.Đối với lò nướng: Bạn sấy dứa ở 100 độ C trong 2 giờ và sau 1 giờ nhớ trở mặt dứa.Đối với phơi nắng: Nếu nắng gắt bạn chỉ cần phơi 1 lần là dứa ngon. Nếu nắng yếu, bạn phơi 2 - 3 nắng. Nhớ đậy lưới lên để đảm bảo vệ sinh cho món ăn nhé.', 'Bước 3: Thành phẩm Vậy là món dứa sấy muối ớt của bạn đã hoàng thành rồi đấy. Bạn hãy cho dứa sấy vào hũ có nắp đậy kín để bảo quản và dùng dần nhé!', 'Bước 4: Thưởng thức Sau khi sấy dẻo miếng dứa vàng ươm, xen lẫn màu đỏ của ớt, trông rất đẹp mắt. Dứa sấy muối ớt có đủ hương vị hòa lẫn vào nhau. Phần dứa mềm dẻo và đậm vị.']",[],"Thứ năm, 10/8/2023, 13:00 (GMT+7)"
https://vncooking.com/cong-thuc/cach-lam-chan-vit-rut-xuong-sot-thai-cay-ngon-dam-da-510,Món nhậu,Cách làm chân vịt rút xương sốt Thái cay ngon đậm đà,"Hiện nay món chân gà sốt Thái đang hot rần rần, nhưng không ai biết rằng chân vịt cũng có thể làm nên món ăn này ngon không kém, cùng thử ngay nhé!",,30phút,2,,11,"['chân vịt rút xương 300 gam', 'Xoài xanh 200 gam', 'quả quất 6 quả', 'nhánh sả 4 nhánh', 'Tỏi 1 củ', 'Dầu ăn 1 chai', 'đường vàng 50 gam', 'Nước mắm 20 gam', 'Muối 10 gam', 'xốt me 90 gam', 'Nước lọc 50 gam']","['Bước 1: Sơ chế nguyên liệu Chân vịt rút xương mua về rửa sạch, chuẩn bị một nồi nước đun sôi, thả khoảng 1 cây sả vào cho thơm, cho phần chân vịt mới rửa vào, luộc khoảng 10 phút. Khi chân vịt đã chín, chuẩn bị một khay nước đá lạnh, vớt chân vịt ra ngâm với nước đá cho giòn. Tỏi và sả băm nhuyễn, chừa lại khoảng 1-2 cây sả để thái lát. Quất bạn cắt lát. Xoài gọt vỏ và cắt miếng vuông vừa ăn.', 'Bước 2: Làm sốt Thái trộn nguyên liệu Sau khi xong bước trên, bạn chuẩn bị phần nước sốt Thái. Lấy chảo đặt lên bếp, chờ nóng cho một ít dầu ăn vào, phi thơm tỏi và sả băm, cho 50gr đường vàng, 20gr nước mắm, 10gr muối, 90gr xốt me, 50gr nước lọc và 10gr ớt bột Hàn Quốc vào chảo đun cho đến khi keo lại rồi tắt bếp, đổ ra tô lớn để trộn.', 'Bước 3: Trộn chân vịt rút xương sốt Thái Bạn lấy tô nước sốt đã chuẩn bị ra, cho phần sả và quất đã được cắt lát vào tô, rồi cho thêm xoài, phần chân vịt rút xương đã được ướp nước đá lạnh vào, trộn đều cho thấm nước sốt. Sau khi trộn đều, bạn có thể ăn luôn sau khi trộn hoặc để vào ngăn mát tủ lạnh dùng dần.', 'Bước 4: Thành phẩm Món chân vịt rút xương sốt Thái có màu sắc bắt mắt, kết hợp nhiều nguyên liệu nhiều màu sắc. Bạn có thể bày trí món ăn ra đĩa lớn và thêm một ít ngò rí lên cho hấp dẫn hơn. Món ăn vặt sẽ ngon hơn khi bạn để lạnh, chân vịt sẽ giòn hơn.']",[],"Thứ năm, 10/8/2023, 12:45 (GMT+7)"
https://vncooking.com/cong-thuc/cach-lam-banh-bo-thot-not-nuong-mem-dai-chuan-vi-509,Bánh và bánh ngọt,Cách làm bánh bò thốt nốt nướng mềm dai chuẩn vị,"Bánh bò được biết đến là một loại bánh dân gian được nhiều người yêu thích bởi vị bánh thơm lừng, mềm dai đặc trưng",,30phút,2,,6,"['Đường thốt nốt 140 gr', 'Nước cốt dừa 160 gr', 'Bột năng 110 gr', 'Bột gạo 8 gr', 'Bột nở 5 gr', 'Trứng gà 3 quả']","['Bước 1: Khuấy đường thốt nốt Bạn cho vào nốt 140gr đường thốt nốt, 160gr nước cốt dừa rồi tiến hành khuấy đều trên lửa lớn khoảng 5 phút đến khi hỗn hợp sôi thì tắt bếp và để nguội về 30 độ C.', 'Bước 2: Trộn bột với đường Khi đường đã nguội thì bạn lần lượt thêm vào 110gr bột năng, 8gr bột gạo rồi khuấy đều. Tiếp đến, bạn cho lần lượt vào hỗn hợp 2 muỗng canh dầu ăn, 3 quả trứng gà đã được đánh tan.Bạn khuấy đều hỗn hợp đến khi thấy các nguyên liệu hòa tan vào nhau thì để bột nghỉ khoảng 15 phút.', 'Bước 3: Nướng bánh Đầu tiên, bạn cho khuôn vào lò làm nóng trước khoảng 10 phút ở nhiệt độ 170 độ C. Tiếp đến, bạn lấy khuôn ra rồi tiến hành quét bơ quanh lòng khuôn và làm nóng khuôn thêm 5 phút ở nhiệt độ 170 độ C.Kế tiếp bạn cho 5gr bột nở vào hỗn hợp đường, bột rồi khuấy đều và đổ hết nguyên liệu vào khuôn đã được làm nóng. Bạn cho bánh vào lò và nướng ở nhiệt độ 170 độ C trong vòng 20 phút, sau đó nướng thêm 30 phút ở nhiệt độ 160 độ C. Khi quan sát thấy mặt bánh nâu vàng và cắm đũa vào giữa bánh thấy khô ráo thì tắt lò và để bánh trong lò thêm 5 phút rồi lấy bánh ra là có thể thưởng thức được.', 'Bước 4: Món bánh bò thốt nốt nướng được nhiều người yêu thích bởi màu vàng nâu đẹp mắt quyện cùng vị thơm nức mũi của đường thốt nốt, vị béo của nước cốt dừa, vị ngọt rất vừa phải kết hợp cùng độ mềm dai hấp dẫn càng làm món ăn thêm phần ngon miệng.']",[],"Thứ tư, 9/8/2023, 22:33 (GMT+7)"
https://vncooking.com/cong-thuc/bo-tui-cong-thuc-bo-lac-ca-phao-voi-sot-chua-cay-hap-dan-508,Món chính,Bỏ túi công thức bò lắc cà pháo với sốt chua cay hấp dẫn,Bạn là tín đồ của bò thì không thể nào bỏ qua món bò lắc cà pháo với sốt chua cay,,30phút,2,,5,"['thịt bò fillet 500 gam', 'cà pháo 100 gam', 'Tắc 5 trái', 'Rau thơm 1 bó', 'Tỏi 1 củ']","['Bước 1: Rau thơm sau khi mua về các bạn sẽ lặt bỏ cành, những lá xâu rồi rửa sạch với nước. Tỏi các bạn lột vỏ rồi băm nhuyễn. Cà pháo khi mua về các bạn bỏ phần cuống, rửa sạch rồi cắt thành từng lát mỏng rồi cho vào thau ngâm với nước muối (khi ngâm sẽ giúp cà pháo được giòn hơn). Tương tự, tắc các bạn cũng cắt thành từng lát mỏng.', 'Bước 2: Sơ chế thịt bò Thịt bò sau khi mua về các bạn sẽ dùng muối chà xát miếng thịt khoảng 5 phút sau đó rửa lại thật sạch với nước. Sau khi rửa sạch, các bạn cắt thịt thành những khối vuông nhỏ vừa ăn.', 'Bước 3: Làm nước sốt Bạn chuẩn bị một cái tô sau đó lần lượt cho vào 1 muỗng canh tương cà, 1 muỗng canh tương ớt, ½ muỗng canh dầu hào, 1 muỗng mật ong, 2 muỗng canh gia vị lẩu thái nêm sẵn, 2 muỗng canh đường, 5 muỗng canh nước lọc. Kế tiếp, bạn khuấy đều tất cả lên để gia vị hòa quyện vào nhau. Bạn bắt chảo lên bếp rồi cho 2 muỗng canh dầu ăn vào, đợi đến khi dầu nóng bạn cho tỏi vào phi thơm. Sau đó, cho hỗn hợp sốt vào nấu đến khi sốt sệt lại thì chúng ta tắt bếp.', 'Bước 4: Làm bò lắc cà pháo Bạn cho chảo lên bếp rồi cho khoảng 2 muỗng cà phê dầu ăn vào. Đợi đến khi dầu nóng, bạn cho thịt bò vào và cho tỏi vào để áp chảo cùng. Các bạn đảo đều để thịt bò chín đều các mặt. Sau đó, bạn cho phần nước sốt đã nấu sệt lại và cà pháo vào chảo thịt bò rồi đảo thật đều để món ăn thấm gia vị.', 'Bước 5: Bạn tiếp tục đảo đều thịt bò khoảng 2 phút rồi tắt bếp là chúng ta đã hoàn thành món ăn vô cùng thơm ngon. Bạn bày trí tắc, rau thơm ra dĩa rồi cho thịt bò lên là có thể thưởng thức.', 'Bước 6: Thưởng thức Bò lắc cà pháo là một sự kết hợp độc đáo nhưng mang đến cho bạn món ăn vô cùng thơm ngon. Thịt bò mềm kết hợp với cà pháo giòn giòn và phần sốt chua ngọt đậm đà sẽ khiến bạn mê ngay từ lần đầu thưởng thức.']",[],"Thứ tư, 9/8/2023, 22:25 (GMT+7)"
https://vncooking.com/cong-thuc/cach-lam-luoi-heo-u-muoi-thom-ngon-dam-da-gion-san-sat-507,Món chính,"Cách làm lưỡi heo ủ muối thơm ngon đậm đà, giòn sần sật","Lưỡi heo ủ muối là món ăn độc đáo, hấp dẫn được nhiều người yêu thích. Cùng tham khảo cách làm lưỡi heo ủ muối thơm ngon đậm đà, giòn sần sật nhé!
Xem nhanh",,30phút,2,,4,"['lưỡi heo 1 kg', 'Nước 2 lít', 'gia vị ủ muối 1 gam', 'Hành tím gừng 1 củ']","['Bước 1: Sơ chế lưỡi heo Cho một muỗng canh muối, 1 củ hành và 1 nhánh gừng vào nồi nước. Bật bếp đun sôi nước đến khoảng 80 độ C thì cho lưỡi heo vào để luộc tầm 5 phút. Vớt lưỡi heo ra và dùng dao cạo sạch lớp màng trắng bám bên ngoài lưỡi rồi rửa lại với nước sạch. Cho 1 muỗng muối vào xoa và bóp đều cùng lưỡi heo. Tiếp theo, đổ nước vào để rửa sạch lưỡi lần nữa.', 'Bước 2: Chế biến món lưỡi heo ủ muối Cho vào nồi 100g gia vị gà ủ muối vào nồi, 2 lít nước rồi khuấy đều. Lấy lưỡi heo bỏ vào ngâm trong 3 tiếng. Tiếp theo bật bếp đun sôi khoảng 15 phút ở lửa vừa.', 'Bước 3: Thành phẩm Tắt bếp ủ thêm từ 20 - 30 phút sau đó rớt ra bạn đã có món lưỡi heo ủ muối với hương thơm hấp dẫn, màu vàng óng ánh bắt mắt.']",[],"Thứ ba, 8/8/2023, 17:41 (GMT+7)"
https://vncooking.com/cong-thuc/cach-lam-ca-cam-kho-gung-cay-thom-ngon-dung-dieu-506,Món chính,"Cách làm cá cam kho gừng cay thơm, ngon đúng điệu",Nếu bạn chưa biết làm món gì cho mâm cơm gia đình thêm phần hấp dẫn? Hãy cùng tham khảo cách làm cá cam kho gừng thơm ngon qua bài viết sau nhé!,,30phút,2,,5,"['cá cam phi lê 300 gram', 'củ gừng 1 củ', 'Chanh 1 trái', 'Hành lá 2 nhánh', 'Rau mùi 1 nhánh']","['Bước 1: Sơ chế cá Cạo sạch vẩy phần cá cam đã phi lê, tiếp đến bạn xát cá với một ít muối và vài lát chanh nhằm khử mùi. Sau đó rửa lại qua nước sạch rồi thái nhỏ ra khoảng 2-3cm cho vừa ăn.', 'Bước 2: Sơ chế nguyên liệu khác Bạn đem gừng đi gọt vỏ rồi cắt lát mỏng, tỏi thì đập dập, lột vỏ. Tiếp đến, bỏ gừng và tỏi vào cối rồi giã nhuyễn sau đó đem ướp với cá cam.', 'Bước 3: Ướp cá với gia vị Ướp cá với hỗn hợp gồm 2 muỗng canh nước mắm, nửa muỗng cà phê muối, 1 muỗng cà phê bột ngọt, 1 muỗng cà phê hạt nêm, 1 muỗng canh đường, 1 muỗng cà phê tiêu. Sau đó, đảo đều và ướp cá khoảng 20 phút cho thấm gia vị.', 'Bước 4: Kho cá Cho phần cá đã ướp vào nồi rồi bắc lên bếp, thêm 2 muỗng canh dầu ăn và gừng cắt lát vào. Đậy nắp, để lửa nhỏ rồi rim cá khoảng 5-7 phút cho cá săn lại.Sau đó cho 1 chén nước lọc vào nồi, nấu sôi rồi cho thêm 1 muỗng canh nước màu hàng để nồi cá thêm phần hấp dẫn. Đậy nắp và kho thêm khoảng 10-15 phút đến khi cá chín thì tắt bếp. Cuối cùng, rắc thêm ít hành lá, rau mùi và tiêu lên bề mặt cá.', 'Bước 5: Thành phẩm Món cá cam kho gừng với thịt cá cam béo mềm, được nêm nếm đậm đà cùng với vị cay nồng của gừng. Món này ăn cùng với chén cơm nóng trong buổi chiều mưa se lạnh thì còn gì bằng.']",[],"Thứ ba, 8/8/2023, 17:33 (GMT+7)"
https://vncooking.com/cong-thuc/cach-lam-banh-mi-sandwich-ombre-bau-troi-hut-hon-ngon-mien-che-505,Bánh và bánh ngọt,"Cách làm bánh mì sandwich ombre bầu trời hút hồn, ngon miễn chê",,,30phút,2,,8,"['Bột mì 300 gam', 'quả trứng gà 1 quả', 'Đường trắng 1 phần', 'Men 1 phần', 'Muối 1 phần', 'Whipping cream 1 hộp', 'Sữa 1 hộp', 'Bơ lạt 1 phần']","['Bước 1: Nhồi bột Trước tiên, bạn cho khoảng 300g bột mì vào một chiếc bát lớn. Cho thêm vào khoảng 40g đường trắng, 1 quả trứng gà, 2g muối, 15g whipping cream, 130g sữa vào và trộn đều. Sau đó nhồi cho đến khi hỗn hợp thành một khối mềm, dẻo và không bị dính tay.', 'Bước 2: Pha màu Bạn tiến hành chia khối bột thành 8 phần bằng nhau, cho thêm bột đậu biếc vào từng phần với tỷ lệ tương ứng như sau: Phần 1: Để trắng. Phần 2: Cho khoảng 1/4 thìa cafe bột đậu biếc. Phần 3: Cho khoảng 1/2 thìa cafe bột đậu biếc Phần 4: Cho 1 thìa cafe bột đậu biếc. Phần 5: Cho 1,5 thìa cafe bột đậu biếc. Phần 6: Cho 2 thìa cafe bột đậu biếc. Phần 7: Cho 3 thìa cafe bột đậu biếc. Phần 8: Cho 2,5 thìa cafe bột đậu biếc. Cuối cùng bạn tiếp tục nhồi bột để màu xanh của bột đậu biếc và bột mì trắng hòa quyện với nhau.', 'Bước 3: Ủ bột Sau khi màu của bột đậu biếc và bột mì đã hòa quyện với nhau thì bạn mang phần bột đó ủ trong khoảng 45 phút hoặc đến khi bột nở ra gấp đôi. Tiếp tục cán bột thành các hình chữ nhật và xếp thành lớp tương ứng với thứ tự phần bột đã chia. Sau đó ủ bột trong khoảng 45 phút tiếp the', 'Bước 4: Nướng bánh mì Để bánh mì khi nước được ngon hơn, trước tiên bạn cần làm nóng lò ở 180 độ C, sau đó cho khuôn bánh vào lò trong khoảng 45 phút. Khi thấy bánh chín, bạn lấy bánh ra khỏi lò, sau đó cắt thành các lát mỏng vừa ăn.', 'Bước 5: Thưởng thức Bánh mì sandwich ombre có thể được dùng kết hợp với nhiều loại thực phẩm khác để ăn sáng, hoặc có thể ăn vặt đều ngon. Bánh có vỏ màu sắc bắt mắt, phần bánh dai mềm, bùi bùi thơm ngon như ngoài cửa hàng.']",[],"Thứ hai, 7/8/2023, 16:47 (GMT+7)"
https://vncooking.com/cong-thuc/cach-lam-my-y-sot-bo-toi-cay-thom-lung-an-ngon-khong-dung-duoc-504,Nhanh và dễ,"Cách làm mỳ Ý sốt bơ tỏi cay thơm lừng, ăn ngon không dừng được",Hướng dẫn chi tiết cách làm mỳ Ý sốt bơ tỏi cay thơm lừng tại nhà để tận hưởng bữa ăn ngon không thể cưỡng lại,,30phút,2,,7,"['mỳ ý 150 gam', 'Tỏi 20 gam', 'Bơ lạt 45 gam', 'Ớt bột 10 gam', 'Tiêu 10 gam', 'phô mai Parmesan 20 gam', 'Hành lá 10 gam']","['Bước 1: Sơ chế nguyên liệu Đầu tiên, bạn bóc vỏ tỏi, tách ra từng tép và rửa sạch với nước. Lấy 30gr tỏi thái thành lát mỏng vừa ăn. Phần tỏi còn lại, bạn băm nhuyễn. Tiếp theo, phần hành lá, bạn đem rửa sạch, cắt bỏ gốc rễ và thái thành hạt lựu.', 'Bước 2: Luộc mỳ Ý Hãy chuẩn bị một nồi nước sôi, sau đó thêm 1 nửa muỗng cà phê muối. Khi nước đã sôi, hãy thả mì vào nấu. Thời gian luộc mì thường dao động từ 8-12 phút tùy vào loại mì bạn sử dụng (hãy xem hướng dẫn trên bao bì). Sau khi mì đã chín, bạn có thể vớt mì ra rổ để ráo nước.', 'Bước 3: Làm sốt bơ tỏi cay Cho một chiếc nồi bé bé lên bếp và thêm vào một ít dầu olive, bạn cũng có thể sử dụng dầu ăn bình thường. Khi dầu vừa nóng, bạn cho phần tỏi thái mỏng vào chiên. Bật lửa ở chế độ vừa để tỏi chín từ trong ra ngoài mà không bị cháy đen. Đảo đều để tỏi chín vàng đều. Tỏi vừa vàng sơ sơ, các bạn nhanh tay tắt bếp vì lúc này tỏi rất dễ cháy. Tiếp đến, cho bơ lạt lên chảo đun chảy. Cho tỏi băm vào phần bơ đang sôi, thêm vào 1 muỗng cà phê ớt bột (nếu bạn thích ăn cay thì cho vào thêm). Mở lửa rêu rêu, đảo đều phần hỗn hợp trong 1-2 phút. Tiếp tục cho 1 muỗng cà phê xì dầu, 2 muỗng cà phê dầu hào và thêm 1 ít tiêu để phần sốt thêm đậm vị. Đảo đều liên tục để phần tỏi không bị cháy.', 'Bước 4: Trộn mỳ Ý vào sốt Cho phần mỳ vào chảo sốt, trộn đều trong 2-3 phút cho gia vị thấm đều lên sợi mỳ. Khi sợi mỳ chuyển sang màu nâu bóng bẩy thì bạn cho vào một ít phô mai Parmesan, nếu không thích béo thì bỏ qua thành phần này cũng được nhé!', 'Bước 5: Thành phẩm Vậy là món mì Ý bơ tỏi cay đã hoàn thành trong tích tắc. Cho mỳ ra đĩa và trang trí với một ít hành lá.']",[],"Chủ nhật, 6/8/2023, 17:29 (GMT+7)"
https://vncooking.com/cong-thuc/cach-lam-suon-sun-rang-muoi-gion-rum-dam-da-cuc-me-503,Món nhậu,"Cách làm sườn sụn rang muối giòn rụm, đậm đà cực mê",Sườn sụn rang muối là một món ăn thơm ngon và dinh dưỡng.,,30phút,2,,6,"['sườn sụn heo 1 kg', 'Sả 7 nhánh', 'Gạo tẻ 50 gam', 'Đậu xanh không vỏ 50 gam', 'Lá chanh 5 lá', 'canh bột chiên giòn 1 muỗng']","['Bước 1: Sơ chế nguyên liệu Sườn sụn mua về bạn rửa sạch, sau đó chặt thành các miếng vừa ăn. Sả cây bạn rửa sạch rồi đập dập và xé thành các sợi nhỏ. Lá chanh cũng rửa sạch rồi thái nhỏ.', 'Bước 2: Xay hỗn hợp gạo, đậu xanh và muối Cho 50g gạo nếp, 50g gạo tẻ và 50g đậu xanh vào 1 cái chảo trên bếp, rang với lửa nhỏ cho đến khi ngửi thấy mùi thơm thì thêm 1 muỗng canh muối hạt vào cùng. Tiếp tục rang cho đến khi đậu xanh bắt đầu chuyển sang màu nâu nhạt và gạo chuyển sang màu vàng thì tắt bếp. Sau đó, bạn cho hỗn hợp trên vào máy xay để xay nhỏ. Cuối cùng, bạn rây hỗn hợp bột qua rây là hoàn thành.', 'Bước 3: Ướp và phủ bột sườn sụn Bạn cho sườn sụn vào 1 cái tô, sau đó cho thêm vào tô 1 muỗng cà phê nước mắm, 1 muỗng cà phê hạt nêm, 1 muỗng cà phê đường, 1/2 muỗng cà phê bột ngọt và 1 muỗng cà phê ngũ vị hương rồi trộn đều. Ướp sườn trong khoảng 30 phút để sườn sụn thấm đều gia vị. Sau 30 phút, bạn cho vào tô sườn 1 muỗng canh bột chiên giòn rồi trộn đều.', 'Bước 4: Chiên sườn sụn Bạn cho 300ml dầu ăn vào chảo. Đợi 1 - 2 phút cho đến khi dầu nóng thì cho sườn sụn vào chiên với lửa vừa. Bạn chiên cho đến khi thấy các miếng sườn chín vàng thì cho sả vào, chiên thêm khoảng 2 - 3 phút nữa rồi vớt sườn ra và để ráo dầu. Phần sả còn trong chảo thì bạn tiếp tục chiên cho giòn rụm rồi vớt ra đĩa và tắt bếp.', 'Bước 5: Xóc bột muối Bạn cho sườn sụn và bột muối vào 1 cái thố lớn rồi tiến hành xóc đều để bột muối bám vào sườn sụn. Cuối cùng, bạn trải sả đã chiên giòn ra đĩa, cho các miếng sườn sụn lên phía trên và rắc thêm một ít lá chanh lên sườn nữa là hoàn thành.', 'Bước 6: Thành phẩm Món sườn sụn rang muối sau khi hoàn thành có màu vàng ươm trông rất hấp dẫn. Mùi thơm nhẹ nhàng tỏa ra từ món ăn này cũng vô cùng quyến rũ.']",[],"Thứ bảy, 5/8/2023, 15:59 (GMT+7)"
https://vncooking.com/cong-thuc/hoc-cach-lam-xiu-mai-dau-hu-chay-thanh-dam-thom-ngon-502,Món chay,"Học cách làm xíu mại đậu hũ chay thanh đạm, thơm ngon","Cùng vào bếp học cách làm xíu mại đậu hũ chay thanh đạm, thơm ngon với VNcooking thông qua bài viết dưới đây nhé.",,45phút,2,,6,"['Đậu hủ trắng 300 gam', 'Củ sắn 200 gam', 'Nấm bào ngư 100 gam', 'Nấm mèo 10 gam', 'Cà chua 1 trái', 'Hành boa rôNgò rí 1 phần']","['Bước 1: Sơ chế nguyên liệu Đậu hũ trắng mua về rửa qua nước sạch, để ráo nước sau đó cho vào tô và dùng thìa giã nhuyễn. Củ sắn thì gọt vỏ, rửa sạch và sau đó cắt hạt lựu nhỏ, nấm bào ngư cắt chân, rửa sạch và cũng cắt hạt lựu. Nấm mèo ngâm khoảng 10 phút trong nước ấm sau đó rửa sạch, cắt hạt lựu, cà chua và hành boa rô rửa xong, băm nhỏ.', 'Bước 2: Làm xíu mại Cho nấm bào ngư, nấm mèo, củ sắn, hành boa rô đã cắt trộn cùng đậu hũ. Nêm nếm khoảng ½ muỗng canh hạt nêm chay, 1 muỗng cà phê nước tương, 1 muỗng cà phê dầu hào chay, ½ muỗng canh đường, 1 muỗng cà phê tương cà, 1 muỗng cà phê tương ớt, 1 muỗng cà phê dầu mè, 20gr bột mì, 1 muỗng cà phê tiêu sau đó trộn đều lên cho tất cả nguyên liệu được thấm gia vị.', 'Bước 3: Hấp xíu mại Sau khi đã trộn tất cả nguyên liệu lại, thì bạn hãy vo xíu mại thành những viên tròn và cho vào khay hấp khoảng 15 phút.', 'Bước 4: Làm nước sốt Cho vào chảo 1 muỗng canh dầu điều, tiếp đến cho 1 muỗng canh hành boa rô và phi thơm, sau đó tiếp tục cho cà chua băm nhỏ vào xào, thêm 150ml nước, 1 muỗng cà phê tương cà, 1 muỗng cà phê tương ớt, 1 muỗng cà phê đường, 1 muỗng cà phê hạt nêm chay, 1 muỗng cà phê dầu mè, cuối cùng đun sôi khoảng 1-2 phút để nước sốt sệt lại là được.', 'Bước 5: Thành phẩm Rưới nước sốt nóng hổi, có màu đỏ óng ánh lên những viên xíu mại to tròn, trang trí thêm một ít ngò rí sẽ khiến món ăn trở nên hấp dẫn hơn bao giờ hết.']",[],"Thứ bảy, 5/8/2023, 15:52 (GMT+7)"
https://vncooking.com/cong-thuc/cach-lam-chim-cut-chien-bo-thom-ngat-ngay-doi-vi-cho-ca-nha-501,Món chính,"Cách làm chim cút chiên bơ thơm ngất ngây, đổi vị cho cả nhà",Chim cút chiên bơ là món ăn thơm ngon và chứa nhiều dinh dưỡng. Cùng tìm hiểu cách làm chim cút chiên bơ để đổi vị cho cả nhà bạn.,,30phút,2,,7,"['chim cút 2 kg', 'Dưa leo 200 gam', 'Hành tím 20 gam', 'Sả 1 gam', 'Gừng 50 gam', 'Tỏi 20 gam', 'bơ vàng 200 gam']","['Bước 1: Sơ chế nguyên liệu Đầu tiên, bạn hãy thái mỏng, đập dập gừng và cho khoảng 3 muỗng cà phê muối vào nồi. Sau đó, bạn cho tất cả chim cút đã được làm sạch (nhổ hết lông và lấy đồ lòng) vào nồi nguyên liệu vừa chuẩn bị, lấy hết đồ lòng và trứng sang 1 bên. Trộn đều chim cút với gừng bằng tay trong khoảng 10 phút để không bị tanh khi ăn. Sau khi đã làm sạch chim cút bằng gừng và muối, bạn đừng quên xả sạch lại với nước nhé. Cuối cùng, ở bước sơ chế nguyên liệu, bạn hãy xắt nhỏ hành tím và cho hỗn hợp 2 muỗng đường, 2 muỗng muối, 1 muỗng bột ngọt và 1 muỗng tiêu vào nồi chim cút và dùng tay sạch trộn đều lên cho nguyên liệu thẩm thấu nhanh hơn.', 'Bước 2: Hấp chim cút Sau khi chim cút đã được ướp đầy đủ gia vị, bạn đậy kín nồi và chờ trong khoảng 15 phút để thấm hết. Tiếp đến, bạn hấp chim cút với khoảng 500ml nước với lửa vừa và chờ 20 phút. Trong lúc chờ đợi, bạn có thể thái nhỏ dưa leo và cho vào tủ lạnh để lát nữa ăn kèm chim cút chiên bơ nhé. Khi chim cút chín và có mùi thơm tỏa ra, bạn tắt bếp và bắt ra, để lên vỉ cho ráo nước. Tiếp tục cho đồ lòng và trứng cút vào hấp, bạn hãy dùng nước hấp chim cút khi nãy cho món ăn đều vị nhé.', 'Bước 3: Làm nước chấm Nước chấm dùng để chấm với chim cút chiên bơ cũng rất đặc biệt. Cho khoảng 1 muỗng canh dầu ăn cùng tỏi, sả và hành tím đã băm nhuyễn vào chảo để xào lên. Cho tất cả phần nước để hấp chim cút và nước tương vào hỗn hợp, đun với lửa vừa trong gần 10 phút rồi tắt bếp. Vậy là bạn đã có phần nước chấm cực kỳ thơm ngon rồi!', 'Bước 4: Thành phẩm Sau khi đã hoàn tất các bước thì bạn đã có cho mình món chim cút chiên bơ thơm ngất ngây rồi! Hãy cho chim cút vào dĩa lớn, ăn cùng với cải bẹ xanh, dưa leo và đừng quên dùng nước chấm bạn nhé!']",[],"Thứ năm, 3/8/2023, 16:44 (GMT+7)"
https://vncooking.com/cong-thuc/cach-lam-xa-xiu-trung-muoi-thom-ngon-chuan-vi-500,Món chính,"Cách làm xá xíu trứng muối thơm ngon, chuẩn vị","Xá xíu là món ăn chúng ta thường dùng chung với bánh mì, mì hoặc cơm với vị đậm đà từ phần nước xốt và thịt mềm vừa phải. Tuy nhiên, nếu bạn biết đến món xá xíu trứng muối thì chắc chắn sẽ không thể cưỡng lại được",,30phút,2,,6,"['Thịt heo 500 gam', 'trứng vịt muối 6 trứng', 'Nước dừa 500 ml', 'sốt ướp xá xíu 1 gói', 'Gừng rượu gạo tỏi hành tím ớt sừng 1 phần', 'Muối dầu mè dầu hào tiêu xay dầu điều đỏ nước tương mật ong 1 phần']","['Bước 1: Sơ chế nguyên liệu Đầu tiên, bạn sẽ tiến hành cho thịt heo vào một cái thau nhỏ cùng với 1/2 muỗng canh muối, 20g gừng, 1 muỗng canh rượu trắng và chà xát gừng vào thịt cho thơm và giảm mùi tanh. Tiếp theo bạn đổ nước ấm vào xăm xắp và ngâm trong vòng 10 phút. Sau khi ngâm trong 10 phút thì bạn vớt thịt heo ra và rửa lại bằng nước sạch.Đối với trứng hột vịt muối thì bạn sẽ đập vỏ và rửa lòng đỏ với nước sạch. Sau khi rửa xong, bạn cho trứng muối vào chén với 1 muỗng canh rượu trắng và trộn cho lòng đỏ thấm rượu. Bước kế tiếp, bạn đổ phần rượu trắng còn dư ra và cho vào chén 1/2 muỗng canh dầu mè để tạo độ bóng và mùi thơm cho trứng muối.', 'Bước 2: Nhồi nhân xá xíu Bạn chuẩn bị một con dao nhỏ và đặt phần thịt heo lên thớt. Tiếp theo, bạn canh ngay phần đầu của miếng thịt và cho dao vào giữa đâm sâu sao cho xiên qua đầu bên kia. Sau khi đã tạo được lỗ sâu bên trong thịt, bạn cho trứng muối vào và dùng tăm cố định thịt ở 2 đầu lại với nhau là xong.', 'Bước 3: Ướp thịt heo Trước tiên, bạn xắt lát 4 tép tỏi, 4 củ hành tím, 10g gừng, 1 trái ớt sừng và cho tất cả vào chung với thịt heo đã được đặt trong tô. Tiếp đến, bạn cho vào tô lần lượt các loại gia vị như 1/2 muỗng canh dầu hào, 1/4 muỗng canh tiêu xay, 1 muỗng canh dầu điều, 1 muỗng canh nước tương, 1 muỗng canh mật ong, 70g gói nước sốt xá xíu và tiến hành trộn đều các nguyên liệu với nhau ướp trong vòng 1 tiếng hoặc qua đêm.', 'Bước 4: Ram và khìa xá xíu Bạn bắc lên bếp một cái chảo và đợi chảo nóng thì cho thịt đã ướp vào chảo cùng với phần nước ướp. Trở thịt đều cho đến khi thịt săn lại thì cho vào 500ml nước dừa tươi giúp tạo vị ngọt thanh cho món ăn và đậy nắp lại. Bạn nên liên tục trở đều cho thịt vàng cả hai mặt và để lửa vừa cho đến khi nước dừa cạn và sệt lại thì tắt bếp.', 'Bước 5: Thành phẩm Sau khi thịt đã bớt nóng thì bạn có thể xắt thịt ra thành nhiều miếng vừa ăn. Thịt xá xíu được ướp đầy đủ gia vị mang lại hương vị đậm đà của nước sốt, ngọt thanh của nước dừa và độ béo béo, mằn mặn của trứng muối bên trong rất thơm ngon và hấp dẫn.']",[],"Thứ năm, 3/8/2023, 16:32 (GMT+7)"
https://vncooking.com/cong-thuc/cach-lam-thit-bo-bam-sot-nam-la-mieng-doi-vi-cho-ca-nha-499,Món chính,"Cách làm thịt bò băm sốt nấm lạ miệng, đổi vị cho cả nhà","Thịt bò băm sốt nấm lạ miệng, đậm đà giúp bữa cơm gia đình thêm đa dạng và hấp dẫn. Cùng tìm hiểu công thức làm món ăn này ngay trong bài viết sau đây.",,30phút,2,,7,"['thịt bò thăn 400 gam', 'Nấm bào ngư 150 gam', 'Nấm đùi gà 200 gam', 'Tỏi 70 gam', 'Bột nếp 2 muỗng', 'Trứng gà 1 quả', 'Bột năng 1 muỗng canh']","['Bước 1: Sơ chế nguyên liệu Thịt bò khi mua về bạn đem đi rửa sạch, để ráo rồi cắt thành lát mỏng sau đó băm nhuyễn. Bạn cũng có thể cho vào máy xay để xay nhuyễn hay mua thịt bò băm sẵn. Nấm bào ngư và nấm đùi gà khi mua về bạn đem đi ngâm nước muối khoảng 5 phút rồi rửa lại với nước sạch, sau đó để ráo. Nấm đùi gà bạn đem cắt dọc làm 3 hoặc 4, nấm bào ngư xé làm 2 hoặc 3.', 'Bước 2: Ướp thịt bò băm Bạn đập dập rồi băm nhỏ 4 tép tỏi, sau đó cho vào tô thịt bò bằm, cho vào 1 muỗng canh nước tương, 1 muỗng canh dầu hào, 1 muỗng cà phê đường, một ít tiêu xay cho thơm. Sau đó tiếp tục cho vào 2 muỗng canh bột nếp, 1 quả trứng gà rồi trộn đều để các nguyên liệu hòa quyện với nhau. Tiếp đến bạn cho vào ngăn mát tủ lạnh khoảng 20 phút cho thịt thấm gia vị.', 'Bước 3: Chiên thịt Bạn bắc chảo lên bếp, cho vào chảo 1 muỗng canh bơ, đun cho đến khi bơ tan ra hoàn toàn thì vo viên thịt bò băm rồi cho vào chảo bơ chiên với lửa nhỏ, chiên cho đến khi thịt bò vàng đều thì cho ra đĩa.', 'Bước 4: Làm sốt nấm Bạn đập dập 3 tép tỏi, băm sơ, phần tỏi còn lại bạn đem cắt đôi. Bạn bắc chảo lên bếp, cho vào khoảng 2 muỗng canh dầu ăn rồi cho tỏi cắt đôi vào đảo đều, khi tỏi thơm và hơi vàng thì gấp ra ngoài. Sau đó cho tỏi băm vào phi đến khi thơm thì cho nấm đùi gà vào nấu với lửa lớn, xào khoảng 1 phút thì cho nấm bào ngư vào xào cùng. Sau khi đảo sơ nấm, bạn cho vào chảo 2 muỗng canh nước tương, 1 muỗng canh dầu hào, 1 muỗng canh tương cà, 1 muỗng cà phê hạt nêm, 1 muỗng cà phê đường và khoảng 1 chén nước lọc. Bạn cho 1 muỗng canh bột năng vào chén, pha loãng với nước lọc rồi cho vào chảo nấm để nước sốt sánh đặc lại. Tùy theo khẩu vị và sở thích mà bạn có thể gia giảm gia vị cũng như bột năng. Sau khi nấm chín, bạn tắt bếp rồi cho tỏi cắt đôi đã phi sơ vào rồi cho ra đĩa là hoàn thành.', 'Bước 5: Thành phẩm Thịt bò băm sốt nấm có thịt bò béo, thơm mùi bò đặc trưng ăn kèm nấm đùi gà dai dai, nấm bào ngư mềm thấm đẫm gia vị đậm đà. Món ăn này không chỉ là món ăn để bữa cơm gia đình thêm phong phú mà còn dồi giàu dinh dưỡng.']",[],"Thứ năm, 3/8/2023, 16:25 (GMT+7)"
https://vncooking.com/cong-thuc/cach-lam-bo-xao-toi-doc-dao-an-ngon-bat-ngo-498,Món chính,"Cách làm bơ xào tỏi độc đáo, ăn ngon bất ngờ","Trái bơ là một loại trái cây giàu dinh dưỡng, dễ dàng chế biến thành nhiều món ăn ngon khác nhau. Cùng xem ngay cách làm bơ xào tỏi lạ miệng nhé!",,30phút,2,,4,"['bơ pin 2 trái', 'Dầu ăn 200 ml', 'Tỏi 2 tép', 'Tiêu xay 30 gam']","['Bước 1: Sơ chế nguyên liệu Bơ bin mua về, bạn dùng dao hai lưỡi gọt vỏ bơ, cắt bơ thành từng miếng mỏng vừa ăn. Kế đến, ngâm bơ trong nước muối, rửa sạch, vớt ra để ráo. Tỏi bóc vỏ, băm nhuyễn.', 'Bước 2: Xào bơ Bạn hãy cho chảo lên bếp, cho tỏi băm vào phi thơm. Khi tỏi đã vàng thơm, bạn cho bơ vào xào khoảng 3 phút. Nêm vào bơ 1 muỗng cà phê hạt nêm, xào tiếp khoảng 10 phút cho bơ chín thì tắt bếp.', 'Bước 3: Thành phẩm Vậy là bạn đã hoàn thành món bơ xào tỏi rồi đấy. Bây giờ bạn cho bơ xào ra đĩa, rắc thêm tiêu xay và thưởng thức ngay thôi. Bạn có thể chấm bơ với nước tương hoặc nước mắm để tăng thêm phần đậm đà.', 'Bước 4: Thưởng thức Bơ xào tỏi có hương tỏi phi hấp dẫn. Bơ xanh mướt, bóng đẹp, khi ăn có độ béo mềm vừa phải. Khi chọn loại bơ bin xào, bạn sẽ không cảm thấy đắng mà ngược lại còn rất béo ngon, thấm đậm gia vị.']",[],"Thứ tư, 2/8/2023, 16:42 (GMT+7)"
https://vncooking.com/cong-thuc/cach-lam-kho-qua-ngam-nuoc-mam-cuc-gion-an-voi-gi-cung-ngon-497,Món chay,"Cách làm khổ qua ngâm nước mắm cực giòn, ăn với gì cũng ngon","Món khổ qua ngâm nước mắm sẽ không làm bạn thất vọng, với hương vị lạ miệng thay đổi khẩu vị cho cả gia đình ngày Tết",,45phút,2,,6,"['Khổ qua 1 trái', 'Ớt 6 trái', 'Chanh 1 trái', 'Đường 300 gam', 'Tỏi băm 100 gam', 'Muối 1 muỗng canh']","['Bước 1: Sơ chế nguyên liệu Đầu tiên, bạn chuẩn bị một chậu nước muối loãng và vắt vào chậu 1 trái chanh rồi khuấy tan muối. Tiếp theo bạn mang khổ qua đi rửa sạch từng trái, bỏ đầu và đuôi, rồi bổ đôi và khoét bỏ ruột. Sau đó bạn cắt xéo khổ qua thành những miếng vừa ăn và cho phần khổ qua đã cắt ngâm vào chậu nước muối loãng đã vắt chanh.', 'Bước 2: Trụng khổ qua Bạn bắc một nồi nước rồi cho phần khổ qua đã cắt vào đun sôi, luộc trong nồi khoảng 2 phút. Khi khổ qua vừa chín tới bạn vớt ra ngâm trong nước đá lạnh để khổ qua giòn và giữ được màu xanh đẹp mắt hơn.', 'Bước 3: Pha nước mắm Để làm được món khổ qua ngâm nước mắm ngon, phần quan trọng là bước pha nước mắm, bạn chỉ cần làm theo công thức gồm 1 chén nước lọc, 1 chén nước mắm, 300g đường và 100g tỏi băm, sau đó khuấy đều.', 'Bước 4: Chế biến món khổ qua ngâm nước mắm Trước hết bạn vớt khổ qua đang được ngâm trong nước đá lạnh ra để ráo, sau khi đã ráo bạn xếp khổ qua gọn vào một cái thau, rồi đổ hết phần nước mắm đã pha ở bước trên vào và cho thêm ớt cắt lát là hoàn thành.', 'Bước 5: Thành phẩm Món khổ qua ngâm nước mắm sau khi đã hoàn thành bạn cho ra tô hoặc đĩa để sử dụng, thêm những lát ớt được cắt xéo hoặc những trái ớt tỉa hoa lên trên đỉnh món ăn để trông đẹp mắt hơn nhé.']",[],"Thứ tư, 2/8/2023, 16:36 (GMT+7)"
https://vncooking.com/cong-thuc/cach-nau-che-sa-ke-la-dua-ngot-lim-ai-an-cung-me-496,Món tráng miệng,"Cách nấu chè sa kê lá dứa ngọt lịm, ai ăn cũng mê","Sake còn được gọi với cái tên khác như sa kê, xa kê và có tên tiếng anh là breadfruit. Sau khi được nấu chín thì bề mặt quả sake giống như ổ bánh mì nướng nhưng vị lại giống như khoai tây béo bùi. Có nhiều người nhầm lẫn quả sake với quả mít. Sa kê có vị bùi bùi, ngọt thơm nên được chế biến thành nhiều món ăn ngon",,45phút,2,,4,"['sa kê 1 trái', 'Nước cốt dừa 100 ml', 'Lá dứa 8 miếng', 'Bột năng 50 gam']","['Bước 1: Sơ chế sa kê Sa kê bạn gọt vỏ, bỏ hạt, cắt miếng vừa ăn rồi mang đi ngâm nước muối khoảng 5 phút, vớt ra, rửa sạch. Không ngâm quá lâu sẽ khiến sa kê bị nhũn, chỉ ngâm từ 5 - 10 phút.', 'Bước 2: Xay lá dứa lấy nước cốt 5 miếng lá dứa bạn rửa sạch rồi cắt nhỏ. Cho lá dứa vào máy xay sinh tố, xay với 100ml nước rồi vắt lấy phần nước.', 'Bước 3: Nấu chè sa kê Bạn cho sa kê đã sơ chế vào nồi cùng 500ml nước và nấu trên lửa vừa khoảng 20 phút cho sa kê chín. Cho tiếp vào nồi 100g đường, khuấy đều cho tan rồi cho tiếp 100ml nước lá dứa, 100ml nước cốt dừa vào khuấy đều và nấu cho sôi trở lại. Tiếp đến bạn pha 50g bột năng với nước rồi thêm vào nồi, khuấy đều và nấu tiếp khoảng 5 phút nữa là hoàn thành.', 'Bước 4: Thành phẩm Món chè sa kê lá dứa thu hút sự chú ý với vẻ ngoài xanh lá mát mắt, mùi thơm cực hấp dẫn. Thử một miếng sẽ cả nhận được sa kê bùi bùi, nước cốt dừa béo thơm, vị ngọt dịu dịu, rất dễ']",[],"Thứ tư, 2/8/2023, 16:32 (GMT+7)"
https://vncooking.com/cong-thuc/cach-lam-banh-trung-thu-nuong-nhan-xoi-xeo-thit-kho-la-mieng-495,Bánh và bánh ngọt,Cách làm bánh trung thu nướng nhân xôi xéo thịt kho lạ miệng,"Biến tấu bánh trung thu nướng với nhân xôi xéo thịt kho cực lạ miệng, ăn là ghiền, có thể dùng như bữa ăn chính cùng VNcooking trong bài viết dưới đây!
Xem nhanh",,45phút,2,,13,"['bột mì đa dụng 130 gam', 'Bơ đậu phộng 15 gam', 'Baking soda 0.75 muỗng cafe', 'Chà bông 10 gam', 'lạp xưởng 1 cây', 'Thịt ba rọi 120 gam', 'Hành tím 3 củ', 'nước đường bánh nướng 110 gam', 'siro bắp 2 muỗng', 'Nước màu 3 muỗng', 'Dầu ăn 30 ml', 'lòng đỏ trứng gà 1 quả', 'Sữa tươi 2 muỗng']","['Bước 1: Sơ chế nguyên liệu Đầu tiên, bạn vo sạch đậu xanh và ngâm mềm 6 - 7 tiếng hoặc qua đêm. Tiếp theo, bạn rửa sạch thịt ba rọi và để ráo nước. Sau đó, cắt nhỏ thịt với kích thước bề ngang khoảng 1/2 lóng tay nhỏ. Kế đến, bạn cắt lạp xưởng theo chiều dọc rồi cắt thành hạt lựu nhỏ. Hành tím lột vỏ rồi bào thành lát mỏng. Sau đó bạn cho vào nồi phần thịt ba chỉ vừa cắt nhỏ, 1 ít hành tím bào, 2 muỗng cà phê nước màu, 3 muỗng cà phê nước mắm, 1 muỗng cà phê tiêu, 1 muỗng cà phê hạt nêm, 1.5 muỗng cà phê đường. Cuối cùng, trộn đều thịt và ướp 10 phút cho thấm đều gia vị.', 'Bước 2: Xào thịt, lạp xưởng và phi hành Bạn bắc nồi thịt đã ướp lên bếp, sau đó xào thịt trên lửa nhỏ đến khi thịt săn lại, ra hết mỡ, chuyển thành màu nâu là được. Tiếp đến bạn bắc một cái chảo lên bếp, cho vào khoảng 50ml dầu ăn và làm nóng. Kế đến, cho hành tím bào vào phi đến khi vàng thơm. Sau khi phi hành, bạn lọc hành phi qua chén để tách riêng phần dầu hành và xác hành.', 'Bước 3: Sên đậu xanh Bắc nồi lên bếp, bạn cho vào đậu xanh đã ngâm mềm và 1 ít nước sao cho vừa đủ ngập mặt đậu rồi nấu sôi trên lửa lớn. Khi nước trong nồi sôi, bạn hạ xuống lửa nhỏ vừa và tiếp tục nấu đậu cho chín nhừ. Tiếp theo, cho vào nồi 7 muỗng cà phê đường, 1 ít muối rồi khuấy đều cho đường tan. Kế đến, bạn cho đậu xanh vào máy xay sinh tố để xay nhuyễn mịn. Bắc chảo lên bếp, cho vào phần đậu xanh đã xay, cho từ từ 2 muỗng canh dầu hành phi vào, vừa cho vừa khuấy trên lửa nhỏ cho hòa quyện. Tiếp theo, bạn cho vào thêm 2 muỗng canh siro bắp và sên đến khi nhân dẻo mềm, tạo thành khối đồng nhất và không dính chảo. Cuối cùng, bạn cho vào 2/3 phần hành phi rồi trộn đều, tắt bếp để nguội nhân.', 'Bước 4: Làm bột bánh Bạn lấy 110g nước đường bánh nướng, 15ml dầu ăn, 5g bơ đậu phộng rồi khuấy đều. Kế đến bạn cho vào tô lớn 130g bột mì, 1/8 muỗng cà phê baking soda rồi trộn đều. Tiếp theo, tạo 1 cái hố rồi đổ hỗn hợp nước đường vừa pha vào, trộn đều cho bột kết dính. Tiếp theo, bạn dùng tay nhào đều đến khi bột tạo thành khối dẻo mịn, không dính tay là đạt. Cuối cùng, bạn bọc kín tô bột bằng màng bọc thực phẩm và để nghỉ từ 30 phút - 1 tiếng.', 'Bước 5: Tạo hình bánh Bạn chia phần vỏ bánh và nhân bánh làm nhiều phần, với tỷ lệ 50g vỏ bánh : 100g nhân. Đối với phần nhân, bạn cân gồm 80g đậu xanh và 20g thịt (thịt heo, lạp xưởng, hành phi, chà bông). Vo tròn đậu xanh, tạo lỗ ở giữa rồi cho phần thịt vào, túm kín lại. Bạn vo tròn bột vỏ bánh rồi cán mỏng, cho viên nhân vào giữa và túm kín sát mép bột lại, vo tròn. Sau đó, bạn áo khuôn bằng 1 ít bột khô, cho bánh vào, dùng tay ấn nhẹ cho bánh dàn đều. Tiếp theo, bạn ấn mạnh lò xo và giữ yên 10 giây để bánh được định hình.', 'Bước 6: Nướng bánh Làm nóng lò nướng trước ở nhiệt độ 190 độ C trong 10 phút. Bạn xếp bánh lên khay có lót sẵn giấy nến, xịt phun sương lên mặt bánh. Bạn nướng bánh lần 1 ở 190 độ C từ 12 - 14 phút. Sau đó, lấy bánh ra để nguội khoảng 15 phút. Khuấy tan 1 lòng đỏ trứng gà với 2 muỗng cà phê sữa tươi. Phết 1 lớp mỏng hỗn hợp này lên mặt bánh đã để nguội. Tiếp tục, cho bánh vào lò và nướng lần 2 trong 10 phút ở 190 độ C. Sau 10 phút, bạn để nguội bánh và phết hỗn hợp trứng rồi nướng lần 3 ở 180 độ C từ 7 - 10 phút.', 'Bước 7: Thành phẩm Bánh sẽ mềm thơm và lên màu đẹp hơn sau 1 - 2 ngày nhé! Bánh trung thu nhân xôi xéo thịt kho hấp dẫn bởi lớp vỏ vàng nâu đẹp mắt, ngọt nhẹ, nhân bên trong thì bùi bùi từ đậu xanh, mặn béo đậm đà từ các loại thịt, thơm nhẹ mùi hành phi.', 'Bước 8: Thưởng thức Thưởng thức bánh trung thu nhân xôi xéo thịt kho với trà nóng thì còn gì hấp dẫn hơn. Ngoài ra, với phần nhân đầy đặn, dinh dưỡng, bạn có thể ăn món bánh trung thu nhân xôi xéo thịt kho như một bữa ăn chính cũng cực kỳ hợp lý.']",[],"Thứ tư, 2/8/2023, 16:21 (GMT+7)"
https://vncooking.com/cong-thuc/cach-lam-dau-hu-ngam-tuong-cuc-ngon-don-gian-de-lam-494,Món chay,"Cách làm đậu hũ ngâm tương cực ngon, đơn giản dễ làm","Đậu hũ ngâm tương không chỉ là một món ăn thơm ngon mà còn rất có lợi cho sức khỏe. Món ăn này phù hợp với các bữa ăn hằng ngày, rất thích hợp để đổi vị cho cả gia đình. Việc chế biến món đậu hũ ngâm không hề phức tạp mà rất đơn giản và dễ làm. Hãy cùng VNCooking tìm hiểu ngay nhé!",,30phút,2,,6,"['Đậu hũ 8 miếng', 'Nấm đùi gà 200 gam', 'Gừng 15 gam', 'Hành tím 15 gam', 'Ớt 20 gam', 'Tỏi 25 gam']","['Bước 1: Sơ chế nguyên liệu Nấm đùi gà mua về bạn rửa sạch, sau đó cắt thành các lát có độ dày khoảng 4 - 5mm theo chiều dọc. Ớt, hành tím, tỏi, gừng bạn làm sạch rồi cắt lát mỏng.', 'Bước 2: Nấu nước tương và nấm Bạn cho 200g nước tương, 400g nước lọc, 3 muỗng canh đường và ½ muỗng canh muối vào nồi, bật bếp và đun với lửa vừa trong vòng 5 phút. Sau đó, bạn cho nấm đùi gà vào nồi, tiếp tục đun khoảng 1 - 2 phút cho nấm chín thì tắt bếp. Cuối cùng, bạn mở vung và để hỗn hợp nguội hẳn.', 'Bước 3: Rán đậu hũ Bạn cho 4 muỗng canh dầu ăn vào một cái chảo trên bếp. Khi dầu ăn sôi thì cho các miếng đậu hũ vào chiên. Khi các miếng đậu đã vàng đều các mặt thì bạn tắt bếp rồi vớt ra và để ráo dầu.', 'Bước 4: Ngâm đậu hũ Bạn xếp đậu hũ vào lọ thủy tinh, sau đó rắc tỏi, hành tím, gừng và ớt đã cắt lát lên phía trên. Tiếp theo, bạn đổ hỗn hợp nước tương và nấm vào lọ thủy tinh, sau đó cho thêm 1 ít tiêu hạt vào cùng, đậy nắp lại và bảo quản trong ngăn mát tủ lạnh trong vòng 8 - 12 tiếng.', 'Bước 5: Thành phẩm Đậu hũ ngâm tương sau khi hoàn thành có mùi thơm thoang thoảng và màu sắc vô cùng bắt mắt. Từng miếng đậu hũ vuông vức, núng nính, trông rất hấp dẫn.']",[],"Thứ tư, 2/8/2023, 16:15 (GMT+7)"
https://vncooking.com/cong-thuc/cach-lam-ga-sua-sot-cam-la-mieng-ca-nha-deu-me-493,Món chính,"Cách làm gà sữa sốt cam lạ miệng, cả nhà đều mê","Ức gà ướp với sữa mềm thơm, thêm sốt cam chua ngọt rất hấp dẫn. Xem ngay cách làm gà sữa sốt cam lạ miệng, cả nhà đều mê.",,45phút,2,,5,"['Ức gà 300 gam', 'Sữa tươi (không đường) 1 hộp', 'Cam 2 trái', 'Dầu ăn 1 chai', 'tỏi xay 20 gam']","['Bước 1: Ướp ức gà Ức gà mua về, bạn hãy rửa sạch ức gà với nước, để ráo. Ướp ức gà với sữa tươi, tỏi xay, muối, hạt tiêu. Bạn hãy để ức gà thấm sữa khoảng 15 phút. Sau 15 phút thì bạn vớt ức gà.', 'Bước 2: Pha nước sốt Bạn hãy vắt lấy nước 2 trái cam. Nêm vào nước cam 1 muỗng cà phê hạt nêm, 1 muỗng cà phê nước mắm, 1/2 muỗng bột ớt, 2 muỗng cà phê đường. Dùng muỗng khuấy đều cho hỗn hợp tan hết.', 'Bước 3: Chế biến ức gà sữa sốt cam Bạn hãy bắc chảo lên bếp, cho vào 3 muỗng canh dầu ăn. Khi dầu nóng, bạn cho ức gà vào chiên vàng đều cả hai mặt. Khi ức gà đã vàng, bạn cho phần nước sốt cam vào và rim cho tới khi phần nước sốt này sệt lại. Bạn hãy thường xuyên trở mặt ức gà để gia vị thấm đều và món ăn không bị khét nhé!', 'Bước 4: Thành phẩm Vậy là món ức gà sữa sốt cam của bạn đã hoàn thành rồi đấy. Bạn hãy cho món ăn ra đĩa, hương thơm của ức gà ngào ngạt, hấp dẫn. Dọn kèm cơm nóng hoặc bánh mì để thưởng thức bạn nhé!', 'Bước 5: Thưởng thức Món ức gà sốt cam có cách làm đơn giản, nhanh chóng. Ức gà mềm, thấm sữa nên càng ngọt và béo thơm. Nước sốt cam sệt sệt, chua ngọt mặn đủ cả. Món này vừa ngon mắt lại vừa ngon miệng. Mời bạn thưởng thức.']",[],"Thứ ba, 1/8/2023, 17:01 (GMT+7)"
https://vncooking.com/cong-thuc/cach-lam-mien-chien-gion-sot-tom-thit-gion-rum-cuc-bat-vi-492,Món khai vị,"Cách làm miến chiên giòn sốt tôm thịt giòn rụm, cực bắt vị","Các món miến đều mang lại hương vị thơm ngon và được nhiều người ưa chuộng. Cùng VNCooking vào bếp thực hiện ngay món miến chiên giòn sốt tôm thịt giòn rụm, cực bắt vị.",,30phút,2,,4,"['miến khô 4 vắt', 'Tôm 60 gam', 'Hành tím tỏi hành tây ớt sừng rau húng quế 1 phần', 'thịt heo xay 200 gam']","['Bước 1: Sơ chế nguyên liệu Tôm lột vỏ, bỏ đầu và rửa sạch lại với nước sau đó thái nhỏ thịt tôm thành hạt lựu. Hành tím, tỏi lột vỏ, rửa sạch sau đó băm nhuyễn. Rửa sạch ớt sừng và cắt thành sợi nhỏ. Hành tây lột vỏ, rửa sạch với nước, sau đó cắt thành từng lát mỏng. Rau húng quế rửa sạch với nước. Trộn bột năng với 1 muỗng canh nước sau đó khuấy đều.', 'Bước 2: Ướp gia vị Cho phầm tôm thái nhỏ và 200g thịt băm ra dĩa, cho thêm vào ½ muỗng canh đường, 3/4 muỗng cà phê tiêu xay, 1/4 muỗng canh bột ngọt và ¼ muỗng canh hạt nêm và cho thêm 2 muỗng canh hành tím, tỏi băm nhuyễn vào. Trộn đều hỗn hợp trên và ướp trong khoảng 10 phút.', 'Bước 3: Chiên miến Cho dầu ăn vào chảo đun nóng. Sau đó cho miến vào chiên trên dầu nóng. Trở đều mặt miến và chiên đến khi phồng đều.', 'Bước 4: Sốt tôm thịt Cho vào chảo 2 muỗng canh dầu hào cùng 2 muỗng canh hành tím, tỏi băm nhuyễn phi thơm. Sau khi dậy mùi thơm thì cho phần tôm thịt đã ướp xong vào chảo xào cho đến khi thịt săn lại. Tiếp theo, cho vào chảo khoảng 100ml nước cùng với ½ muỗng canh đường, 3/4 muỗng cà phê tiêu xay, 1/4 muỗng canh bột ngọt, ¼ muỗng canh hạt nêm và ½ muỗng canh dầu hào sau đó đảo đều hỗn hợp. Sau khi tôm và thịt đã chín thì cho thêm vào chén bột năng khuấy sẵn và tiếp tục đảo đều hỗn hợp đến khi sền sệt thì cho hành tây, ớt sừng và rau húng quế xào đến khi lá húng quế hơi chín thì tắt bếp.', 'Bước 5: Thành phẩm Xếp miến chiên ra dĩa, cho phần nước sốt lên bên trên. Miến chiên giòn rụm, dai dai kết hợp cùng nước sốt đậm đà thơm ngon, rất thích hợp cho những buổi ăn nhẹ, ăn sáng tiện lợi.', 'Bước 6: Thưởng thức Miến chiên tôm thịt giòn rụm, dai dai, hoà quyện cùng nước sốt đậm đà, vị ngọt tự nhiên của tôm thịt tạo nên một món ăn vô cùng thơm ngon, bổ dưỡng. Món ăn không chỉ giúp bạn thay đổi được hương vị thường ngày mà còn cung cấp đầy đủ dưỡng chất cho cơ thể. Miến chiên tôm thịt là lựa chọn hoàn hảo cho những bữa ăn sáng nhanh gọn của gia đình.']",[],"Thứ ba, 1/8/2023, 16:55 (GMT+7)"
https://vncooking.com/cong-thuc/cach-lam-com-ga-trung-kieu-nhat-ban-vua-ngon-vua-de-lam-491,Món chính,Cách làm cơm gà trứng kiểu Nhật Bản vừa ngon vừa dễ làm,"Món cơm gà trứng kiểu Nhật Bản vừa thơm ngon lại vô cùng bổ dưỡng, bạn đã thử hay chưa? Cùng khám phá ngay cách làm siêu đơn giản nhé.",,30phút,2,,5,"['thịt gà lóc xương 300 gam', 'Trứng 2 quả', 'Hành tây 50 gam', 'Sốt Sukiyaki 1 chai', 'Nước lọc 1 lít']","['Bước 1: Sơ chế nguyên liệu Thịt gà sau khi mua về bạn rửa sạch với nước, lọc bỏ phần xương và da, để ráo và tiến hành cắt thành miếng nhỏ vừa ăn. Trứng bạn cho ra tô và khuấy đều. Hành tây lột sạch vỏ, rửa sạch với nước, để ráo rồi cắt theo chiều dọc thành các miếng có độ dày vừa phải.', 'Bước 2: Pha sốt Cho vào chén khoảng 20ml nước sốt Sukiyaki cùng với 80ml nước lọc, sau đó khuấy đều để hỗn hợp hòa quyện với nhau.', 'Bước 3: Làm cơm gà trứng kiểu Nhật Bản Bạn trải đều số hành tây đã cắt lên chảo, sau đó cho phần thịt gà lên chảo, thêm phần nước sốt đã chuẩn bị vào. Bắc chảo lên bếp và đun sôi với lửa vừa trong khoảng 10 - 15 phút để thịt gà được thấm đều gia vị. Sau đó cho phần trứng đã chuẩn bị vào và trải đều khắp chảo, tiếp tục đun trong khoảng 3 - 5 phút cho đến khi trứng chín.', 'Bước 4: Thành phẩm Chỉ với 20 phút chuẩn bị và 20 phút chế biến là bạn đã có ngay cho mình một chảo gà trứng cực kỳ thơm ngon và vô cùng hấp dẫn. Lúc này bạn có thể thêm một ít hành lá hoặc ngò rí để món ăn được thơm và đẹp mắt hơn.', 'Bước 5: Thưởng thức Món cơm gà trứng kiểu Nhật Bản có hương vị đậm đà, kết hợp giữa thịt gà và trứng, khi kết hợp ăn cùng cơm nóng thì còn gì tuyệt vời bằng. Ngoài ra để món ăn thêm hấp dẫn thì bạn có thể rắc thêm một ít rong biển hoặc mè rang để món ăn được ngon hơn nhé.']",[],"Thứ ba, 1/8/2023, 16:50 (GMT+7)"
https://vncooking.com/cong-thuc/bo-tui-cach-nau-sup-hot-vit-lon-moi-la-tam-bo-ca-nha-490,Nhanh và dễ,"Bỏ túi cách nấu súp hột vịt lộn mới lạ, tẩm bổ cả nhà","Hột vịt lộn là thực phẩm cung cấp dinh dưỡng dồi dào. Bên cạnh những món truyền thống như hột vịt lộn luộc, lẩu hột vịt lộn, hột vịt lộn xào me,... thì súp hột vịt lộn cũng thơm ngon, hấp dẫn không kém. Bài viết sau đây, VNCooking sẽ hướng dẫn bạn cách nấu súp hột vịt lộn siêu đơn giản.",,45phút,2,,6,"['hột vịt lộn 16 trái', 'Táo tàu 80 gam', 'Táo đỏ 80 gam', 'kỷ tử 25 gam', 'nước súp gà đóng hộp 1 lít', 'Gừng 1 củ']","['Bước 1: Luộc hột vịt lộn Hột vịt lộn sau khi mua về, bạn đem đi rửa sạch. Sau đó, để hột vịt lộn vào nồi rồi cho nước vào đến khi ngập hết hột vịt lộn. Bật lửa và luộc trong vòng 15 phút kể từ khi nước sôi. Sau khi hột vịt lộn đã chín, bạn vớt ra, để nguội và lột vỏ. Bạn nhớ giữ lại phần nước hột vịt lộn để nấu súp nhé!', 'Bước 2: Sơ chế nguyên liệu khác Bạn ngâm táo tàu, táo đỏ, kỷ tử với nước trong khoảng 10 phút, sau đó vớt ra, rửa sạch với nước. Gừng cạo vỏ, rửa sạch rồi đem đi cắt sợi. Rau răm rửa sạch rồi cắt thành từng khúc nhỏ.', 'Bước 3: Nấu súp Cho nước hầm gà đóng hộp vào nồi cùng 500ml nước, sau đó nêm vào 1,5 muỗng canh hạt nêm, 1 muỗng cà phê đường, nửa muỗng cà phê muối rồi khuấy cho tan. Nấu nước súp đến khi vừa sôi thì cho táo tàu và táo đỏ vào. Tiếp đến cho hết hột vịt lộn đã lột vỏ và phần nước hột vịt lộn, kỷ tử vào và nấu đến khi súp sôi thì tắt bếp. Cho thêm gừng và rau răm để làm tăng hương thơm cho món ăn.', 'Bước 4: Thành phẩm Món súp hột vịt lộn có màu sắc sặc sỡ của hột vịt, táo tàu, táo đỏ và kỷ tử vô cùng đẹp mắt. Nước súp đậm đà, thanh ngọt tự nhiên nên rất dễ ăn. Hột vịt thì thơm béo, kết hợp cùng vị ngọt của táo tàu, táo đỏ và vị cay cay của gừng và rau răm vô cùng hấp dẫn. Khi thưởng thức súp hột vịt lộn, bạn cho vào một ít tiêu xay để kích thích vị giác.', 'Bước 5: Thưởng thức Chỉ sau vài bước đơn giản, dễ thực hiện, bạn đã hoàn thành món súp hột vịt lộn màu sắc đẹp mắt, thơm ngon và bổ dưỡng. Món ăn là sự kết hợp hoàn hảo từ màu sắc cho đến hương vị giữa các thành phần nguyên liệu. Đặc biệt với công thức này, món súp của chúng ta sẽ vô cùng dễ ăn vì tận dụng được vị ngọt thanh tự nhiên của nước hột vịt lộn, táo tàu, táo đỏ và kỷ tử. Bên cạnh đó, vị cay cay của gừng, rau răm và tiêu xay sẽ làm cho món ăn không bị tanh mà lại kích thích vị giác.']",[],"Thứ ba, 1/8/2023, 16:44 (GMT+7)"
https://vncooking.com/cong-thuc/cach-lam-che-troi-nuoc-kieu-thai-ngot-lim-ngon-me-say-489,Món tráng miệng,"Cách làm chè trôi nước kiểu Thái ngọt lịm, ngon mê say","Ngoài chè trôi nước truyền thống, thử biến tấu với công thức làm chè trôi nước kiểu Thái cực lạ miệng, ngọt lịm, thơm ngon từ VNCooking . Vào bếp ngay nhé!",,45phút,2,,4,"['Bột gạo 60 gam', 'Mè rang 20 gam', 'Bí đỏ 150 gam', 'Nước cốt dừa 120 ml']","['Bước 1: Sơ chế bí đỏ Bí đỏ mua về bạn gọt vỏ, bỏ sạch phần ruột và hột bên trong rồi cắt miếng vuông dày khoảng 1 lóng tay.', 'Bước 2: Làm viên trôi nước Bạn cho vào tô 60g bột gạo, 20g mè rang, 20g đường và 50ml nước ấm. Tiếp theo, bạn dùng phới trộn đều hỗn hợp bột cho đến khi bột hòa quyện đều với mè rang. Sau đó, bạn dùng tay nhào lại khoảng 10 phút để bột dẻo và mịn. Kế đến, bạn vắt bột thành từng viên nhỏ như trái trứng cút, bạn vo tròn viên bột lại và để ra dĩa. Tiếp đến, bạn đun sôi 500ml nước. Nước sôi, bạn thả từng viên bột vào. Bạn đun đến khi thấy bột nổi lên là bột đã chín. Bạn vớt bột ra và cho vào tô nước đá khoảng 2 phút, hết 2 phút vớt viên trôi nước ra đĩa.', 'Bước 3: Nấu nước cốt bí đỏ Bạn bắc một cái nồi khác lên bếp, thêm 500ml nước, nước sôi thì cho bí đỏ vào, đậy nắp nồi lại và luộc bí đỏ khoảng 20 phút. Bí đỏ chín, bạn vớt bí đỏ ra cho vào máy xay sinh tố và thêm 50ml nước luộc và xay nhuyễn bí đỏ. Kế đến, bạn cho bí đỏ xay nhuyễn vào nồi nước luộc, thêm 80g đường cát, 120ml nước cốt dừa bạn khuấy đều để đường tan và đun sôi hỗn hợp.', 'Bước 4: Thành phẩm Bạn cho viên chè trôi nước ra chén, cho thêm đậu phộng rang, 1 ít dừa nạo lên trên và chan nước cốt bí đỏ nữa là có thể thưởng thức được rồi. Món chè trôi nước kiểu Thái này với phần nước chè ngọt vừa không quá gắt, thơm nhẹ mùi bí đỏ, viên chè mềm dẻo, lại bùi béo, rất bắt miệng.', 'Bước 5: Thưởng thức Thưởng thức chè trôi nước kiểu Thái như một món tráng miệng ngọt ngào sau bữa ăn chính. Bên cạnh đó, món chè này cũng rất thích hợp để ăn vặt ngày buồn miệng hay tụ tập những người yêu thương.']",[],"Thứ hai, 31/7/2023, 16:40 (GMT+7)"
https://vncooking.com/cong-thuc/cach-nau-che-tu-trai-quat-ngot-lang-son-giup-thanh-nhiet-dep-da-rat-tot-488,Món tráng miệng,"Cách nấu chè từ trái quất ngọt Lạng Sơn giúp thanh nhiệt, đẹp da rất tốt","Mùa hè oi bức, khiến cơ thể mất nước và khó chịu trong người, hãy thử ngay món chè từ trái quất ngọt Lạng Sơn sẽ giúp bạn thanh nhiệt và cải thiện làn da rất tốt.",,30phút,2,,4,"['quất ngọt Lạng Sơn 10 quả', 'Lê 1 quả', 'Đường phèn 200 gam', 'Táo đỏ 5 quả']","['Bước 1: Sơ chế nguyên liệu Những quả quất ngọt bạn đem đi ngâm với nước muối loãng để loại bỏ bớt tinh dầu trên vỏ cho đỡ đắng, khoảng 10 phút sau vớt ra đem rửa lại với nước lạnh. Sau đó, bạn cắt đôi từng quả, loại bỏ hạt vì phần hạt rất đắng nếu ăn phải. Lê gọt sạch vỏ, cắt miếng vuông vừa ăn. Kỷ tử đem ngâm nước để mềm hơn.', 'Bước 2: Chế biến món chè từ trái quất ngọt Lạng Sơn Bạn cho tất cả các nguyên liệu đã chuẩn bị vào nồi, trừ kỷ tử vẫn ngâm nước để sử dụng sau. Đổ thêm lượng nước thích hợp vào nồi, đun sôi, trong quá trình đun bạn để ý rồi dùng thìa để hớt bớt bọt, đun khoảng 30 phút hoặc cho đến khi lê trong suốt thì cho đường phèn vào. Trước khi tắt bếp bạn mới cho phần kỷ tử vào nồi.', 'Bước 3: Thành phẩm Nồi chè từ trái quất ngọt Lạng Sơn được hòa quyện cùng với những nguyên liệu thanh mát, giải nhiệt như lê, kỷ tử, táo đỏ. Những nguyên liệu này có công dụng rất hiệu quả trong việc dưỡng nhan, cải thiện làn da mịn màng hơn.', 'Bước 4: Thưởng thức Loại chè này có hương vị ngọt dịu từ những nguyên liệu thiên nhiên lê, táo đỏ, quất ngọt. Vì chè được nấu bằng đường phèn nên vị không ngọt gắt mà rất dễ ăn và được xem là món ăn vặt giải nhiệt cho những ngày hè.']",[],"Thứ hai, 31/7/2023, 16:35 (GMT+7)"
https://vncooking.com/cong-thuc/cach-lam-snack-canh-hoa-sen-gion-rum-cuc-la-mieng-487,Bánh và bánh ngọt,"Cách làm snack cánh hoa sen giòn rụm, cực lạ miệng","Snack là một món ăn vặt phổ biến rất được nhiều người yêu thích với hương vị thơm ngon. Trong đó, món snack cánh hoa sen với hình dáng độc đáo, giòn rụm, thu hút được sự quan tâm của nhiều tín đồ ăn vặt. Hãy cùng vào bếp với VNCooking để chế biến ngay nào.",,30phút,2,,3,"['hoa sen 4 nhánh', 'Trứng gà 1 quả', 'Dầu ăn bột chiên giòn muối đường... 1 phần']","['Bước 1: Sơ chế nguyên liệu Hoa sen sau khi mua về thì đem đi rửa nhẹ nhàng với nước sạch, để ráo và tách rời từng lớp cánh sen. Trứng gà thì bạn đập vào một cái chén sạch, sau đó thì khuấy đều.', 'Bước 2: Làm bột Cho 100g bột chiên giòn vào một tô sạch, sau đó cho trứng vào và trộn đều. Bạn có thể cho thêm ít đường và ít muối để cho bột thêm ngon miệng, cuối cùng thêm từ từ nước lọc vào tô bột cho đến khi bột không quá đặc hoặc không quá lỏng.', 'Bước 3: Chế biến snack cánh hoa sen Bạn chuẩn bị một cái chảo, cho dầu ăn lên và đặt bếp ở lửa vừa. Khi dầu sôi thì dùng đũa gắp từng cánh sen cho vào tô bột và đặt vào chảo. Bạn chiên đến khi hoa chuyển màu vàng thì tắt bếp.', 'Bước 4: Thành phẩm Snack cánh hoa sen có màu sắc vàng ruộm, đẹp mắt cùng với hương thơm quyến rũ. Cánh hoa được chiên giòn rụm, nêm nếm ngon miệng khiến người ăn vô cùng thích thú và muốn tiếp tục thưởng thức.', 'Bước 5: Thưởng thức Món snack cánh hoa sen có màu sắc bắt mắt, mùi thơm quyến rũ. Khi ăn có cảm giác giòn tan trong miệng, lại được nêm nếm đậm đà, trở thành một món ăn vặt ngon miệng. Bạn có thể chiêu đãi gia đình và bạn bè vào những dịp cuối tuần đấy nhé.']",[],"Thứ hai, 31/7/2023, 16:31 (GMT+7)"
https://vncooking.com/cong-thuc/cach-lam-tep-chien-bong-dien-dien-gion-rum-an-hoai-khong-chan-486,Món khai vị,"Cách làm tép chiên bông điên điển giòn rụm, ăn hoài không chán","Món tép chiên bông điên điển giòn rụm, vị ngọt, béo của tép chắc chắn là món ăn bạn không nên bỏ qua. Cùng tìm hiểu ngay cách làm nhé.",,30phút,2,,10,"['tép 150 gam', 'Bông điên điển 150 gam', 'Bột nếp 20 gam', 'Trứng gà 1 quả', 'Nước 120 ml', 'Hành tím 1 củ', 'Tỏi 1 củ', 'Ớt 2 trái', 'Chanh 1 quả', 'Gia vị: Hạt nêm tiêu nước mắm đường dầu ăn 1 phần']","['Bước 1: Sơ chế nguyên liệu Tép sau khi mua về bạn tiến hành rửa sạch, để ráo. Một tips nhỏ đó là bạn có thể ngâm tép với nước vo gạo để sạch bùn và bớt tanh. Bông điên điển bạn loại bỏ những bông bị dập, úng, sau đó đem đi rửa cùng với nước sạch khoảng 2 - 3 lần nước rồi vớt ra rổ để ráo. Ớt, hành, tỏi bạn băm nhuyễn và để riêng sang một bên', 'Bước 2: Pha nước mắm chua ngọt Để pha được một chén mắm chua ngọt thơm ngon, trước tiên bạn băm nhỏ tỏi và ớt. Sau đó cho vào chén 1 thìa canh nước mắm, 1 thìa canh đường, 1/2 thìa nước cốt chanh. Trộn đều hỗn hợp là bạn đã có ngay chén mắm thơm ngon, chua cay hấp dẫn.', 'Bước 3: Chuẩn bị hỗn hợp chiên Trước tiên, bạn cho bột gạo và bột nếp đã chuẩn bị vào một cái bát, tiếp tục cho thêm 1 quả trứng gà cùng với 120ml nước, 1/2 thìa cafe hạt nêm, 1/2 thìa cafe tiêu. Trộn đều hỗn hợp lại với nhau. Sau đó, cho vào bát 150g bông điên điển, 150g tép, một ít hành tím và tiếp tục trộn đều để các nguyên liệu hòa quyện lại với nhau.', 'Bước 4: Làm tép chiên bông điên điển Cho chảo lên bếp, thêm vào chảo một lượng dầu ăn vừa đủ. Khi dầu nóng lên thì cho phần hỗn hợp đã trộn đều vào để chiên. Tiếp tục đảo đều các mặt để tránh tình trạng một mặt bị cháy, còn mặt kia chưa chín.', 'Bước 5: Thành phẩm Chỉ với 20 phút chuẩn bị và 10 phút chế biến là chúng ta đã có ngay món tép chiên bông điên điển cực kỳ hấp dẫn. Vị béo ngọt của tép, bông điên điển thơm thơm, giòn rụm chắc chắn khiến ai nhìn vào cũng muốn thưởng thức ngay.', 'Bước 6: Thưởng thức Món tép chiên bông điên điển sẽ là sự lựa chọn hoàn hảo cho những ngày trời lạnh. Đặc biệt, khi chấm cùng với nước mắm chua ngọt cay cay, tạo nên hương vị không thể lẫn vào đâu được. Món này sẽ tuyệt vời hơn nữa nếu bạn thưởng thức cùng với một đĩa rau sống và bánh tráng, vừa giúp bổ sung chất xơ, vừa giúp bạn không bị ngấy.']",[],"Thứ hai, 31/7/2023, 16:16 (GMT+7)"
https://vncooking.com/cong-thuc/cach-lam-banh-tart-man-phu-pho-mai-bang-noi-chien-khong-dau-485,Bánh và bánh ngọt,Cách làm bánh tart mặn phủ phô mai bằng nồi chiên không dầu,"Bánh tart mặn phủ phô mai là món bánh bùi béo, thơm ngon được nhiều gia đình ưa thích. Cùng VNCooking khám phá cách làm của món bánh này nhé!",,30phút,2,,5,"['bánh tart 5 cái', 'Thịt heo 100 gam', 'pate gan 80 gam', 'Hành tây 1 củ', 'Phô mai 100 gam']","['Bước 1: Sơ chế các nguyên liệu Thịt heo xay nhuyễn, 1/2 củ hành đem cắt hạt lựu. Cho vào một tô lớn phần thịt heo đã xay, phần hành tây cắt hạt lựu cùng pate gan, 1 muỗng cà phê muối, 1/2 muỗng cà phê tiêu và ớt bột rồi trộn đều. Để phần thịt này thấm đều gia vị, phần thịt xay trộn này sẽ làm nhân của bánh.', 'Bước 2: Nướng vỏ bánh Đầu tiên, tiến hành làm nóng nồi chiên không dầu trước. Bật nồi chiên không dầu ở nhiệt độ 180 độ trong vòng 15 phút. Sau đó, dùng nĩa xăm đều vào đế bánh rồi đem đi nướng với cùng một nhiệt độ và thời gian như trên.', 'Bước 3: Nướng bánh lần 2 Sau khi đã nướng vỏ bánh tart, cho nhân bánh đã thấm đều gia vị vào giữa bánh rồi đem đi nướng lần 2 với 150 độ trong vòng 10 phút đến khi nhân chín hoàn toàn. Khi nhân bánh chín hòa toàn, hãy phủ lên trên mặt bánh một ít phô mai mozzarella và nướng ở 180 độ C trong vòng 5 phút. Sau khi đã nướng xong bánh, hãy lấy bánh ra lò và thưởng ngay khi còn nóng.', 'Bước 4: Thành phẩm Bánh tart mặn phủ phô mai khi nướng xong có một mùi hương thơm ngon khó cưỡng. Khi cắn một miếng bánh vào miệng, bạn sẽ cảm nhận được phần đế bánh giòn xốp cùng phần nhân thịt thơm ngon đậm vị kết hợp cùng hương vị bùi bùi, beo béo của phô mai hòa quyện tạo nên một món bánh bổ dưỡng, tròn vị ngon.', 'Bước 5: Thưởng thức Món bánh tart mặn phủ phô mai được nướng bằng nồi chiên không dầu vừa dễ làm, tiết kiệm thời gian mà hương vị bánh cực thơm ngon. Vị thơm béo của phô mai kết hợp cùng nhân thịt đậm vị và vỏ bánh giòn xốp nhưng không bị khô tạo nên một mùi hương hấp dẫn mà ai thưởng thức rồi sẽ khó lòng mà quên được. Món bánh này đơn giản, dễ làm thích hợp để bạn trổ tài chiêu đãi người thân và gia đình vào các dịp sum họp hoặc nghỉ dưỡng bên nhau.']",[],"Thứ hai, 31/7/2023, 16:09 (GMT+7)"
https://vncooking.com/cong-thuc/cach-nau-lau-sumo-chanko-nabe-sieu-cap-bo-duong-484,Món chính,Cách nấu lẩu sumo chanko nabe siêu cấp bổ dưỡng,"Lẩu sumo chanko nabe không chỉ là một món ăn có hương vị hấp dẫn mà còn mang lại nhiều giá trị dinh dưỡng tuyệt vời. Chỉ với một vài bước đơn giản, bạn hoàn toàn có thể tự tay làm món lẩu ngon tuyệt này ngay tại nhà. Cùng tìm hiểu ngay nhé!",,30phút,2,,10,"['Thịt gà 300 gam', 'konjac 100 gam', 'Cải thảo 100 gam', 'Tần ô 50 gam', 'Tần ô 50 gam', 'Đậu hũ 100 gam', 'hành baro 30 gam', 'Nấm kim châm 50 gam', 'Nấm đông cô 30 gam', 'Cà rốt 10 gam']","['Bước 1: Sơ chế nguyên liệu chính Konjac mua về bạn thái nhỏ thành các miếng vừa ăn, sau đó chần sơ qua với nước nóng rồi để ráo. Tôm bạn cắt bỏ râu ria rồi rửa sạch, để ráo. Thịt gà và đậu hũ bạn cũng rửa sạch rồi cắt miếng vừa ăn.', 'Bước 2: Sơ chế các nguyên liệu còn lại Cà rốt mua về bạn rửa sạch, cạo vỏ rồi cắt tỉa thành hình hoa theo tùy thích. Các nguyên liệu còn lại rửa sạch rồi thái miếng vừa ăn.', 'Bước 3: Nấu lẩu Bạn cho tất cả nguyên liệu đã chuẩn bị vào nồi nấu lẩu, sau đó cho thêm 1 lít nước vào cùng, đậy vung rồi đun trong khoảng 15 phút cho đến sôi thì tắt bếp.', 'Bước 4: Thành phẩm Lẩu sumo chanko nabe sau khi hoàn thành có màu sắc rất bắt mắt. Mùi thơm tỏa ra từ món lẩu này vô cùng hấp dẫn.', 'Bước 5: Thưởng thức Vậy là món lẩu sumo chanko nabe đã hoàn thành rồi! Khi ăn, bạn sẽ cảm nhận được vị mềm mềm, thơm ngon của thịt gà và đậu hũ cùng với vị ngọt thanh của nước dùng, rất kích thích vị giác.']",[],"Thứ sáu, 21/7/2023, 11:33 (GMT+7)"
https://vncooking.com/cong-thuc/cach-lam-oc-nau-coca-cola-doc-dao-ngot-thom-bat-ngo-483,Nhanh và dễ,"Cách làm ốc nấu Coca Cola độc đáo, ngọt thơm bất ngờ","Bạn là một tín đồ đam mê các loại ốc thì không thể bỏ qua được bài viết dưới đây. Với cách biến tấu món ăn độc lạ hấp dẫn, thơm ngon khó tả cùng món ốc nấu Coca Cola, hứa hẹn sẽ làm cho cả nhà bất ngờ với hương vị này",,45phút,3,,13,"['ốc gạo 1 kg', 'coca 1 lon', 'xả 4 cây', 'củ gừng 20 gam', 'thơm (khóm) 200 gam', 'củ hành tím 4 củ', 'tép tỏi 2 tép', 'Lá chanh 8 lá', 'Trái tắc 3 trái', 'trái ớt hiểm 5 trái', 'muỗng canh dầu điều đỏ 2 muỗng canh', 'Hạt nêm 0.5 muỗng canh', 'Tương ớt 0.5 muỗng canh']","['Bước 1: Sơ chế nguyên liệu Ở bước này, việc đầu tiên bạn cần làm là đem ốc đổ ra chậu thau và ngâm chung với vài lát ớt cho ốc nhả bớt nhớt và cát. Sau đó là đến gừng và sả, đem đi rửa sạch, để ráo. Phần tỏi và hành tím lột sạch vỏ để sang một bên. Lá chanh nhặt lấy lá, phần ớt hiểm bạn loại bỏ hết phần cuống, rồi đem đi rửa sạch, để ráo.', 'Bước 2: Cắt nhỏ các nguyên liệu và xử lý ốc Trước tiên là bạn cắt sả thành những lát xéo, gừng cắt lát mỏng vừa ăn, thơm cắt miếng có độ dày vừa phải khoảng 1cm, tỏi và hành tím cắt lát mỏng, lá chanh cắt sợi bản lớn để xào chung với ốc cho thơm, tắc cắt lát để trang trí món ăn khi đã nấu xong. Phần ốc sau khi đã ngâm khoảng 15 phút với ớt, bạn đổ ra rửa sạch lại bằng nước và để ráo.', 'Bước 3: Chế biến món ốc nấu Coca Cola Bạn lấy một cái chảo lớn, lòng chảo sâu và dày đặt lên bếp. Đổ 2 muỗng canh dầu điều đỏ vào chảo, đợi dầu nóng cho phần hành tỏi đã cắt lát vào phi thơm, tiếp đến là cho phần sả cắt xéo vào, rồi cho phần thơm vào xào chung. Sau khi đảo đều các nguyên liệu trong chảo, bạn đổ phần ốc vào đảo chung, nêm nếm 1/2 muỗng canh hạt nêm, 1/2 muỗng canh tương ớt và cho thêm khoảng 200ml Coca Cola vào đun chung với ốc, đậy nắp cho đến khi ốc chín.', 'Bước 4: Thành phẩm Sau khi món ăn đã chín bạn có thể để nguyên trên chảo cho nóng, rồi thêm mấy trái ớt hiểm, vài lát tắc đã cắt và phần lá chanh cắt sợi lên trên để trang trí cho đẹp mắt, món ăn thêm sắc màu hài hòa hơn. Món ốc nấu Coca Cola bạn có thể ăn chung với một chén nước mắm chuyên chấm ốc để thơm ngon đậm vị hơn.']",[],"Thứ sáu, 21/7/2023, 11:02 (GMT+7)"
https://vncooking.com/cong-thuc/cach-lam-suon-cay-thai-lan-sieu-ngon-sieu-don-gian-482,Món chính,Cách làm sườn cay Thái Lan siêu ngon siêu đơn giản,"Nếu bạn đang tìm kiếm một công thức món ăn lạ mà cực kỳ thơm ngon, đặc biệt có thể tự chế biến tại nhà thì hãy thử làm ngay món sườn cay Thái Lan nhé!",,30phút,2,,3,"['sườn cây (lựa chọn sườn cây lớn) 1 kg', 'Hành tây củ cải trắng ớt hiểm ớt đỏ hành lá ngò rí rễ ngò 1 phần', 'Nước cốt chanh 200 ml']","['Bước 1: Sơ chế nguyên liệu Rửa sạch sườn rồi để cho ráo nước, sau đó trần sơ qua nước sôi để loại bỏ mùi hôi trước khi nấu. Củ cải gọt vỏ rửa sạch, cắt thành từng miếng dày khoảng 2cm. Hành tây bạn bỏ vỏ rồi cắt múi cau. Sau đó bạn rửa sạch hành lá, ngò rí, rễ ngò để ráo. Phần rễ ngò bạn cắt đôi để cho vào cùng với sườn, còn phần lá bạn xắt nhỏ.', 'Bước 2: Ninh sườn Cho vào nồi lớn khoảng 2 lít nước cùng với rễ ngò, 5gr tiêu hạt, hành tây cùng với củ cải trắng đã cắt và 1 muỗng cà phê muối. Khi nước sôi thì cho sườn vào cùng hầm khoảng 1 tiếng với lửa nhỏ cho mềm và chín đều, sau đó bạn bỏ phần sườn ra riêng.', 'Bước 3: Làm nước dùng Bạn rang thơm ớt hiểm trên chảo để tạo vị cay hơn, sau đó cho cả ớt hiểm cùng ớt đỏ vào nồi nước ninh sườn đun sôi. Cùng với đó nêm nếm với hạt nêm và nước mắm sao cho phù hợp với khẩu vị nhất. Đun hỗn hợp trong vòng 2 phút rồi tắt bếp, sau đó bạn vắt khoảng 30ml nước cốt chanh cùng lá ngò và hành lá xắt nhỏ vào cùng là được.', 'Bước 4: Thành phẩm Bạn cho sườn lên đĩa, sau đó chan nước dùng lên đều phần sườn. Cho phần ngò, ớt lên trên cho thêm phần hấp dẫn. Bạn hãy thưởng thức ngay khi còn nóng.']",[],"Thứ tư, 19/7/2023, 10:15 (GMT+7)"
https://vncooking.com/cong-thuc/cach-lam-bap-bo-ham-bach-qua-sieu-cap-bo-duong-cho-ca-nha-481,Món chính,Cách làm bắp bò hầm bạch quả siêu cấp bổ dưỡng cho cả nhà,"Bắp bò hầm bạch quả không chỉ là một món ăn có hương vị hấp dẫn mà còn đem lại giá trị dinh dưỡng tuyệt vời. Chỉ với một vài thao tác đơn giản, bạn hoàn toàn có thể tự tay làm món ăn này ngay tại nhà. Cùng tìm hiểu ngay nhé!",,30phút,3,,9,"['Bắp bò 350 gram', 'bạch quả 30 gram', 'Khoai môn 100 gam', 'Táo đỏ 30 gam', 'kỷ tử 10 gram', 'đằng sâm 15 gram', 'Nước dừa tươi 500 ml', 'Gừng 10 gam', 'Gia vị: Hạt nêm bột năng tương cà muối. 1 phần']","['Bước 1: Sơ chế bắp bò Bắp bò sau khi mua về bạn rửa sạch rồi luộc sơ qua với nước nóng và gừng trong khoảng 5 phút để loại bỏ hoàn toàn mùi hôi và chất bẩn. Sau đó, bạn vớt bắp bò ra rồi cắt thành những miếng vừa ăn có độ dày khoảng 1cm. Cuối cùng, bạn cho thịt bắp bò đã cắt vào một cái tô, ướp cùng với 1 muỗng canh hạt nêm trong khoảng 15 - 20 phút cho thấm đều gia vị. Mẹo hay: Khi cắt bắp bò, bạn nên cắt theo thớ ngang để tránh thịt bò bị dai. Khi cắt theo thớ ngang, mặt cắt của thịt sẽ là những cuộn thịt xếp sát vào nhau, tạo ra các sợi thịt ngắn và dễ ăn hơn. Việc cắt thịt theo cách này cũng giúp thịt nhanh chóng thấm gia vị khi ướp và giảm thời gian nấu chín.', 'Bước 2: Sơ chế các nguyên liệu còn lại Bạch quả mua về bạn đem lột bỏ phần vỏ, bỏ đi phần tim. Đẳng sâm thì rửa sạch và để ráo. Táo đỏ và kỷ tử khô thì bạn nên ngâm với nước sạch trước khi chế biến khoảng 7 - 10 phút cho chúng nở mềm. Khoai môn bạn rửa sạch, gọt vỏ rồi cắt thành các miếng vừa ăn. Khi cắt khoai môn, bạn nên chuẩn bị một thau nước sạch, sau đó cho vào thau khoảng 1 muỗng canh muối rồi khuấy tan. Mỗi khi cắt xong, bạn nên cho ngay khoai môn vào thau nước muối để loại bỏ bớt nhựa chát và không bị thâm nhé!', 'Bước 3: Hầm bắp bò Bạn bấc một cái nồi lên bếp, sau đó cho thịt bắp bò và 500ml nước dừa tươi và cùng, hầm với lửa vừa trong khoảng 30 phút cho thịt mềm. Khi nước trong nồi sôi, bạn dùng vá vớt bỏ hết bọt. Sau đó, bạn cho thêm vào nồi 100g khoai môn, 30g bạch quả, 15g đẳng sâm và 30g táo đỏ đã sơ chế vào, hầm thêm khoảng 15 phút với lửa vừa cho chín đều các nguyên liệu.', 'Bước 4: Nêm nếm gia vị Bạn cho vào nồi 1/2 muỗng canh hạt nêm, 1 muỗng canh tương cà và 15g kỷ tử đã ngâm nở rồi khuấy đều. Sau đó, bạn tiếp tục pha trộn hỗn hợp gồm 1 muỗng canh bột năng và 2 muỗng canh nước lọc vào 1 cái tô, khuấy đều rồi cho vào nồi thịt. Đun thêm khoảng 5 phút nữa cho tất cả đều chín rồi tắt bếp.', 'Bước 5: Thành phẩm Bạn múc thịt bắp bò đã chín ra tô. Món bắp bò hầm bạch quả sau khi hoàn thành có màu sắc trông rất bắt mắt. Mùi thơm tỏa ra từ món ăn này cũng vô cùng hấp dẫn.', 'Bước 6: Thưởng thức Vậy là món bắp bò hầm bạch quả đã hoàn thành rồi! Khi ăn, bạn sẽ cảm nhận được vị mềm mềm, thơm ngon của thịt bắp bò cùng với vị ngọt thanh của táo đỏ và vị bùi bùi của bạch quả, rất kích thích vị giác. Bạn có thể thưởng thức món bắp bò hầm bạch quả cùng với cơm nóng hoặc bún đều vô cùng bắt miệng.']",[],"Thứ tư, 19/7/2023, 09:24 (GMT+7)"
https://vncooking.com/cong-thuc/cach-lam-goi-ga-mang-cut-480,Món khai vị,Cách làm gỏi gà măng cụt,"Gỏi gà măng cụt món ngon mùa hè lạ miệng cực ngon nổi tiếng ở Bình Dương. Nếu không có cơ hội xuống vùng đất này, bạn hoàn toàn có thể chế biến và thưởng thức gỏi gà măng cụt theo công thức dưới đây.",,15phút,3,,9,"['Thịt gà 500 gam', 'măng cụt 1 kg', 'Hành tây 1 củ', 'Cà rốt 1 củ', 'Rau răm 20 gram', 'Đậu phộng rang 20 gr', 'Hành phi 20 gram', 'chanh tỏi ớt 1 phần', 'Gia vị: giấm đường nước mắm muối 1 phần']","['Bước 1: Sơ chế măng cụt : Cách chọn măng cụt làm gỏi: Măng cụt bạn nên chọn những trái vừa chín tới, vỏ còn xanh để có độ giòn và vừa chua vừa ngọt. Trước tiên, bạn ngâm măng cụt vào một thau nước muối loãng cho sạch mủ rồi dùng dao có mũi nhọn gọt từ từ lớp vỏ bên ngoài để lấy phần ruột bên trong. Sau khi lấy măng cụt ra, bạn rửa bằng nước muối 1 lần nữa rồi cắt khoanh vừa ăn. Kế tiếp, pha 1 thau nước với ½ thìa đường, ½ muỗng canh giấm rồi ngâm măng cụt vào rồi để trong tủ lạnh cho giòn. Khi trộn gỏi thì vớt ra và để ráo.', 'Bước 2: Sơ chế thịt gà: Thịt gà sau khi mua về bạn sơ chế thật sạch rồi cho vào nồi luộc. Đổ nước cho ngập gà và thêm vào đó 1 thìa cà phê muối cùng 2 củ hành tím rồi luộc khoảng 20 phút, khi gà chín thì lấy ra để nguội rồi xé phay', 'Bước 3: Các nguyên liệu khác: Hành tây bóc vỏ, rửa sạch rồi thái khoanh. Cà rốt bào vỏ, rửa sạch rồi thái sợi. Rửa sạch rau thơm rồi băm nhuyễn, ớt thái lát.', 'Bước 4: Làm nước mắm chua ngọt Công thức pha nước mắm chua ngọt để trộn gỏi gà măng cụt: nước cốt 1 quả chanh, 3 thìa đường, 1 thìa nước mắm, tỏi và ớt băm. Bạn hòa tan đường trong nước cốt chanh rồi thêm nước mắm vào. Khuấy đều để các nguyên liệu quyện vào nhau rồi thêm tỏi ớt băm vào.', 'Bước 5: Trộn gỏi ạn cho tất các các nguyên liệu gồm thịt gà, măng cụt, rau củ vào và trộn như trộn gỏi thông thường. Rưới nước mắm lên và trộn đều một lần nữa. Cuối cùng, cho hành tím phi và đậu phộng rang vào, cho ra đĩa rồi thưởng thức.', 'Bước 6: Thành phẩm Gỏi gà măng cụt Vậy là món gỏi gà măng cụt đã hoàn thành rồi. Để làm món này thành công, bạn hãy chú ý trong khâu chọn măng cụt nhé. Măng cụt vừa chín tới làm món gỏi này rất tuyệt đó, vừa giòn giòn vừa chua chua lại ngọt ngọt. Các nguyên liệu quyện vào nhau, mùi thơm từ rau thơm rồi lại vị cay cay của tỏi, ớt, ăn một miếng là mê liền luôn, các bạn có thể ăn không hoặc ăn với bánh phồng cũng rất tuyệt. Hãy làm món gỏi này cho gia đình thưởng thức đảm bảo hết trong một nốt nhạc nha! Lại một công thức mới giúp thay đổi thực đơn hàng ngày của gia đình bạn, hãy lưu lại và thực hiện cho cả nhà thưởng thức nhé. Chúc bạn thành công với món gỏi gà măng cụt!']",[],"Thứ tư, 19/7/2023, 08:56 (GMT+7)"
https://vncooking.com/cong-thuc/ca-nuc-kho-ca-chua-479,Món chính,Cá nục kho cà chua,"goài việc dùng để làm các món cá kho tuyệt ngon ăn cực hợp với cơm trắng thì cá nục cũng mang lại rất nhiều lợi ích sức khỏe cho con người như: ngăn ngừa bệnh tim, làm giảm nguy cơ tiểu đường, điều khiển mức huyết áp, cải thiện chức năng não bộ…",,30phút,2,,5,"['Cá nục 500 gram', 'Cà chua chín 500 gram', 'Hành khô băm 10 gram', 'Gừng 2 lát', 'Hành lá 1 cọng']","['Bước 1: Cá nục sau khi mua về bạn rửa sạch, mổ bụng bỏ ruột cá. Dùng muối chà sát trong ngoài để khử mùi tanh của cá. Sau đó, rửa cá lại với nước sạch nhiều lần rồi cắt mỗi con thành 2 hoặc 3 phần (tùy theo kích cỡ). Sau đó, ướp cá với một chút hành khô băm, hạt nêm, tiêu xay và nước mắm khoảng 30 phút. Cà chua cắt cuốn, rửa sạch, bổ múi cau. Hành lá, ngò, gừng rửa sạch và thái nhỏ', 'Bước 2: Bạn bắc chảo lên bếp với chút dầu ăn, đợi dầu cho nóng già thì hẵng cho cá vào chiên sơ, 2 mặt cá vừa vàng đều thì bạn vớt cá ra, để ráo dầu.', 'Bước 3: Bắc nồi lên bếp, bạn cho chút dầu ăn vào, đun sôi dầu thì cho hành khô băm vào phi lên cho thơm. Tiếp theo, cho phần cà chua vào với 1 muỗng café bột nêm và đường, xào đều tay.', 'Bước 4: Sau đó, lần lượt cho cá và gừng ớt đập dập vào. Cho vào lượng nước vừa đủ xâm xấp mặt cá. Đợi cho nồi cá sôi thì hạ lửa về liu riu, ninh cho đến khi cá nhừ. Lúc này, bạn nêm nếm lại sao cho nồi cá vừa ăn.', 'Bước 5: Đến khi cá chín mềm, nước kho còn xâm xấp thì bạn cho hành lá, ngò và rắc chút tiêu xay, đảo nhẹ là có thể tắt bếp. Vậy là bạn hoàn tất món cá nục kho cà chua.']",[],"Thứ ba, 21/2/2023, 14:32 (GMT+7)"
https://vncooking.com/cong-thuc/sun-ga-rang-muoi-478,Nhanh và dễ,sụn gà rang muối,"Sụn gà rang muối được nhiều người yêu thích bởi vị mặn – ngọt – cay rất lạ miệng. Món ăn này càng hấp dẫn hơn khi thưởng thức cùng ly bia mát lạnh trong cái nắng oi ả của mùa hè. Sụn gà còn là món ăn vặt phù hợp cho chị em nhấm nháp “giết thời gian” ở các buổi tụ tập, xả stress.",,30phút,2,,8,"['sụn gà 300 gram', 'Đậu xanh 100 gram', 'Sả 5 cây', 'Trứng gà 1 quả', 'Gạo nếp 100 gram', 'Bột năng 20 gram', 'Gừng 1 củ', 'hành tỏi băm nhỏ 2 muỗng']","['Bước 1: Gạo nếp và đậu xanh bạn vo sạch rồi ngâm trong nước khoảng 3 tiếng đến khi mềm rồi rửa sạch, để ráo. Cho hỗn hợp gạo và đậu vào chảo nóng, rang đều tay khoảng 15 phút rồi tắt bếp. Chờ cho gạo và đậu nguội hẳn thì bạn cho hỗn hợp vào máy xay, xay nhuyễn.', 'Bước 2: Sụn gà mua về rửa sạch, để ráo. Bắc một nồi nước lên bếp, đun sôi rồi cho gừng đập dập cùng với 1 muỗng cà phê muối vào. Tiếp đến, bạn cho sụn gà vào luộc với lửa nhỏ khoảng 15 phút cho chín rồi vớt ra tô.', 'Bước 3: Sụn gà đã luộc chín bạn thêm 1 muỗng cà phê muối, 1 muỗng canh đường, bột năng, tiêu xay và 1 quả trứng gà, đảo đều hỗn hợp. Ướp khoảng 20 phút cho sụn gà thấm gia vị.', 'Bước 4: Sả cắt bỏ gốc và lớp vỏ ngoài, rửa sạch bụi phấn rồi bào sợi. Bắc chảo lên bếp, khi chảo nóng bạn cho vào 200ml dầu ăn. Đợi dầu thật nóng bạn cho sả vào chiên vàng, dậy mùi thơm thì vớt ra. Tiếp tục, cho sụn gà vào chiên vàng giòn rồi vớt ra một đĩa khác. Phi thơm hành tỏi băm với một chút dầu ăn, cho sụn gà đã chiên giòn ở bước trên vào, thêm hỗn hợp gạo nếp và đậu xanh xay nhuyễn đã chuẩn bị trước đó cùng 2 muỗng cà phê muối, đảo đều hỗn hợp trong 2 phút rồi tắt bếp. Lấy sụn gà rang muối ra đĩa và cho sả đã chiên vàng vào trộn đều và thưởng thức.']",[],"Thứ tư, 21/12/2022, 16:28 (GMT+7)"
https://vncooking.com/cong-thuc/che-hat-sen-dau-xanh-477,Món tráng miệng,Chè hạt sen đậu xanh,"Chè hạt sen đậu xanh là món ăn vô cùng quen thuộc, hấp dẫn với hàm lượng dinh dưỡng cao đặc biệt tốt cho sức khỏe. Tuy nhiên nếu không biết cách chế biến, bạn sẽ dễ làm các dưỡng chất trong nguyên liệu bị biến đổi và mất tác dụng. Do đó khi muốn thực hiện món ăn này, bạn đừng bỏ qua cách nấu chè hạt sen đậu xanh chia sẻ dưới đây nhé!",,45phút,2,,6,"['Đậu xanh không vỏ 100 gram', 'Đường 150 gram', 'ống vani 1 ống', 'Hạt sen tươi 100 gram', 'Bột sắn dây 3 muỗng', 'Nước 400 ml']","['Bước 1: Đậu xanh mua về rửa sạch. Ngâm vào nước ấm khoảng 1 – 2 tiếng sẽ giúp đậu xanh mềm dễ nấu hơn. Hạt sen tươi mua về rửa sạch, dùng dao nhọn tách bỏ phần tim sen.', 'Bước 2: Đậu xanh cho vào xửng hấp chín mềm Cho hạt sen vào nồi với lượng nước vừa đủ ngập hết hạt sen và đun sôi đến khi chín mềm.', 'Bước 3: Khi thấy hạt sen đã chín tới, cho đậu xanh đã hấp vào nồi hạt sen. Tiếp tục cho lượng đường đã chuẩn bị vào nồi, để lửa vừa và khuấy đều tay cho tan đường. Để chè hạt sen đậu xanh có độ sánh đặc hấp dẫn, hòa 1 muỗng bột sắn dây với ½ chén nước lọc rồi cho vào nồi chè, khuấy đều tay để không bị vón cục. Khi thấy chè đã sánh thì tắt bếp. Bạn nhớ thêm ít vani để chè có mùi thơm hấp dẫn hơn nhé.']",[],"Thứ tư, 21/12/2022, 12:51 (GMT+7)"
https://vncooking.com/cong-thuc/cach-nau-vit-nau-chao-dam-da-chuan-vi-mien-tay-476,Món chính,Cách nấu vịt nấu chao đậm đà chuẩn vị miền Tây,"nếu cần một món đổi vị cho bữa cơm hằng ngày, bạn có thể tham khảo và chế biến món vịt nấu chao hoặc làm lẩu vịt nấu chao với hương vị thơm ngon, lạ miệng. Cách nấu vịt nấu chao không quá khó, bạn có thể dễ dàng thực hiện với các bước hướng dẫn đơn giản ngay dưới đây.",,45phút,2,,0,[],[],[],"Thứ ba, 1/11/2022, 10:42 (GMT+7)"
https://vncooking.com/cong-thuc/cach-lam-xoi-xeo-475,Món ăn sáng,Cách làm xôi xéo,"Xôi xéo không chỉ là niềm tự hào của ẩm thực đường phố Hà Nội, mà còn là món ăn quen thuộc với người dân cả nước vào buổi sáng.",,45phút,2,,5,"['Gạo nếp 300 gram', 'Đậu xanh cà vỏ 100 gr', 'Mỡ gà 200 gram', 'Bột nghệ 1 muỗng cà phê', 'Muối 3 muỗng cafe']","['Bước 1: Sơ chế nguyên liệu Gạo nếp vo sạch, sau đó ngâm trong nước cùng bột nghệ và muối, để trong 7 – 8 tiếng để khi nấu xôi có vị đậm đà và có màu vàng óng hấp dẫn. Sau khi ngâm trong nước nghệ đủ 7 – 8 tiếng, bạn lấy gạo nếp vo lại một lần nữa và để ráo. Đậu xanh cà vỏ ngâm trong nước ấm từ 3 – 4 tiếng trước khi nấu. Hành tím rửa sạch, bỏ vỏ và bào mỏng rồi phơi khô trong khoảng 10 – 30 phút để khi phi hành giòn, thơm hơn. Rửa sạch mỡ gà, thắng lấy nước mỡ', 'Bước 2: Nấu xôi Sau khi gạo nếp ráo nước, dùng phần nước mỡ gà trộn đều với gạo nếp. Tiếp đó, bạn dùng xửng hấp phần gạo nếp, trong thời gian hấp bạn nên dùng đũa đảo đều cho hạt nếp chín đều. Hấp trong khoảng 20 – 30 phút thì dùng tay miết hạt nếp, nếu hạt nếp không còn nhân nữa thì tắt bếp.', 'Bước 3: Làm nhân đậu xanh Tương tự như cách chế biến đậu xanh trong cách nấu xôi vò, đậu xanh cà vỏ sau khi ngâm nước thì bạn trộn đều cùng ½ muỗng cà phê muối. Sau đó, cho đậu vào xửng hấp trong khoảng 20 – 25 phút, dùng tay miết thấy đậu mịn thì tắt bếp. Dùng cối giã hoặc máy xay xay hạt đậu thật nhuyễn mịn. Múc đậu ra, dùng máy xay sinh tố xay nhuyễn mịn đậu xanh. Nếu nhà mình không có máy xay, bạn có thể lấy ra cối và giã cho thật nhuyễn. Lấy đậu xanh vừa xay nhuyễn vo thành cục vừa ăn', 'Bước 4: Phi hành tím Bắt chảo dầu từ mỡ gà cho nóng, sau đó thêm phần hành tím đã bào mỏng vào, vặn lửa nhỏ, đảo đều tay trong khoảng 30 giây thì tắt bếp. Sau khi phi hành xong, bạn chỉ cần dọn xôi ra đĩa, dùng dao cắt một lớp đậu xanh vừa ăn lên xôi và rắc hành phi ở trên là có thể ăn được rồi. Ngoài ra, bạn cũng có thể làm thêm chà bông, lạp xưởng, chả,thịt kho tàu…để tăng thêm hương vị khi thưởng thức món xôi xéo đấy.']",[],"Thứ sáu, 21/10/2022, 10:07 (GMT+7)"
https://vncooking.com/cong-thuc/mi-quang-thit-heo-474,Món ăn sáng,Mì Quảng Thịt Heo,"Nếu bạn là người yêu mì Quảng và tìm hiểu cách nấu mì Quảng thịt heo chuẩn hương vị miền Trung nhé. Ngoài món mì, bạn cũng có thể học rất nhiều các món cháo, bún, phở rất ngon và hấp dẫn tại đây nữa đấy!",,45phút,1,,9,"['mì Quảng tươi tráng sẵn 500 gr', 'Nước dừa 1 lít', 'thịt heo (thịt nạc vai hoặc mông) 500 gr', 'củ tỏi 1 củ', 'hũ cà súp gia vị 1 hũ', 'quả ớt 2 quả', 'canh hạt điều màu 1 muỗng', '• Rau sống (húng lủi quế cải non giá hành) 0 cây', 'Đậu phộng 100 gram']","['Bước 1: Sơ chế và ướp thịt heo • Thịt heo bạn mua về đem rửa sạch, thái miếng kích cỡ vừa ăn rồi để ráo. Ớt đỏ bạn rửa sạch, luộc sơ, băm nhuyễn cùng với tỏi. • Bạn lấy ½ phần tỏi ớt vừa băm nhuyễn, thêm các gia vị nước mắm, tiêu, ½ hộp xốt cà, bột nêm, đường vào và ướp với thịt heo khoảng 30 phút cho ngấm đều.', 'Bước 2: Xào săn thịt heo • Chuẩn bị một cái chảo sạch, bắc lên bếp, bạn đợi chảo nóng, cho dầu ăn, sau đó phi hạt điều màu để làm nước màu điều. • Tiếp tục cho nốt số tỏi ớt còn lại vào và phi thơm, sau đó bạn cho thịt heo đã ướp vào xào săn lại.', 'Bước 3: Nấu thịt heo làm nước dùng • Chuẩn bị nồi nước dừa, cho thịt heo đã xào săn vào nấu cho đến khi bạn thấy thịt heo chín mềm. Nêm nếm vừa ăn rồi tiếp tục cho ½ hộp xốt cà vào tạo màu và tăng mùi thơm cho nước dùng.', 'Bước 4: Chuẩn bị các nguyên liệu ăn kèm Trong thời gian đợi thịt heo mềm thì bạn tiến hành sơ chế các nguyên liệu ăn để tiết kiệm thời gian. • Đậu phộng bạn rang vàng với một ít muối cho đậu giòn và thơm, sau đó, bạn đợi đậu nguội thì mang đi bóc vỏ, cho vào cối giã dập. Bạn lưu ý là chỉ giã dập thôi nhé. • Với các loại rau sống, bạn nhặt bỏ lá sâu, hư, già rồi mang đi ngâm qua với nước muối pha loãng khoảng 15 phút để khử bớt phần thuốc trừ sâu trong rau. Kế đó, bạn mang rau đi rửa qua với nước lạnh vài lần nữa cho sạch thì vẩy ráo nước. • Pha nước mắm ăn kèm như sau: bạn cho vào chén 3 muỗng canh nước mắm ngon, thêm vào 1/3 muỗng cà phê bột ngọt, khuấy đều cho tan rồi thêm vào một ít ớt, tỏi cắt lát. Đơn giản như thế là có ngay phần nước mắm cho món mì Quảng thêm đậm đà rồi.', 'Bước 5: • Bây giờ, bạn kiểm tra xem thịt heo đã mềm chưa, nếu thịt heo mềm thì bạn nêm nếm lại gia vị lần cuối cho nước dùng vừa miệng là được. • Bạn lưu ý là khi nấu nước dùng mì Quảng, bạn chỉ cần nấu một lượng nước ngập mặt thịt khoảng 3cm và nấu cạn còn khoảng xâm xấp mặt thịt là được nhé. Điểm đặc biệt của món mì này là khi thưởng thức, người ta chỉ cho vào ít nước dùng rồi trộn đều và thưởng thức. Nhờ vậy mà bạn có thể cảm nhận được vị ngon đậm đà khó cưỡng của món ăn. • Sau khi đã xong phần nước dùng, bạn lấy một cái tô sạch, cho mì Quảng và rau sống vào, cho thêm thịt heo và chan nước dùng vừa đủ xâm xấp mì, rắc đậu phộng lên trên, có thể thêm hành ớt cắt nhuyễn nếu thích. Cuối cùng, bạn vắt chút chanh lên và thưởng thức. Nếu được, bạn có thể thay ớt tươi cắt lát bằng món tương ớt rim đặc biệt của người Quảng Nam nữa nhé!']",[],"Thứ sáu, 21/10/2022, 09:32 (GMT+7)"
https://vncooking.com/cong-thuc/rau-cau-nhan-banh-flan-473,Bánh và bánh ngọt,Rau câu nhân bánh Flan,"Món rau câu dừa nhân bánh flan sẽ là món tráng miệng nhiều chất dinh dưỡng được cả nhà bạn yêu thích. Vừa dễ làm, vừa tốt cho sức khỏe, bạn đừng nên bỏ qua cách làm món rau câu dừa nhân bánh flan được Vncooking hướng dẫn dưới đây nhé.",,60phút,2,,7,"['Sữa tươi không đường 220 ml', 'Sữa đặc 2 muỗng', 'Trứng gà 4 quả', 'Khuôn đổ bánh flan 5 cái', 'Đường kính trắng 100 gram', 'Bột rau câu dẻo 10 gram', 'Nước dừa tươi 1 lít']",[],[],"Thứ hai, 19/9/2022, 14:41 (GMT+7)"
https://vncooking.com/cong-thuc/banh-sakura-cheesecake-472,Bánh và bánh ngọt,Bánh Sakura Cheesecake,"Hoa anh đào không những là loài hoa biểu tượng cho mùa xuân của đất nước Nhật Bản mà còn được dùng để chế biến những món ăn rất tinh tế và có hương thơm dễ chịu. Năm mới sắp đến, bạn hãy cùng Vncooking vào bếp để thực hiện món bánh sakura cheesecake để chiêu đãi cả nhà nhé, chắc hẳn các thành viên gia đình bạn sẽ thích thú lắm đây.",,75phút,1,,6,"['Bánh gato 1 bạt bánh', 'Kem tươi 150 ml', 'Gelatine bột 8 gram', 'Hoa anh đào muối 10 gram', 'Mica mềm để làm khuôn 1 cái', 'ĐườngTinh dầu mùi hoa anh đào 20 gram']","['Bước 1: Bạn cắt những đoạn mica mềm có chiều dài khoảng 22-25cm, chiều cao khoảng 4 -5cm. Bẻ tạo hình trái tim rồi dán 2 đầu lại với nhau để định hình. Dùng khuôn này cắt bạt bánh gato thành những hình trái tim giống nhau theo khuôn', 'Bước 2: Nấu 100ml nước với 1 muỗng canh đường, sau đó cho khoảng 4gelatine đã ngâm nước vào, khuấy cho gelatine tan đều. Thêm vài giọt tinh dầu mùi hoa anh đào vào, tắt bếp chờ nguội.', 'Bước 3: Đánh bông 150ml kem tươi với 15gr đường (nếu thích ngọt bạn cho thể cho thêm đường) rồi từ từ cho hỗn hợp nước và gelatine vào, khuấy đều.', 'Bước 4: Đổ hỗn hợp whipping cream vào bánh gato đã cắt trong khuôn. Cho vào tủ lạnh để bánh cứng lại.', 'Bước 5: Nấu 100ml nước và 1 muỗng canh đường, 4gr gelatine còn lại. Khuấy cho tan gelatine rồi tắt bếp, thêm vào 1 muỗng cà phê rượu hoa anh đào. Đổ 1 lớp mỏng galatine lên lớp whipping cream, sau đó xếp từng cánh hoa anh đào lên lớp gelatine vào tiếp tục cho thêm 1 lớp gelatine nữa lên hoa để giữ hoa này trong bánh. Sau đó bạn cho bánh vào tủ lạnh chờ đông hẳn rồi lấy bánh ra khỏi khuôn và thưởng thức. Mới nhìn bạn sẽ nghĩ món bánh này chắc sẽ rất nhiều công đoạn, nhưng thực ra cũng như học làm bánh cheesecake khác, cheesecake hoa anh đào cực ngon với mùi thơm nhẹ từ rượu hoa anh đào, kết hợp với vị béo từ kem tươi sẽ làm bạn ngất ngây. Chúc bạn thành công khi thực hiện.']",[],"Thứ hai, 19/9/2022, 14:27 (GMT+7)"
https://vncooking.com/cong-thuc/banh-tiramisu-471,Bánh và bánh ngọt,Bánh tiramisu,"Bánh tiramisu có rất nhiều hương vị khác nhau. Trong các tiệm bánh, cửa hàng trên thị trường, dễ dàng bắt gặp các loại tiramisu vị trà xanh, chocolate… Có nơi, người ta nói tiramisu là “thiên đường trong miệng”. Với kết cấu bánh mềm, mịn, nhẹ và rất thơm ngon, tiramisu hoàn toàn có thể chinh phục tất cả những ai yêu bánh nói riêng và yêu ẩm thực nói chung.",,75phút,2,,7,"['bánh sampa 300 gram', 'lòng đỏ trứng gà 3 quả', 'Đường 150 gram', 'Cà phê đen 300 ml', 'rượu Kahlua 50 ml', 'pho mát mascarpone 300 gram', 'thìa cà phê ca-cao 2 thìa']","['Bước 1: Bạn đập trứng gà và chỉ lấy lòng đỏ. Cho vào trong một cái tô sạch, cho tiếp rượu và đường vào. Tiếp đó, bạn dùng máy đánh trứng đánh đều. Đến khi nào thấy hỗn hợp bông lên là ngừng.', 'Bước 2: Lấy hỗn hợp ở trên đun cách thủy cho đến khi đặc lại. Vừa đun vừa khuấy, khi thấy phần bề mặt hơi bóng thì bạn tắt bếp và để hỗn hợp cho nguội.', 'Bước 3: Bạn đánh bông phần kem whipping. -Cho phần pho mát mascarpone vào một cái tô sạch và đánh đều tay. Khi nào pho mát mềm và mịn thì ngưng.', 'Bước 4: Hỗn hợp trứng đã nguội thì bạn cho vào đun cùng pho mát. Tiếp đó đánh thật đều và cho thêm số kem tươi mà bạn vừa đánh bông vào. Lưu ý là khuấy thật đều, khi nào hỗn hợp quyện đều và mịn là được.', 'Bước 5: Bạn lấy 1 nửa phần hỗn hợp đã trộn đều để rải xuống khay nướng.', 'Bước 6: Nhúng các bánh Sampa vào cà phê pha đặc rồi xếp kín phần đáy khuôn. Có thể để café hơi lạnh trước khi nhúng bánh vào để bánh ngon hơn.', 'Bước 7: Lần lượt xếp số bánh lên trên lớp hỗn hợp trong khay.', 'Bước 8: Một nửa hỗn hợp còn lại thì bạn tiếp tục rải đều và phủ lên lớp bánh Sampa. Cuối cùng, bạn rây cacao lên bề mặt bánh. Hoàn thành xong, bạn để bánh trong tủ lạnh tầm 5 tiếng đồng hồ.']",[],"Thứ hai, 19/9/2022, 14:13 (GMT+7)"
https://vncooking.com/cong-thuc/mi-quang-chay-470,Món chay,Mì Quảng Chay,Nếu bạn là tín đồ ăn chay thì chắc chắn không nên bỏ qua món mì quảng chay thơm ngon hấp dẫn.,,60phút,1,,13,"['Mì Quảng 1 kg', 'Xúc xích chay 100 gr', 'Đậu phộng rang 150 gram', 'Thịt sườn chay khô phù trúc khô 100 gram', 'Nấm rơm tươi 100 gram', 'Phù trúc tươi 100 gram', 'Dầu gấc xì dầu dầu hào muối bột ngọt 1 thìa cafe', 'Đậu hũ 1 miếng', 'Hành boa rô cà rốt khoai tây khoai môn tàu 3 củ', 'Tương ớt 1 chai', 'Ớt trái 2 trái', 'sả cây 1 cây', 'Bánh tráng nướng 1 cái']","['Bước 1: Sơ chế nguyên liệu • Phù trúc và thịt sườn chay khô sau khi mua về, bạn cho vào trong nước ngâm đến khi mềm thì vắt ráo nước rồi cắt thành từng sợi dài vừa ăn. • Nấm rơm lựa chọn nấm búp là ngon nhất. Nấm sau khi mua về, bạn cắt bỏ chân, rửa sạch, nếu nấm to thì cắt đôi còn nấm nhỏ thì giữ nguyên. • Khoai tây, cà rốt, khoai môn gọt vỏ, rửa sạch, cắt khối vuông vừa ăn. • Đối với xúc xích chay, bạn thái hạt lựu là được . • Đậu phộng rạng bạn giã nát (lưu ý không giã quá nhỏ) • Bông chuối bào ngâm nước muối cho trắng, giá đỗ, rau thơm, xà lách nhặt, rửa sạch và để ráo nước. • Đậu hũ cắt khối vuông.', 'Bước 2: Ướp nguyên liệu nấu mì quảng chay • Phù trúc tươi, phù trúc khô, thịt sườn, xúc xích bạn cho vào một cái âu lớn, ướp vào 2 muỗng canh dầu hào, 1 muỗng canh nước tương, 1 muỗng canh dầu gấc, ½ muỗng cà phê muối, ½ muỗng cà phê bột ngọt, thêm tý tiêu xay và băm nhuyễn đầu hành boaro vào cho thơm. Tất cả bạn trộn đều và để khoảng 30 phút cho nguyên liệu thấm gia vị.', 'Bước 3: Chiên nguyên liệu • Trong lúc đợi các nguyên liệu trên thấm gia vị, bạn đặt chảo lên bếp, cho dầu ăn vào, dầu nóng thì bạn cho khoai môn, khoai tây, cà rốt vào chiên sơ để khi nấu nước dùng chúng không bị vỡ đồng thời sẽ có hương vị thơm hơn. • Sau khi chiên xong các loại củ, bạn cũng cho đậu hũ vào chiên vàng các mặt là được.', 'Bước 4: Nấu nước lèo mì quảng chay • Đặt nồi lên bếp, bạn cho dầu gấc vào rồi phi thơm hành boaro, kết tiếp, cho hỗn hợp đã ướp ở bước 2 vào xào thơm khoảng 4 phút thì bạn cho nước dừa tươi, nước lọc hoặc nước dùng nấu từ rau củ vào và nấu sôi. • Sau khi nồi nước dùng sôi được khoảng 5 phút thì bạn tiếp tục cho khoai tây, khoai môn, cà rốt, đậu hũ, nấm rơm vào nấu. Lúc này, bạn hãy đập dập 1 cây sả và cho vào nồi nước dùng cho thơm. • Bạn tiếp tục nấu đến khi các loại củ mềm vừa ăn thì nêm nếm lại gia vị cho vừa miệng thì tắt bếp.', 'Bước 5: Thưởng thức mì quảng chay ngon • Bạn sắp một ít mì vào bát, thêm rau sống bên cạnh rồi chan nước dùng có đủ các nguyên liệu lên trên. Cuối cùng rắc thêm tý đậu phộng, cho thêm tương ớt rim đặc trưng rồi thưởng thức cùng ít bánh tráng nước giòn tan. • Nếu nước dùng nhạt, bạn chuẩn bị thêm chén xì dầu có pha thêm vài lát ớt để rưới vào nhé!']",[],"Thứ hai, 19/9/2022, 11:38 (GMT+7)"
https://vncooking.com/cong-thuc/canh-kim-chi-suon-non-469,Món chính,Canh Kim Chi Sườn Non,"Trong tiết trời se lạnh cuối năm, với vị cay cay xen lẫn chua dịu của kim chi thì không ai có thể từ chối được món canh kim chi sườn non ngon tuyệt xuất hiện trong mỗi bữa cơm cùng gia đình. Vậy các bạn đã có sẵn cho mình một công thức chuẩn để học cách nấu món canh kim chi này chưa.",,45phút,2,,7,"['Kim chi cải thảo 400 gram', 'Sườn non 400 gram', 'Đậu phụ non 4 bì', 'Nâm kim châm 200 gam', 'tàu hủ ki 2 miếng', 'Nấm hương 6 cái', 'Hành lá hành tím 2 củ']","['Bước 1: Hành lá bạn nhặt sạch rễ, rửa sạch và cắt thành khúc. Hành tím đem bóc bỏ vỏ, băm nhuyễn.', 'Bước 2: Sườn non bạn rửa sạch, trụng qua nước sôi 1 lần cho sạch bụi bẩn rồi để ráo nước. Nấm hương và tủ hủ ky ngâm nước cho nở mềm.', 'Bước 3: Kim chi cải thảo bạn đem vắt khô hết nước và cắt thành miếng nhỏ. Đậu phụ non bạn đem cắt thành từng miếng vuông nhỏ vừa ăn.', 'Bước 4: Đặt nồi lên bếp, đun sôi dầu ăn rồi cho hành tím đã băm nhỏ vào phi thơm. Tiếp theo, bạn cho sườn non và kim chi vào đảo đều tay để kim chi được ngấm, đổ nước xăm xắp mặt, đậy nắp lại đun sôi lên. Bạn đun cho đến khi nước sôi thì cho đậu phụ non, nấm hương, tàu hủ ky, nấm kim châm vào và đảo thật đều, nhẹ tay để đậu không bị nát.', 'Bước 5: Bạn đợi cho nồi canh sôi nhẹ rồi bạn nêm canh lại cho vừa ăn, thêm hành lá, đảo nhẹ rồi tắt bếp. Cuối cùng, bạn bắc nồi canh kim chi xuống, múc ra thố có nắp đậy để canh nóng lâu, dùng nóng với cơm trắng.']",[],"Thứ hai, 19/9/2022, 11:27 (GMT+7)"
https://vncooking.com/cong-thuc/ca-keo-nuong-468,Món nhậu,Cá Kèo Nướng,Cách làm món cá kèo nướng mắm me sẽ được VnCooking chia sẻ ngay bên dưới. Mời các bạn cùng xem và thực hiện theo để có món ăn ngon hết sảy chiêu đãi cả gia đình nhé!,,60phút,2,,7,"['Cá kèo 500 gram', 'Sa tế 1 hủ', 'Sả ớt tỏi hành tím và tiêu 1 loại', 'Me 50 gram', 'nước đun sôi 200 ml', 'Gừng 1 củ', 'Nước mắm 2 Thìa']","['Bước 1: Cá kèo khi mua, bạn nhờ người bán làm sạch mang và vây. Sau khi mang về nhà, bạn rửa sạch rồi tiến hành khử mùi tanh cá kèo và làm sạch nhớ bằng cách trộn muối cùng với nước cốt chanh. Sau đó, bạn chà xát hỗn hợp đó lên cá kèo thật kỹ rồi rửa sạch lại với nước.', 'Bước 2: Cá kèo sau khi làm sạch, bạn cho vào thau nhỏ, ướp cá với 2 muỗng canh sa tế, một chút muối, hạt nêm, bột ngọt và nước mắm. Kế tiếp, giã nát tỏi, ớt, sả và tiêu rồi cho vào thau cá kèo. Đảo đều cho gia vị phủ đều lên từng con cá.', 'Bước 3: Chuẩn bị than hoa, quạt than đỏ thì bạn đặt vỉ lên bếp. Kế tiếp, cho cá lên nướng. Khi nướng, bạn nhớ quét hỗn hợp gia vị ướp lên cá để cá có màu sắc đẹp mắt. Lưu ý khi lật cá, bạn nhẹ tay để cá không bị nát. Cứ nướng như thế cho đến khi cá vàng đều hai mặt thì gắp ra, sắp vào đĩa có trang trí một ít rau răm, dưa leo cắt lát Cá kèo mà chấm mắm me là ngon nhất.', 'Bước 4: Cách làm nước chấm mắm me', 'Bước 5: me mua về bạn rửa sạch, luộc chín với chút muối và gừng sẽ làm me ngon hơn. Sau đó, bạn cắt me thành từng lát mỏng. Nếu mua me chín thì bạn chỉ cần chần qua nước sôi và cắt nhỏ. Ớt bỏ hạt, bằm nhuyễn, gừng đập dập, cắt nhỏ.', 'Bước 6: cho me đã cắt nhỏ và dằm trong nước đun sôi, bạn dằm được khoảng 2 phút thì cho thêm đường vào và tiếp tục dằm cho me ra nước chua.', 'Bước 7: Kế tiếp, bạn cho thêm nước mắm và ớt vào rồi khuấy đều. Bạn nêm nếm lại xem nước chấm mắm me đã hợp khẩu vị chưa nhé. Cách làm nước chấm mắm me chỉ đơn giản như vậy thôi!']",[],"Thứ sáu, 16/9/2022, 16:57 (GMT+7)"
https://vncooking.com/cong-thuc/du-du-tiem-tao-do-467,Nhanh và dễ,Đu đủ tiềm táo đỏ,"Món đu đủ tiềm táo đỏ của người Hoa không chỉ tốt cho sức khỏe, giúp da khỏe đẹp mà còn rất đặc biệt vì có thể ăn nóng khi trời trở lạnh và ăn cùng đá lạnh trong những ngày nóng nực.",,30phút,2,,5,"['Đu đủ vừa chín tới 0.5 quả', 'Táo đỏ 60 gam', 'Nấm tuyết 10 gram', 'Đường phèn 250 gram', 'Nước 1 lít']","['Bước 1: Sơ chế nguyên liệu Nấm tuyết ngâm nước cho nở mềm, cắt bỏ phần gốc rồi cắt miếng vừa ăn. Đu đủ gọt vỏ, bỏ hạt, rửa sạch để ráo rồi cắt miếng vừa ăn.Táo đỏ rửa thật sạch bui bẩn rồi mới cho vào nước ngâm mềm vì ngâm xong là dùng luôn nước ngâm.', 'Bước 2: Bước đầu tiên, bạn trộn đu đủ với táo đỏ và nấm tuyết', 'Bước 3: Tiếp theo, bạn cho 1 lít nước và đường phèn vào nồi nấu cho đường tan (1 lít nước này tính luôn cả nước ngâm táo đỏ).', 'Bước 4: Nấu xong nước đường phèn bạn cho vào nồi hỗn hợp đu đủ, nấm tuyết và táo đỏ.', 'Bước 5: Sau đó, bạn đem hỗn hợp đu đủ đã cho nước phèn đi hấp cách thủy 15 phút nữa là được. Sau khi hấp xong, bạn lấy đu đủ tiềm táo đỏ ra ngoài, nếu dùng nóng thì bạn để hơi nguội thì có thể dùng ngay, nếu dùng lạnh bạn để thật nguội rồi cho đá viên vào Món đu đủ tiềm táo đỏ có vị ngọt thanh của nước đường phèn, thơm mát của đu đủ, táo đỏ kết hợp với cái giòn giòn của nấm tuyết sẽ làm bạn ngất ngây khi dùng lạnh, ấm lòng khi dùng nóng, vô cùng đặc biệt. Vậy nên, hãy thử trổ tài để cảm nhận sự tuyệt vời từ món ăn ngon này nhé. Chúc bạn thành công khi thực hiện.']",[],"Thứ sáu, 16/9/2022, 16:48 (GMT+7)"
https://vncooking.com/cong-thuc/salad-uc-ga-466,Món chính,Salad Ức Gà,"Cách làm món salad ức gà đơn giản, thơm ngon, dinh dưỡng nhưng không béo sẽ giúp các chị em giảm cân cực kỳ lành mạnh và hiệu quả đấy",,30phút,2,,7,"['ức gà 300 gram', 'Xà lách 1 cây', 'Cà chua bi 5 quả', 'Xà lách tím 1 cây', 'Hành tím 1 củ', 'Sữa 1 muỗng', 'Dầu thực vật 2 muỗng']","['Bước 1: Sơ chế ức gà • Ức gà rửa sạch, ngâm trong sữa khoảng 10 phút sau đó rửa lại sạch với nước. Tiếp đến, cho các gia vị như tỏi, muối, tiêu xay, lá rosemary và 1 chút mù tạt xay nhuyễn vào ướp gà. Ức gà bạn ướp khoảng 10 phút cho thấm gia vị.', 'Bước 2: Sơ chế các loại rau • Ngâm rau xà lách, cà chua bi trong nước muối pha loãng khoảng 5 phút rồi rửa lại với nước nhiều lần cho thật sạch. Cà chua bi đem cắt đôi. Hành tím thái mỏng rồi cho vào bát nước chanh hoặc dấm ngâm 5 phút cho bớt hăng.', 'Bước 3: Chiên ức gà • Đặt chảo lên bếp, sau đó, bạn cho một ít dầu ăn vào chảo và làm nóng. Kế tiếp, bạn chiên ức gà khoảng 10 – 12 phút cho ức gà ra chín. Ức gà chín để nguội, bạn xé hoặc thái miếng nhỏ để trộn với xà lách.', 'Bước 4: Trộn xà lách và ức gà • Bạn cho tất cả các nguyên liệu rau vào một cái âu lớn, sau đó thêm khoảng 3 thìa cà phê dầu olive, 2 thìa nước tương, 2 thìa dấm và hành tím cắt nhỏ vào. Nêm thêm ít đường, muối, dầu mè cho vừa miệng.', 'Bước 5: Trình bày và thưởng thức món salad ức gà Bạn cho salad ra dĩa, thêm ức gà lên trên cùng, khi ăn trộn đều lên và thưởng thức.']",[],"Thứ sáu, 16/9/2022, 15:20 (GMT+7)"
https://vncooking.com/cong-thuc/nom-rau-muong-chay-nhieu-dam-465,Món chay,Nộm rau muống chay nhiều đạm,"Rau muống rất giàu đạm, cung cấp lượng đạm thực vật tốt cho cơ thể, món ăn rau muốn xào chay tuy là đơn giản nhưng ăn rất ngon",,15phút,1,,9,"['Rau muống 300 gram', 'Tỏi 1 củ', 'Đường 1 muỗng canh', 'Ngò gai 50 gram', 'Đậu phộng rang 10 gram', 'Ớt 2 trái', 'Rau húng 50 gram', 'Chanh 1 trái', 'Nước mắm chay 3 muỗng canh']","['Bước 1: - Rau muống vặt lá rửa sạch để ráo. - Đun sôi một nồi nước, thả rau muống vào luộc chín vớt ra rổ để ráo hoặc muốn rau giòn hơn thì các bạn vớt rau ra một bát nước đá lạnh nhé. - Lạc rang chín,tách vỏ đập dập. - Rau thơm (rau húng, ngò gai, kinh giới) rửa sạch thái nhỏ', 'Bước 2: Cách pha nước chấm trộn gỏi: - Tỏi đập dập băm nhỏ, ớt bỏ hạt băm nhỏ, chanh vắt lấy nước cốt. - Sau đó cho 3 thìa canh nước mắm chay, 1 thìa canh nước và 1 thìa canh đường, hoà tan nguyên liệu rồi cho nước cốt chanh vào khuấy đều (nếu các bạn lưu ý muốn cho bát nước chấm của mình nổi tỏi ớt lên các bạn cho chanh vào trước, hoà tan rồi cho tỏi ớt sau cùng nhé), cuối cùng cho tỏi ớt vào.', 'Bước 3: Cho rau muống luộc vào bát to, thêm rau thơm đã sắt nhỏ, đậu phộng rang và rưới hỗn hợp nước mắm trộn đều lên và thưởng thức thôi nào.']",[],"Thứ năm, 18/8/2022, 14:16 (GMT+7)"
https://vncooking.com/cong-thuc/rau-cu-xao-chay-bo-duong-464,Món chay,Rau củ xào chay bổ dưỡng,"Rau Củ Xào Chay - món ăn ngon thanh đạm cho các mâm cúng chay ngày Tết, món ăn gia đình. Cách làm rau củ xào chay đơn giản, nhiều màu sắc đẹp mắt, rau củ giòn mát, giàu chất sơ và vitamin rất có ích cho sức khỏe. Đặc biệt bạn có thể ăn no thỏa thích mà không ngại tăng cân đâu nhé.",,30phút,2,,6,"['Nấm đông cô 100 gram', 'Hạt nêm chay 1 muỗng cafe', 'Muối 1 muỗng cafe', 'Ớt chuông 1 trái', 'Cà rốt 1 củ', 'Dầu ăn 2 muỗng cafe']","['Bước 1: Chuẩn bị làm rau củ xào chay: - Cà rốt: gọt vỏ, cắt miếng mỏng. - Ớt chuông: rửa sạch sau đó bỏ hạt, cắt thành những miếng nhỏ hình vuông. - Bắp non (bắp bao tử): Rửa sạch, để ráo. - Nấm đông cô: cắt bỏ gốc, sau đó cắt làm đôi.', 'Bước 2: - Đun nóng 2 muỗng canh dầu ăn sau đó cho lần lượt cà rốt, bắp non vào, đảo đều khoảng 2 phút. - Tiếp theo, cho ớt chuông, nấm đông cô, 1 muỗng cà phê muối, 1 muỗng cà phê hạt nêm chay vào, đảo đều. Đậy nắp, làm rau củ xào thêm khoảng 1 phút là hoàn tất', 'Bước 3: Cho món rau củ xào chay ra đĩa lớn và thưởng thức cùng với cơm. Một món rau củ xào chay đơn giản nhưng không kém phần ngon miệng đâu nhé. Bạn có thể chuẩn bị thêm chén nước tương cay để chấm ăn cùng cho hợp với khẩu vị mỗi người hơn.']",[],"Thứ năm, 18/8/2022, 14:08 (GMT+7)"
https://vncooking.com/cong-thuc/canh-mong-toi-chay-bo-duong-463,Món chay,Canh mồng tơi chay bổ dưỡng,"Canh mồng tơi chay - một trong những món canh chay mà nhiều người thích ăn nhất. Với cách làm canh rau mồng tơi chay đơn giản, không mất nhiều thời gian sẽ mang đến hương vị đậm đà, thanh mát cho bữa cơm gia đình. Ngoài ra, canh mồng tơi không chỉ ăn ngon mà còn giúp thanh nhiệt, lợi tiểu, giải độc, đẹp da… rất thích hợp cho những ngày nắng nóng.",,30phút,3,,5,"['Mồng tơi 500 gram', 'Bột ngọt 0.5 muỗng cafe', 'Dầu ăn 1 muỗng canh', 'Hạt nêm chay 0.5 muỗng cafe', 'Muối 0.5 muỗng cafe']","['Bước 1: Rau mồng tơi nhặt lấy lá, ngắt lấy phần đọt. Rửa sạch rau mồng tơi, để ráo. Canh rau mồng tơi chay ngon phải chọn được rau tươi, ít dập héo, thân, lá không quá to', 'Bước 2: Hành lá rửa sạch, cắt khúc lấy phần đầu trắng. Sau đó, phi thơm đầu trắng hành hoa rô với 1 muỗng canh dầu ăn. Sau đó đổ khoảng 700ml nước vào, nấu sôi.', 'Bước 3: Khi nước sôi, nhanh tay cho rau mồng tơi vào, nấu sôi khoảng 1 phút. Nêm gia vị 1/2 muỗng cà phê muối, 1/2 muỗng cà phê bột ngọt, 1/2 muỗng cà phê hạt nêm chay cho vừa ăn, tắt bếp.', 'Bước 4: Múc canh ra tô, dùng với cơm. Bạn có thể áp dụng món này cho thực đơn ngày thường hoặc ngày ăn chay đều được. Canh ngọt mát, nóng hổi sẵn sàng đãi gia đình rồi đó.']",[],"Thứ năm, 18/8/2022, 13:58 (GMT+7)"
https://vncooking.com/cong-thuc/muoi-sa-ot-tron-voi-dau-phong-chay-462,Món chay,Muối sả ớt trộn với đậu phộng chay,"Đây là một món mới lạ miệng và hấp dẫn, áp dụng trong những ngày chay. Muối sả ớt trộn với đậu phộng này có thể làm nhiều, cất vào hũ, cho vào tủ lạnh dùng từ từ với cơm nóng rất tiện.",,30phút,3,,8,"['Dầu ăn 1 muỗng canh', 'Hạt nêm chay 0.25 muỗng cafe', 'Muối 0.5 muỗng cafe', 'Nước tương 10 muỗng cafe', 'Sả 6 cây', 'Đường cát trắng 1.75 muỗng cafe', 'Ớt bột 6 muỗng cafe', 'Đậu phộng 200 gram']","['Bước 1: Sả rửa sạch, cắt khoanh nhỏ, cho vào máy xay sinh tố, xay nhuyễn hoặc bạn có thể bằm nhuyễn sả bằng dao.', 'Bước 2: Đậu phộng rang chín, cho vào máy xay, xay nhuyễn hoặc bạn có thể dùng cối để giã nát đậu phộng.', 'Bước 3: Cho dầu ăn vào chảo sau đó cho sả vào, đảo đều cho thơm. Cho tiếp đậu phộng vào.', 'Bước 4: Tiếp theo, cho 7 muỗng cà phê ớt bột, 10 muỗng cà phê nước tương, 1/2 muỗng cà phê muối, 1/4 muỗng cà phê hạt nêm nấm chay, 2/3 muỗng cà phê đường trắng vào, đảo đều cho hơi khô lại.', 'Bước 5: Cho món ăn ra đĩa, dùng với cơm nóng sẽ ngon tuyệt.']",[],"Thứ năm, 18/8/2022, 13:48 (GMT+7)"
https://vncooking.com/cong-thuc/canh-muop-nau-voi-mong-toi-461,Món chay,Canh mướp nấu với mồng tơi,"Canh mồng tơi nấu mướp thanh mát, nhiều chất sơ rất tốt cho tiêu hóa và sức khỏe và còn giúp thanh nhiệt cơ thể và tăng sức đề kháng",,15phút,4,,8,"['Mướp hương 2 trái', 'Bột ngọt 0.75 muỗng cafe', 'Tiêu 0.75 muỗng cafe', 'Mồng tơi 400 gram', 'Muối 0.75 muỗng cafe', 'Hành lá 3 nhánh', 'Hạt nêm chay 1 muỗng canh', 'Đường cát trắng 0.75 muỗng cafe']","['Bước 1: Rau mồng tơi nhặt lá, bỏ cọng, ngâm với nước muối pha loãng để loại bỏ chất độc rồi rửa sạch.', 'Bước 2: Mướp gọt vỏ, rửa sạch, rửa với nước muối pha loãng. Hành lá và ngò rí cũng rửa sạch như vậy.', 'Bước 3: Vớt rau mồng tơi, để ráo, cắt lá làm 2-3. Mướp bổ đôi và xắt lát cỡ vừa.', 'Bước 4: Giã phần đầu hành trắng hơi dập, phần lá cắt khúc ngắn.', 'Bước 5: Đặt nồi lên bếp, phi thơm đầu hành trắng.', 'Bước 6: Sau đó, cho mướp và rau mồng tơi vào đảo nhanh, cho tiếp gia vị vào để ngấm khoảng 1 phút.', 'Bước 7: Tiếp tục cho nước sôi vào (lượng nước vừa xăm xắp rau). Khi nồi canh sôi lên là tắt bếp ngay. Cho vào ngò rí, hành lá, 1/3 muỗng cà phê muối, 1/3 muỗng cà phê đường, 1/3 muỗng cà phê bột ngọt, 1 muỗng canh hạt nêm chay, khuấy đều cho tan gia vị.', 'Bước 8: Múc ra tô dùng nóng. Đơn giản ngon ngọt, thanh mát hương vị của rau trái vườn nhà.']",[],"Thứ năm, 18/8/2022, 13:40 (GMT+7)"
https://vncooking.com/cong-thuc/goi-xoay-chay-la-mieng-460,Món chay,Gỏi xoay chay là miệng,"Chỉ vài bước đơn giản là ta đã có thể hoàn thành cho mình món gỏi xoài chay tuy không có thịt hay cá nhưng vẫn rất ngon miệng độc đáo, hài hòa hương vị giữa xoài giòn giòn cùng nước chấm chua chua ngọt ngọt đậm đà.",,15phút,2,,9,"['Xoài xanh 1 trái', 'Rau răm 50 gram', 'Nước mắm chay 1 muỗng cafe', 'Ớt 1 trái', 'Đậu phụ 1 miếng', 'Đậu phộng rang 2 muỗng canh', 'Đường 1 muỗng cafe', 'Rau húng huế 50 gram', 'Cà rốt 0.5 củ']","['Bước 1: Xoài và cà rốt bào vỏ, rửa lại thật sạch với nước sau đó nạo thành sợi hoặc bằm.', 'Bước 2: Rau húng huế và rau răm lặt lá già, lá sâu rồi rửa sạch sau đó xắt nhỏ (chú ý không xắt quá nhỏ lúc trộn gỏi làm nát rau).', 'Bước 3: Đậu phụ rửa sạch rồi dùng khăn thấm bớt nước sau đó chiên đậu chín vàng đều. Sau khi chiên đậu xong các bạn xắt đậu thành miếng mỏng vừa ăn.', 'Bước 4: Pha nước chấm theo tỉ lệ sau: 1 muỗng canh cốt chanh, 1 muỗng canh đường, 1 muỗng canh nước mắm chay hoặc xì dầu, 1 muỗng cà phê ớt xay, tỏi xay.', 'Bước 5: Tiếp theo trộn đều các nguyên liệu vừa chuẩn bị với nước mắm đã pha đợi 10 phút cho ngấm rồi bày ra đĩa. Cuối cùng rắc thêm đậu phộng rang và rau thơm lên trên là hoàn thành món gỏi chay ngon đậm đà']",[],"Thứ năm, 18/8/2022, 13:32 (GMT+7)"
https://vncooking.com/cong-thuc/mi-xao-chay-ngon-bo-duong-459,Món chay,Mì xào chay ngon bổ dưỡng,Món ăn kiêng cho ngày chay nói không với tinh bột và đường,,15phút,1,,8,"['Mì tàu hủ 1 gói', 'Bông cải xanh 0.5 bông', 'Dầu ăn 2 muỗng cafe', 'Nấm đùi gà 1 cái', 'Hạt nêm chay 1 muỗng cafe', 'Hẹ 50 gram', 'Cà rốt 0.5 củ', 'Dầu mè 1 muỗng cafe']","['Bước 1: Trụng mì tàu hủ qua nước sôi để ráo', 'Bước 2: Sơ chế các nguyên liệu còn lại cắt miếng vừa ăn', 'Bước 3: Chảo nóng cho 1 muỗng dầu ăn và tỏi vào khử thơm cho nấm vào xào héo cho tiếp cà rốt và bông cải xanh(bông cải chần sơ qua nước sôi) nêm ít hạt nêm cho ra dĩa', 'Bước 4: Đợi chảo nóng cho 1 muỗng dầu ăn vào cho tiếp mì tàu hủ xào săn lại nêm hạt nêm cho phần rau củ xào chung, cuối cùng là 1 ít hẹ lá và rưới 1 muỗng cà phê dầu mè vào rắc 1 xíu tiêu xay nữa là tuyệt vời.']",[],"Thứ năm, 18/8/2022, 13:17 (GMT+7)"
https://vncooking.com/cong-thuc/dau-bap-xao-toi-458,Món chay,Đậu bắp xào tỏi,"Đậu Bắp Xào Tỏi là một trong những món rau xào không thể thiếu cho bữa cơm gia đình. Món đậu bắp xào không chỉ mát miệng, kích thích vị giác mà còn rất đưa cơm. Cách làm đậu bắp xào thơm lừng với lớp tỏi rang cháy cạnh bám đều xung quanh, vị đậm đà, mà không bị nhớt. Đặc biệt, với cách làm đậu bắp xào này, không chỉ người lớn mà trẻ em cũng sẽ thích đấy.",,15phút,2,,5,"['Đậu bắp 250 gram', 'Tỏi băm 2 muỗng canh', 'Hạt nêm chay 1 muỗng cafe', 'Dầu ăn 2 muỗng canh', 'Muối 1 muỗng cafe']","['Bước 1: Đậu bắp rửa sạch, cắt khúc hoặc lát xéo, để ráo nước.', 'Bước 2: Phi thơm tỏi băm với 2 muỗng canh dầu ăn trong chảo, đảo đều.', 'Bước 3: Cho đậu bắp vào, đảo đều khoảng 3 phút. Nêm gia vị 1 muỗng cà phê hạt nêm chay, 1 muỗng cà phê muối, 1/2 muỗng cà phê bột ngọt cho vừa ăn.', 'Bước 4: Tắt bếp, cho món đậu bắp xào ra đĩa và dùng với cơm. Món đậu bắp xào này vừa dân dã lại vừa ngon cơm nữa chứ!']",[],"Thứ năm, 18/8/2022, 13:11 (GMT+7)"
https://vncooking.com/cong-thuc/bap-cai-nau-canh-voi-ca-chua-457,Món chay,Bắp cải nấu canh với cà chua,"Canh bắp cải cà chua là món ăn ngon dễ làm, đơn giản, không đòi hỏi nhiều trong khâu chế biến, chị em ít vào bếp cũng có thể nấu được nữa. Nấu canh bắp cải cà chua thơm ngon chỉ bằng 2 nguyên liệu thôi vừa tiết kiệm lại vừa ngọt mát, bổ dưỡng. Chuẩn bị thêm nồi thịt kho tiêu đậm đà, chén cơm trắng là bữa cơm ngon lành, bổ dưỡng rồi.",,30phút,2,,5,"['Bắp cải 300 gram', 'Cà chua 3 trái', 'Dầu ăn 2 muỗng canh', 'Hành tím băm 1 muỗng canh', 'Muối 1 muỗng cafe']","['Bước 1: - Bắp cải cắt nhỏ, rửa sạch. Cà chua rửa sạch, cắt múi cau. - Phi thơm hành tím băm với 2 muỗng canh dầu ăn. Cho cà chua vào, đảo đều 1 phút. Tips: Cách nấu canh bắp cải ngon phải chọn được bắp cải còn tươi mới, không cần quá to đâu.', 'Bước 2: Đổ 500ml nước vào nồi, nấu sôi. Khi nước sôi, cho bắp cải vào, nấu sôi lại là được. Nêm gia vị 1 muỗng cà phê muối, 1 muỗng cà phê hạt nêm chay cho vừa ăn.', 'Bước 3: Tắt bếp, múc canh bắp cải ra tô, để hơi nguội và ăn ngay với cơm nhé! Có cách nấu canh bắp cải cà chua này rồi, chắc chắn bữa cơm nhà sẽ bổ dưỡng và tiết kiệm hơn nhiều lắm đó.']",[],"Thứ năm, 18/8/2022, 13:05 (GMT+7)"
https://vncooking.com/cong-thuc/ca-tim-xao-toi-456,Món chay,Cà tím xào tỏi,"Cà Tím Xào Tỏi - món ăn ngon dễ làm, đổi vị cho bữa cơm gia đình thêm ngon. Cách làm cà tím xào tỏi, hành lá chín mềm, thơm ngon, vị béo ngậy hòa quyện cùng với ớt sa tế cay nồng, giúp đưa cơm liên tục. Món cà tím xào tỏi cay ngon này rất thích hợp cho những bữa ăn ngày lạnh nhé.",,30phút,2,,11,"['Cà tím 2 trái', 'Bột bắp 1 muỗng cafe', 'Tỏi 3 tép', 'Giấm 1 muỗng cafe', 'Ớt 2 trái', 'Muối 1 muỗng cafe', 'Sốt ớt đậu cay 1 muỗng cafe', 'Nước tương 2 muỗng canh', 'Dầu ăn 300 ml', 'Đường cát trắng 1 muỗng cafe', 'Hành lá 2 nhánh']","['Bước 1: Trước khi làm cà tím xào tỏi đem: Rửa sạch cà tím, cắt khúc ngắn rồi chẻ thành những miếng nhỏ với kích thước tùy thích. Ngâm cà tím vào nước muối loãng để không bị thâm rồi rửa sạch.', 'Bước 2: Rửa sạch hành lá, thái nhỏ đầu hành. Bóc vỏ tỏi, băm nhỏ hoặc cho vào máy xay nhỏ. Thái nhỏ ớt tươi và phần lá của hành lá. Tips: Nếu thích ăn cà tím xào tỏi thơm nồng hơn thì nên đập dập nhiều tép tỏi thay vì băm nhuyễn nhé.', 'Bước 3: Trong chén nhỏ, hòa tan 5 muỗng canh nước lọc với 2 muỗng canh nước tương, 1 muỗng cà phê muối, 1 muỗng cà phê đường, 1 muỗng cà phê giấm. Vớt cà tím ra, thấm khô nước, xóc cà tím với ít bột bắp.', 'Bước 4: Đun nóng nhiều dầu ăn ở lửa vừa, cho cà tím vào chiên sơ qua cho các miến cà tím hơi dịu lại thì với ra để ráo dầu. Tips: Để làm cà tím xào tỏi không bị nát và dễ ngấm gia vị thì nên chiên sơ cà tím trước nhé.', 'Bước 5: Bày trí cà tím xào tỏi ra đĩa, rắc thêm ớt tươi và hành lá thái nhỏ lên trên là có thể dùng rồi nhé. Cách làm cà tím xào tỏi này sẽ hơi cay nhưng bù lại rất đậm đà này hứa hẹn mang đến cho cả nhà bữa cơm ngon miệng. Đặc biệt vị cay và ấm nồng của món cà tím xào tỏi rất ấm bụng, thích hợp cho thực đơn món ngon ngày lạnh nhé.']",[],"Thứ năm, 18/8/2022, 12:53 (GMT+7)"
https://vncooking.com/cong-thuc/banh-chung-chay-thom-ngon-cuc-deo-455,Món chay,Bánh chưng chay thơm ngon cực dẻo,Hướng dẫn cách gói bánh chưng chay thơm ngon cực dẻo cho ngày tết. Mỗi khi tết đến là trên bàn thờ của mỗi gia đình đều không thể thiếu những cặp bánh chưng xanh trước là để cúng ông bà tổ tiên sau là cùng nhau thưởng thức món bánh đặc biệt này.,,90phút,2,,7,"['Nếp cái hoa vàng 4 kg', 'Đậu xanh không vỏ 2 kg', 'Hạt sen trắng 200 gram', 'Nước cốt dừa 0.2 lon', 'Rong biển trắng 1 bông', 'Lá dong 40 lá', 'Hạt dẻ 200 gram']","['Bước 1: Gạo nếp trước khi gói bánh chưng cần đem ngâm qua đêm hoặc ngâm trong 6h. Sau khi ngâm vo gạo và nhặt bỏ các hạt thóc, trấu, sạn còn vương lại ở gạo. Sau khi vo gạo để gạo ra rá cho ráo nước.', 'Bước 2: Cho 1 chút ngũ vị hương và 1 chút dầu cùng muối, nước cốt dừa trộn với gạo nếp đã róc nước. Bước này khi gần gói bánh bạn mới làm nhé, nếu làm quá sớm gạo sẽ bị chảy nước.', 'Bước 3: - Hạt sen, hạt dẻ và đậu xanh cũng cần ngâm trong nước ấm trước 1 đêm nhé. - Sau khi ngâm và làm sạch, cho hạt dẻ và hạt sen vào xoong hấp khoảng 15 phút thì phủ đậu xanh lên trên hạt dẻ và hạt sen, Khi hạt sen chín thì đậu xanh cũng chín tới. - Rong biển trắng bóc bỏ cùi và tách thành những miếng nhỏ. - Nấm đông cô đem cắt sợi, nấu chín rồi chắt bỏ nước luộc đó đi.', 'Bước 4: Làm nóng chảo cho dầu ăn rồi phi thơm gừng cùng ngũ vị hương, cho đông cô vào xào qua rồi tiếp tục cho hạt dẻ, hạt sen, bông tuyết vào xào chung cho nóng, tiếp tục cho muối tiêu, nước tương, dầu hào chay, dầu mè vào sao cho vừa ăn. Kinh nghiệm của cách làm bánh chưng chay ngon là bạn nên xào nhân hơi mặn 1 chút thì khi ăn bánh sẽ vừa nhé.', 'Bước 5: Đun 1 nồi nước sôi để chần lá, nếu là lá dong thì gọt bỏ gân, lá sen thì cắt tịt cuống, lá chuối cũng cắt bỏ gân lá. Lá sau khi rửa sạch bằng nước lọc thì nhúng vào nước sôi rồi cho ra ngay, dùng khăn sạch lau khô. Việc chần lá vừa giúp bánh chưng xanh, vừa giúp lá mềm dễ gói.', 'Bước 6: Cách gói bánh chưng: Thoa dầu lên mặt lá, xếp lá chuối lên mặt bàn sạch (mặt màu đậm phía dưới). Đặt khuôn lên lá chuối. Lót thêm lá chuối chính giữa lòng khuôn, sao cho phủ kín đáy và chung quanh thành khuôn. Cho 1 lớp nếp vào khuôn (khoảng ⅔ chén), trải đều khắp 4 góc. Sau đó, cho 1 phần nhân đậu xanh lên. Cuối cùng, cho 1 lớp nếp lên trên, phủ kín. Ép bìa lá ngoài thành khuôn để bánh không hở chỗ nào. Lấy khuôn ra bằng cách nhẹ nhàng và từ từ kéo khuôn về phía vai, chận nếp lá để lá không bong. Xếp lá bên ngoài thành khuôn lại. Dùng dây cột lại thật chặt 4 chiều như gói quà. (Nhớ đừng cột chặt quá vì nếu vậy, khi bánh nở ra sẽ có dấu ấn vào dây, không được đẹp.', 'Bước 7: Cách nấu bánh chưng chay: Xếp bánh chưng vào xoong to để luộc trong 6-8 tiếng là bánh chính, trong quá trình luộc luôn chế nước ngập mặt bánh. Bánh chưng được luộc trên bếp củi là ngon, bánh dẻo nhất, tuy nhiên bạn có thể luộc với bếp than nhé. Khi bánh chín, cho bánh từ nước sôi ra bạn nên cho vào nước sôi để nguội rửa qua lớp nhớt, dùng vật nặng để đè bánh, như vậy bánh vừa chắc lại vừa vuông vắn, đẹp mắt nhé. Bánh để nguội qua đêm là có thể thưởng thức. Với cách làm món bánh chưng chay này bánh có hương thơm của nấm kết hợp với mùi thơm của nấm bốc lên ngào ngạt, bánh vừa đằm, ngậy mà không bị ngấy.']",[],"Thứ năm, 18/8/2022, 12:46 (GMT+7)"
https://vncooking.com/cong-thuc/tuong-cham-goi-cuon-chay-454,Món chay,Tương chấm gỏi cuốn chay,"Tương chấm gỏi cuốn chay với vị béo ngậy của bơ đậu phộng, vị cay cay của ớt trái, đem đến cho bạn món nước chấm gỏi cuốn rất ngon và hấp dẫn đấy nhé!",,15phút,2,,3,"['Bơ đậu phộng 0.5 muỗng canh', 'Nước tương 4 muỗng canh', 'Ớt 1 trái']","['Bước 1: Bắc chảo lên bếp, cho 1.5 muỗng canh bơ đậu phộng vào (lưu ý lúc này chưa bật lửa). Cho tiếp 4 muỗng canh nước tương. Bật bếp thật nhỏ lửa nấu hỗn hợp trong chảo.', 'Bước 2: Dùng muỗng khuấy tán đều để bơ đậu phộng và nước tương thành hỗn hợp đồng nhất.', 'Bước 3: Tiếp tục dùng muỗng khuấy đều đến khi hỗn hợp mịn đều có màu nâu đen thì thêm 120ml nước lọc vào. Khuấy trộn đều liên tục. Tắt bếp, rồi cho ớt trái cắt nhỏ vào, khuấy đều lần nữa là xong.', 'Bước 4: Cuối cùng cho tương ra chén, bạn có thể ăn kèm với gỏi cuốn chay. Nhìn chén tương thất hấp dẫn đúng không?']",[],"Thứ năm, 18/8/2022, 12:41 (GMT+7)"
https://vncooking.com/cong-thuc/mien-xao-gio-chay-453,Món chay,Miến xào giò chay,"Nếu bạn đã quen thuộc với những món miến trộn, miến nước được kết hợp với các nguyên liệu mặn từ thịt thì những món miến xào chay sẽ đem tới cho bạn trải nghiệm mới và không thể quên được.",,15phút,2,,9,"['Miến 100 gram', 'Mộc nhĩ 4 cái', 'Dưa chuột 1 quả', 'Hành lá 1 củ', 'Giò băng 200 gram', 'Cà rốt 1 củ', 'Hành rau răm rau mùi 50 gram', 'Đậu phụ 1 miếng', 'Giá đỗ 100 gram']","['Bước 1: Giò căn cắt lát mỏng rồi thái sợi, giá đỗ rửa sạch để ráo.', 'Bước 2: Cà rốt gọt vỏ rửa sạch rồi bào sợi, mộc nhĩ ngâm nở cắt bỏ chân, ớt chuông rửa sạch thái sợi. Hành, rau răm rửa rồi thái nhỏ.', 'Bước 3: Đậu phụ cắt chỉ chiên vàng.', 'Bước 4: Miến dong ngâm nước lạnh khoảng 30 phút, dùng kéo cắt khúc dài khoảng 7-10 cm.', 'Bước 5: Phi thơm hành khô với chút dầu ăn, cho mộc nhĩ, đậu phụ, giò căn vào xào thơm. Nêm ½ thìa bột canh.', 'Bước 6: Tiếp đến cho ớt chuông, giá đỗ và cà rốt vào đảo đều. Cho hỗn hợp rau củ vừa xào ra đĩa.', 'Bước 7: Vẫn chảo đó cho miến vào xào nhanh tay, có thể cho thêm chút xíu nước để miến dễ chín và không bị cháy. Sau đó cho tiếp phần rau củ vào trộn đều lên, nêm nếm gia vị vừa miệng.', 'Bước 8: uối cùng thêm hành, rau răm cùng 1 thìa mì chính cùng chút dầu hào rồi trút miến xào giò căn ra đĩa rắc thêm ít vừng rang là được.']",[],"Thứ năm, 18/8/2022, 12:28 (GMT+7)"
https://vncooking.com/cong-thuc/pate-chay-nam-bot-dau-chay-452,Món chay,"Pate chay nấm, bột đậu chay",Mùi nấm thơm lừng béo béo mang đến cảm giác vô cùng lạ miệng và thích thú,,45phút,2,,4,"['Nấm bào ngư 500 gram', 'Bột đậu đen 50 gram', 'Đậu phụ trắng 3 miếng', 'Bơ đậu phộng 100 gram']","['Bước 1: Nấm cắt bỏ gốc, đem ngâm muối loãng, chờ vài phút rồi rửa sạch, để ráo. Sau đó băm hoặc dùng máy xay xay nhuyễn nấm.', 'Bước 2: Đậu phụ trắng rửa sạch, nghiền hoặc xay nhuyễn, cho vào chén. Cho nấm, đậu phụ vào tô, thêm 1 thìa đường, 1/4 thìa muối ướp trong 10 phút để các nguyên liệu ngấm đều gia vị.', 'Bước 3: Phi thơm hành boa rô với dầu ăn. Sau đó cho hỗn hợp trên vào xào tới khi cạn bớt hơi nước thì cho bơ đậu phộng, bột đậu đen, bột đậu đỏ và bơ thơm vào cùng. Đảo thật đều tay cho hỗn hợp chín đều. Nêm nếm cho vừa khẩu vị.', 'Bước 4: Chuẩn bị khuôn, thoa đều bơ lên xung quanh khuôn để chống dính. Cho hỗn hợp vừa xào vào rồi nén thật chặt. Cho vào nồi hấp cách thủy trong vòng 15- 20 phút sau đó để nguội rồi bỏ tủ lạnh khoảng 20 phút là có thể thưởng thức.']",[],"Thứ năm, 18/8/2022, 12:20 (GMT+7)"
https://vncooking.com/cong-thuc/pate-chay-ot-chuong-451,Món chay,Pate chay ớt chuông,"Món pate ớt chuông được dùng làm món ăn sáng thì quả thực rất tuyệt vời bởi hàm lượng dinh dưỡng cao, cung cấp lượng calo lớn để làm việc cả ngày. Bên cạnh đó, pate ớt chuông còn có hương vị thơm ngon, đắm say lòng người, không gây cảm giác chán.",,45phút,2,,7,"['Ớt chuông đỏ 1 trái', 'Hành tây 2 củ', 'Nấm hương 100 gram', 'Ớt chuông xanh 1 trái', 'Hạnh nhân 5 hạt', 'Bột mì 1 muỗng cafe', 'Tỏi 2 tép']","['Bước 1: Nấm hương rửa sạch, luộc chín mềm rồi dùng khoảng 3-4 muỗng canh nước luộc nấm này để sử dụng cho quá trình làm pate. Ớt chuông rửa sạch, lau khô sau đó đập dập tỏi và cắt đôi hành tây.', 'Bước 2: Đặt vĩ nướng trên bếp ga, cho ớt chuông, tỏi và hành tây lên nướng. Hành tỏi nướng hơi cháy mặt, ớt chuông nướng đen vì lát nữa sẽ lột vỏ ra nên cháy không sao, càng thơm. (Chờ ớt chuông nguội rồi lột vỏ hoặc dùng dao gọt nhẹ thôi là được)', 'Bước 3: Cho tất cả ớt chuông, tỏi, hành tây, hạt hạnh nhân và hạt óc chó cùng với nước luộc nấm hương vào máy xay xay nhuyễn.', 'Bước 4: Làm nóng 1 muỗng canh dầu olive trong nồi nhỏ rồi cho hỗn hợp đã xay nhuyễn cùng với muối và nước mắm chay hoặc nước tương Tamari vào đảo đều tay cho khô bớt hơi nước, đến lúc đạt độ đặc mong muốn là xong. Nếu muốn sốt pate đặc hơn có thể lấy 1 ít sốt ra bát để hơi nguội rồi cho bột mì vào trộn nhanh, cho phần sốt với bột mì này vào lại nồi và đảo đều 1 lúc cho pate đặc hơn thì tắt bếp.']",[],"Thứ năm, 18/8/2022, 12:04 (GMT+7)"
https://vncooking.com/cong-thuc/chao-nam-chay-450,Món chay,Cháo nấm chay,"Nấm chứa nhiều nguyên tố vi lượng và vitamin rất tốt cho tim mạch, hệ bài tiết và chống lão hóa. Nấm là nguyên liệu phổ biến được dùng nhiều trong các món lẩu, món xào. Để thay đổi khẩu vị hàng ngày thì chuyên mục Món Chay sẽ giới thiệu đến các bạn cách nấu cháo nấm cực ngon và đem đến cho cả nhà bạn cảm giác lạ miệng khi thưởng thức ngay nhé!",,75phút,2,,5,"['Gạo 100 gram', 'Cà rốt 2 củ', 'Nước 1 lít', 'Hành lá 2 tép', 'Nấm 200 gram']","['Bước 1: Gạo đem vo sạch sau đó cho gạo vào nồi cùng với 1 lít nước và 1 ít muối. Nấu cháo cho đến khi gạo nở và mềm.', 'Bước 2: Nấm mua loại đã làm sẵn mua ở chợ để tiết kiệm thời gian , đem về ngâm nước muối khoảng 20 phút rồi rửa lại bằng nước sạch. Nếu cẩn thận hơn thì có thể dùng dao nhỏ cào bớt những phần râu ria bên dưới nấm, do còn sót rơm. Xong rồi, cắt những cây nấm lớn làm đôi hoặc tư tùy loại nấm lớn nhỏ mà bạn mua được.', 'Bước 3: Trong khi chờ gạo nở, bạn bắc chảo dầu nóng, cho cà rốt vào xào trước rồi cho tiếp các gia vị còn lại vào xào sơ qua. Tiếp theo nêm 1 ít muối, hạt nêm vào hỗn hợp xào trên. Hành tím bỏ vỏ cắt nhỏ để phi dầu. Hành lá và ngò rửa sạch rồi cắt nhỏ.', 'Bước 4: Khi cháo sôi nhiều dạo, hạt gạo nở mềm, nước cháo dẻo thì cho nấm đã xào vào, đảo đều. Chờ nồi cháo sôi thêm 2, 3 lần nữa thì nêm nếm lại rồi tắt bếp. Cho hành lá và ngò lên, rắc thêm ít tiêu. Dùng nóng ngon hơn nguội.']",[],"Thứ năm, 18/8/2022, 11:34 (GMT+7)"
https://vncooking.com/cong-thuc/sup-bi-do-chay-449,Món chay,Súp bí đỏ chay,"Một món súp dễ làm, thơm ngon và beo béo mùi vị nước cốt dừa hòa lẫn bí đỏ, không những người ăn chay mà kể cả người ăn mặn, em bé, người già đều có thể dùng được. Bạn hãy nạp đầy năng lượng cho buổi sáng bằng một chén súp bí đỏ nóng hổi nào!",,45phút,2,,10,"['Nấm đông cô tươi 60 gram', 'Cần tây 150 gram', 'Muối 0.5 muỗng canh', 'Gừng 1 lát', 'Bí đỏ 1 quả', 'Cà rốt 2 củ', 'Đường 1 muỗng canh', 'Tỏi 3 tép', 'Hành tây 70 gram', 'Nước 500 ml']","['Bước 1: Bí đỏ gọt vỏ và bỏ ruột, cắt khúc, hấp chín trong khoảng 15 phút. Trong thời gian chờ bí đỏ chín, bạn chuẩn bị các nguyên liệu khác. Cần tây, cà rốt, hành tây và nấm đông cô bạn sơ chế và thái hạt lựu. Tỏi bóc vỏ, đập dập rồi băm nhỏ.', 'Bước 2: Cho chút dầu vào nồi hâm nóng, phi thơm tỏi. Bạn cho hành tây vào xào cho chín tới. Tiếp đến là cà rốt, cần tây và nấm đông cô. Bạn xào các nguyên liệu với một chút muối, vừa để món súp không bị nhạt, mà cũng khiến rau củ thêm ngọt.', 'Bước 3: Sau đó, bạn nạo lấy phần thịt bí đỏ, cho vào máy xay sinh tố cùng gừng, nước cốt dừa, muối cho nhuyễn mịn là hoàn thành.', 'Bước 4: Múc súp ra chén, cho topping tùy thích và thưởng thức nhé. Súp bí đỏ chay cũng rất tốt cho trẻ nhờ vào nguồn dinh dưỡng dồi dào từ bí đỏ, thêm vị nước cốt dừa beo béo rất ngon nữa nha. Các mẹ nhanh chóng lưu lại công thức và nấu cho các bé ăn nha.']",[],"Thứ năm, 18/8/2022, 11:22 (GMT+7)"
https://vncooking.com/cong-thuc/rau-cu-chien-gion-448,Món chay,Rau củ chiên giòn,"món rau củ chiên giòn này rất lạ miệng, người lớn và cả trẻ em đều ăn được, đặc biệt là mấy em nhỏ lười ăn rau, hương vị thơm ngon có vị béo của trứng gà, cộng thêm vị béo chua nhẹ đặc trưng của Mayonnaise Lisa",,45phút,2,,12,"['khoai lang 1 củ', 'Bột mì 500 gram', 'Đường trắng 1 muỗng cafe', 'Đậu bắp 100 gr', 'Khoai tây 1 củ', 'Trứng gà 1 quả', 'Muối 1 muỗng cafe', 'Dầu ăn 0 chén', 'Bột chiên giòn 200 gram', 'Củ cải trắng 1 củ', 'Bí đỏ 0.25 quả', 'Bông bí 5 bông']","['Bước 1: Khoai tây và khoai lang rửa sạch, có thể gọt vỏ hoặc không tùy thích, cắt sợi mỏng.', 'Bước 2: Ngâm khoai tây và khoai lang vào âu nước sạch với một chút muối để khoai không bị thâm.', 'Bước 3: Củ cải trắng, cà rốt, đậu bắp, bí đỏ gọt vỏ, rửa sạch, cắt sợi mỏng như khoai tây và khoai lang.', 'Bước 4: Vớt khoai tây và khoai lang ra để ráo. Sau đó trộn tất cả các loại củ chung với nhau trong một thố lớn.', 'Bước 5: Cho bột mì và thêm từ từ nước lạnh (nước để ngăn mát của tủ lạnh) vào để bột không bị loãng quá.', 'Bước 6: Trộn đều bột với các loại rau củ. Có thể thêm đường (tùy theo khẩu vị) nếu thích ăn ngọt. Còn nếu để ăn mặn thì chỉ cần nêm vào 1 muỗng cà phê muối.', 'Bước 7: Đun nóng chảo dầu ăn, gắp hỗn hợp bột rau củ vào chiên vàng đều. Đổ từng phần vào chảo dầu, rán lần lượt cho hết phần bột tẩm rau củ.', 'Bước 8: Rau củ chín thì gắp ra cho ráo dầu. Cuối cùng là bày ra đĩa, chấm kèm với sốt mayonnaise']",[],"Thứ năm, 18/8/2022, 10:50 (GMT+7)"
https://vncooking.com/cong-thuc/nam-kho-tieu-chay-447,Món chay,Nấm kho tiêu chay,"Nấm là loại thực phẩm chứa rất nhiều chất đạm, chất xơ, chất béo và nhiều yếu tố vi lượng có lợi cho sức khỏe khác như sắt, canxi, photpho, vitamin C, B1, B2, PP, D,… Đây còn là loại thực phẩm giúp chữa bệnh béo phì, tiểu đường, xơ vữa động mạch, rối loạn lipid máu và tăng huyết áp. Cách làm món nấm kho tiêu khá đơn giản, không những là món ăn chay mà nó còn khá ngon khi dùng trong những bữa cơm hàng ngày nữa đấy.",,45phút,2,,10,"['Nấm rơm 200 gr', 'Tiêu xanh 3 nhánh', 'Dầu olive 2 muỗng', 'Nước mắm chay 20 ml', 'Nấm đông cô 200 gram', 'Ớt 2 trái', 'Đường trắng 1 muỗng canh', 'Nước tương 20 ml', 'Mì căn 100 gram', 'Hành boa rô 20 gram']","['Bước 1: Cho các loại gia vị để làm nước kho như đường, nước tương, nước mắm chay, hạt nêm chay, hạt tiêu xanh đập dập, ớt băm, hạt tiêu xay vào chén, khuấy đều để tất cả hòa tan vào nhau. Tiêu xanh chỉ cần đập dập không cần phải đập quá nát sẽ dễ gây vỡ hạt. Khi đập dập lúc nấu lên tiêu xanh sẽ làm cho món kho có mùi thơm và cay the, nếu đập nát sẽ dễ làm cho tiêu tiết ra chất chát.', 'Bước 2: Làm nóng chảo với dầu olive, cho đường trắng vào, dùng đũa khuấy đều đến khi đường tan và có màu vàng cánh gián thì cho hành boa rô băm nhuyễn vào phi thơm. Tiếp đó cho hỗn hợp nước kho vào đun sôi.', 'Bước 3: Cho mì căn cắt miếng, nấm rơm, nấm đông cô vào, dùng đũa xới nhẹ nhàng cho nguyên liệu thấm gia vị. Cuối cùng xếp 3 nhánh tiêu xanh và 5 trái ớt đỏ lên mặt cho đẹp mắt.Để lửa nhỏ kho liu riu 15 đến 20 phút để nguyên liệu chín, thấm và nước kho sánh lại thì tắt bếp. Mì căn mua loại được chiên sẵn. Nấm rơm cắt bỏ gốc, nấm đông cô cắt bỏ chân, tỉa hoa cho đẹp mắt. Ngâm 2 loại nấm trong nước muối loãng khoảng 15-20 phút trước khi nấu để khử mùi nấm', 'Bước 4: Nấm kho tiêu chay là món ăn chay dân dã, vị thanh đạm và gần gũi với khẩu vị của nhiều người. Nấm kho được săn lại, nhai giòn sần sật, cay thơm mùi tiêu, cùng mì căn dẻo dai, đậm đà. Hứa hẹn mang đến cho cả nhà một món ăn chay đưa cơm, hấp dẫn. Hãy bỏ túi ngay mẹo kho nấm này để chuẩn bị cho những bữa cơm ngày rằm hoặc đầu tháng nhé!']",[],"Thứ năm, 18/8/2022, 10:04 (GMT+7)"
https://vncooking.com/cong-thuc/nam-xao-ot-chuong-446,Món chay,Nấm xào ớt chuông,"Hương thơm của nấm, ngọt của ớt chuông. Một món xào cực ngon và cực nhanh cho bạn và gia đình có một bữa cơm thật ngon và ấm cúng!",,45phút,2,,11,"['Ớt chuông màu xanh 1 trái', 'Nấm mộc nhĩ khô 50 gram', 'Tỏi băm 1 muỗng cafe', 'Dầu ăn 100 ml', 'Ớt chuông màu xanh 1 trái', 'Ớt sừng 1 trái', 'Hành lá 2 nhánh', 'Nước tương 1 muỗng canh', 'Ớt chuông màu vàng 1 trái', 'Gừng 1 củ', 'Tiêu 0.25 muỗng cafe']","['Bước 1: Ớt chuông rửa sạch, rồi cắt bỏ hạt,cắt thành từng miếng vuông vừa ăn Nấm mèo khô ngâm nước lạnh cho nấm mèo nở to thì vớt ra rửa lại sạch rồi cũng cắt thành từng miếng vuông như ớt chuông. Nấm mộc nhĩ cho vào ngâm với nước nóng 10 phút. Khi thấy nấm mềm thì vớt ra cắt bỏ phần chân nấm, rửa sạch. Thái nấm thành sợi mỏng vừa ăn. Hành boaro rửa sạch, băm nhuyễn. Ớt sừng cắt làm đôi, bỏ hạt rồi thái ớt thành sợi nhỏ vừa ăn. Gừng nạo bỏ vỏ, thái lát mỏng.', 'Bước 2: Cho nước tương + dấm ăn + đường trộn hỗn hợp này lại với nhau rồi cho lên chảo khoảng 5 phút rồi cho ngò gai cắt nhỏ vào cho thơm hơn.', 'Bước 3: Bắt chảo lên bếp, cho dầu vào đun thật nóng rồi thả gừng thái lát vào phi cho thơm. Tiếp đến cho chả lụa chay với nấm mộc nhĩ vào xào cho chín tới thì cho đậu hũ với ớt chuông các loại cùng với thơm thái lát vào xào chung. Nêm nếm gia vị hỗn hợp các nguyên liệu trên cho đậm đà, vừa ăn với 1 muỗng nước mắm chay, ½ muỗng hạt nêm, ½ muỗng bột ngọt. Khi các nguyên liệu chín hẳn thì cho hành boaro và ớt sừng thái sợi vào đảo chung cho món ăn dậy mùi thơm, có màu sắc bắt mắt.']",[],"Thứ năm, 18/8/2022, 09:54 (GMT+7)"
https://vncooking.com/cong-thuc/banh-xeo-chay-445,Món chay,Bánh xèo chay,"Bánh xèo là món ăn truyền thống của người Việt và được biến tấu thành bánh xèo chay với nguyên liệu chính là rau củ vừa thơm ngon, hấp dẫn lại không hề khó làm.",,45phút,4,,7,"['Bột bánh xèo 1 gói', 'Giá đỗ 300 gr', 'Bột nghệ 2 muỗng canh', 'Đậu xanh không vỏ 100 gram', 'Đậu phụ 2 miếng', 'Nước cốt dừa 150 ml', 'Nấm hương 100 gr']","['Bước 1: Đậu xanh ngâm nước mấy tiếng cho nở mềm rồi hấp chín. Nấm linh chi rửa sạch, để ráo. Cà rốt gọt vỏ, bào sợi. Đậu phụ cắt thành miếng mỏng. Giá rửa sạch để ráo nước. Hành lá rửa sạch cắt nhỏ. Các loại rau sống ăn kèm rửa sạch, ngâm nước muối rồi vắt ráo nước. Bắc chảo lên bếp, phi thơm hành boaro rồi cho cà rốt, nấm linh chi, đậu phụ, giá sống vào xào cho chín, nêm thêm hạt nêm chay, nước mắm chay cho vừa ăn rồi tắt bếp.', 'Bước 2: Pha nước chấm bánh xèo theo công thức 3 muỗng canh nước dừa tươi, 2 muỗng canh nước mắm chay, 1 muỗng canh tỏi ớt băm, 1/2 muỗng cà phê đường. Khuấy cho tan đường rồi nêm lại gia vị cho vừa ăn.', 'Bước 3: Bột bánh xèo đem hòa tan với ít nước lọc, cho thêm nước cốt dừa vào cho ngậy rồi khuấy đều cho bột có độ sánh vừa đủ, cuối cùng thêm hành lá vào.', 'Bước 4: Bắc chảo không dính lên bếp, vặn lửa lớn, tráng qua một ít dầu ăn để khi làm bánh không bị dính. Trước khi tráng bánh bạn khuấy lại bột cho đều rồi đợi khi chảo thật nóng, múc 1 vá bột vào tráng đều khắp mặt chảo, bánh độ dày vừa phải không dày quá và cũng không mỏng quá. Rải đều đậu xanh lên bề mặt bánh, cho thêm hỗn hợp nấm giá, đậu phụ đã xào lên trên, đậy nắp thật kín, đun lửa vừa khoảng 2 – 3 phút cho chín. Sau đó mở nắp đun nhỏ lửa thêm 3 phút nữa cho bánh chín giòn rồi gập đôi bánh lại cho ra đĩa.']",[],"Thứ năm, 18/8/2022, 09:47 (GMT+7)"
https://vncooking.com/cong-thuc/dau-hu-chien-gion-sot-me-chay-444,Món chay,Đậu hũ chiên giòn sốt me chay,"Đậu hũ chiên giòn sốt me chay là một trong những món ăn chay thơm ngon, lạ miệng. Sau khi cắn lớp vỏ bên ngoài giòn tan quyện cùng nước sốt đậm đà bạn sẽ bất ngờ với vị chua thanh nhẹ của me kết hợp thật tài tình với vị thơm của sả, vị cay của ớt.",,45phút,2,,7,"['Đậu hũ trắng 2 miếng', 'Dầu mè 5 ml', 'Ớt bột 5 gr', 'Nước tương 1 muỗng canh', 'Muối 0.25 muỗng canh', 'Hành lá 1 nhánh', 'Tỏi băm 1 muỗng cafe']","['Bước 1: Đậu hũ rửa sạch, thái miếng mỏng vừa ăn. Trải đều đậu hũ ra và rắc đều lên 1/4 muỗng cà phê muối, để chừng 5 phút.', 'Bước 2: Dùng khăn thấm cho đậu ráo nước. Làm nóng chảo dầu ăn rồi cho đậu vào chiên vàng đều hai mặt thì vớt ra để ráo dầu.', 'Bước 3: Trong lúc chiên đậu, trong 1 tô nhỏ, cho vào 45ml nước tương nhạt, 5g ớt bột, 1 muỗng cà phê tỏi băm, hành lá cắt nhỏ, 5ml dầu mè và 5g mè rang, khuấy đều.', 'Bước 4: Cho đậu hũ chiên sốt tương ra đĩa, rưới lên nước sốt là có thể thưởng thức.']",[],"Thứ năm, 18/8/2022, 09:30 (GMT+7)"
https://vncooking.com/cong-thuc/ca-tim-nhoi-dau-phu-443,Món chay,Cà tím nhồi đậu phụ,"Cà mềm ngọt, được nhồi bên trong là đậu phụ, thêm nấm giòn giòn cảm giác không thể nào quên được",,45phút,2,,6,"['Cà tím 4 quả', 'Nấm rơm 100 gram', 'Đậu phụ 2 miếng', 'Nấm mèo 3 cái', 'Cà rốt 1 củ', 'Hành lá 1 nhánh']","['Bước 1: Đậu phụ rửa sạch, để ráo, dùng tay sạch hay thìa tán nhuyễn đậu.', 'Bước 2: Cà rốt cạo vỏ, rửa sạch, thái hạt lựu. Nấm rơm cắt bỏ chân nấm, rửa sạch, để ráo, thái hạt lựu. Nấm mèo ngâm nở, rửa sạch, thái sợi. Hành lá rửa sạch, để ráo.', 'Bước 3: Cà tím cắt bỏ phần cuống, dùng thìa múc bỏ bớt hạt và phần ruột bên trong. Ngâm cà vào âu nước muối pha loãng khoảng 10 phút sau đó vớt ra rửa lại cho thật sạch.', 'Bước 4: Trộn đậu phụ, mộc nhĩ, cà rốt, nấm rơm với nhau, thêm vào nửa thìa nhỏ muối, nửa thìa nhỏ đường cát trắng và một ít nước mắm, trộn đều.', 'Bước 5: Dùng thìa múc một ít hỗn hợp đậu phụ ở bước 4 cho vào giữa ruột của cà tím. Đun nóng ba thìa nhỏ dầu ăn, xếp phần cà cho vào chảo, đun lửa nhỏ khoảng 3 phút để phần cà xém vàng hai mặt.', 'Bước 6: Gắp cà ra đĩa để riêng, phi đầu hành thơm, cho vào chảo khoảng một thìa canh dầu hào, một thìa canh xì dầu và một thìa canh đường cát trắng, đun sôi thì đổ vào một ít nước lạnh.', 'Bước 7: Đun hỗn hợp nước sốt khoảng 3 phút thì xếp cà vào chảo, đậy kín nắp, đun lửa nhỏ, khi đun bạn nêm nếm lại tùy theo khẩu vị, đun đến khi phần nước sốt hơi sánh đặc thì tắt bếp, thêm hành lá thái nhỏ vào.']",[],"Thứ ba, 9/8/2022, 17:42 (GMT+7)"
https://vncooking.com/cong-thuc/goi-cuon-ngu-sac-442,Món chay,Gỏi cuốn ngũ sắc,"Làm cho mâm cơm chay thêm bắt mắt với món Gỏi cuốn ngũ sắc thanh đạm, nguồn chất xơ dồi dào cho cơ thể thêm khoẻ mạnh vaf đủ chất. Món gỏi cuốn được kết hợp từ những loại rau củ quen thuộc, mỗi loại rau củ mang một màu sắc và hương vị bổ sung cho nhau, thêm bí quyết làm sốt chấm bơ đậu phộng chay ngon khó cưỡng, khiến món chay không còn đơn điệu mà cực kì lôi cuốn và hấp dẫn.",,30phút,2,,20,"['Bánh tráng 1 bịch', 'Dưa leo 2 quả', 'Ớt sừng 1 trái', 'Nước tương 1 muỗng canh', 'Nấm linh chi nâu 100 gram', 'Hành boa rô 30 gram', 'Bơ đậu phộng 60 gram', 'Tàu hũ ky 100 gram', 'Rau thơm 50 gram', 'Tương đen 60 gram', 'Dầu ăn 2 muỗng canh', 'Cà rốt 1 củ', 'Gừng 0.5 củ', 'Mật ong 2 muỗng canh', 'Bắp cải tím 150 gram', 'Sả 1 nhánh', 'Hạt nêm chay 3 muỗng canh', 'Bún tươi 100 gram', 'Thơm 0.25 quả', 'Đậu phộng 30 gram']","['Bước 1: 100gr tàu hũ ky tươi mua loại bảng lớn được chiên sẵn cho vàng 2 mặt. Cắt tàu hũ ky thành những miếng nhỏ dài. 100gr nấm linh chi nâu cắt bỏ gốc rửa sạch qua nước muối. Bắc chảo lên bếp, cho vào 1 muỗng canh dầu ăn rồi thêm 15gr hành boa rô băm, sả băm và ớt sừng băm rồi phi thơm. Tiếp theo cho tàu hũ ky và nấm linh chi nâu vào chảo. Nêm 1 muỗng canh hạt nêm chay, 1 muỗng canh nước tương và 1/2 muỗng canh đường trắng rồi xào đều tay 3 phút thì gắp ra dĩa để riêng.', 'Bước 2: Bắp cải tím, Thơm, cà rốt, dưa leo cắt thanh dài vừa ăn', 'Bước 3: Chuẩn bị thêm 1 bịt bánh tráng mỏng để cuốn bánh tráng, 100gr bún tươi và 50gr rau thơm cắt nhỏ. Phết lên bún một lớp nước mỏng sau đó xếp lần lượt các nguyên liệu vào rồi cuộn chặt tay.', 'Bước 4: Làm nước sốt bơ đậu phộng cho gỏi cuốn: cho vào chảo 1 muỗng canh dầu ăn sau đó thêm 15gr hành boa rô băm, gừng băm và ớt sừng băm rồi phi thơm. Tiếp theo cho 60gr bơ đậu phộng, 60gr tương đen, 2 muỗng canh mật ong, 2 muỗng canh hạt nêm chay rồi khuấy đều. Đun cho sốt sôi lên thì thêm vào 30gr đậu phộng xay nhuyễn, khuấy lên thấy nước sốt chấm sền sệt thì tắt bếp. Múc sốt ra chén chuẩn bị ăn cùng gỏi cuốn.', 'Bước 5: Dĩa gỏi cuốn ngũ sắc rực rỡ sắc màu rất thích hợp để làm nổi bật mâm cơm chay gia đình bạn, hoặc đơn giản là trở thành một món ăn thú vị cho thực đơn giải ngấy sau những ngày tết. Từng cuốn gỏi thanh mát chấm cùng nước sốt bơ đậu phộng béo thơm, sẽ rất ngon và hài hòa đấy.']",[],"Thứ ba, 9/8/2022, 17:28 (GMT+7)"
https://vncooking.com/cong-thuc/canh-nam-hat-sen-441,Món chay,Canh nấm hạt sen,"Canh nấm hạt sen là món canh thơm ngon hấp dẫn, thanh mát lại bỗ dưỡng thích hợp làm món canh ngon trong gia đình. Trong những ngày tết mọi người thường xuyên ăn những món gây nhiệt và đầy ấp dầu mỡ khiến bạn cảm thấy chán ăn và cơ thể bị nhiệt. Do đó, cách nấu canh nấm hạt sen thanh mát sẽ là lựa chọn giúp đổi vị cho cả gia đình bạn.",,45phút,2,,6,"['Hạt sen tươi 50 gram', 'Tiêu 0.25 muỗng cafe', 'Hạt nêm chay 1 muỗng cafe', 'Nấm linh chi nâu 50 gram', 'Nấm đông cô 50 gram', 'Cà rốt 1 củ']","['Bước 1: Cà rốt tỉa hoa, cắt lát. Nấm các loại sơ chế sạch, để ráo.', 'Bước 2: Đậu hũ non cắt miếng vừa ăn. Ngò rí rửa sạch, cắt nhỏ.', 'Bước 3: Đun sôi 1 lít nước, cho hạt sen và cà rốt vào nấu khoảng 10 phút.', 'Bước 4: Cho các loại nấm vào nấu chín, nêm 1 muỗng cà phê hạt nêm chay, cho đậu hũ vào tắt bếp, rắc thêm tiêu và ngò rí.']",[],"Thứ hai, 8/8/2022, 17:49 (GMT+7)"
https://vncooking.com/cong-thuc/ca-ri-chay-440,Món chay,Cà ri chay,Cà ri chay là một món ăn ngon không thể bỏ qua trong ngày rằm tháng bảy. Một nồi cà ri chay thơm lừng sẽ làm cho bữa ăn gia đình bạn thêm đầm ấm.,,60phút,4,,12,"['khoai lang 500 gram', 'Sả băm 2 tép', 'Khoai môn 300 gram', 'Ớt băm 20 gram', 'Đậu hũ chiên 200 gram', 'Bột cà ri 15 gram', 'Nước cốt dừa 500 ml', 'Đường trắng 60 gram', 'Ớt chuông 2 trái', 'Hạt nêm chay 1 muỗng canh', 'Hành tây 1 củ', 'Dầu ăn 50 ml']","['Bước 1: Cách nấu cà ri chay: Rửa sạch khoai lang vàng và khoai môn cau, gọt vỏ rồi cắt thành những miếng vuông cùng kích thước với đậu hũ bi. Bỏ cuống ớt chuông xanh và đỏ cắt bỏ hạt ớt và những đường gân trắng phía trong, sau đó cắt ớt chuông thành những miếng vuông giống với khoai. Bóc vỏ hành tây, cắt đôi rồi tiếp tục cắt làm bốn.', 'Bước 2: Để làm cà ri chay có độ sánh và màu vàng đẹp tự nhiên thì: Lấy 1/2 số khoai lang đi luộc chín rồi cho vào máy xay nhuyễn mịn (hoặc tán nhuyễn đều được) để nấu cùng cà ri.', 'Bước 3: Bắc chảo dầu nóng, cho khoai lang và khoai môn vào chiên vàng mặt rồi vớt ra, để ráo dầu. Cách nấu cà ri chay không bị nát chính là chiên sơ khoai tây và khoai lang đó.', 'Bước 4: Cách nấu cà ri chay thơm ngon: Xào thơm hành tây với 2 muỗng canh dầu ăn. Đến khi hành tây chuyển trong thì cho sả băm và ớt băm vào tiếp tục phi cho sả ớt dậy mùi. Thêm vào 1 ít nước lọc và bột cà ri, khuấy đều là có được nước sốt cà ri chay.', 'Bước 5: Nấu cà ri chay: cho khoai lang, khoai môn, 500ml nước nóng vào nồi cà ri chay, đun to lửa đến khi nước sôi thì cho khoai lang xay vào, khuấy đều cho khoai lang xay hòa tan với nước cà ri chay. Thêm ớt chuông, đậu hũ bi vào nấu chung khoảng 2 phút cho ớt vừa chín thì đổ nước cốt dừa vào. Nêm nếm nồi cà ri chay với đường và hạt nêm chay tùy khẩu vị rồi tắt bếp.']",[],"Thứ hai, 8/8/2022, 17:37 (GMT+7)"
https://vncooking.com/cong-thuc/salad-bo-ca-chua-439,Món chay,Salad bơ cà chua,"Salad bơ cà chua vừa ngon miệng, vừa dễ làm. Bạn có thể làm salad bơ cà chua trong những ngày bận rộn để đảm bảo đủ dinh dưỡng cho cả nhà nhé.",,15phút,1,,7,"['Trái Bơ 1 trái', 'Cà chua bi 100 gram', 'Ngò rí 30 gram', 'Hành tây 1 củ', 'Ớt chuông 1 trái', 'Dầu olive 2 muỗng canh', 'Chanh 1 quả']","['Bước 1: Cắt đôi cà chua bi. Bơ cắt miếng nhỏ vừa ăn. Ớt chuông và hành tây cắt nhỏ. Cho cà chua, bơ, ớt chuông vào 1 tô to. Vắt nước chanh vào tô, trộn đều.', 'Bước 2: Cắt nhỏ ngò rí, cho vào tô. Cho thêm muối, tiếp tục trộn đều. Trình bày ra chén hoặc đĩa, rắc hành tây nữa là hoàn tất.']",[],"Thứ hai, 8/8/2022, 17:30 (GMT+7)"
https://vncooking.com/cong-thuc/mien-xao-chay-438,Món chay,Miến xào chay,"Món miến xào chay vừa đẹp mắt lại rất ngon, với những nguyên liệu chứa nhiều chất xơ rất tốt cho cơ thể. Món ngon này cũng phù hợp cho những buổi tiệc chay - ngày rằm. Đặc biệt, miến xào chay cũng nằm trong thực đơn dành cho những bạn muốn giảm cân, đảm bảo cảm giác ngon miệng mà lại giữ gìn được vóc dáng.",,30phút,1,,5,"['Miến 100 gram', 'Mộc nhĩ 2 cái', 'Cà rốt 1 củ', 'Nấm hương 4 cái', 'Su hào 1 củ']","['Bước 1: Miến ngâm vào nước lạnh khoảng 10-15p cho mềm nhưng không được để mềm nhũn.', 'Bước 2: Vớt miến ra cắt dài khoảng 10cm, trộn với 1 muỗng cà phê nước tương, 1 muỗng cà phê bột nêm và để cho miến ngấm gia vị. Còn một cách khác để xào miến không bị bết dính và nát: đun sôi nồi nước,thả miến vào trần khoảng 1-2p vớt miến thả luôn vào bát nước lạnh,sau đó vớt miến ra bát, thêm vào 1-2 muỗng canh dầu ăn, đảo đều cho các sợi miến không tơi và không dính vào nhau.', 'Bước 3: Luôn nhớ miến trước khi đem xào phải cắt ngắn tầm 10cm khi xào sợi miến sẽ tơi ra không bị vón vào nhau. Cà rốt, xu hào gọt vỏ bào sợi nhỏ. Mộc nhĩ,nấm hương cắt chân, rửa sạch thái sợi nhỏ. Hành lá rửa sạch cắt khúc. Rau mùi rửa sạch thái nhỏ.', 'Bước 4: Phi thơm hành củ,cho nấm hương vào xào cho thơm,tiếp đến là xu hào, mộc nhĩ,cà rốt, xào các nguyên liệu hơi săn thì đổ miến vào đảo, đảo một lúc miến khô khô thì đổ thêm chút nước, nêm nếm gia vị cho vừa ăn,thỉnh thoảng đổ thêm từng chút nước một cho miến đỡ khô, sợi miến tơi, mềm và săn lại cho nốt chỗ hành hoa thái khúc, thêm chút hạt tiêu, rau mùi đảo đều là xong.']",[],"Thứ hai, 8/8/2022, 17:26 (GMT+7)"
https://vncooking.com/cong-thuc/canh-bap-cai-ca-chua-437,Món chay,Canh bắp cải cà chua,"Canh bắp cải cà chua là món ăn ngon dễ làm, đơn giản, không đòi hỏi nhiều trong khâu chế biến, chị em ít vào bếp cũng có thể nấu được nữa. Nấu canh bắp cải cà chua thơm ngon chỉ bằng 2 nguyên liệu thôi vừa tiết kiệm lại vừa ngọt mát, bổ dưỡng.",,30phút,2,,5,"['Bắp cải 200 gram', 'Dầu ăn 2 muỗng canh', 'Cà chua 3 trái', 'Muối 1 muỗng cafe', 'Hành tím băm 1 muỗng canh']","['Bước 1: Bắp cải cắt nhỏ, rửa sạch. Cà chua rửa sạch, cắt múi cau. Phi thơm hành tím băm với 2 muỗng canh dầu ăn. Cho cà chua vào, đảo đều 1 phút. Cách nấu canh bắp cải ngon phải chọn được bắp cải còn tươi mới, không cần quá to đâu.', 'Bước 2: Đổ 500ml nước vào nồi, nấu sôi. Khi nước sôi, cho bắp cải vào, nấu sôi lại là được. Nêm gia vị 1 muỗng cà phê muối, 1 muỗng cà phê hạt nêm chay cho vừa ăn.', 'Bước 3: Tắt bếp, múc canh bắp cải ra tô, để hơi nguội và ăn ngay với cơm nhé! Có cách nấu canh bắp cải cà chua này rồi, chắc chắn bữa cơm nhà sẽ bổ dưỡng và tiết kiệm hơn nhiều lắm đó.']",[],"Thứ hai, 8/8/2022, 17:18 (GMT+7)"
https://vncooking.com/cong-thuc/canh-nam-dau-hu-436,Món chay,Canh nấm đậu hũ,"Canh nấm đậu hũ là sự kết hợp đa dạng của các loại nấm thơm ngon như nấm rơm, nấm đông cô, nấm kim châm và đậu hũ non mềm mịn ngon không cưỡng lại được",,30phút,2,,6,"['Nấm rơm 100 gram', 'Đậu hũ non 3 miếng', 'Hành tím 1 củ', 'Nấm đông cô 100 gram', 'Hành lá 3 tép', 'Nấm kim châm 100 gram']","['Bước 1: Nấm rơm: Dùng một cái dao bén cạo nhẹ ở gốc (giống như cạo vỏ gừng), nấm rơm sẽ sạch và tròn trịa, bắt mắt hơn là gọt bỏ hẳn phần gốc rất phí. Nấm rơm còn tươi cứng thì việc cạo nấm rơm sẽ rất dễ. Nấm rơm thường có mùi hơi mốc, khi cạo sạch nấm rơm bỏ ngay vào thau nước muối pha loãng, ngâm trong 15 phút rồi xả sạch thêm 2 lần, nấm sẽ thơm và hết nhớt.', 'Bước 2: Nấm đông cô ngâm trong nước khoảng 30 phút cho nấm nở, khi ngâm nhớ xoay phần gốc nấm tiếp xúc với mặt nước, sau đó rửa sạch, vớt ra để ráo. Nấm kim châm: Khi mua nấm kim châm trong túi về, để giữ nấm sạch sẽ và không bị nát, rối, hãy giữ nguyên túi và lấy dao cắt bỏ phần gốc mà không bỏ nấm ra ngoài. Điều này giúp thớt, dao cũng như tay bạn luôn được giữ sạch sẽ. Rửa nấm kim châm bằng cách dựng ngược chiếc túi đựng nấm lên và hứng nước dưới vòi đang chảy, lắc đều tay và bóp nhẹ tránh để nấm bị dập nát. Sau đó đổ nước bẩn ra ngoài, cứ làm như vậy khoảng vài lần là bạn đã có một số lượng nấm rất sạch sẽ, ngăn nắp, vẫn đảm bảo những hương vị tự nhiên và chất dinh dưỡng của nấm. Khi nấu bạn chỉ cần bóp nhẹ chiếc túi đẩy nấm ra ngoài và chế biến. Đậu hũ non rửa sạch nhẹ nhàng tránh làm nát, cắt miếng vừa ăn. Không cắt quá nhỏ để khi nấu chín đậu hũ không bị nát. Hành ngò xắt nhỏ. Hành tím băm nhuyễn', 'Bước 3: Bắc nồi lên bếp, cho dầu vào đun nóng, cho hành tím băm nhuyễn vào phi cho thơm. Cho lần lượt nấm đông cô, nấm kim châm, nấm rơm vào xào sơ, cho thêm chút nước mắm, hạt nêm đảo qua cho thấm.', 'Bước 4: Cho vào nồi ½ lít nước sạch, đun sôi. Tiếp theo cho đậu hũ vào, đun một lúc rồi nêm hạt nêm, bột canh cho vừa ăn. Nồi canh sôi lại thì tắt bếp. Cho hành ngò xắt nhỏ vào, thêm ½ muỗng bột ngọt vào, dùng giá khuấy đều nồi canh một lần cho hòa tan. Tránh khuấy mạnh để đậu hũ khỏi bị nát']",[],"Thứ hai, 8/8/2022, 17:12 (GMT+7)"
https://vncooking.com/cong-thuc/tau-hu-xao-chay-sac-mau-435,Món chay,Tàu hủ xào chay sắc màu,"Tàu hủ xào chay sắc màu cho gia đình thân yêu - Ăn chay không chỉ đơn giản là một hình thức ăn uống đơn thuần. Ăn chay mang đến cho bạn lối sống lành mạnh và một sức khỏe dẻo dai. Ai nói ăn chay là ""nhạt"". Với nhiều người đơn giản là rau củ luộc hoặc nấu đơn giản thiếu vị... Chính vì thế hôm nay cũng nguyên liệu rau củ đó, mình sẽ giúp bạn có cái nhìn khác hơn nhé, biến tấu 1 chút, thêm chút gia vị, 1 chút trang trí...để cho thấy món chay vô cùng hấp dẫn.",,45phút,2,,10,"['Đậu hà lan 10 gram', 'Nấm đùi gà 30 gram', 'Cà rốt 1 củ', 'Ớt chuông vàng 1 quả', 'Củ cải trắng 1 củ', 'Hành lá 1 tép', 'Hành tím 2 củ', 'Ớt chuông đỏ 1 quả', 'Đậu hũ non 6 miếng', 'Ớt chuông xanh 1 quả']","['Bước 1: Sơ chế các nguyên liệu và pha hỗn hợp. Củ cải trắng cắt ra rửa sạch (nhớ rửa với tí muối nhé). Cà rốt gọt vỏ rửa sạch và cắt tỉa hoa, (cắt sợi tùy nhé). Đậu hà lan tước gân rửa sạch. Ớt chuông đỏ vàng rửa cắt miếng vừa (cắt tùy thích nhé). Nấm đùi gà rửa sạch. Cắt xéo. Tàu hủ rửa sạch cắt miếng vừa. Hành lá rửa cắt khúc, hành tím sắc mỏng.', 'Bước 2: Chế biến phần rau củ: Cho nồi nước lên bếp chờ sôi, cho tí muối để giữ màu sắc cho rau củ, lần lượt chần các rau củ qua nước sôi tầm vài phút không được chín quá nhé và khi vớt ra nhớ bỏ vô tô nước (bỏ tí nước đá cho giữ độ giòn cho rau củ nhé).', 'Bước 3: Chế biến tàu hủ. Bắt chảo dầu lên bếp, cho nóng và bỏ tàu hủ vào chiên, chiên vàng các mặt luôn nhé. Và vớt ra dĩa.', 'Bước 4: Xào rau củ với tàu hủ thôi. Cho chảo lên bếp, cho tí dầu vào chờ nóng và cho đầu hành và hành tím vào cho thơm. Sau đó lần lượt các nguyên liệu vào trộn đều sau đó vài phút cho 1/2 nước gia vị đã pha sẵn trộn đều tiếp cho gia vị áo đều và thấm các nguyên liệu sẽ đậm đà hơn. Sau đó cho tàu hủ vào và cho 1/2 gia vị còn lại vào trộn đều, cho hành lá cắt khúc và tí tiêu vào, thế là món ăn của chúng ta xong rồi.']",[],"Thứ hai, 8/8/2022, 17:05 (GMT+7)"
https://vncooking.com/cong-thuc/rau-cuon-dau-phu-434,Món chay,Rau cuộn đậu phụ,"Từng miếng rau cuộn chỉ nhìn thôi cũng thấy hấp dẫn rồi. Đảm bảo khi ăn món này bạn sẽ thích ngay! Món ăn vừa ngọt lại béo ngậy hòa với sốt chua cay rất ngon. Đặc biệt, với món rau cuộn này dù bạn có ăn nhiều ăn no đến mấy cũng không sợ bị tăng cân đâu nhé!",,30phút,1,,7,"['Cải thảo xanh 10 lá', 'Dầu mè 15 ml', 'Rượu nấu ăn 15 ml', 'Đậu phụ 1 miếng', 'Sốt miso 3 muỗng canh', 'Đường 1 muỗng canh', 'Tỏi băm 3 tép']","['Bước 1: Cải thảo rửa sạch, đun sôi một nồi nước rồi cho cải vào luộc vài phút sau đó xả với nước lạnh để cải được giòn và xanh. Đậu phụ cũng luộc qua như cải thảo.', 'Bước 2: Nghiền nát đậu phụ, cho đậu vào thố. Thêm tỏi băm, dầu mè, vừng rang vào trộn đều. Cho gia vị phần sốt trộn vào bát con rồi trộn đều.', 'Bước 3: Đặt lá cải thảo đã luộc ra thớt, lấy một miếng đậu phụ đã trộn viên chặt lại tạo thành hình trụ. Cho đậu vào lá cải thảo và cuộn lại. Khi ăn chấm với xốt đã pha.']",[],"Thứ hai, 8/8/2022, 16:58 (GMT+7)"
https://vncooking.com/cong-thuc/canh-kiem-433,Món chay,Canh kiểm,"Vị ngọt béo đậm đà và sánh đặc, bạn có thể điều chỉnh gia vị cho hợp khẩu vị nhé. Múc canh kiểm chay vào tô, rắc thêm đậu phộng và thưởng thức khi còn nóng để cảm nhận vị ngon tuyệt vời của món ăn.",,60phút,4,,15,"['Bí đỏ 1 trái', 'Khoai môn 300 gram', 'Củ sen 5 củ', 'Đậu hủ chiên 2 miếng', 'Đậu phộng 100 gram', 'Đường 1 muỗng canh', 'Chuối xiêm 2 trái', 'Đậu đũa 50 gram', 'Tàu hủ ky 3 miếng', 'Nấm mèo 4 tai', 'Nước dừa 2 tô', 'Khoai lang vàng 3 củ', 'Hạt sen 100 gram', 'Bột khoai 25 gram', 'Nấm hương 10 cái']","['Bước 1: Bí đỏ, khoai lang, khoai môn, củ năng bạn gọt vỏ, rửa sạch, để ráo, xắt thành từng miếng vuông vừa ăn. Khi gọt khoai môn bạn nên đeo bao tay vào để không bị ngứa nhé. Chuối xiêm lột vỏ, xắt lát xéo. Đậu đũa rửa sạch, xắt khúc khoảng 5cm. Nếu sử dụng hạt sen tươi bạn lột vỏ, dùng tâm xâm bỏ nhuỵ sen. Còn sử dụng sen khô thì bạn ngâm nước nóng 15-20 phút để hạt sen mềm ra. Đậu hũ rửa sạch với nước, xắt thành từng miếng vuông vừa ăn, để ráo nước để khi chiên không bị bắn dầu. Rồi bạn bắc chảo lên bếp, đổ 2 muỗng cà phê dầu ăn vô, đợi dầu sôi cho đậu hũ vào chiên vàng đều các mặt.', 'Bước 2: Tàu hủ ky ngâm nước nóng cho nở, rồi xắt thành từng miếng nhỏ. Nấm mèo, nấm hương cắt chân, ngâm nước nóng 15-20 phút cho nở bung hết ra, xắt miếng vừa ăn hoặc để nguyên đối với nấm hương. Bột khoai ngâm nước lạnh cho nở hết, vớt ra rửa sạch. Đậu phộng rửa sạch, để ráo nước. Chia làm 2 phần 1 nửa để dành nấu canh, nửa còn lại bắc lên bếp rang vàng đều rồi giã nhuyễn.', 'Bước 3: Bắc nồi lên bếp, cho nước cốt dừa cùng bột khoai vô. Đợi nước sôi lên bạn cho khoai lang, bí đỏ, khoai môn, củ năng, nấm hương, đậu phộng vào. Nấu chín các nguyên liệu đó thì tiếp tục cho đậu đũa, hạt sen, chuối xiêm, nấm mèo vô, nêm nếm 1 muỗng canh hạt nêm từ nấm, 1 muỗng canh đường. Khuấy tan hết gia vị và canh sôi lên lần nữa thì bạn cho đậu hủ chiên và đậu hủ ky vào, nấu thêm 5 phút là hoàn thành món ăn, bạn tắt bếp nhé.']",[],"Thứ hai, 8/8/2022, 16:50 (GMT+7)"
https://vncooking.com/cong-thuc/canh-chua-chay-nam-432,Món chay,Canh chua chay nấm,"Canh chua chay nấm nóng hổi không chỉ món chay ngon vào những ngày ăn chay mà còn là một gợi ý tuyệt vời cho những người ăn mặn nhưng muốn tìm một món chống ngán, ăn ngon miệng hơn. Với món canh tươi mát, chua chua ngọt ngọt này, bạn có thể dùng chung với cơm trắng hoặc nấu thật nóng rồi ăn với mì, bún tươi lại càng ngon.",,45phút,2,,13,"['Nấm rơm 50 gram', 'Bạc hà 2 cây', 'Me 1 vắt', 'Nấm linh chi nâu 100 gram', 'Đường trắng 1 muỗng canh', 'Thơm 1.2 trái', 'Giá 200 gram', 'Cà chua 3 trái', 'Muối 1 muỗng cà phê', 'Đậu bắp 100 gram', 'Ngò gai 4 cây', 'Đậu hũ 3 miếng', 'Hạt nêm chay 2 muỗng cafe']","['Bước 1: Nấm linh chi cắt bỏ rễ, ngâm trong nước muối pha loãng rồi rửa thật sạch. Giá đỗ ngâm với nước muối pha loãng 5 phút rồi rửa sạch lại với nước lã và để ráo. Cà chua và đậu bắp bỏ cuống, rửa sạch, cắt miếng vừa ăn Bạc hà tước vỏ bên ngoài, thơm rửa sơ nhẹ nhàng, cắt xéo vừa ăn. Gia vị: Ngò om bỏ rễ, làm sạch rồi cắt nhỏ, hành khô tước bỏ, rửa sạch, băm nhỏ. Đậu hũ chiên cắt miếng vừa ăn. Me chua chín ngâm với nước nóng, dầm cho tan thịt me hết, khéo léo lọc lấy nước, bỏ hết hạt và vỏ me đi.', 'Bước 2: Khử dầu ăn với 1 ít tỏi băm, cho cà chua vào xào sơ để tạo màu sắc đẹp mắt và dậy mùi thơm rồi cho nấm vào xào chung cho chín tới.', 'Bước 3: Cho nước lọc vừa đủ khẩu phần người ăn vào nồi. Tiếp theo, cho phần nước me đã lọc vào chung.', 'Bước 4: Cho tiếp phần đậu hũ, đậu bắp, bạc hà và thơm vào nồi. Nêm 1 muỗng cà phê muối, 1 muỗng canh đường, 1 muỗng hạt nêm chay, gia giảm cho vừa ăn.', 'Bước 5: Nấu khoảng 1-2 phút thì cho tiếp phần giá còn lại vào, nêm nếm lại lần cuối theo khẩu vị', 'Bước 6: Rắc rau om vào và tắt bếp. Múc ra tô và thưởng thức.']",[],"Thứ hai, 8/8/2022, 16:30 (GMT+7)"
https://vncooking.com/cong-thuc/ca-tim-hap-kieu-han-431,Món chay,Cà tím hấp kiểu hàn,"Cà tím hấp kiểu Hàn là món ăn đơn giản nhưng không kém phần hấp dẫn, ngon miệng. Với cách làm này cà vẫn giữ được hương vị cùng độ tươi ngon vừa phải.",,45phút,2,,8,"['Cà tím 2 trái', 'Giấm 1.2 muỗng cafe', 'Ớt bột 1.2 muỗng cafe', 'Tỏi băm 1 muỗng cafe', 'Nước tương 2 muỗng canh', 'Dầu mè 1 muỗng canh', 'Mè trắng 1 muỗng cà phê', 'Hành lá 1 tép']","['Bước 1: Cà tím rửa sạch, bỏ cuống. Cắt khúc ngắn rồi chẻ đôi.', 'Bước 2: Đun sôi nồi hấp, cho cà vào hấp khoảng 5 phút cho cà chín rồi để hơi nguội. Sau đó xé nhỏ cà thành những miếng vừa ăn.', 'Bước 3: Trong chén nhỏ, trộn đều 2 muỗng canh nước tương với 1 muỗng cà phê tỏi băm nhỏ, hành lá cắt nhỏ, 2 muỗng cà phê cà phê hạt mè, 1 muỗng canh dầu mè, 1.5 muỗng cà phê giấm và 1/2 muỗng cà phê ớt bột. Đổ hỗn hợp gia vị vào trộn với cà tím nhẹ nhàng bằng tay.', 'Bước 4: Bày trí thành phẩm ra đĩa dùng nóng với cơm. Cà tím hấp kiểu Hàn là món ăn đơn giản nhưng không kém phần hấp dẫn, ngon miệng. Với cách làm này cà vẫn giữ được hương vị cùng độ tươi ngon vừa phải.']",[],"Thứ sáu, 5/8/2022, 17:55 (GMT+7)"
https://vncooking.com/cong-thuc/la-lot-cuon-nam-dau-hu-430,Món chay,Lá lốt cuốn nấm đậu hũ,"Đậu hũ cuốn lá lốt thơm nức, béo ngậy đáp ứng đầy đủ chất dinh dưỡng cho các tín đồ ăn chay. Nhìn vào món này còn ai dám chê đồ ăn chay là nhạt nhẽo và thiếu chất nữa không nào? Món lá lốt cuốn nấm đậu hũ chay có thể dùng được với cơm trắng đơn giản, ăn với bún và nước tương chống ngán, hoặc mới lạ hơn khi cuốn với bánh tráng và rau sống.",,45phút,2,,7,"['Đậu hũ non 2 miếng', 'Tiêu 1 muỗng cafe', 'Đường trắng 1 muỗng cafe', 'Nấm hương 15 gram', 'Lá lốt 15 lá', 'Dầu 2 muỗng canh', 'Hạt nêm chay 2 muỗng cafe']","['Bước 1: Nấm hương và nấm mèo ngâm nước cho nở mềm rồi thái sợi. Bắc chảo cùng 1/2 muỗng canh dầu ăn, đợi dầu nóng thì cho 2 loại nấm vào xào vàng thơm.', 'Bước 2: 02 Cho đậu hũ và nấm xào vào tô, thêm vào 3 lá lốt cắt sợi, nêm nếm tùy khẩu vị. Với 2 miếng đậu hũ non thì mình nêm cùng 2 muỗng cà phê hạt nêm chay, 1 muỗng cà phê đường, 1 muỗng cà phê tiêu. Tiếp theo bạn bóp nát đậu hũ và trộn đều cùng với các nguyên liệu. Số lượng lá lốt thêm vào có thể điều chỉnh tùy theo sở thích của bạn và gia đình, cho nhiều lá lốt thì mùi vị sẽ thơm hơn nhưng mình chỉ cho vừa phải vì bên ngoài còn cuốn một lớp lá lốt nữa.', 'Bước 3: Cho nhân đậu hũ vào lá lốt rồi cuốn chặt tay. Quay mặt trên của lá lốt có màu xanh đậm ra ngoài, để khi chiên lá lốt sẽ có màu xanh đẹp hơn. Số nhân đậu hũ này nếu cuốn không hết bạn có thể dùng để nhồi khổ qua, nhồi cà chua, cuốn chả giò,... đều ngon.', 'Bước 4: Cho vào chảo chống dính số dầu ăn còn lại (không cần chiên quá ngập dầu sẽ gây ngấy), từ từ cho chả lá lốt vào chiên đến khi lá lốt dính vào nhân đậu hũ, dậy mùi thơm đặc trưng thì gắp ra cho vào dĩa có lót giấy thấm dầu.']",[],"Thứ sáu, 5/8/2022, 17:45 (GMT+7)"
https://vncooking.com/cong-thuc/khoai-tay-xao-nam-429,Món chay,Khoai tây xào nấm,Chỉ cần khoai tây xào nấm thôi mà thu được món ngon 'thần thánh' thế này thì cũng đáng thử nghiệm lắm phải không các chị em!!!,,30phút,2,,7,"['Khoai tây 3 củ', 'Cà chua 1 quả', 'Nấm 200 gram', 'Đậu hũ 1 miếng', 'Dầu ăn 1 muỗng canh', 'Hành tây 1 củ', 'Nước tương 2 muỗng canh']","['Bước 1: Khoai tây gọt vỏ, cắt múi cau vừa ăn rồi chiên sơ hai mặt cho vàng. Hành tây bóc vỏ, cắt hạt lựu. Cà chua cắt múi cau. Đậu hũ cắt miếng vuông chiên vàng.', 'Bước 2: Làm nóng chảo bằng ít dầu ăn, dầu nóng cho hành tây vào phi thơm, thêm khoai tây, cà chua, đậu hũ vào đảo đều, nêm vào 2 muỗng canh nước tương, ít muối, tiêu cho vừa vị.', 'Bước 3: Trước khi tắt bếp các bạn cắt nhỏ hành lá và ngò nêm vào cho món xào thêm phần hấp dẫn.']",[],"Thứ sáu, 5/8/2022, 17:36 (GMT+7)"
https://vncooking.com/cong-thuc/canh-rau-cu-chay-428,Món chay,Canh rau củ chay,"Canh rau củ chay rất dễ ăn, màu sắc đẹp mắt lại ngon miệng. Bữa cơm ngày Tết của bạn sẽ đỡ ngán hơn nếu có món canh này đấy.",,45phút,2,,7,"['Bắp mỹ 1 trái', 'Muối 2 muỗng cafe', 'Hạt nêm chay 1 muỗng cafe', 'Cà rốt 1 củ', 'Su su 250 gram', 'Bột ngọt 1 muỗng cafe', 'Khoai tây 1 củ']","['Bước 1: Nấm rơm ngâm nước pha 1 muỗng cà phê muối, rửa sạch, cắt bỏ phần gốc, cắt làm đôi. Bắp mỹ bóc vỏ, rửa sạch, cắt khúc khoảng 2-3cm.', 'Bước 2: Cà rốt, su su, khoai tây gọt vỏ, rửa sạch, dùng dụng cụ có hình răng cưa, cắt miếng vừa ăn.', 'Bước 3: Đun 500ml nước trong nồi, cho bắp mỹ vào, nấu sôi.', 'Bước 4: Khi thấy bắp gần mềm, cho tiếp cà rốt, khoai tây vào, nấu khoảng 5 phút đến khi cà rốt, khoai tây mềm.', 'Bước 5: Cuối cùng, cho su su, nấm rơm vào, nấu sôi 2 phút. Nêm gia vị 1 muỗng cà phê hạt nêm chay, 1 muỗng cà phê muối, 1/2 muỗng cà phê bột ngọt cho vừa ăn, tắt bếp.', 'Bước 6: Múc canh ra tô, trang trí thêm ngò rí lên trên để món ăn thêm đẹp mắt. Dùng nóng với cơm ngon không thể chối từ.']",[],"Thứ sáu, 5/8/2022, 17:28 (GMT+7)"
https://vncooking.com/cong-thuc/dau-hu-sot-chua-ngot-427,Món chay,Đậu hũ sốt chua ngọt,"Đậu hũ là món ăn ngon bùi, vừa rẻ, vừa dễ làm và đặc biệt là mất rất ít thời gian để chế biến nên nhiều người rất thích món này. Cùng vào bếp để chế biến món đậu hũ sốt chua ngọt này cùng mình nhé!",,30phút,2,,7,"['Đậu hũ trắng 2 miếng', 'Bột bắp 1 muỗng cafe', 'Hành lá 1 tép', 'Đường trắng 2 muỗng cafe', 'Sốt cà chua 1 muỗng canh', 'Dầu ăn 3 muỗng canh', 'Nước tương 2 muỗng cafe']","['Bước 1: Đậu hũ rửa sạch, để ráo nước, cắt miếng mỏng vừa ăn. Hành lá rửa sạch, cắt nhỏ.', 'Bước 2: Đổ giấm, sốt cà chua, nước tương, đường, muối, bột bắp và 1 muỗng canh nước vào trong tô nhỏ rồi dùng muỗng hoặc đũa khuấy đều cho đến khi các gia vị tan hết.', 'Bước 3: Sau đó bạn bắc chảo lên bếp cho dầu ăn vào và đợi nóng, bạn chiên đậu hũ giòn đều các mặt sau đó gắp ra dĩa để ráo dầu. Trước khi chiên bạn cho vào chảo 1 ít muối sẽ giúp đậu khi chiên không bị văng nước nhé!', 'Bước 4: Sau khi chiên đậu hũ bạn đổ bớt dầu thừa ra chỉ chừa lại khoảng 1 muỗng canh dầu, đổ hỗn hợp nước sốt vào nấu cho sôi lên thì bỏ đậu hũ đã chiên, hành ngò vào đảo đều cho sốt bám quanh các miếng đậu hũ và nước sốt sệt lại thì bạn tắt bếp.', 'Bước 5: Dọn đậu hũ ra dĩa rồi dùng nóng ngay nào!']",[],"Thứ sáu, 5/8/2022, 15:30 (GMT+7)"
https://vncooking.com/cong-thuc/nam-dui-ga-ap-chao-426,Món chay,Nấm đùi gà áp chảo,"Nấm đùi gà áp chảo là món ăn đơn giản mà ngon. Với nấm Đùi gà có hiệu quả chống ung thư, điều tiết sức miễn dịch của cơ thể và cải thiện tuần hoàn máu.",,30phút,2,,8,"['Nấm đùi gà 3 cái', 'Muối 1 muỗng cafe', 'Dầu oliu 1 muỗng cafe', 'Ngò tây 2 nhánh', 'Tỏi 1 tép', 'Tiêu 1 muỗng cafe', 'Xạ hương 1 nhánh', 'Lá hương thảo 1 lá']","['Bước 1: Nấm đùi gà rửa sạch, lau khô, bổ dọc làm 2-3 miếng. Các loại rau thơm băm nhỏ ra. Tỏi dập dập, băm nhuyễn ra. Hòa tỏi, dầu ô liu, muối, tiêu và rau thơm với nhau. Sau đó phết lên mỗi mặt nấm. Đợi khoảng 5-10 phút cho ngấm. Cho vào chảo, chiên áp chảo ở lửa vừa cho đến khi nấm vàng đều 2 mặt. Lá hương thảo mùi khá nồng, các bạn tùy chỉnh theo sở thích nhé, như mình thì chỉ cần 1 xíu rắc lên như rắc muối là đủ thơm rồi. Để tăng thêm mùi thơm cho nấm có thể chiên cùng với chút hành tây thái mỏng', 'Bước 2: Cho nấm ra đĩa, dùng kèm với ít cà chua bi rất ngon. Món ngon này có thể dùng ăn kiêng giúp chị em không chỉ dưỡng dáng mà còn tốt cho sức khỏe nữa nhé!']",[],"Thứ sáu, 5/8/2022, 15:04 (GMT+7)"
https://vncooking.com/cong-thuc/bun-thai-chay-425,Món chay,Bún thái chay,"Sợi bún mềm trộn với rau, nấm và đậu hũ chiên thật hấp dẫn. Món bún Thái chay này sẽ là lựa chọn khôn ngoan và hợp lý cho bạn trong những ngày gia đình ăn chay đấy.",,45phút,2,,11,"['Đậu hũ chiên 2 miếng', 'Muối 1 muỗng', 'Lá chanh 5 lá', 'Hạt nêm chay 2 muỗng cafe', 'Thơm 1 trái', 'Đường trắng 2 muỗng canh', 'Nấm rơm 2 gram', 'Ớt 1 trái', 'Sả 2 cây', 'Bún tươi 400 gram', 'Me chua 300 gram']","['Bước 1: Đậu hũ chiên cắt miếng vừa ăn, chiên cho vàng đều các mặt.', 'Bước 2: Sả bóc vỏ, rửa sạch. Băm nhuyễn 1 cây. Cây còn lại đập dập. Thơm cắt lát mỏng, cà chua chẻ múi cau. Ớt rửa sạch, cắt nhỏ.', 'Bước 3: Nấm rơm cắt phần cuống, rửa sạch rồi cắt đôi. Ngâm me trong một ít nước ấm khoảng 10 phút, dùng muỗng tán nhẹ me. Lọc lấy phần nước, bỏ hạt.', 'Bước 4: Đặt một chiếc nồi lớn lên bếp, cho dầu ăn và sả băm vào, mở lửa vừa. Khi sả tỏa mùi thơm, thả cà chua vào đảo đều.', 'Bước 5: Khi cà chua mềm và ra màu, cho 1,2 lít nước cùng sả cây, thơm vào. Lá chanh vò nhẹ rồi thả vào nồi. Nêm muối, đường, hạt nêm chay. Cho sôi khoảng 5 phút.', 'Bước 6: Thả ớt cắt nhỏ, đậu hũ chiên, nấm rơm vào nồi. Nấu thêm 5 phút nữa thì tắt bếp.']",[],"Thứ sáu, 5/8/2022, 14:54 (GMT+7)"
https://vncooking.com/cong-thuc/dau-hu-chien-sot-ngu-sac-424,Món chay,Đậu hũ chiên sốt ngũ sắc,"Đậu hũ chiên sốt ngũ sắc thật đúng như tên gọi, vừa nhìn món ăn là bạn đã cảm thấy thích thú và hấp dẫn bởi màu sắc bắt mắt mà món ăn đem lại. Món này ăn với cơm gạo lứt thì còn gì bằng nữa, là món ăn chay quá đỉnh.",,45phút,2,,4,"['Đậu hũ non 2 miếng', 'Gừng 1 củ', 'Nước tương 1 muỗng canh', 'Nấm đông cô 50 gram']",[],[],"Thứ tư, 3/8/2022, 17:49 (GMT+7)"
https://vncooking.com/cong-thuc/nam-kim-cham-hap-nuoc-tuong-423,Món chay,Nấm kim châm hấp nước tương,"Món nấm hấp nước tương làm rất nhanh, không đòi hỏi nhiều thao tác chế biến nhưng lại vô cùng ấn tượng, đậm đà, giòn giòn. Món ăn này rất thích hợp cho những ngày trời mát nhé!",,30phút,2,,4,"['Nấm kim châm 250 gram', 'Nước tương 2 muỗng canh', 'Đường trắng 2 muỗng cafe', 'Ớt 1 trái']","['Bước 1: Ớt, hành lá rửa sạch, cắt nhỏ. Nấm kim châm rửa sạch, cắt bỏ gốc.', 'Bước 2: Cho nấm kim châm vào đĩa, đặt trong xửng hấp, đậy kín nắp, hấp khoảng 5 - 7 phút.', 'Bước 3: Cho đường vào chén nước tương, khuấy tan rồi mở nắp ra, chan 15ml nước tương, hấp thêm 2 phút là được.', 'Bước 4: Lấy món ăn ra, rắc ớt, hành lá lên trên, cuối cùng bạn có thể rưới chút dầu ăn để món nấm hấp xì dầu được bóng đẹp hơn. Lấy ra đĩa dùng nóng rất ngon.']",[],"Thứ tư, 3/8/2022, 12:52 (GMT+7)"
https://vncooking.com/cong-thuc/sup-dau-do-422,Món chay,Súp đậu đỏ,"Món ăn với nguyên liệu chính là đậu đỏ chứa nhiều dinh dưỡng cũng như là rất lành tính cho cơ thể đấy, vừa giải nhiệt vừa giúp bạn ăn ngon miệng hơn đó ạ.",,45phút,2,,8,"['Đậu đỏ 200 gram', 'Cần tây 2 nhánh', 'Dầu olive 3 muỗng', 'Hành tây 1 củ', 'Nguyệt quế 3 lá', 'Muối 1 muỗng cafe', 'Cà rốt 1 củ', 'Xạ hương 2 muỗng cafe']","['Bước 1: Đậu đỏ rửa sạch, loại bỏ hạt lép, hư hỏng. Đổ đậu vào chậu sạch rồi đổ đầy nước ngâm đậu. Ngâm ít nhất 4~5h hoặc ngâm qua đêm để đậu đỏ mềm, sạch và nấu không bị chát.', 'Bước 2: Hành tây bóc vỏ và cắt rễ. Thái hạt lựu. Cà rốt rửa sạch, gọt vỏ rồi cũng thái hạt lựu nhỏ vừa ăn. Cần tây rửa sạch, thái nhỏ.', 'Bước 3: Đậu đỏ ngâm đủ thì rửa sạch, cho vào nồi. Đổ nước cách đậu khoảng 2~3cm và đun sôi. Khi đun sôi thì nêm chút muối rồi hạ lửa nhỏ để ninh thật nhừ. Một nồi khác thì cho dầu oliu vào nồi, trút hành tây và cà rốt vào xào đều. Hành chín thì cho thêm cần tây vào trộn cùng. Bỏ các loại gia vị trước đó vào.', 'Bước 4: Thêm nước đậu đã nhừ vào nồi hành, đun sôi. Hạ nhỏ lửa, đun khoảng 20 phút cho nhừ hết nguyên liệu thì bỏ đậu đỏ đã ninh vào cùng. Đun thêm 10 phút nữa. Nêm nếm lại gia vị cho vừa ăn. Sau đó múc ra tô rồi thưởng thức thôi.']",[],"Thứ tư, 3/8/2022, 12:40 (GMT+7)"
https://vncooking.com/cong-thuc/kho-qua-kho-chay-421,Món chay,Khổ qua kho chay,"Khổ qua có thể dùng nấu canh, xào, gỏi... Bạn có thể biến tấu một chút với món khổ qua kho chay này. Khi ăn có chút vị đắng, mềm mềm của đậu hũ, thấm đậm gia vị và rất đưa cơm.",,45phút,2,,8,"['Khổ qua 3 trái', 'Tiêu 1 muỗng cafe', 'Ớt bột 1 muỗng cafe', 'Hạt nêm chay 2 muỗng cafe', 'Nước dừa 30 ml', 'Cà rốt 1 củ', 'Dầu ăn 1 muỗng canh', 'Đường trắng 1 muỗng canh']","['Bước 1: Khổ qua rửa sạch, đem cắt thành từng miếng dày khoảng 1cm. Bóc bỏ phần ruột khổ qua. Cho 1 tô nước vào nồi đun sôi. Nước vừa sôi thì cho đậu khuôn vào chần sơ khoảng 1-2 phút. Vớt đậu ra để ráo. Chia đậu hũ trắng ra làm 2-3 phần rồi cho vào miếng vải mùng vắt đậu hũ cho ráo nước. Trộn đều đậu khuôn với cà rốt, nấm mèo, bún tàu, hạt nêm chay và tiêu.', 'Bước 2: Nhồi hỗn hợp đậu hũ trắng vào từng miếng khổ qua. Đun nóng dầu ăn trong chảo, để lửa vừa rồi cho từng miếng khổ qua vào chiên cho chiên cả hai mặt. Khuấy tan các nguyên liệu còn lại để làm nước sốt rồi cho vào chảo. Đậy nắp chảo và đun với lửa nhỏ khoảng 10 phút cho khổ qua thấm nước sốt.', 'Bước 3: Bày món ăn ra đĩa, thưởng thức. Một chút đắng, mềm, đậm đà rất đưa cơm.']",[],"Thứ tư, 3/8/2022, 12:05 (GMT+7)"
https://vncooking.com/cong-thuc/nui-xao-rau-cu-420,Món chay,Nui xào rau củ,Bạn hãy thêm món nui xoắn xào rau củ vào thực đơn nhà mình trong những bữa cơm đã chán ngấy thịt cá hoặc các ngày ăn chay trong tháng nhé. Món ăn vừa nhiều màu sắc hấp dẫn lại cung cấp đủ lượng tinh bột và các vitamin cần thiết cho cơ thể.,,30phút,2,,14,"['Nui 200 gram', 'Ớt chuông 1 trái', 'Tiêu 1 trái', 'Hành tây 1 trái', 'Dầu olive 1 muỗng canh', 'Cà rốt 1 củ', 'Sốt cà chua 120 ml', 'Húng quế 1 muỗng cafe', 'Cà tím 1 trái', 'Muối 1 muỗng canh', 'Bí ngòi 1 trái', 'Dầu ăn 1 muỗng canh', 'Cà chua bi 100 gram', 'Tỏi 2 tép']","['Bước 1: Cà rốt gọt vỏ, cắt sợi mỏng. Ớt chuông rửa sạch, bỏ cuống và hạt, cắt sợi.', 'Bước 2: Hành tây tím lột vỏ, cắt mỏng. Tỏi bóc vỏ, băm nhỏ. Cà chua bi rửa sạch, bỏ cuống, bổ làm đôi.', 'Bước 3: Bí ngòi rửa sạch, cắt mỏng theo khoanh tròn, sau đó bổ làm tư. Cà tím rửa sạch, cắt lát, sau đó ngâm qua nước muối cho hết nhựa thâm.', 'Bước 4: Bắc nồi nước lên bếp đun sôi, bỏ 1/2 muỗng cà phê muối và dầu ăn vào. Đến khi nước sôi, cho nui vào luộc chín, sau đó vớt ra cho vào nước lạnh, sau đó để ráo và cho 1 muỗng canh dầu ôliu vào trộn đều.', 'Bước 5: Đặt chảo lên bếp, cho 1 muỗng canh dầu ăn vào phi thơm tỏi, sau đó cho cà rốt và hành tây vào xào. Tiếp đến, cho bí ngòi, cà tím, vào đảo khoảng 3 phút đến chín thì nêm 1/2 muỗng cà phê muối cho vừa ăn. Trút ra đĩa sạch để riêng. Đặt chảo lên bếp, cho cà chua vào đảo, thêm nước sốt cà chua, xạ hương khô, lá oregano xay và lá húng quế vào.']",[],"Thứ tư, 3/8/2022, 11:17 (GMT+7)"
https://vncooking.com/cong-thuc/dau-hu-chien-sot-ca-chua-419,Món chay,Đậu hũ chiên sốt cà chua,"Đậu hũ chiên sốt cà chua là món ăn không còn xa lạ với nhiều người, nhất là các bạn sinh viên. Món này hội tụ 3 yếu tố ngon, bổ, rẻ. Từng miếng đậu hũ mềm, thấm đậm gia vị, thêm phần nước sốt chua chua, ngọt ngọt thật hấp dẫn. Ăn với cơm trắng trong những ngày mưa thì hết chê.",,45phút,2,,7,"['Đậu hũ chiên 2 miếng', 'Đường trắng 1 muỗng cafe', 'Muối 1 muỗng cafe', 'Hành boa rô 100 gram', 'Cà chua 2 trái', 'Dầu ăn 2 muỗng canh', 'Bột ngọt 1 muỗng canh']","['Bước 1: Đậu hũ chiên mua sẵn ngoài chợ, cắt thành miếng nhỏ, hình vuông vừa ăn. Cà chua rửa sạch, cắt hạt lựu. Hành boa rô cắt nhỏ.', 'Bước 2: Làm nóng 2 muỗng canh dầu ăn. Cho cà chua vào, đảo đều đến khi cà chua mềm. Thêm gia vị 2 muỗng canh nước tương, 1/2 muỗng cà phê bột ngọt, 1/2 muỗng cà phê muối, 1 muỗng cà phê đường trắng cho vừa ăn. Đổ 1/2 chén nước vào, nấu sôi khoảng 1 phút.', 'Bước 3: Tiếp theo, cho đậu hũ vào, nấu lim rim nhỏ lửa cho ngấm phần sốt. Dùng đũa trở nhẹ tay miếng đậu hũ.', 'Bước 4: Tắt bếp, cho món ăn ra đĩa, rắc hành boa rô lên để món ăn thêm màu sắc. Giờ chỉ việc ăn cùng cơm trắng, canh và món mặn nào.']",[],"Thứ tư, 3/8/2022, 11:04 (GMT+7)"
https://vncooking.com/cong-thuc/dau-hu-nhoi-hat-sen-418,Món chay,Đậu hũ nhòi hạt sen,Cũng là món đậu hũ nhồi nhưng lần này mình cho thêm hạt sen để thay đổi khẩu vị. Cho người ăn cảm thấy không nhàm chán mà ngược lại thích vị bùi bùi của hạt sen nên sẽ ăn nhiều hơn.,,45phút,2,,9,"['Đậu hũ chiên 2 miếng', 'Nước tương 2 muỗng canh', 'Hành boa rô 1 cây', 'Dầu ăn 1 muỗng canh', 'Nấm mèo 30 gram', 'Đường trắng 1 muỗng cafe', 'Hạt nêm chay 1 muỗng cafe', 'Tương cà 1 muỗng canh', 'Hạt sen tươi 100 gram']","['Bước 1: Đậu hũ dùng muỗng múc phần nhân bên trong. Nấm mèo ngâm nở cắt nhỏ. Hạt sen luộc chín và cắt nhỏ (để lại ít hạt sen). Trộn tất cả cùng hạt nêm chay, dầu hào chay, nước tương và hành boa rô cắt nhỏ (để lại một ít phần đầu trắng hành) cho vừa khẩu vị.', 'Bước 2: Sau đó nhồi lại nhân vào vỏ đậu hũ. Bắc chảo dầu lên bếp, đợi dầu nóng cho đậu hũ vừa nhồi vào chiên giòn rồi vớt ra thấm bớt dầu.', 'Bước 3: Cho một ít dầu ăn vào phi thơm đầu trắng hành boa rô. Cho tương cà chua vào xào. Nêm nước tương, đường cho vừa khẩu vị.', 'Bước 4: Cho đậu hủ vào, khi hỗn hợp nước sốt sôi lại thì trở lại miếng đậu cho thấm mặt sau rồi mới tắt bếp và cho hạt sen còn lại vào.', 'Bước 5: Món này dọn ăn kèm cơm trắng và dễ ăn. Ăn chay thật đơn giản nhưng lại ngon không kém món mặn đấy!']",[],"Thứ tư, 3/8/2022, 10:40 (GMT+7)"
https://vncooking.com/cong-thuc/nam-dui-ga-xao-417,Món chay,Nấm đùi gà xào,"Giúp cơ thể thanh lọc, bớt đi sự ngán ngấy khi ăn quá nhiều đồ chiên rán thì món nấm đùi gà xào chay là một món ăn vừa ngon, nhiều chất dinh dưỡng lại vừa thực hiện siêu đơn giản.",,30phút,2,,7,"['Nấm đùi gà 400 gram', 'Hành lá 2 tép', 'Dầu ăn 5 gram', 'Ớt sừng 1 trái', 'Rau mùi 20 gram', 'Sả 1 tép', 'Muối 2 gram']","['Bước 1: Nấm đùi gà thái miếng bằng nhau rồi rửa với nước vài lần cho sạch, sau đó ngâm với chút nước muối loãng tầm 15 phút rồi vớt ra để ráo nước.', 'Bước 2: Ớt, sả, hành mùi rửa sạch rồi thái lát, hành mùi thái nhỏ.', 'Bước 3: Phi thơm hành củ cùng chút dầu ăn. Cho phần ớt, sả vào đảo đều.', 'Bước 4: Khi thấy ớt, sả săn lại thì cho nấm vào.', 'Bước 5: Để chảo sôi lên, nấm tiết ra nước thì đảo đều vài lần, thêm gia vị vừa ăn, rắc hành, mùi đã thái nhỏ lên trên cùng chút tiêu là xong.']",[],"Thứ tư, 3/8/2022, 09:35 (GMT+7)"
https://vncooking.com/cong-thuc/nom-thap-cam-chay-416,Món chay,Nộm thập cẩm chay,"Nộm, gỏi là món ăn thường được dùng trong phần khai vị của bữa ăn. Mùa hè nóng bức các món nộm rau củ chay cũng là một sự lựa chọn tuyệt vời cho mâm cơm gia đình bạn.",,30phút,2,,8,"['Khế chua 1 quả', 'Bắp chuối nhỏ 1 quả', 'Sợi mì chay 100 gram', 'Đậu phụ rán sẵn 2 bìa', 'Cà rốt 1 củ', 'Đậu phộng rang chín giã thô 100 gram', 'Dưa leo 1 quả', 'Mộc nhĩ 50 gram']","['Bước 1: Mộc nhĩ bạn đem ngâm với nước lạnh cho đến khi nở ra, vớt ra cắt bỏ chân, sau đó rửa thật sạch, để ráo nước rồi thái nhỏ. Đậu phụ bạn đem chiên lại cho vàng giòn, xong thái nhỏ dạng sợi. Bắp chuối bạn tách bỏ bớt bẹ già bên ngoài, sau đó đem thái sợi, ngâm vào nước lạnh có pha một chút giấm khoảng 20 phút. Cách làm này sẽ làm cho bắp chuối ra bớt nhựa và bớt bị thâm. Sau đó bạn rửa lại bằng nước cho thật sạch và để ráo hết nước.', 'Bước 2: Cà rốt bạn rửa sạch, gọt sạch vỏ, sau đó nạo sợi rồi trộn đều với một ít giấm đường, nửa thìa muối và ướp hỗn hợp này trong 20 phút. Tiếp đó bạn dùng tay vắt cho thật ráo nước. Khế bạn rửa sạch, xong đem thái sợi. Nếu không thích ăn chua, bạn có thể vắt bớt nước khế để giảm chua. Dưa leo bạn ngâm với nước muối loãng, sau đó rửa sạch, gọt vỏ rồi cũng đem thái sợi.', 'Bước 3: Bắc chảo lên bếp, cho 2 muỗng canh dầu ăn vào đun sôi rồi cho mộc nhĩ vào xào chín.', 'Bước 4: Mì chay bạn dùng tay rũ cho tơi ra, sau đó chần qua nước nóng. Tiếp đó, bắc chảo lên bếp, cho thêm 2 muỗng canh dầu ăn đun sôi thì cho mì vào chiên vàng.', 'Bước 5: Bạn pha ba muỗng canh xì dầu, thêm một muỗng canh nước lọc và cho dứa đã xắt nhỏ vào, trộn đều, nêm gia vị gồm: đường, bột ngọt cho vừa miệng.', 'Bước 6: Bạn xếp lần lượt các nguyên liệu gồm: khế, dưa leo, cà rốt, mộc nhĩ, bắp chuối, đậu phụ vào chén, cho mì đã chiên vàng vào giữa, rắc đậu phộng rang chín lên trên, trộn thêm phần xì dầu đã pha và thưởng thức.']",[],"Thứ tư, 3/8/2022, 09:21 (GMT+7)"
https://vncooking.com/cong-thuc/kho-quet-rau-luoc-415,Món chay,Kho quẹt rau luộc,"Kho quẹt chấm rau luộc là món ăn dân dã đưa cơm quen thuộc, đồng thời cũng là một món mồi nhấm ""hao bia"", sự hòa quyện của mùi vị mằn mặn, ngòn ngọt và một chút cay cay tùy khẩu vị chắc chắn sẽ khiến bạn nhâm nhi không ngừng, cùng vào bếp ngay nào!",,30phút,2,,9,"['Bánh mì sandwich. 2 lát', 'Ớt 2 trái', 'Bông cải xanh 200 gram', 'Cà rốt 1 củ', 'hành baro cắt nhỏ 2 muỗng cafe', 'Tiêu xanh 1 nhánh', 'Đậu bắp 100 gram', 'Nấm đông cô 50 gram', 'Bông cải trắng 200 gram']","['Bước 1: Bạn cắt nhỏ 2 lát bánh mì sandwich. Bắc chảo lên bếp, bạn cho vào chảo 1 ít dầu ăn đợi dầu nóng (lấy đầu đũa nhúng vào dầu thấy sủi bọt tăm là dầu đã nóng), cho bánh mì sandwich vào chiên vàng giòn.', 'Bước 2: Bạn bắc nồi đất lên bếp, thêm ít dầu ăn đợi nóng, bạn cho hành Baro vào phi thơm hơi chuyển vàng. Sau đó bạn thêm 3 muỗng canh nước mắm chay, 3 muỗng canh đường, 50 gr nấm đông cô, 2 quả ớt, đảo đều, để lửa nhỏ nấu sệt. Khi thấy kho quẹt đã sệt lại bạn thêm bánh mì chiên giòn và tiêu xanh vào, tắt bếp và dọn ra cùng rau luộc mời gia đình cùng thưởng thức nào!', 'Bước 3: Chuẩn bị thưởng thức thành quả thôi nào']",[],"Thứ tư, 3/8/2022, 09:12 (GMT+7)"
https://vncooking.com/cong-thuc/banh-mouse-chanh-day-414,Món tráng miệng,Bánh mouse chanh dây,"Bánh mouse chanh dây thanh mát với vị chua chua, ngọt ngọt và mềm mịn sẽ là món ăn rất đáng để bạn làm cho gia đình mình thưởng thức. Dịp cuối tuần, hãy thử làm món bánh Âu này với phương pháp đơn giản dưới đây, bạn nhé!",,60phút,1,,5,"['Chanh dây 5 quả', 'hạt chanh dây 250 gram', 'Kem tươi 250 gram', 'Bột gelatine 30 gram', 'Nước cốt chanh dây 0']","['Bước 1: Đối với phần mousse chanh dây -Bạn dùng một tô sạch cho phần kem tươi vào, đánh kem cho mịn rồi để trong ngăn mát tủ lạnh khoảng 10 phút rồi để lấy ra, sau đó đem đánh kem bông lên. -Chỉ cần đánh cho kem được mềm, nếu đánh cứng quá kem dễ bị lỏng và sẽ dễ bị tách nước khi đem trộn cùng chanh dây.', 'Bước 2: -Cắt chanh dây làm đôi rồi dùng muỗng lấy ruột chanh ra, sau đó cho vào lưới lọc, lấy phần nước cốt chanh. Cho thêm đường trắng vào phần nước cốt đó, khuấy đều. -Ngâm gelatin vào tô nước cho mềm, sau đó bỏ phần nước đó và thêm vào gelatin vừa ngâm một ít nước khác. Đặt gelatin trong lò quay đến khi chúng tan ra là được. -Khi gelatin nguội, bạn cho vào bát nước cốt chanh rồi khuấy đều. Trút phần nước cốt chanh-gelatin vào tô kem bông ở trên. Trộn cho các nguyên liệu đều với nhau rồi cho vào khuôn để trong tủ lạnh trong khoảng 3 giờ.', 'Bước 3: Đối với phần lớp gương cho bánh Lấy nước cốt chanh dây cho ra tô, bạn thêm vào đó 80 gam đường. Khuấy đều cho đường tan hết. Ngâm 10 gam gelatin, cũng làm như bước trước, cho ít nước bỏ trong lò để gelatin tan. Sau đó đổ vào bát chanh dây, khuấy đều tay và để thật nguội. -Lấy bánh ra khỏi tủ, đổ lớp gương lên bề mặt bánh, tiếp tục cho vào tủ lạnh 30 phút rồi lấy ra rắc hạt chanh dây lên. -Thưởng thức bánh. Có thể trang trí thêm dâu tây, kiwi để bánh đẹp hơn.']",[],"Thứ ba, 2/8/2022, 17:42 (GMT+7)"
https://vncooking.com/cong-thuc/che-thach-trai-cay-pha-le-413,Món tráng miệng,Chè thạch trái cây pha lê,"Nếu bạn là một dâm ghiền nấu nướng, ăn vặt thì chắc hẳn không thể nào bỏ qua món chè thạch trái cây pha lê đang gây sốt khắp mọi nơi này.",,90phút,2,,13,"['Thịt quả bơ sáp 200 gram', 'Sữa tươi 100 ml', 'Sữa đặc 30 gram', 'Nước cốt dừa 50 ml', 'Lá gelatine 4 lá', 'Vỏ chanh 1 muỗng cafe', 'Các loại trái cây như dâu tây kiwi cherry mít… 0', 'Nước lọc 250 ml', 'Đường 4 muỗng canh', 'Bột rau câu dẻo 1 muỗng cafe', 'Khuôn đá hình tròn 0', 'Nước cốt dừa 100 ml', 'Sữa đặc 4 muỗng']","['Bước 1: Cách làm chè bơ: • Đầu tiên bạn cắt đôi quả bơ, dùng muỗng nạo lấy phần thịt bơ rồi cho vào máy xay sinh tố xay nhuyễn. • Cho lá genlatin vào nước ngâm cho nở ra. Đổ sữa đặc, sữa tươi, nước cốt dừa vào một chiếc nồi nhỏ, đun sôi rồi cho lá gelatin ngâm nở vào khuấy đều. • Sau khi hỗn hợp sôi đều một lúc, bạn tắt bếp rồi cho bơ vừa xay nhuyễn vào. Thả ít vỏ chanh bào vào cùng nhé. • Trộn đều hỗn hợp lên rồi đổ ra khuôn bánh flan, để vào tủ lạnh cho đông lại.', 'Bước 2: Làm thạch pha lê: • Hoà tan bột rau câu với đường và nước, để khoảng 15 phút cho nở. Cho bột rau câu vào nồi, bắc lên bếp đun và khuấy liên tục. • Sau khi đun sôi, bạn bắc xuống để nguội khoảng 3 phút. • Cắt nhỏ các loại trái cây đã chuẩn bị sẵn như dâu, kiwi, mít cho vào khuôn, đổ thạch đã nấu vào rồi đậy nắp khuôn lại chờ đông khoảng 1 – 2 tiếng. • Với lượng thạch vừa làm, bạn có thể làm được 10 viên thạch tròn.', 'Bước 3: Nước cốt dừa để chan: • Bạn đổ sữa đặc và nước cốt dừa vào nồi, bắc lên bếp đun cho sôi lăn tăn rồi tắt bếp, để nguội. • Chè bơ lấy ra khỏi khuôn, đổ ra đĩa lòng sâu, gỡ phần thạch trái cây ra rồi cho vào thêm với chè bơ. Chan phần nước cốt dừa vào là bạn đã hoàn thành xong món chè thạch hoa quả này rồi. • Chắc chắn với hương vị béo béo, ngậy ngậy của chè bơ và vị mềm thơm của thạch trái cây dẻo lạnh sẽ giúp bạn có một món chè ngon tuyệt để chiêu đãi cả nhà đấy.']",[],"Thứ sáu, 29/7/2022, 17:44 (GMT+7)"
https://vncooking.com/cong-thuc/banh-crepe-trai-cay-412,Bánh và bánh ngọt,Bánh Crepe trái cây,"Crepe là món bánh được làm từ những nguyên liệu cực kỳ đơn giản gồm bơ, đường, sữa, dầu ăn, bột lại không cần dùng lò nướng nên món bánh này rất được ưa chuộng làm món ăn sáng, món tráng miệng yêu thích của nhiều người. Cách làm bánh crepe không khó, bất kỳ ai cũng có thể chế biến được, vì vậy bạn đừng ngại “lăn vào bếp” và thực hiện món bánh hấp dẫn này để thưởng thức nhé.",,60phút,1,,10,"['Dưa hấu 1 quả', 'Nho 12 quả', 'Chuối 2 quả', 'Trứng 2 quả', 'Bột mỳ 80 gram', 'Vani lỏng 1 muỗng canh', 'Bột trà xanh 6 gam', 'Sữa tươi không đường 160 ml', 'Đường cát 60 gam', 'Cafe dầu olive 1 muỗng']","['Bước 1: Bước 1: Để làm crepe trái cây, trước hết các bạn múc dưa hấu thành những miếng tròn hoặc cắt hình ô vuông vừa ăn. Nếu còn dư thì đem ép thành nước ép dưa hấu nhé. Chuối lột vỏ, cắt đôi quả. Nho rửa sạch, cắt đôi bỏ hạt hoặc để nguyên trái.', 'Bước 2: Bước 2: Bước tiếp theo, bạn cho 2 quả trứng vào âu cùng 40g đường, dùng phới lồng khuấy đều sau đó rây bột mỳ vào. Thêm sữa tươi và dầu olive vào, khuấy cho tan hết đường và được một hỗn hợp bột lỏng mịn.', 'Bước 3: Bước 3: Chia hỗn hợp bột thành 3 phần, một phần trộn cùng bột trà xanh matcha, một phần trộn với nước ép dưa hấu và phần phần còn lại bạn trộn cùng chút vani nhé! Nếu không muốn tạo màu, bạn đem bột đi tráng ngay. Nếu muốn bánh có màu sắc đẹp mắt nhưng hoàn toàn tự nhiên bạn có thể dùng bột trà xanh và nước ép dưa hấu làm màu cho bánh.', 'Bước 4: Bước 4: Bắc chảo chống dính lên bếp, tráng qua một lớp dầu mỏng để dầu dính đều chảo. Lưu ý là chỉ tráng dầu lần đầu và chỉ dùng một lượng dầu nhỏ, các lần tráng bánh sau bạn không cần tráng dầu lại. Khi chảo nóng thì tráng 1 lớp bột mỏng vào, đợi lớp mặt bột khô ráo thì lấy bánh xếp lên dĩa. Tráng cho đến khi hết lượng bột đã chuẩn bị.', 'Bước 5: Bước 5: Cho 35g đường cát và whipping cream vào tô lớn sau đó dùng máy đánh trứng đánh bông mịn whipping cream.', 'Bước 6: Bước 6: Trải một lớp vỏ bánh crepe đã tráng ra dĩa, cho lớp kem tươi lên sau đó lại cho phần nhân trái cây vào chính giữa, tiếp tục thêm một lớp kem lên trên nữa sau đó gấp vỏ bánh hoặc cuốn lại theo ý thích. Như vậy là bạn đã hoàn thành món bánh crepe trái cây rồi. Bánh crepe trái cây có vị ngọt béo vừa phải, dễ ăn. Lớp vỏ bánh mềm mịn, dẻo dai, phần nhân kem beo béo hòa quyện cùng vị ngọt chua tự nhiên của trái cây ngon tuyệt. Chắc chắn bất kỳ ai thưởng thức cũng mê ngay từ lần đầu.']",[],"Thứ sáu, 29/7/2022, 17:33 (GMT+7)"
https://vncooking.com/cong-thuc/kim-chi-cai-thao-viet-nam-411,Nhanh và dễ,Kim chi cải thảo Việt Nam,"Giống với dưa món, kim chi cải thảo Hàn Quốc là món ăn kèm cùng với nhiều món ăn khác nhau, ngoài ra có thể dùng để nấu canh hoặc xào… Với hương vị thơm ngon, kim chi trở thành món ăn ưa thích của nhiều người. Vì vậy sao bạn không học ngay cách làm kim chi cải thảo Việt Nam chuẩn vị để bữa ăn thêm ngon miệng.",,45phút,2,,7,"['cải thảo (nên chọn loại có búp cải non và vẫn còn tươi) 1 kg', 'Cà rốt 250 gram', 'gừng tươi 1 củ', 'Tỏi 1 củ', 'ớt tươi 3 quả', 'Chanh 1 quả', 'Gia vị các loại: Nước mắm bột ngọt hạt tiêu ớt bột đường muối 0']","['Bước 1: Sơ chế nguyên liệu • Cải thảo rửa sạch, tách lá ra riêng sau đó ngâm trong nước muối khoảng 10 phút sau đó đem phơi nắng khoảng 1 giờ để kim chi có độ giòn khi ăn. Đem cải thảo trộn với muối, bóp mạnh và vắt nước thật kỹ. Tuy nhiên, nên khéo một chút để cải không bị nát bạn nhé. • Cà rốt rửa sạch, cạo sạch vỏ rồi nạo thành sợi. Tương tự như cải thảo, bạn đem cà rốt bóp mạnh qua muối, đường rồi vắt cho hết nước.', 'Bước 2: Trộn gia vị kim chi • Gừng rửa sạch, cạo bỏ lớp vỏ bên ngoài rồi thái từng lát mỏng. Tỏi tách thành từng tép, bóc vỏ. Ớt tách bỏ hột, thái thành từng lát nhỏ. Cho gừng, tỏi, ớt vào trong bát, vắt nước cốt chanh vào, cho vào 1 muỗng bột ngọt, 3 muỗng đường rồi giã nhỏ • Sau khi các nguyên liệu đã được giã nhỏ, cho thêm 4 muỗng nước mắm, 3 muỗng ớt bột, 1 chút hạt nêm rồi trộn thật đều. (Nếu muốn ăn kim chi trong thời gian dài thì không cho chanh vào nhé).', 'Bước 3: Muối kim chi cải thảo “thuần Việt” • Cho cải thảo, cà rốt vào thau lớn, rót phần hỗn hợp gia vị đã trộn ở trên vào cùng trộn thật đều. Sau đó cho kim chi vào hộp có nắp, đậy kín nắp cho kim chi vào tủ lạnh khoảng 1 ngày là có thể dùng được. Để kim chi ngon hơn, trước khi ăn bạn nên trộn đều kim chi lại nhé. Với cách trộn kim chi cải thảo Việt Nam sẽ phù hợp với nhiều người hơn vì không dùng ớt bột Hàn Quốc. Món kim chi Việt Nam vẫn ngon lành không kém cạnh gì món kim chi Hàn, lại hợp khẩu vị người Việt và đảm bảo vệ sinh.']",[],"Thứ sáu, 29/7/2022, 17:06 (GMT+7)"
https://vncooking.com/cong-thuc/bun-rieu-cua-mien-bac-410,Món chính,Bún riêu cua miền Bắc,"Cách nấu bún riêu cua ngon chuẩn vị gốc miền Bắc với vị ngọt thanh của cua đồng, vị chua của cà chua và hương vị đậm đà rất ngon miệng. Lâu lâu vào bếp làm bún riêu cua đổi vị cho cả gia đình chắc chắn ai ăn cũng thích.",,75phút,2,,9,"['Cua đồng 500 gram', 'Đậu Hũ 3 miếng', 'Cà chua 4 miếng', 'Me 2 quả', 'Mắm tôm 50 ml', 'Bún 1 kg', 'Hành tím rau mùi hành lá 3', 'Rau sống bắp chuối rau muống xà lách 3', 'Hạt tiêu nước mắm hạt nêm dầu ăn đường 3']","['Bước 1: Sơ chế cua đồng Trước tiên, cua đồng mang về rửa qua với nước muối, sau đó gỡ mai cua và lấy gạch, những phần còn lại đem giã nhỏ. Tiếp đến bạn pha một tô nước lạnh, thêm chút muối rồi dùng gạn nước cua qua 3 lần nước sao cho nước cua hơi trong. Tiếp tục cho 1 muỗng canh hạt nêm vào nước cua sau đó bắc lên bếp đun sôi.', 'Bước 2: Rán đậu hũ 3 miếng đậu hũ bạn đem cắt miếng vuông nhỏ vừa ăn sau đó cho vào chảo ngập dầu và rán vàng. Khi dầu chín tới đến khi miếng đậu chín vàng thì vớt ra đĩa để ráo. Nên lót giấy thấm dầu xuống đĩa trước rồi để đậu lên trên sẽ ráo nhanh hơn và thấm bớt dầu mỡ.', 'Bước 3: Sơ chế các loại rau Cà chua rửa sạch, thái mũi cau 3 quả, 1 quả còn lại băm nhuyễn. Các loại rau sống ăn kèm lặt sạch, đem rửa lại với nước muối rồi ngâm vào nước đã cho nước cốt chanh rửa để cho rau thật sạch.', 'Bước 4: Phi gạch cua Bắc chảo lên bếp, đợi chảo nóng cho chút dầu rồi phi hành tím thái nhỏ lên, phi đến khi hành có màu vàng ươm thì đổ gạch cua vào, tiếp đến bạn đảo nhanh tay rồi tắt bếp và đổ gạch cua vào một bát để riêng. Nồi nước cua sôi, bạn dùng thìa lớn múc thịt cua để vào đĩa lòng sâu, lúc này bạn nhớ gạn nước và múc sao cho khéo đừng để vỡ cua nhé. Tiếp tục đổ 1/2 phần gạch cua vừa phi hành thơm lên trên thịt cua để thịt mềm và giúp thịt ngấm gia vị.', 'Bước 5: Nấu riêu cua Tiếp tục đổ phần cà chua băm vào nồi sau đó cho 1 muỗng cafe mắm tốm, 1/2 gạch cua con lại, 2 quả me và chút nước mắm cùng hạt nêm vừa ăn vào. Chờ nồi nước dùng gần sôi thì cho tiếp phần cà chua thái mũi cau vào đun tiếp cho sôi một chút rồi tắt bếp.', 'Bước 6: Thưởng thức Cho bún vào bát, cho vài miếng đậu phụ rán vào một góc, sau đó thêm một muỗng canh thịt cua đồng vào, rắc hành lá cùng rau mùi thái nhỏ vào 1 góc sau đó rưới nước dùng vào bát, thêm các loại rau sống, lát chanh, ớt và thưởng thức nóng. Cách nấu bún riêu cua đơn giản phải không nào, bún thơm mùi cua, nước có vị chua chua của me, mềm giòn của đậu phụ rán lẫn hương vị của mắm tôm rất ngon miệng. Cách nấu bún riêu cua miền Nam cũng hơi tương tự nhưng có thêm một vài nguyên liệu khác như huyết, giò heo,…']",[],"Thứ hai, 25/7/2022, 17:35 (GMT+7)"
https://vncooking.com/cong-thuc/goi-nha-dam-409,Món khai vị,Gỏi nha đam,"Không chỉ là một loại thực vật tốt, một cây thuốc tốt mà nha đam còn là một nguyên liệu tuyệt vời để chế biến những món ăn ngon, bổ dưỡng cho sức khỏe.

Đã có rất nhiều món ngon từ nha đam như nấu nước yến, làm sữa chua nha đam, nấu chè… Tuy nhiên có một món ăn rất thanh mát mà chưa được nhiều người biết đến, đó chính là món gỏi nha đam lạ miệng. Hãy cùng khám phá công thức để làm nên món ăn này nhé!",,45phút,2,,4,"['Nha Đam 200 gram', 'Cà rốt 1 củ', 'Tôm đất 100 garm', 'Dưa chuột 1 củ']","['Bước 1: Nha đam bạn chọn nhưng lá vừa phải, không quá to, không quá nhỏ, còn tươi xanh và không bị dập hoặc chảy nước. Bạn đem bào vỏ nha đam cho sạch, sau đó đem ngâm nước một lúc. Chuẩn bị một nồi nước đun sôi cho thêm chút muối rồi chần nha đam vào đó. Bạn chần xong rồi vớt ra ngâm ngay nha đam vào nước đá cho nguội, tiếp đến thì vớt ra để ráo rồi dùng dao cắt thành sợi. Tôm bạn rửa sạch, đem luộc chín. Nhớ nêm thêm khoảng 1/2 muỗng hạt nêm khi luộc cho tôm đậm vị. Tôm chín bạn vớt ra rồi cho vào tô nước đá. Bạn bóc bỏ phần vỏ tôm và chừa lại đuôi tôm. Dưa chuột đem rửa sạch, bỏ ruột, cắt thành sợi. Cà rốt rửa sạch, bào vỏ, cắt sợi. Rau húng rửa sạch, dùng dao cắt nhuyễn.', 'Bước 2: (pha nước trộn gỏi): Bạn chuẩn bị một cái tô, cho vào 2 muỗng giấm gạo lên men, 2 muỗng nước mắm, 2 muỗng đường, 1 muỗng ớt băm sau đó trộn đều tất cả lên tạo thành hỗn hợp trộn gỏi.', 'Bước 3: (trộn gỏi): Chuẩn bị một cái âu lớn và sạch, bạn trút nha đam, cà rốt, tôm, dưa chuột, rau húng bạc hà vào, rưới đều nước trộn gỏi sau đó trộn cho đều tay. Nêm nếm lại cho vừa ăn. Cho gỏi nha đam ra một cái dĩa sạch, rắc vừng rang và hành phi lên trên. Trang trí bằng ngò và ớt tỉa hoa. Món ăn này không chỉ thanh mát, giúp bạn và gia đình giải nhiệt trong những ngày oi bức mà còn rất tốt cho sức khỏe. Đó là lý do vì sao trong các món gỏi thì gỏi nha đam rất được ưa chuộng. Những ngày nóng nực, bạn hãy trổ tài cho cả nhà thưởng thức nhé. Chúc các bạn thành công.']",[],"Thứ sáu, 22/7/2022, 17:31 (GMT+7)"
https://vncooking.com/cong-thuc/chao-luon-408,Món chính,Cháo lươn,"Cách nấu cháo lươn với hạt cháo nở nhừ, thịt lươn mềm, không lẫn xương và không tanh cho bé yêu",,60phút,2,,9,"['Lươn 500 gram', 'Gạo nếp gạo tẻ mỗi loại 70 gram', 'Gừng 1 nhánh', 'Sả 5 nhánh', 'Hành lá 50 gam', 'Ớt sừng 5 trái', 'Trứng gà 4 quả', 'Các loại rau ăn kèm: hành lá rau mùi rau ngổ mỗi loại 50 gam', 'Chanh 2 quả']","['Bước 1: Chuẩn bị thịt lươn Lươn sau khi mổ thì cần được làm sạch nhớt ở da và bụng. Để làm sạch lươn, bạn ngâm lươn vào với nước vo gạo trong khoảng 3 tiếng rồi sau đó đem rửa sạch cả phần trong và ngoài bằng nước muối chanh, cắt thành đoạn vừa ăn. Bạn lưu ý là cần làm thật sạch lươn để tránh lươn bị tanh. Sau khi thực hiện công đoạn trên xong, bạn cho lươn vào nồi hấp với khoảng 1/2 chén con nước cho đến khi lươn chín. Khi lươn chín, bạn lọc lươn lấy thịt bỏ riêng ra tô, còn phần xương của lươn thì bạn cho vào nồi nước ninh trong khoảng 30 phút rồi lọc bỏ xương và chỉ giữ lấy phần nước nấu cháo.', 'Bước 2: Nấu cháo lươn Gạo nếp và gạo tẻ sau khi vo sạch thì bạn cho vào nồi và trút nước vừa hầm xương lươn vào. Tiếp theo, bạn thực hiện nấu cháo như cách nấu cháo thông thường cho đến khi hạt gạo nở bung ra thì nêm gia vị cho vừa ăn. Về phần thịt lươn, sau khi đã lọc thịt bạn phi thơm hành khô, gừng, bột nghệ, sả băm nhỏ rồi cho phần thịt lươn vào xào. Bạn cũng có thể cho thêm một chút xíu ớt bột cho vị ngon hơn nhưng cũng có thể bỏ qua nếu bé không ăn được cay. Khi xào lươn gần được thì bạn nêm lại gia vị vào thịt lươn cho vừa miệng. Xào lươn xong, bạn trút toàn bộ chỗ lươn này vào nồi cháo và đập phần trứng gà vào cùng sau đó khuấy kỹ cho trứng gà chín và lươn ngấm. Làm xong, bạn chỉ cần đun thêm khoảng 3-5 phút cho các nguyên liệu hòa quyện lại với nhau là có thể múc ra chén thưởng thức kèm với các loại rau răm, ngò rí. Nếu bạn đang thắc mắc cháo lươn nấu với rau gì được ngoài cách nấu này thì xin bật mí với bạn rằng, đối với trẻ nhỏ đang trong giai đoạn phát triển, bạn có thể nấu cháo lươn cùng với cà rốt, bí đỏ, củ dền…cho bé, giúp món cháo của bé thêm phần ngon miệng và bổ dưỡng.']",[],"Thứ sáu, 22/7/2022, 17:12 (GMT+7)"
https://vncooking.com/cong-thuc/doi-truong-xao-cai-chua-407,Món chính,dồi trường xào cải chua,"Dồi trường xào không chỉ là món ăn với cơm nóng cực ngon mà còn là món nhậu được các quý ông vô cùng yêu thích. Dồi trường giòn sần sật, kết hợp với các nguyên liệu rau củ càng làm món ăn dậy mùi. Nhưng để dồi trường trắng, giòn, món ăn thơm ngon, hấp dẫn, bạn có thể chế biến theo cách làm dồi trường xào dưới đây.",,45phút,2,,11,"['bộ dồi trường lợn 1 Bộ', 'Dưa cải chua 1 bát', 'Cà chua 2 quả', 'Hành lá 1 tép', 'Hành tím 1 củ', 'Tỏi 1 củ', 'Nước mắm 1 muỗng canh', 'Muối hạt nêm tiêu 1 ít', 'Đường 1 muỗng cafe', 'ớt sừng 1 quả', 'gừng cạo vỏ cắt sợi 1 nhánh']","['Bước 1: Sơ chế các nguyên liệu • Dồi trường bạn rửa sạch. Đổ nước vào nồi đun sôi với một ít gừng cắt sợi và 1 chút muối rồi cho dồi trường vào luộc trong khoảng 5 phút. • Sau 5 phút, bạn vớt dồi trường ra, cho vào chậu nước đá, ngâm khoảng 10 phút cho dồi trường nguội và giòn ngon hơn. Sau đó, bạn vớt ra để cho ráo nước rồi cắt miếng vừa ăn. • Cải chua rửa sạch, cắt miếng vừa ăn. • Cà chua rửa sạch bỏ đầu, cắt múi cau. • Hành tím, tỏi băm lột vỏ, băm nhỏ, hành lá thì rửa sạch, cắt khúc, ớt sừng bỏ hạt, cắt lát.', 'Bước 2: Xào dồi trường • Đặt chảo lên bếp, cho vào 1 muỗng canh dầu ăn, đun dầu nóng thì bạn cho ½ lượng hành tím, tỏi băm vào phi thơm. Kế đó, bạn cho dồi trường vào xào sơ, nêm vào ½ muỗng cà phê hạt nêm, 1 muỗng canh nước mắm, ½ muỗng cà phê bột ngọt, ½ muỗng cà phê muối, và ½ muỗng cà phê tiêu rồi đảo đều khoảng 1 phút cho thấm gia vị rồi múc ra đĩa riêng.', 'Bước 3: Hoàn thành món ăn • Bạn tiếp tục dùng chảo đã xào dồi trường, cho vào 1 muỗng canh dầu ăn, dầu nóng thì bạn phi thơm hết phần hành tím, tỏi băm còn lại rồi cho cà chua, dưa chua, ớt sừng vào xào nhanh tay, nêm thêm chút hạt nêm, đường. • Bạn xào cho rau củ thấm gia vị thì cho dồi trường vào xào cùng, nêm nếm lại gia vị lần cuối cho vừa ăn thì rắc hành lá cắt khúc vào, thêm tiêu nếu thích và tắt bếp là hoàn thành món ăn.']",[],"Thứ sáu, 22/7/2022, 16:37 (GMT+7)"
https://vncooking.com/cong-thuc/mang-tay-xao-thit-bo-406,Món chính,Măng tây xào thịt bò,"Cách làm măng tây xào thịt bò ngon với sự kết hợp giữa thịt bò ngon ngọt và măng tây giàu dinh dưỡng sẽ mang đến cho bữa ăn gia đình bạn một món ăn ngon và lạ miệng.

Măng tây là loại rau giòn ngọt và có giá trị dinh dưỡng cao. Măng tây chứa nhiều chất đạm, chất xơ, chất béo, đường, các acid amin và các loại vitamin và khoáng chất rất cần thiết cho cơ thể. Măng tây nấu món gì ngon? Măng tây có thể được chế biến thành nhiều món ăn ngon như: mang tây xào thịt gà, măng tây xào với thịt lợn, măng tây nướng, măng tây hấp, măng tây cuộn thịt lợn xông khói,… nhưng ngon nhất phải kể đến món măng tây xào với thịt bò.",,45phút,2,,4,"['Thịt bò 200 gram', 'Măng tây 200 gram', 'Tỏi 3 nhánh', 'Vừng rang chín 1 nhúm']","['Bước 1: Cách sơ chế măng tây là bạn đem rửa sạch, bẻ thành từng khúc ngắn hoặc để nguyên cây, bỏ phần gốc già. Bạn dùng dao gọt phần vỏ ngoài của 1/3 cọng măng từ gốc trở lên, riêng phần đầu của măng rất non nên không cần gọt. Tỏi bóc vỏ, băm nhỏ.', 'Bước 2: Thịt bò bạn thái miếng mỏng, đem ướp cùng chút hạt nêm, dầu mè, dầu hào và ½ phần tỏi băm.', 'Bước 3: Đem măng tây chần qua nước sôi sau đó vớt ra ngoài để ráo nước. Bạn có thể ngâm măng tây vào nước lạnh để giữ màu măng luôn xanh, đẹp mắt.', 'Bước 4: Bắc chảo lên bếp, phi thơm tỏi và cho thịt bò vào xào.', 'Bước 5: Xào cho thịt bò gần chín thì cho tiếp măng tây vào xào, nêm nếm cho vừa miệng rồi tắt bếp.', 'Bước 6: Múc thịt bò xào măng tây ra dĩa, rắc thêm chút vừng lên trên rồi ăn cùng cơm nóng.']",[],"Thứ sáu, 22/7/2022, 16:15 (GMT+7)"
https://vncooking.com/cong-thuc/bo-cuon-pho-mai-sot-nam-405,Món chính,Bò cuộn phô mai sốt nấm,Bò cuộn phô mai sốt nấm hương với thịt bò tươi ngon quyện cùng phô mai béo ngậy,,90phút,2,,10,"['Thịt bò phi lê 400 gram', 'Phô mai 80 gram', 'Nấm rơm 120 gram', 'Cà rốt 1 củ', 'Củ sắn (củ đậu) 1 củ', 'Sốt nâu 4 Thìa', 'Hành tây 1 củ', 'Bơ thực vật 1 thìa canh', 'Tiêu đỏ 50 gram', 'Muối tiêu đen 2 muỗng']","['Bước 1: Sơ chế nguyên liệu Rửa sạch thịt bò phi lê và cắt miếng thật mỏng, dùng búa nhôm đập cho miếng thịt bò mềm nhừ. Phô mai cắt thành từng thanh nhỏ. Nấm rơm cắt bỏ gốc, ngâm với nước muối pha loãng khoảng 10 phút, vớt ra để ráo rồi cắt nhỏ. Hành tây lột vỏ, 1/2 cắt thành những sợi mỏng, 1/2 băm nhuyễn . Cà rốt, củ sắn lột vỏ, rửa sạch rồi bào thành sợi nhỏ.', 'Bước 2: Cho ít tiêu và muối vào tô rồi cho thịt bò vào trộn đều, ướp khoảng 20 – 30 phút.', 'Bước 3: Thịt bò ướp xong, bạn trải từng miếng thịt bò ra 1 tấm thớt rộng rồi cho từng thanh phô mai, thêm cà rốt, củ sắn, hành tây sợi vào rồi cuộn tròn lại.', 'Bước 4: Sau khi cuộn thịt bò xong, bạn đặt một chiếc chảo lên bếp, cho 1/2 bơ lạt vào, để nóng cho bơ chảy rồi cho thịt bò cuộn cuộn xong vào chiên cho vàng trong khoảng 4 – 5 phút cho thịt bò chín tới.', 'Bước 5: Tiếp theo, bạn cho 1/2 bơ lạt còn lại vào chảo khác rồi cho hành tây băm vào phi thơm, tiếp đến cho thêm nấm rơm vào xào chín và cho sốt nâu, tiêu đỏ vào trộn đều lên, thêm hạt nêm, muối cho vừa ăn.', 'Bước 6: Xếp thịt bò cuộn phô mai lên đĩa, rưới sốt nấm lên trên. Dùng tương ớt, bắp và khoai tây nướng trang trí cho đẹp mắt nữa là xong. Bò cuộn phô mai sốt nấm là một món ăn tuyệt ngon nhưng lại khá dễ làm. Vì vậy, nếu có thời gian, hãy thử trổ tài để cho bữa ăn của gia đình thêm phong phú nhé!']",[],"Thứ sáu, 22/7/2022, 15:57 (GMT+7)"
https://vncooking.com/cong-thuc/sup-tom-dau-ha-lan-404,Món khai vị,Súp tôm đậu Hà Lan,"Món súp tôm đậu Hà Lan rất dễ làm lại thơm ngon bổ dưỡng rất phù hợp để làm món ăn tẩm bổ cho gia đình, đặc biệt là rất phù hợp và dễ ăn cho các bé. Bạn hãy học ngay công thức dưới đây để thực hiện cho cả nhà thưởng thức nhé.",,60phút,2,,13,"['Tôm tươi 250 gram', 'Hạt đậu hà lan 20 gram', 'Ngô ngọt nửa bông 1 bông', 'Cà rốt 1 củ', 'Rau mùi 1 một chút', 'Xương ức gà hoặc xương lợn 200 gram', 'Trứng gà 1 quả', 'Bột bắp 10 gram', 'Bột bắp 10 gram', 'muối tiêu đen bột nêm 1 thìa cafe', 'Muối 1 thìa cafe', 'Hạt tiêu 1 thìa cafe', 'Hạt nêm 1 thìa cafe']","['Bước 1: Hầm nước nấu súp Đầu tiên bạn cho xương gà hoặc xương lợn đem chần qua nước sôi rồi rửa sạch lại để xương bớt mùi hôi. Tiếp đó bạn đổ nước sạch vào nồi cùng với xương rồi bắc lên bếp hầm lấy nước dùng. Hầm khoảng 40 – 60 phút.', 'Bước 2: Sơ chế các nguyên liệu nấu súp Tôm chọn tôm tươi ngon, đem bóc vỏ, bỏ đầu, lấy chỉ đen của tôm trên sống lưng ra, sau đó thái nhỏ hoặc băm tôm. Riêng phần đầu tôm bạn có thể cho vào nồi hầm cùng xương luôn để nước súp thêm ngon nhé. Ngô ngọt bạn rửa sạch rồi tách lấy hạt, củ cà rốt cũng thái thành hạt lựu.', 'Bước 3: Cách nấu súp tôm ngon Cho đậu Hà Lan, ngô ngọt vào nồi nước dùng hầm xương trước đó rồi nấu chín. Hòa tan bột bắp với nước, đợi cho nguyên liệu trong nồi nấu chín thì đổ bộ bắp từ từ vào, lưu ý vừa đổ vừa khuấy đều liên tục để nồi súp không bị vón cục nhé. Khuấy đến khi thấy súp có độ sánh đặc vừa phải thì dừng lại và nấu cho sôi lên. Tiếp đến bạn cho tôm vào nồi súp sau đó khuấy đều cho tôm chín. Trước khi cho tôm vào bạn có thể ướp tôm với các gia vị trước cho nước súp thêm đậm đà. Cuối cùng bạn đập trứng gà ra bát, đánh tan trứng sau đó từ từ vào nồi súp, vừa đổ vừa khuấy thật đều. Tiếp tục nêm nếm lại muối, bột nêm cho vừa khẩu vị của bạn là hoàn thành.', 'Bước 4: Khi ăn bạn múc súp tôm ra tô hoặc bát, rắc 1 ít tiêu đen lên, rồi thêm 1 ít rau mùi thái khúc nhỏ vào khuấy đều và dùng nóng. Chỉ đơn giản như vậy thôi là bạn đã có món súp tôm thanh ngọt để thưởng thức rồi. Bên cạnh cách nấu súp tôm thập cẩm này, bạn có thể thực hiện món súp tôm nấm hương, súp tôm cua, súp tôm gà, súp tôm bí đỏ, súp tôm nấm tuyết hay cách nấu súp tôm cho bé ăn dặm để đổi vị nhé.']",[],"Thứ sáu, 22/7/2022, 15:39 (GMT+7)"
https://vncooking.com/cong-thuc/banh-ran-man-gion-beo-thom-ngon-403,Món ăn sáng,Bánh rán mặn giòn béo thơm ngon,"Bánh rán mặn giòn béo nóng hổi, vỏ giòn nhân thịt mềm thơm thì còn gì tuyệt vời hơn nữa. Cách làm bánh rán mặn cũng không hề khó. Món này thích hợp cho những chiều đông se lạnh.",,60phút,4,,19,"['Thịt heo bằm 150 gam', 'Nấm mèo 1 cái', 'Nấm hương 3 cái', 'Cà rốt 1 củ', 'Hạt nêm 1 muỗng cà phê', 'Tiêu 0.5 muỗng cafe', 'Muối 0.5 muỗng cafe', 'Bột nếp 160 gam', 'Bột gạo 30 gam', 'Đường 2 muỗng canh', 'khoai lang 1 củ', 'Dầu ăn 1 lít', 'Đu đủ 50 gam', 'Ớt sừng 1 trái', 'Tỏi 1 củ', 'Nước mắm 2 muỗng canh', 'Giấm 2 muỗng cafe', 'Miến 30 gam', 'Khoai tây chiên 1 muỗng']","['Bước 1: Trước tiên bạn gọt vỏ cà rốt, đu đủ xanh rồi rửa sạch, tỉa hoa nếu thích sau đó đem thái thật mỏng. Cho cà rốt, đu đủ xanh vừa thái vào bát, thêm 1 chút đường, 1 chút muối, giấm và trộn đều, ướp 20-30 phút cho ngấm gia vị. Ớt sừng+ tỏi băm nhỏ.', 'Bước 2: Nấm mèo, nấm hương, miến ngâm nước cho nở mềm sau đó thái nhỏ, lấy 1/2 củ cà rốt bào nhỏ. Rau thơm rửa sạch để ráo nước. Cho khoai lang vào nồi đem luộc cho khoai chín bở, vớt ra bóc sạch vỏ rồi đem cân lấy 40g cho ra bát, dằm cho khoai nhuyễn ra.', 'Bước 3: Cho bột nếp, bột gạo, khoai lang, 1 xíu muối, 1 muỗng canh dầu ăn, 1 muỗng canh đường vào tô rồi trộn đều, thêm từng ít nước ấm vừa trộn đều vừa thêm nước, nhồi lại sơ qua thấy bột vừa đủ nước để bột mềm dẻo là được, lấy bột ra mặt phẳng sạch rồi nhồi thêm vài phút để bột mềm mịn mà không dính tay là đạt. Bọc kìn khối bột để cho bột nghỉ 20-30 phút.', 'Bước 4: Cho thịt xay vào tô, thêm miến, nấm mèo, nấm hương, cà rốt thái nhỏ, hạt nêm, 1 xíu muối, tiêu sau đó trộn đều nguyên liệu. Xúc từng ít nhân cho vào tay và nắm lại cho chặt, chúng ta được viên nhân hình bầu dục, để ra đĩa và làm hết nguyên liệu còn lại.', 'Bước 5: Bột sau khi đã nghỉ xong thì lấy ra, ngắt từng viên bột vừa phải vo tròn sau đó ấn dẹt rồi đặt viên nhân vào giữa, gói lại cho kín nhân, chúng ta được chiếc bánh đầu tiên. Cứ như vậy bạn gói bánh cho hết mới chuẩn bị chiên bánh. Đặt chảo lên bếp cho nhiều dầu vào đun cho nóng dầu, tiếp theo bạn thả từng chiếc bánh vào chiên, khi bánh sắp ngả màu vàng thì lật bánh chiên tiếp tới khi bánh chín vàng đều thì vớt ra đĩa có lót sẵn giấy thấm dầu.', 'Bước 6: Pha nước chấm, bạn cho 1 muỗng canh đường vào bát, thêm nước lọc, giấm, nước mắm và khuấy đều cho đường tan hết, nếm thử xem độ mặn ngọt, chua của nước mắm như ý là được. Sau cùng thêm ớt băm, tỏi băm cùng với đu đủ, cà rốt tỉa hoa vào trộn đều, chúng ta được bát nước chấm bánh rán mặn.']",[],"Thứ ba, 23/3/2021, 08:16 (GMT+7)"
https://vncooking.com/cong-thuc/ca-linh-kho-lat-voi-trai-chuc-mien-tay-402,Món chính,Cá linh kho lạt với trái chúc Miền Tây,"Về vùng sông nước, không ai mà không biết đến cá linh, một loài cá có hình dáng nhỏ bé và sinh sản nhiều vào mùa nước nổi, cá có vị ngon ngọt làm cho nhiều thực khách mãi tắm tắt khen ngon. Có nhiều món ăn được chế biến từ cá linh như: canh bông điên điển, canh bông so đũa, cá linh kho me, kho thơm, ... trong số đó có 1 món mà chủ đề hôm nay muốn giới thiệu đến các bạn đó là đặc sản cá linh kho lạt dùng với nước cốt chanh chúc, món ăn này sẽ khiến bạn nhớ mãi vì vị ngon ngọt của cá kèm vị chua thơm lừng của nước chanh chúc.",,30phút,4,,7,"['Cá linh 500 gam', 'Nước dừa 500 ml', 'Nước mắm 2 muỗng canh', 'Hành lá 1 nhánh', 'Tiêu 1 muỗng cafe', 'Tỏi 2 tép', 'Trái chúc 0.5 trái']","['Bước 1: Cá làm sạch, lưu ý không đánh vảy, lấy mật, chỉ cần ngâm nước muối cho sạch nhớt là nấu được.', 'Bước 2: Cho cá, nước màu, bột ngọt, đường, tiêu vào nồi nước dừa đang nấu sôi. Tiếp tục cho 2 muỗng canh nước mắm vào nồi cá.', 'Bước 3: Kho nhỏ lửa (riu riu), khi ngửi thấy mùi thơm của cá tỏa ra là cá đã chín (đừng để cạn nước quá, cá linh thịt mềm rất mau chín), nêm nếm lại cho vừa ăn, cho hành lá vào rồi nhấc xuống.', 'Bước 4: Trình bày: - Múc cá ra đĩa. - Vắt nửa trái chanh chúc và rắc thêm ít tiêu. - Món này ăn chung với cơm, rau ăn kèm khoái khẩu thường là bông súng, bắp chuối bào, tai tượng, kèo nèo hoặc có đọt lá vông non, đọt nhãn lồng, đọt lá cách... chấm với nước cá kho rất ngon, vị ngọt của cá linh kèm vị cay của tiêu và vị chua thơm lừng của Chanh chúc chắc chắn sẽ làm bạn ăn hoài mà không thấy ngán. Tùy theo khẩu vị của mỗi người mà cá có thể chấm thêm muối tiêu chanh hoặc muối ớt. Nên ăn lúc cá còn nóng sẽ rất ngon.']",[],"Thứ năm, 15/10/2020, 13:50 (GMT+7)"
https://vncooking.com/cong-thuc/goi-so-huyet-401,Món khai vị,Gỏi sò huyết,"Một món ăn dễ làm dễ ăn, phù hợp với mọi ""hoàn cảnh"" sáng trưa chiều tối :) với nhiều màu sắc bắt mắt kích thích vị giác, mà lại không mất nhiều thời gian để làm.",,30phút,2,,7,"['Sò huyết 500 gram', 'Hành tím 3 củ', 'Tỏi 3 tép', 'Ớt 3 trái', 'Sả 3 cây', 'Lá chanh 5 lá', 'Cà rốt 1 củ']","['Bước 1: Ta tiến hành sơ chế sò huyết. Sò huyết ta nên chọn loại đã được làm sạch vỏ để tiết kiệm thời gian chế biến. Sau khi mua sò về ta ngâm sò với nước muối loãng cùng với vài quả ớt giã ra để cho sò nhả bớt chất dơ và cát, ta ngâm sò khoảng 15 phút thì sò đã sạch, khi đó ta rửa sò lại với nước.', 'Bước 2: Vớt sò ra rổ để ráo nước. Cho sò huyết vào nồi, đậy nắp kín, đun sôi cho sò chín bằng hơi nước. Khi sò hơi mở miệng là được. Thời gian luộc sò không quá 3 phút.', 'Bước 3: Ta tiến hành sơ chế các loại rau củ. Cà rốt sau khi mua về ta gọt sạch vỏ sau đó rửa sạch rồi thái sợi, ớt xanh ta cũng đem thái sợi. Hành tây, hành tím lột sạch vỏ sau đó cắt lát mỏng, sả rửa sạch rồi cắt lát mỏng cùng với tắc. Lá chanh ta đem rửa sạch sau đó để ráo rồi thái sợi mỏng. Cà chua bị cắt đôi, chanh cắt thành những miếng nhỏ sau đó rửa sạch. Như thế là phần sơ chế nguyên liệu rau của của ta đã hoàn thành.', 'Bước 4: Làm nước mắm trộn gỏi: đầu tiên cho ớt và tỏi vào cối giã cho nát. Sau đó thêm đường, dùng chày giã cho đường tan ra, thêm nước cốt me và nước mắm, khuấy đều cho tất cả hòa quyện.', 'Bước 5: Rưới nước mắm trộn gỏi lên trên sò huyết và rau củ rồi trộn đều tất cả.']",[],"Thứ năm, 31/10/2019, 22:35 (GMT+7)"
https://vncooking.com/cong-thuc/ca-nuc-kho-ca-400,Món chính,Cá nục kho cà,"Hương thơm lan tỏa sẽ khiến bạn không thể  nào quên được, khi ăn vị cá nục tươi ngọt mềm mại hòa quyện cùng cà chua chua nhẹ pha một tí vị ngọt của đường sẽ khiến nồi cơm của bạn hết lúc nào không hay.",,60phút,2,,8,"['Tỏi 4 tép', 'Chanh 1 trái', 'Quả ớt ngọt 1 trái', 'Cá nục 400 gram', 'Cà chua 4 trái', 'Đường cát trắng 2 muỗng', 'Nước mắm 2 muỗng', 'Hạt nêm 1 muỗng']","['Bước 1: Cá nục làm sạch, cắt đôi. Cà chua cắt bỏ cuống, bỏ hạt, xắt hạt lựu. Tỏi và hành tím băm nhuyễn.', 'Bước 2: Xếp đầu hành trắng vào nồi đất, rồi đến 1 lớp cá nục, rãi đều lên trên cá nục ớt bột, muối, nước mắm và ớt hiểm', 'Bước 3: Lớp thứ 2 cũng tương tự, xếp hết số cá nục và những gia vị cũng như số ớt hiểm còn lại lên trên. Rót nước dừa vào nồi, mở lửa kho cá đến khi nước dừa sôi lên thì hạ lửa kho liu riu 30 phút (không đậy nắp nồi).', 'Bước 4: Trong lúc chờ kho cá sẽ làm nước sốt cà chua. Cho vào nồi dầu ăn, phi vàng hành tím và tỏi băm. Tiếp theo cho phần cà chua đã cắt hạt lựu vào, xào đều tay đến khi cà chua mềm nhừ.', 'Bước 5: Lúc này thêm cà chua cô đặc vào, nêm thêm đường, hạt nêm, khuấy đều cho gia vị hòa tan vào sốt cà chua. Nêm nếm lại cho vừa miệng', 'Bước 6: Sau khi cá nục được kho 30 phút, đổ sốt cà chua vừa nấu vào nồi, dùng đũa giàn đều nước sốt ra xung quanh. Đậy nắp, kho lửa liu riu ít nhất 30 phút đến khi ăn thử thấy thịt cá thấm sốt cà, nước sốt cà sền sệt là được. Nếu bạn muốn kho cá nục rục xương và có thể ăn xương được thì kho trên bếp lâu hơn, thi thoảng châm thêm nước dừa hoặc sốt cà để tránh làm cá bị cháy.']",[],"Thứ tư, 30/10/2019, 22:24 (GMT+7)"
https://vncooking.com/cong-thuc/canh-nam-bao-ngu-thit-bam-399,Món chính,Canh nấm bào ngư thịt băm,"Với sự kết hợp vô cùng hoàn hảo giữa nấm bào ngư dai dai, bí đỏ mềm cùng thịt heo băm sẽ mang đến cho bạn và gia đình một món canh vừa ngon, thanh mát lạ đầy dinh dưỡng.",,45phút,2,,5,"['Nấm bào ngư 200 gram', 'Bí đỏ 100 gram', 'Thịt băm 100 gram', 'Hành lá 2 tép', 'Hành tím 1 củ']","['Bước 1: Nấm bào ngư rửa sạch, cây nấm nào to thì cắt làm đôi theo chiều dọc.', 'Bước 2: Bí đỏ gọt bỏ vỏ rồi cắt miếng vừa ăn. Ướp thịt băm với hạt tiêu, muối, hạt nêm rồi trộn đều. Hành lá thái khúc, hành khô thái nhỏ.', 'Bước 3: Cho 1 muỗng cà phê dầu ăn vào nồi, sau đó cho hành khô vào xào thơm. Tiếp đó cho thịt xay vào xào săn.', 'Bước 4: Thêm bí đỏ và ít muối, hạt nêm vào đảo qua cho ngấm gia vị.', 'Bước 5: Thêm lượng nước vừa ăn vào nồi, đun cho đến khi bí đỏ chín thì thêm nấm bào ngư vào, nấu cho nấm chín, nêm lại gia vị cho vừa ăn rồi tắt bếp.']",[],"Thứ ba, 29/10/2019, 22:57 (GMT+7)"
https://vncooking.com/cong-thuc/ca-mu-sao-hap-hanh-gung-398,Món chính,Cá mú sao hấp hành gừng,Hương vị tươi ngon của rau vị ngọt của cá làm các anh chồng say mê.,,45phút,2,,5,"['Cá bống mú 600 gram', 'Hành tím 1 củ', 'Hành tây 1 củ', 'Gừng 1 củ', 'Ớt 3 trái']","['Bước 1: Cá bống mú làm sạch, xẻ một bên thân cá. Gừng cạo sạch vỏ, xắt sợi. Ớt sừng rửa sạch, bỏ hạt, 1 quả xắt nhỏ, 1 quả thái sợi. Hành tím, hành tây bóc vỏ, cắt nhuyễn. Hành lá làm sạch, cắt khúc 5cm, tước mỏng', 'Bước 2: Ướp cá với hành tím, hành tây, hành lá, gừng, ớt sừng băm, tương ớt, đường, hạt nêm, dầu hào, dầu mè, tiêu để trong 20 phút cho ngấm gia vị', 'Bước 3: Đun nóng dầu, phi thơm tỏi, ớt băm, trút hỗn hợp nước ướp cá, nước dùng vào khuấy đều cho sôi. Xếp đứng cá ra đĩa và cho vào xửng hấp. Cá vừa chín rưới nước ướp lên, tiếp tục hấp khoảng 10 phút nữa. Dọn cá ra đĩa, trang trí với ít hành lá thái nhuyễn, ngò tây, ớt sừng.']",[],"Thứ ba, 29/10/2019, 22:45 (GMT+7)"
https://vncooking.com/cong-thuc/pate-nam-bot-dau-chay-397,Món chay,"Pate nấm, bột đậu chay",Mùi nấm thơm lừng béo béo mang đến cảm giác vô cùng lạ miệng và thích thú,,45phút,4,,5,"['Nấm bào ngư 500 gram', 'Đậu phụ trắng 3 miếng', 'Bột đậu đỏ 50 gram', 'Bột đậu đen 50 gram', 'Bơ đậu phộng 100 gram']","['Bước 1: Nấm cắt bỏ gốc, đem ngâm muối loãng, chờ vài phút rồi rửa sạch, để ráo. Sau đó băm hoặc dùng máy xay xay nhuyễn nấm.', 'Bước 2: Đậu phụ trắng rửa sạch, nghiền hoặc xay nhuyễn, cho vào chén. Cho nấm, đậu phụ vào tô, thêm 1 thìa đường, 1/4 thìa muối ướp trong 10 phút để các nguyên liệu ngấm đều gia vị.', 'Bước 3: Phi thơm hành boa rô với dầu ăn. Sau đó cho hỗn hợp trên vào xào tới khi cạn bớt hơi nước thì cho bơ đậu phộng, bột đậu đen, bột đậu đỏ và bơ thơm vào cùng. Đảo thật đều tay cho hỗn hợp chín đều. Nêm nếm cho vừa khẩu vị.', 'Bước 4: Chuẩn bị khuôn, thoa đều bơ lên xung quanh khuôn để chống dính. Cho hỗn hợp vừa xào vào rồi nén thật chặt. Cho vào nồi hấp cách thủy trong vòng 15- 20 phút sau đó để nguội rồi bỏ tủ lạnh khoảng 20 phút là có thể thưởng thức.']",[],"Thứ năm, 24/10/2019, 21:52 (GMT+7)"
https://vncooking.com/cong-thuc/pate-chay-tu-dau-nanh-dau-phong-dau-xanh-396,Món chay,"Pate chay từ đậu nành, đậu phộng, đậu xanh",Béo béo thơm thơm không cưỡng nổi khi ăn cùng bánh mì,,45phút,2,,5,"['Đậu nành 100 gram', 'Đậu phộng 100 gram', 'Đậu xanh 100 gram', 'Bánh mì khô 1 ổ', 'Sữa tươi 250 ml']","['Bước 1: Các loại đậu đem vo sạch, bỏ hạt hỏng, ngâm nước ít nhất 4 tiếng, sau đó xả sạch với nước, để ráo rồi tiếp tục đem hấp hoặc hầm chín rồi vớt ra để ráo.', 'Bước 2: Dùng máy xay hoặc muỗng tán nhuyễn đậu. Bánh mì đem xé nhỏ, ngâm với sữa cho mềm, sau đó đem trộn với bột đậu đã xay nhuyễn. Phi thơm hành boa rô với dầu ăn rồi đem xay cho thật mịn và trộn đều với hỗn hợp đậu, bánh mì.', 'Bước 3: Nêm thêm: 1/2 muỗng canh đường, 1 muỗng cà phê muối, 1/2 muỗng canh hạt nêm chay vào rồi đem xào lên. Sau đó đổ hỗn hợp vô khuôn nén đem chưng cách thủy khoảng 30 phút. Để vào ngăn mát tủ lạnh hoặc để thật nguội và lấy ra dùng với cơm trắng hoặc bánh mì.']",[],"Thứ năm, 24/10/2019, 21:47 (GMT+7)"
https://vncooking.com/cong-thuc/pate-chay-tu-dau-do-395,Món chay,Pate chay từ đậu đỏ,Là nguồn thực phẩm thiết yếu giàu năng lượng của người ăn chay.,,45phút,2,,7,"['Đậu đỏ 100 gram', 'Nấm đùi gà 100 gram', 'Giò chay 100 gram', 'Hành tím 20 gram', 'Tỏi 3 tép', 'Bơ 1 quả', 'Tiêu 1 muỗng canh']","['Bước 1: Đậu đỏ và nấm đùi gà sơ chế sạch, sau đó đem hầm cho mềm nhừ rồi vớt ra.', 'Bước 2: Đem xay nhuyễn hỗn hợp gồm: đậu đỏ, nấm đùi gà, giò chay, bơ, hành, tỏi, tiêu, dầu ăn.', 'Bước 3: Đổ hỗn hợp vào chén hoặc hộp, đem hấp cách thủy khoảng 30 phút rồi để nguội cho vào ngăn mát tủ lạnh để từ 2 – 3 giờ là hoàn thành.']",[],"Thứ năm, 24/10/2019, 21:40 (GMT+7)"
https://vncooking.com/cong-thuc/so-lua-hap-sa-ot-394,Món khai vị,Sò lụa hấp sả ớt,"Sò lụa có vị ngọt, thịt dai nên ăn khá ngon, sò lụa hấp sả ớt có vị đặc trưng và thơm mùi sả và lá quế rất hấp dẫn, phù hợp cho các bữa tiệc cùng bạn bè và gia đình.",,30phút,2,,3,"['Sò lụa 1 kg', 'Sả 4 cây', 'Ớt 4 trái']","['Bước 1: Sả cây đem bóc bớt vỏ già bên ngoài, sửa sạch sau đó đập dập, một ít thì đem thái lát sau đó cho vào chảo dầu đã làm nóng phi vàng thơm. Sau đó cho thêm ít nước lọc, bột ngọt và đường vào đun cho sôi.', 'Bước 2: Sò lụa rửa sạch, bắc nồi với 1 muỗng canh dầu ăn cho sả đập dập lên phi thơm, cho 1/2 chén nước, ớt, tiêu, đường, bột ngọt lên nấu sôi rồi cho sò lụa lên, đậy nắp khoảng 5 phút là sò lụa bung ra hết, cho lá quế cắt nhỏ lên xóc đều rồi tắt bếp.']",[],"Thứ hai, 14/10/2019, 21:40 (GMT+7)"
https://vncooking.com/cong-thuc/sup-hau-393,Món khai vị,Súp hàu,"Chén súp nóng hổi với những con hàu siêu béo ngậy, thêm trứng bắc thảo, lòng đỏ trứng gà khiến món súp càng thêm chất lượng",,30phút,2,,5,"['Hàu sữa 150 gram', 'Cà rốt 1 củ', 'Bắp hạt 1 trái', 'nắm tai mèo 2 cái', 'Hành tím 5 củ']","['Bước 1: Hành tím bóc vỏ xắt nhỏ r cho vào chảo phi vàng cho thơm lên rồi để ra chén riêng', 'Bước 2: Đổ bớt dầu trong chảo ra,Cà rốt xắt hạt lựu rồi cho vào xào sơ rồi trút ra một chiếc bát riêng. Sau đó thêm một ít dầu vào chảo, cho hàu vào xào sơ cho hàu săn lại, rút bớt nước thì đổ rượu trắng vào. Rượu trắng có tác dụng khử mùi tanh của hàu.', 'Bước 3: Hãy bắc một nồi khác lên bếp, cho khoảng 1 lít nước vào đun sôi. Cho cà rốt và nấm mèo đã thái chỉ vào. Nấu khoảng 2 – 3p cho chín mềm. Đập trứng ra bát, đánh đều. Sau đó cho đổ trứng từ từ vào nồi súp, dùng đũa khuấy đều để trứng không bị vón cục.', 'Bước 4: Các bạn cho hàu đã xào sơ, ngô tách hạt vào. Nêm nếm các gia vị cho vừa ăn. Đun sôi khoảng 1p để các hàu được chín đều.', 'Bước 5: Đổ hỗn hợp nước bột năng (hoặc bột bắp) vào nồi khi nước đang sôi nhẹ. Khuấy đều cho đến khi thấy sền sệt.']",[],"Thứ hai, 14/10/2019, 21:31 (GMT+7)"
https://vncooking.com/cong-thuc/mi-xao-trung-don-gian-392,Món ăn sáng,Mì xào trứng đơn giản,,,15phút,1,,7,"['Mì gói 1 gói', 'Trứng 1 trứng', 'Bắp cải 4 lá', 'Hành tây 0.25 củ', 'Cà rốt 0.25 củ', 'Dầu ăn 1 thìa lớn', 'Tỏi băm 0.5 thìa lớn']","['Bước 1: Thái nhỏ bắp cải, hành tây, cà rốt', 'Bước 2: Thái thịt nguội thành miếng khoảng 2cm', 'Bước 3: Trộn đều các nguyên liệu làm nước sốt theo tỷ 1 thìa lớn nước, 1 thìa lớn xì dầu, 1 thìa lớn dầu hào, 1 thìa nhỏ dầu vừng, 1 chút bột tiêu', 'Bước 4: Đun sôi nước, cho mỳ vào luộc trong khoảng 1 phút sau đó vớt ra tráng qua nước lạnh, để ráo nước', 'Bước 5: Rưới dầu quanh chảo rán trứng chín 1 mặt', 'Bước 6: Rưới dầu quanh chảo, cho tỏi băm vào chảo phi đến khi có mùi thơm thì cho hành tây, cà rốt, thịt nguội vào xào cho chín sau có cho bắp cải vào xào trên lửa lớn trong vòng 2 phút', 'Bước 7: Cuối cùng cho mì và nước sốt vào xào lửa vừa, dùng đũa đảo đều. Sau đó cho mì ra đĩa, phủ trứng lên trên mì']",[],"Thứ hai, 7/10/2019, 11:48 (GMT+7)"
https://vncooking.com/cong-thuc/ca-heo-song-kho-tieu-391,Món chính,Cá heo sông kho tiêu,Cá heo sông kho tiêu với vị béo béo của cá heo mang lại cảm giác ngon miệng cơm hết khi nào không hay luôn,,45phút,4,,5,"['Cá heo 500 gram', 'Nước mắm 3 muỗng', 'Đường 2 muỗng', 'Bột ngọt 1 muỗng', 'Ớt 3 trái']","['Bước 1: Cá heo sông dùng dao cắt đầu, bỏ ruột, còn lấy kéo hớt đuôi và vây cá. Cho cá ra rổ, dùng lá sả, cho vào rổ, chà cho cá sạch nhớt.', 'Bước 2: Tẩm ướp. Cho vào phần cá 3 muỗng nước mắm ngon, 2 muỗng đường, 1 muỗng muối, 1 muỗng bột ngọt.. Phần cá này được ướp trong vòng 20 phút nhé.', 'Bước 3: Sau đó, cho nước + đường + ít dầu ăn vào chảo. Đun nhỏ lửa cho phần đường tan có màu cánh dán, cho tỏi băm vào phi thơm', 'Bước 4: Cho cá vào nồi, đun lửa riu riu cho đến khi nước cạn dần, thịt cá chuyển sang màu vàng. Sau đó, thêm vào mỡ heo, 1 muỗng cà phê tiêu, trộn nhẹ tay, đun tiếp cho cá sôi và ngấm đều thì tắt bếp.']",[],"Thứ năm, 3/10/2019, 21:50 (GMT+7)"
https://vncooking.com/cong-thuc/ca-bong-sao-kho-tieu-390,Món chính,Cá bóng sao kho tiêu,"Cá bống kho tiêu thơm ngon đậm đà dậy mùi thơm của các loại gia vị, cùng chút cay tê tê đầu lưỡi của hạt tiêu và ớt sừng ăn với cơm trắng vô cùng hấp dẫn.",,60phút,4,,6,"['Cá bóng 500 gram', 'Ớt 5 quả', 'Tiêu 20 gram', 'Hành tím 2 củ', 'Tỏi 3 tép', 'Hành lá 3 tép']","['Bước 1: Cá bống sao mua về rửa sạch, sau đó bạn cho vào rổ, chà nhẹ nhàng để cá bống sao bong hết phần vảy, cắt bỏ phần đuôi và vây cá, chà thêm lần nữa để cho cá sạch vảy hoàn toàn. Sau đó, bạn cắt phần bụng cá và bỏ đi phần ruột cá.', 'Bước 2: Sau đó, ướp cá với 1,5 muỗng đường và để yên trong 30 phút. Sau khi cá thấm hết đường thì bạn cho tiếp 2 muỗng nước mắm + 1,5 muỗng hạt nêm + 1 muỗng bột ngọt + 1 muỗng tiêu, trộn điều', 'Bước 3: Hành khô, tỏi đi băm nhỏ. Với hành lá, rau mùi thì nhặt rồi rửa sạch, hành lá thái nhỏ, phần đầu hành cắt khúc 3cm, chẻ làm 4, rau mùi thái khúc 3 cm.', 'Bước 4: Bạn bắc chảo và cho chút dầu ăn, đợi dầu sôi thì hành tỏi và 1 muỗng ớt bột vào phi cho thơm, tắt bếp để nguội. Bạn bắc nồi đất lên bếp là cho vào 1,5 muỗng đường và bật lửa liu riu để cho đường tan hết thì cho vào khoảng 1 bát nước, đun cho đến khi sôi thì tắt bếp để nguội hoàn toàn.', 'Bước 5: Lúc này, bạn mới xếp cá bống, ớt sừng, tiêu sọ và cả phần hành tỏi phi ban nãy vào nồi tất. Bạn có thể lắc nhẹ nồi để tất cả cá thấm đều gia vị. Bạn chỉ để lửa vừa cho đến khi nồi cá sôi bùng lên thì hạ lửa về liu riu, bạn để như vậy khoảng 30 - 40 phút để cho thịt cá keo lại. Khi bạn thấy nước kho cá sánh lại có màu nâu cánh gián đẹp mắt, cá bống chín đều là được. Rắc 1 ít tiêu xay lên theo khẩu vị của bạn']",[],"Thứ năm, 3/10/2019, 21:33 (GMT+7)"
https://vncooking.com/cong-thuc/ca-ro-phi-sot-ca-chua-389,Món chính,Cá rô phi sốt cà chua,"Cá rô phi thơm ngon, chắc thịt lại đậm đà quyện lẫn vị sốt cà chua vô cùng hấp dẫn, trôi cơm vô cùng.",,45phút,2,,6,"['Cá rô phi 1 con 500 gram', 'Cà chua 3 quả', 'Ớt 3 trái', 'Hành lá 2 tép', 'Tỏi 5 tép', 'Hành tím 2 củ']","['Bước 1: Cá rô phi đem đi mổ bụng ra rồi, bỏ đi phần ruột cá, nhớ là chúng ta nên đánh vảy cho thật là sạch sẽ, chú ý cũng nhớ bỏ đi cả luôn phần mang cá. Sau đó là đem đi rửa thật là sạch sẽ và để cho ráo bớt nước ra ngoài rổ đựng. Tiếp theo là chúng ta cho cá rô phi đã được làm thật sạch xong rồi thì ướp cá trong vòng khoảng chừng 10 phút sau đó cùng với muối iot, bột nêm, rồi chờ đợi cho cá ngấm đều các loại gia vị này đây. Có thể để nguyên con hoặc cắt khúc tùy ý', 'Bước 2: Những quả cà chua các bạn đem đi rửa thật sạch, cắt ra dạng kiểu hạt lựu. Hành khô (hành tím củ)  lột vỏ sạch vỏ và băm nhỏ ra, lấy tiếp hành lá và thìa là rửa thật là sạch sẽ rồi chúng ta cắt ngắn ra sao cho vừa đủ ăn.', 'Bước 3: Đặt cái chảo lên bếp, cho một tí dầu ăn vào trong chảo, đợi cho dầu sôi già lên rồi, tiếp tục là cho cá vào và chiên lên cho vàng cả 2 mặt, dùng một cái xạn hoặc đũa để gắp cá rô ra đĩa.', 'Bước 4: Sau đó các bạn cho hành khô đã được băm nhỏ này vào bên trong chảo vừa chiên cá phi thơm lên, kế đó nữa là các bạn bỏ cà chua thái nhỏ vào và xào lên, sau đó là hãy cho thêm nước vào, nêm nếm lại gia vị sao cho vừa miệng ăn là được, đun sôi lên một hồi, tiếp tục là cho cá đã được đem đi chiên vàng vào. Đun cho tới khi nào bạn thấy cá ngấm đều các hỗn hợp trong chảo.']",[],"Thứ tư, 2/10/2019, 21:11 (GMT+7)"
https://vncooking.com/cong-thuc/bong-he-xao-tom-388,Món khai vị,bông hẹ xào tôm,"Mùi bông hẹ thật thơm và giòn, còn tôm rất ngọt.",,30phút,2,,4,"['Bông hẹ 300 gram', 'Tôm 300 gram', 'Hành lá 2 tép', 'Tỏi 3 tép']","['Bước 1: Tôm và bông hẹ mua về rửa sạch, tôm thì bóc vỏ rạch sống lưng để bỏ chỉ đen. Ướp 1 muỗng nhỏ hành tỏi băm, 1 muỗng cà phê hạt niêm. 1 chút xíu dầu hào', 'Bước 2: Rửa sạch bông hẹ, rồi cắt khúc dài khoảng 2-3cm. Sau đó đun sôi nước cho xíu muối vào để chần bông hẹ. Ngâm bông hẹ vào nước lạnh.', 'Bước 3: Làm nóng chảo dầu, sau đó cho tôm vào đảo nhanh, đến khi tôm chuyển màu đỏ cam thì bạn vớt ra, để ráo dầu. Đổ bớt dầu ra khỏi chảo, chỉ chừa lại chút xíu láng mặt chảo rồi cho hẹ vào xào đến khi hẹ mềm và chuyển màu thì trút tôm vào, xào nhanh một lượt. Nêm nếm lại với ít muối và hạt nêm cho vừa ăn.']",[],"Thứ tư, 2/10/2019, 20:58 (GMT+7)"
https://vncooking.com/cong-thuc/ech-kho-to-387,Món chính,Ếch kho tộ,"Món ếch kho tộ đậm đà hương vị miền quê, có thể dùng nóng với cơm, miếng thịt ếch hòa quyện với nước sốt sệt sệt và đậm đà, chắc chắn sẽ khiến bữa cơm nhà bạn trở nên hấp dẫn hơn rất nhiều.",,45phút,2,,5,"['Ếch 500 gram', 'Nước mắm 2 muỗng canh', 'Hành lá 2 tép', 'Ớt 3 quả', 'Tỏi 3 tép']","['Bước 1: Hành, tỏi bóc vỏ rồi băm thật nhuyễn. Ếch mua về bạn hãy rửa sạch lại với nước rồi chặt thành những miếng vừa ăn. Sau đó bạn hãy cho 1 muỗng canh nước mắm, 1 muỗng  canh hạt nêm, 1 muỗng  canh đường, 1 muỗng  tương ớt, thêm 1 nửa muỗng  tiêu và cho thêm 2 muỗng  dầu ăn để ướp thịt ếch rồi để khoảng 30 phút để thịt ếch ngấm đều các gia vị. Trong thời gian ướp thịt ếch thì bạn hãy thỉnh thoảng dùng đũa đảo đều để gia vị thấm đều vào từng miếng thịt khi ăn món ăn sẽ ngon và đậm đà hơn.', 'Bước 2: Bạn hãy cho 2 muỗng dầu ăn vào chảo đun nóng rồi cho số hành tỏi đã băm nhuyễn vào trong chảo phi thơm và cho thêm ít ớt bột vào để tạo màu hấp dẫn hơn. Sau đó bạn hãy cho thịt ếch đã ướp vào trong chảo xào đều với ngọn lửa vừa. Bạn hãy xào đến khi ếch săn lại thì tắt bếp.', 'Bước 3: Tiếp đến bạn hãy lấy một cái thố đất cho số thịt ếch đã xào trong chảo vào đấy, rồi cho nguyên quả ớt sừng vào trong thố đất. Tùy theo khẩu vị của gia đình mà các bạn cho ớt và bạn cho thêm mấy hạt tiêu sọ vào thố đất rồi cho thêm nước vào đó  bắt lên bếp đun sôi với ngọn lửa nhỏ. Bạn hãy đun khoảng 30 phút khi thấy màu của món ăn có màu cánh gián, nước sền sệt  thì món ếch kho tộ của bạn đã hoàn thành.']",[],"Thứ ba, 1/10/2019, 22:12 (GMT+7)"
https://vncooking.com/cong-thuc/canh-chua-cac-loc-386,Món chính,Canh chua các lóc,"Vị chua ngọt được kết hợp hoàn hảo giữa các nguyên liệu như thơm, cà chua cùng đậu bắp, bạc hà, giá đỗ thanh mát và những lát cá lóc ngọt thanh. Bên cạnh đó, canh chua cá lóc còn giúp bạn giải nhiệt và kích thích vị giác trong những ngày hè nóng bức.",,45phút,4,,7,"['Cá lóc 1 con', 'Me 50 gram', 'Đậu bắp 100 gram', 'Trái thơm 1 trái', 'Bạc hà 100 gram', 'Cà chua 3 quả', 'Giá đậu 100 gram']","['Bước 1: Cá lóc rửa sạch, cắt thành từng miếng. Me cho vào chén với nước ấm, dầm cho tan thịt me, lọc lấy nước cốt me. Cà chua thái múi cau. Bạc hà bóc vỏ, cắt lát mỏng xéo dài. Giá rửa sạch. Đậu bắp, thơm cắt lát xéo dài, ngâm với nước.', 'Bước 2: Bắc nồi nước lên bếp, khi nước sôi cho cá vào. Tiếp đến, bạn cho cà chua, thơm vào. Đun tiếp 5 phút nữa rồi cho đậu bắp, bạc hà, giá vào đun thêm 5 phút nữa. Tắt bếp, cho hành, rau thơm và hạt tiêu vào.']",[],"Thứ ba, 1/10/2019, 21:50 (GMT+7)"
https://vncooking.com/cong-thuc/ga-kho-gung-385,Món chính,Gà kho gừng,"Vị thơm ngọt của gà, vị ấm nồng của nhánh gừng cay cay chắc chắn sẽ khiến cho bạn không thể nào quên.",,30phút,2,,4,"['Gà 500 gram', 'Gừng 1 củ', 'Hành tím 2 củ', 'Hành lá 3 tép']","['Bước 1: Dùng rượu trắng, muối hạt, gừng giã để xát gà cho sạch và khử mùi hôi của gà. Gà sau khi rửa sạch, các bạn chặt miếng nhỏ vừa ăn, ướp thêm 1 – 2 muỗng nước mắm, 1/2 muỗng cà phê hạt tiêu,1/2 muỗng cà phê bột ngọt, 1 muỗng dầu ăn, 1 ít gừng, tất cả trộn đều vào nhau, ướp trong vòng 15 phút. Hành tỏi khô bóc vỏ, giã nhỏ.', 'Bước 2: Bắc nồi, cho dầu ăn vào, đun mỡ nóng già, cho hành tỏi khô, gừng thái sợi vào phi thơm, hơi cháy 1 chút, cho 1 muỗng nước mắm vào phi thơm cùng hành tỏi gừng. Đây là một mẹo nhỏ thú vị, sẽ giúp món ăn của bạn có mùi thơm đậm đà vô cùng.', 'Bước 3: Cho gà đã ướp vào xào cùng, đảo săn lên. Lưu ý đừng để lửa quá to, gà bị cháy sẽ khô, vị ngọt mềm trong gà cũng bị mất đi. Kho đến khi gà chín mềm, mùi hương ngào ngạt là được, nêm nếm thêm gia vị vừa ăn.']",[],"Thứ hai, 30/9/2019, 21:41 (GMT+7)"
https://vncooking.com/cong-thuc/ga-xao-sa-ot-384,Món chính,Gà xào sả ớt,"Trong tiết trời mát mẻ, chúng ta không thể bỏ qua những món ăn có vị cay cay, nồng nồng cho bữa cơm gia đình thêm ấm áp.",,45phút,4,,4,"['Gà 1 con', 'Sả 6 tép', 'Tỏi 3 tép', 'Ớt 3 trái']","['Bước 1: Gà mua về rửa sạch chặt miếng vừa ăn. Sả, ớt rửa sạch xắt lát, tỏi bóc vỏ băm nhuyễn ra.', 'Bước 2: Bắt chảo lên bếp, chờ chảo nóng, cho dầu ăn vào. Sau đó cho sả và tỏi ớt vào phi cho thơm. Nếu thích ăn cay có thể cho thêm 1 muỗng sa tế.', 'Bước 3: Cho thịt gà vào chảo, xào đến khi thịt săn lại, cho chút nước màu (có thể dùng bột nghệ để thay thế nước màu cũng rất ngon), đường, bột nêm và nước mắm vào chảo gà. Đun với lửa lớn cho chảo gà sôi lên để thịt thấm gia vị. Sau đó, cho thêm vào chảo gà 1 chén nước lạnh và tiếp tục nấu với lửa nhỏ cho gà chín mềm. Nấu gà cho đến khi cạn nước, thịt săn lại thì tắt bếp.']",[],"Thứ hai, 30/9/2019, 21:31 (GMT+7)"
https://vncooking.com/cong-thuc/oc-xao-thom-383,Món khai vị,Ốc xào thơm,Mùi thơm độc đáo giữa của sả hòa với lá chúc vị chua nhẹ của tắc vị giòn tan của ốc sẽ làm các anh chồng mê mẩn,,45phút,3,,6,"['Ốc 1 kg', 'Trái thơm 1 trái', 'Lá chúc 10 lá', 'Sả 5 tép', 'Tắc 4 trái', 'Ớt 3 trái']","['Bước 1: Ốc mua về rửa sạch ngâm nước muối cho thêm vài lát ớt để ngâm khoảng 15 phút sau đó rửa ốc lại với nước sạch. Sả đập dập còn lá chúc thì xắt thành từng sợi. Tắc xắc đôi lấy nước cốt, ớt đập dập 2 trái còn 1 trái thì băm nhuyễn ra. Thơm thì ép 1/2 quả lấy nước còn 1/2 quả còn lại thì xắc thành lát vừa ăn', 'Bước 2: Bỏ Sả đập dập dưới nồi sau đó cho ốc vào cho thêm 1 muỗng canh bột niêm sau đó đun sôi khoảng 10 phút. Vớt ốc ra để ráo', 'Bước 3: Bắt chảo cho 2 muỗng canh dầu đun sôi sau đó cho sả và lá chúc vào xào cho thơm rồi tiếp đó cho ốc vào để lửa to xào đều ốc cho thêm 1,5 muỗng bột niêm vào ốc rồi sau đó cho tất cả các gia vị vào ốc và xốc đều lần nữa', 'Bước 4: Pha nước chấm với ốc: 3 muỗng nước mắm,  2 muỗng đường, 2 muỗng nước cốt tắc tỏi và ớt băm vào trộn đều']",[],"Chủ nhật, 29/9/2019, 21:29 (GMT+7)"
https://vncooking.com/cong-thuc/tom-tich-chay-toi-382,Món khai vị,Tôm tích cháy tỏi,"Lớp tôm tích sần sật, hòa cùng lớp sốt tỏi đậm đà nhâm nhi thôi quên lối về",,30phút,2,,3,"['Tôm tít 8 con', 'Tỏi 1 củ', 'Ớt 2 trái']","['Bước 1: Tôm tích mua về bóc sơ lớp vỏ bên ngoài, đem rửa sạch để cho ráo nước. Dùng kéo cắt một đường dọc lên phần lưng của tôm tích, đem ướp tôm tích với hạt nêm tầm 15 phút cho tôm ngấm gia vị. Thái tỏi thành từng lát rồi băm nhỏ tỏi ra. Ớt bỏ phần cuống đi, rửa sạch, băm nhỏ để riêng ra ngoài. Rau thơm đem rửa sạch, ngâm sơ với nước muối ngấm loãng tầm 15 phút rồi vớt ra để ráo.', 'Bước 2: Bắc chảo lên bếp cho dầu ăn vào đun sôi rồi tráng sơ lớp mặt chảo. Khi dầu sôi cho phần Tôm Tích vào chiên vàng. Sau đó, đem vớt tôm ra lớp giấy thấm dầu. Cho tỏi vào phi thơm đến khi tỏi chuyển sang mùi thơm, ngả màu vàng là được. Khi thấy tỏi hơi ngả vàng bạn cho tôm tích vào xóc đều tay lên']",[],"Chủ nhật, 29/9/2019, 21:16 (GMT+7)"
https://vncooking.com/cong-thuc/muc-hap-la-oi-381,Món khai vị,Mực hấp lá ổi,Cuối tuần rồi hãy làm món mực hấp lá ổi chiêu đãi mấy anh chồng đi nào bảo đảm sẽ suýt xoa khen cho mà coi,,30phút,2,,5,"['Mực 3 con', 'Lá ổi 10 lá', 'Hành lá 2 cọng', 'Ớt 2 trái', 'Sấu 2 quả']","['Bước 1: Mực mua làm sạch, sau đó rửa sơ qua nước muối loãng, để ráo. Sấu cạo bỏ vỏ bên ngoài, cắt thành từng khoanh dài. Đun sôi 30ml nước rồi thả sấu vào, nấu tới khi chín rồi dầm ra lấy nước cốt.', 'Bước 2: Lá ổi rửa sạch, sau đó xếp xuống dưới phía đáy nồi. Tiếp đến cho vào khoảng 30ml nước. Ớt cắt lát, xếp trên bề mặt lá. Tiếp theo xếp mực lên trên lớp lá, rồi lại trải tiếp 1 lá ổi lên phía trên mực.', 'Bước 3: Với mực thì khá là nhanh chính để mực vào nồi hấp khoảng 10 phút thì lấy ra xắt khoanh vừa ăn rồi xếp vào đĩa.']",[],"Chủ nhật, 29/9/2019, 20:52 (GMT+7)"
https://vncooking.com/cong-thuc/goi-cuon-tom-thit-380,Món khai vị,Gỏi cuốn tôm thịt,Vị tươi của tôm vị béo của thịt hòa cùng các loại rau tươi gây thương nhớ cả ngày,,30phút,2,,4,"['Tôm 200 gram', 'Thịt ba rọi 100 gram', 'Bún tươi 300 gram', 'Bánh tráng 1 bịt']","['Bước 1: Tôm và thịt mua về rửa sạch. Sau đó bỏ thịt vào nồi luộc cho 1 ít gừng đập dập vào để thịt được thơm hơn. Tiếp đến đem luộc tôm cho thêm một chút bột nêm vào tôm sẽ ngọt hơn.', 'Bước 2: Rau sống rửa sạch nhiều lần rồi để ráo. bún xé rồi cắt khúc vừa cuộn.bánh tráng mua loại bánh lạt', 'Bước 3: Tôm lột vỏ.thịt xắt mỏng. Thoa nước mép bìa bánh cho dễ dính lần lượt gói rau giá sống bún thịt tôm rồi cuộn lại']",[],"Thứ bảy, 21/9/2019, 21:30 (GMT+7)"
https://vncooking.com/cong-thuc/khoai-tay-que-379,Món khai vị,Khoai tây que,,,30phút,2,,5,"['Khoai tây 400 gram', 'Bột chiên xù 30 gram', 'Bột gạo 30 gram', 'Trứng gà 1 quả', 'Bơ lạt 10 gram']","['Bước 1: Khoai tây gọt vỏ, rửa sạch. Rửa bằng nước pha với muối sẽ giúp khoai tây không bị đen. Sau đó đem hấp chín. Khoai tây sau khi hấp đã chín, chúng ta cho vào tô và dùng 1 cái nĩa để nghiền khoai tây ra. Tiếp theo cho vào đường, 1 chút muối + tiêu + 10gr bơ lạt + 1 lòng đỏ trứng gà. Trộn đều.', 'Bước 2: Muốn khoai tây được mịn, lấy 1 cái khay và cho khoai tây vào cà để khoai tây được mịn hơn. Tiếp theo cho bột gạo vào khoai tây, trộn đều. Sau đó cho khoai tây vào túi, cắt một lỗ nhỏ. Rắc bột chiên xù đều lên trên, lăn nhẹ cho bột bám đều.', 'Bước 3: Tiếp theo đem chiên, (lửa hơi lớn). Chiên vàng đều hai mặt, và cho ra giấy thấm dầu. Khoai tây que ăn kèm với tương ớt, mùi vị béo và giòn giòn rất là ngon.']",[],"Thứ bảy, 21/9/2019, 21:17 (GMT+7)"
https://vncooking.com/cong-thuc/thit-heo-cuon-mang-378,Món khai vị,Thịt heo cuộn măng,"Thịt heo béo, mềm, măng giòn giòn kết hợp với mùi thơm của nấm tạo nên hương vị vô cùng hấp dẫn, ăn mãi không ngán.",,30phút,2,,4,"['Thịt heo 300 gram', 'Măng 1 bắp', 'Nấm đùi gà 1 hộp', 'Hành lá 2 nhánh']","['Bước 1: Măng rửa sạch sau đó luộc lên cho 1 ít muối vào để măng nhả ra cho bớt đắng. Sau đó vớt măng ra ngâm qua nước lạnh rồi xắt mỏng vừa ăn. Nấm ngâm với muối rồi rửa sạch, bỏ gốc. Hành lá rửa sạch cắt khúc.', 'Bước 2: Sắp từng lát thịt lên dĩa, rắc một chút bột bắp và gia vị, xếp lần lượt măng, nấm, hành lá vào cuộn tròn. Cho ít dầu vào chảo, đặt từng miếng thịt cuộn vào và chiên vàng đều.', 'Bước 3: Hòa tan bột bắp và dầu hào vào 1 chén nhỏ rồi đổ vào chảo riêng đun tới khi sôi hơi sánh lại là được. Sau đó xếp từng phần thịt cuộn đã chiên chín ra dĩa, rưới sốt lên trên là xong.']",[],"Thứ sáu, 20/9/2019, 22:08 (GMT+7)"
https://vncooking.com/cong-thuc/ech-chien-nuoc-mam-377,Món chính,Ếch chiên nước mắm,Với thịt ếch dai dai hòa quyện với nước mắm pha với một ít đường sẽ lưu giữ hương vị không thể nào quên được,,45phút,2,,7,"['Ếch 4 con', 'Hành tây 1 củ', 'Hành lá 2 tép', 'Chanh 1 trái', 'Tỏi 3 tép', 'Cà rốt 1 củ', 'Ớt 3 trái']","['Bước 1: Ếch mua về rửa sạch lột bỏ da, bỏ ruột. sau đó bóp ếch với chanh và muối pha loãng để khử mùi tanh của ếch. Tỏi bóc vỏ băm nhuyễn, hành cắt khúc. Hành tây cắt vừa thành từng miếng với độ rộng khoảng 1cm, rau sống mua về rửa sạch ngâm với nước muối loãng khoảng 10 phút rồi vớt ra để ráo. Cà rốt và ớt bạn tỉa hoa để trang trí.', 'Bước 2: Cho dầu vào chảo, đợi dầu già rồi thì cho ếch vào chiên với lửa nhỏ để ếch vàng đều không bị cháy', 'Bước 3: Tiếp đến bạn dùng một chiếc chảo khác đặt lên bếp, thêm ít dầu ăn sau đó cho tỏi vào phi thơm, thêm vào đó ít đường, bột ngọt, nước mắm, hành lá và hành tây đã sơ chế cùng với thịt ếch chiên vào.']",[],"Thứ sáu, 20/9/2019, 21:39 (GMT+7)"
https://vncooking.com/cong-thuc/ca-linh-chien-gion-376,Món chính,Cá linh chiên giòn,"Cá linh chiên giòn ăn kèm với rau dưa chấm nước mắm, cơm hay cuốn bánh tráng đều rất hợp.",,45phút,2,,6,"['Cá linh 400 gram', 'Bột chiên giòn 1 bịt', 'Dưa chuột 2 trái', 'Chanh 1 trái', 'Ớt 3 trái', 'Bông súng 1 bó']","['Bước 1: Cá linh bỏ ruột rửa sạch để ráo. Bột chiên giòn hòa với nước cho sệt sệt là được. Sau đó lăn cá linh qua bột', 'Bước 2: Làm nước mắm, cho 1/2 chén đường với hơn 1/2 chén nước nấu sôi cho tan đường, để nguội. Nếu thích có vị chua thì cho thêm nước cốt chanh. Cho nước mắm vào nước đường cho có vị mặn ngọt vừa khẩu vị, tỏi ớt băm hoặc giã nhỏ để vào sau cùng.', 'Bước 3: Rau thơm các loại rửa sạch. Cho dầu vào chảo, dầu nóng cho cá nhúng với bột vào chiên chín vàng giòn, làm lần lượt cho đến hết.']",[],"Thứ năm, 19/9/2019, 21:57 (GMT+7)"
https://vncooking.com/cong-thuc/muc-xao-tuong-cay-375,Món khai vị,Mực xào tương cay,dai giòn cay cay mang lại cảm giác vô cùng lạ miệng đặc biệt là món nhậu cuối tuần thật là tuyệt vời,,30phút,2,,5,"['Mực 3 con', 'Ớt sừng 1 trái', 'Hành tây 1 củ', 'Hành lá 2 tép', 'Tỏi 3 tép']","['Bước 1: Mực mua về rửa sạch, bỏ túi mực, ruột, xương sống, rọc khứa, xắt miếng vừa ăn. Ớt sừng xắt sợi, Cà rốt rửa sạch gọt vỏ xắt miếng vừa ăn. Hành tây xắt múi cam. Hành lá băm nhuyễn', 'Bước 2: Tiếp theo, bắc chảo lên bếp, cho dầu ô liu vào, dầu nóng cho tỏi băm vào phi vàng, trút mực vào xào nhanh tay. Cho tiếp cà rốt, hành tây, hành lá, ớt sừng, xốt tương cay vào đảo đều, nêm hạt nêm, đường, nước tương vừa ăn. Khi cho mực vào xào cần để to lửa để mực không bị chảy nước ra nhé.']",[],"Thứ năm, 19/9/2019, 21:01 (GMT+7)"
https://vncooking.com/cong-thuc/canh-chua-ngao-nau-voi-gia-do-374,Món chính,Canh chua ngao nấu với giá đỗ,Thơm thơm  ngọt ngọt cay cay sẽ làm bạn lưu luyến mãi,,30phút,2,,4,"['Ngao 500 gram', 'Giá đậu 200 gram', 'Hẹ 10 gram', 'Ớt 5 Trái']","['Bước 1: Ngao rửa sạch sau đó ngâm trong nước muối cắt thêm vài quả ớt ngâm khoảng 30 phút cho ngao nhả sạch bùn cát. Tiếp đến bỏ ngao vào nồi nước đun sôi cho đến khi ngao mở miệng.', 'Bước 2: Lấy phần nước luộc ngao bỏ phần cặn bên dưới. Sau đó cho giá đỗ vào đun sôi sau đó cho ngao trở lại nồi. Cho ớt thái lát, một ít muối, tỏi băm và hẹ vào đun sôi trở lại là xong.']",[],"Thứ ba, 17/9/2019, 22:17 (GMT+7)"
https://vncooking.com/cong-thuc/suon-non-rim-mat-ong-373,Món chính,Sườn non rim mật ong,Thơm ngon đậm đà với vị ngọt ngọt mặn mặn không thể nào quên được,,45phút,2,,4,"['Sườn non 300 gram', 'Hành tím 3 củ', 'Tỏi 1 củ', 'Mật ong 3 muỗng']","['Bước 1: Sườn mua về rửa sạch, chặt miếng vừa ăn. Sau đó để lên rổ cho ráo nước. Hành khô+ tỏi bóc sạch vỏ rồi đem băm nhỏ.', 'Bước 2: Đổ nước vào nồi đun sôi thì cho 1 chút muối vào cùng, tiếp theo bạn cho sườn vào nồi luộc sơ qua rồi vớt sườn ra, rửa lại sạch sẽ. Cho sườn vào tô cùng với nước mắm, bột canh, bột ngọt, tiêu, hành tỏi băm rồi trộn đều nguyên liệu, ướp sườn khoảng 20 phút cho ngấm gia vị.', 'Bước 3: Đặt chảo lên bếp cùng với 2-3 muỗng dầu ăn, khi dầu nóng bạn gắp từng miếng sườn vào chảo, chiên cho 2 mặt miếng sườn có màu vàng đều là gắp ra tô. Bạn chắt bớt dầu ăn trong chảo ra, tiếp theo hòa tan mật ong với khoảng 3-4 thìa nước rồi khuấy đều sau đó đổ vào chảo đun cho sôi lên mới cho toàn bộ sườn vừa chiên vào cùng, phần gia vị ướp sườn cũng cho vào cùng để rim. Đảo đều cho các miếng sườn áo đều nước sốt mật ong, đậy vung và rim khoảng vài phút cho nước sốt hòa quyện vào sườn và sốt còn sền sệt là tắt bếp.']",[],"Thứ ba, 17/9/2019, 21:56 (GMT+7)"
https://vncooking.com/cong-thuc/ca-tac-ke-nuong-muoi-ot-372,Món khai vị,Cá tắc kè nướng muối ớt,Món ăn dân dã độc bình dị mà thấm đẫm hương vị của biển khơi,,30phút,1,,3,"['Cá tắc kè 500 gram', 'Tỏi 2 tép', 'Ớt 2 trái']","['Bước 1: Cá tắc kè mua về bổ dọc ở giữa bụng, moi sạch ruột. Dùng dao rạch phần thịt ở hai bên xương ra. Rửa sạch lại với nướng, để ráo. Sau khi cá ráo nước, đặt cá úp bụng xuống mặt vỉ, nướng cá trên bếp than.', 'Bước 2: Làm sốt cá tắc kè nướng muối ớt như sau: Cho vào bát nhỏ 1 muỗng cà phê hạt nêm, 1/2 muỗng cà phê ớt xay, 1 muỗng cà phê tỏi băm, 1/2 muỗng súp mật ong, 1 thìa muỗng tương ớt, 1/2 muỗng súp dầu hào, 1/2 muỗng súp dầu màu điều. Trộn đều cho tất cả hòa quyện.', 'Bước 3: Dùng cọ phết hỗn hợp xốt vừa pha lên cá đang nướng trên bếp. Đợi cá thấm, trở mặt, phết tiếp lên mặt dưới. Làm tương tự với những con cá khác. Khi thấy cá gần chín, bạn phết thêm một lớp xốt nữa, rồi mới lấy cá ra khỏi bếp.']",[],"Thứ hai, 16/9/2019, 22:12 (GMT+7)"
https://vncooking.com/cong-thuc/goi-ca-mai-371,Món khai vị,Gỏi cá mai,Vị chua ngọt cay cay của ớt hòa quyện với mùi thơm của rau và cá sẽ làm bạn không thể nào quên được,,30phút,2,,5,"['Cá mai 200 gram', 'Hành Tây 1 củ', 'Ớt 3 trái', 'Tỏi 1 củ', 'Chanh 2 Trái']","['Bước 1: Cho khoảng 30 gram me chín và 30 ml nước sôi vào chén, dùng muỗng dầm nhẹ cho me ra nước cốt. Dùng rây lọc lấy lấy nước cốt me. Cho 1/2 muỗng cà phê ớt bằm + 1/2 muỗng cà phê tỏi bằm + 1 muỗng canh nước mắm nhỉ + 1 muỗng canh đậu phộng giã mịn + 1 một muỗng canh đường + 1/4 muỗng cà phê bột ngọt + nước cốt me vào chén. Trộn đều hỗn hợp trên để thành nước chấm ăn kèm.', 'Bước 2: Dưa leo rửa sạch xắt miếng dài vừa ăn. Có thể ăn thêm một số loại rau tùy thích', 'Bước 3: Cá mai mua về rửa sạch, cạo vảy cắt bỏ đầu đuôi. Sau đó lóc lấy thịt cá bỏ phần xương. Cho cá vào tô nước cốt chanh trộn đều cho thịt cá tái lại. Cạo vỏ gừng, rửa sạch. Xắt gừng thành sợi mỏng. Lột vỏ hành tây, xắt thành khoanh mỏng. Bỏ bớt phần lá già của sả, xắt mỏng. Xếp cá tái lên đĩa, cho gừng, hành tây, sả lên trên. Rắc đậu phộng, hành phi lên.']",[],"Thứ hai, 16/9/2019, 21:57 (GMT+7)"
https://vncooking.com/cong-thuc/so-diep-sot-mang-tay-370,Món khai vị,Sò điệp sốt măng tây,Thơm ngon dai giòn của sò điệp và măng tây mang đến cảm giác lạ miệng khi ăn,,30phút,1,,2,"['Sò điệp 5 con', 'Măng tây 200 gram']","['Bước 1: Sò điệp rửa sạch rồi đem ngăm qua nước sôi. Sau đó, cho sò điệp vào ướp cùng với 2 thìa nước mắm, 1 chút hạt nêm và bột ngọt khoảng 15 phút cho sò thấm gia vị', 'Bước 2: Phi thơm hành tỏi rồi cho sò điệp vào xào đến khi sò gần chín tới thì trút sò để riêng ra đĩa. Măng tây tước bỏ sơ già, luộc sơ cho măng bớt đắng. Gừng rửa sạch đập dập, cà rốt gọt vỏ thái mỏng', 'Bước 3: Pha nước xốt: Cho 3 thìa dầu hào, 2 muỗng nước tương, 3 thìa nước mắm, 1 chút đường + bột ngọt vào tô khuấy đến cho đường tan hết. Cuối cùng cho măng tây, sò điệp cùng với nước sốt vào chảo sốt đến khi nước sốt cạn hết là được']",[],"Thứ bảy, 14/9/2019, 22:03 (GMT+7)"
https://vncooking.com/cong-thuc/ga-hap-cai-thia-369,Món chính,Gà hấp cải thìa,Thơm ngon giàu dinh dưỡng mang đến cho gia đình bạn một bữa ăn thật tuyệt vời,,45phút,2,,3,"['1 con gà 1 kg', 'Cải thìa 200 gram', 'Tỏi Gừng 1 củ']","['Bước 1: Tỏi bóc vỏ băm nhuyễn, gừng gọt vỏ xắt lát. Cải thìa nhặt kĩ, rửa sạch. Gà rửa sạch với nước muối loãng, sau đó chặt gà nhỏ vừa ăn. Tiếp cho cho vào gà 1 muỗng muối ướp tầm 10 phút. Sau đó cho gà vào luộc chín, giữ lại nước luộc gà', 'Bước 2: Cho cải thìa vào nồi nước luộc gà.  Sau đó vớt cải thìa sắp xen kẻ với gà.', 'Bước 3: Bột năng cho vào chén nước dùng hòa tan. Bắc một cái chảo khác lên bếp, cho ít dầu ăn vào để nóng rồi cho tỏi băm vào phi thơm. Tiếp đến, bạn cho 1 chén nước hấp gà vào, thêm dầu hào, muối, hạt nêm, đường nêm cho vừa miệng rồi cho chén nước hòa bột năng vào. Đun nước sốt sánh lại thì tắt bếp. Cuối cùng, bạn cho phần nước sốt vừa nấu xong vào đĩa gà và cải thìa đã hấp rồi thưởng thức nhé!']",[],"Thứ bảy, 14/9/2019, 21:49 (GMT+7)"
https://vncooking.com/cong-thuc/canh-ga-nam-huong-368,Món chính,Canh gà nấm hương,Thịt gà săn chắc thơm ngon kết hợp với vị ngọt mát của rau củ sẽ mang đến cho bạn một món ăn thật tốt cho sức khỏe.,,45phút,2,,5,"['Thịt gà 300 gram', 'Nấm hương 10 gram', 'Súp lơ xanh 1 bắp', 'Hạt sen 100 gram', 'Cà rốt 1 củ']","['Bước 1: Gà mua về rửa sạch với nước muối loãng. Sau đó để ra rổ cho gà ráo nước. Bỏ gà vào thau, sau đó cho các gia vị như: nước mắm, muối, đường, hạt nêm, tiêu và một ít bột nghệ ướp gà. Trộn đều các loại gia vị và thịt gà với nhau để gà thấm đều gia vị, để yên trong 5 phút.', 'Bước 2: Nấm hương mua về, rửa sạch sau đó cho vào tô lớn, đổ nước vào ngập nấm, ngâm để nấm nở ra. Khi nấm nở mềm thì cắt bỏ phần chân nấm dơ, rửa lại bằng nước và cắt đôi hoặc cắt sợi nhỏ tùy ý. Cà rốt gọt vỏ, rửa sạch rồi cắt thành những khoanh tròn vừa phải. Súp lơ xanh, lặt bỏ phần không ăn được, cắt nhỏ vừa miếng ăn rồi rửa sạch Hành lá rửa sạch, cắt khúc nhỏ.', 'Bước 3: Đặt nồi lên bếp, cho một ít dầu ăn vào, cho gà xào sơ, khi thịt gà săn lại thì đổ khoảng 600ml nước vào nồi, bật lửa lớn, đun sôi gà trong 15 phút. Cho tiếp hạt sen vào và nấu thêm 15 phút nữa bằng lửa vừa. Tiếp tục cho nấm hương, cà rốt, súp lơ xanh vào, nấu cho các nguyên liệu mềm là được. Nêm nếm nồi canh bằng các loại gia vị thật vừa ăn rồi tắt bếp.']",[],"Thứ bảy, 14/9/2019, 21:39 (GMT+7)"
https://vncooking.com/cong-thuc/sup-ga-367,Món khai vị,Súp gà,Là món ăn bổ dưỡng dễ tiêu hóa,,30phút,2,,7,"['Thịt gà 200 gram', 'Bắp mỹ 1 trái', 'Trứng gà 1 trứng', 'Nấm hương 2 tai', 'Bột năng 1 muỗng', 'Hành lá và ngò rí 1 mớ nhỏ', 'Hành tím 1 củ']","['Bước 1: Nấm hương cắt bỏ chân, ngâm với nước nóng khoảng 20 phút cho nở. Sau đó vớt ra, rửa thật sạch với nước lạnh rồi đem xắt sợi nhỏ, để riêng. Bắp Mỹ tách lấy hạt, bỏ lõi. Đem hạt bắp rửa sạch và để ráo. Trứng gà đập ra và tách riêng lòng đỏ trứng với lòng trắng trứng, để riêng từng loại. Bột năng đem hòa tan với 1 chén nước sôi để nguội, khuấy đều tay cho bột tan hoàn toàn', 'Bước 2: Cho gà vào nồi bỏ thêm 1 ít nước đun sôi. Hớt bọt trắng trong quá trình luộc  gà. Sau khi gà chín thì vớt gà ra bỏ qua nước đá giữ nước luộc gà lại.', 'Bước 3: Luộc bắp khoảng 10 phút là mềm. Lấy 1 hạt ăn thử nếu thấy bắp đã chín mềm, không còn cứng thì nhấc nồi ra, vớt bắp đem ngâm vào nước lạnh rồi cho vào rổ để ráo.', 'Bước 4: Cho chảo chống dính lên bếp, chờ cho chảo nóng thì cho 2 muỗng dầu mè vào, tráng đều mặt chảo. Khi dầu nóng già thì cho 2 muỗng hành tím băm nhỏ vào để phi thơm. Khi bạn thấy hành teo lại và dậy mùi thơm thì cho thịt gà đã xé sợi và nấm hương vào xào cùng. Nêm thêm 1 muỗng cafe hạt nêm, 1 muỗng cafe đường và 1/2 muỗng cafe muối vào, đảo đều tay cho thịt gà cùng nấm hương thấm gia vị.', 'Bước 5: Cho nồi nước bắp luộc khi nãy lên bếp, nêm thêm 1 muỗng cafe muối, 1 muỗng cafe hạt nêm và 1 muỗng cafe đường vào, khuấy đều tay cho gia vị tan. Đun sôi nước một lần nữa. Khi nước đã sôi lại bạn từ từ cho chén nước đã pha bột năng vào, khuấy thật đều tay. Tiếp theo, bạn đổ từ từ lòng trắng trứng vào nồi súp, khuấy thật đều tay cho lòng trắng tan ra, tạo thành các sợi vân nhỏ. Sau đó cho bắp, thịt gà và nấm hương vào nấu cùng.']",[],"Thứ bảy, 14/9/2019, 21:10 (GMT+7)"
https://vncooking.com/cong-thuc/dau-hu-chien-nuoc-mam-hanh-366,Món khai vị,Đậu hủ chiên nước mắm hành,Đậu hủ giòn tan hòa quyện vị mặn nhẹ của nước mắm bên đó có vị ngọt của đường thật khó thể nào cưỡng nỗi,,30phút,2,,2,"['Đậu hủ 3 miếng', 'Hành lá 3 tép']","['Bước 1: Đậu hủ cắt vuông miếng vừa ăn, hành lá rửa sạch thái nhỏ', 'Bước 2: Pha 1 muỗng canh nước mắm, 2 muỗng canh phê nước, chút đường. Tuỳ khẩu vị mỗi người. khuấy tan và cho hành xắt nhỏ vào.', 'Bước 3: Cho dầu vào chảo bắt lửa để cho dầu nóng lên. Sau đó cho đậu hủ vào chiên vàng. Đến khi đậu hủ vàng đều đổ chén mắm hành vào đậu. Bật lửa nhỏ vài phút cho sôi và đậu thấm nước mắm, tắt bếp.']",[],"Thứ ba, 10/9/2019, 21:14 (GMT+7)"
https://vncooking.com/cong-thuc/canh-bi-dao-nau-tom-thit-365,Món chính,Canh bí đao nấu tôm thịt,Những ngày hè ôi bức thì một bát canh bí đao sẽ giúp thanh nhiệt,,30phút,2,,4,"['Bí đao 1 quả', 'Tôm 300 gram', 'Thịt xay 100 gram', 'Cà rốt 1 củ']","['Bước 1: Tôm mua về rửa sạch, bóc vỏ sau đó ướp cùng với thịt heo xay,cho một ít hành khô băm nhỏ, cho thêm chút nước mắm, hạt nêm và tiêu xay trong khoảng 15 phút.', 'Bước 2: Bí đao mua về rửa sạch gọt vỏ sau đó xắt khoanh vừa ăn', 'Bước 3: Đun sôi nước rồi thả bí cuộn và cà rốt vào, để lửa vừa, vừa đun vừa hớt bọt. Bạn đun cho tới khi thấy cà rốt bắt đầu hơi mềm thì cho tôm nguyên con và vài viên thịt vào đun sôi chừng 3 phút nữa thì nêm nếm gia vị vừa ăn, cho vài lá mùi vào cho thơm rồi bắc ra khỏi bếp.']",[],"Thứ ba, 10/9/2019, 21:03 (GMT+7)"
https://vncooking.com/cong-thuc/canh-hen-mong-toi-364,Món chính,Canh hến mồng tơi,Giúp bạn giải nhiệt sau những ngày hè ôi bức,,30phút,2,,2,"['Thịt hến 200 gram', 'Mồng tơi 1 bó']","['Bước 1: Hến mua về rửa sạch, sau đó ướp hến với ít nước mắm, muối, tiêu và hành tím băm.', 'Bước 2: Rau mồng tơi rửa sạch lặt lấy phần non', 'Bước 3: Cho dầu vào nồi, phi thơm hành tím băm rồi cho hến vào xào sơ. Đổ nước vào nấu sôi rồi cho rau vào, thêm ít muối. Nước sôi lại thì tắt bếp, nêm chút bột ngọt và nêm lại cho vừa ăn.']",[],"Thứ hai, 9/9/2019, 21:40 (GMT+7)"
https://vncooking.com/cong-thuc/thit-heo-ham-363,Món chính,Thịt heo hầm,"Với vị mềm, thơm rất đặc trưng, giúp mang lại năng lượng sau một ngày làm việc căng thẳng",,60phút,4,,7,"['thịt heo 500 gram', 'Hành lá 3 tép', 'Cà rốt 2 củ', 'Củ cải trắng 2 củ', 'Khoai tây 2 củ', 'khoai lang 1 củ', 'Hành tây 1 củ']","['Bước 1: Thịt heo mua về làm sạch, sau đó đun qua nước sôi khoảng 2 phút', 'Bước 2: Cà rốt, khoai tây, khoai lang gọt vỏ, cắt miếng. Hành tây bỏ vỏ sau đó bổ làm đôi. Hành lá và mùi nhặt sạch, rửa và cắt nhỏ.', 'Bước 3: Sau khi các nguyên liệu trên đã chuẩn bị xong. Các bạn chỉ cần cho thịt và rau củ vào nồi áp suất rồi đổ ngập nước. Tiếp đến, các bạn cho gia vị và ninh trong khoảng 30 phút.']",[],"Thứ hai, 9/9/2019, 21:32 (GMT+7)"
https://vncooking.com/cong-thuc/dau-bap-xao-tom-362,Món khai vị,Đậu bắp xào tôm,Thịt tôm dai và ngọt hòa quyện cùng với những quả đậu bắp thơm ngon khó cưỡng đúng không nào,,30phút,2,,2,"['Đậu bắp 200 gram', 'Tôm 300 gram']","['Bước 1: Tôm mua về rửa sạch bóc vỏ, đậu bắp rửa sạch sau đó cắt khúc vừa ăn', 'Bước 2: Đun một ít nước sôi hòa một tí muối sau đó cho đậu bắp vào khoảng 3 phút. Vớt đậu bắp ra ngâm ngay vào tô nước lạnh có đá để đậu bắp được giòn và xanh.', 'Bước 3: Phi thơm tỏi, cho tôm vào đảo nhanh tay và to lửa. Khi tôm chín cho đậu bắp vào đảo đều. Nêm gia vị bột ngọt vừa ăn. Tắt bếp, cho hành lá và mùi vào đảo.']",[],"Thứ sáu, 6/9/2019, 22:04 (GMT+7)"
https://vncooking.com/cong-thuc/thit-bo-xao-dot-bi-361,Món chính,Thịt bò xào đọt bí,"Đọt bí tươi ngon xào thịt bò là món ăn bổ dưỡng, thanh mát, giòn thơm, xanh mướt nhìn thôi đã không cưỡng nỗi rồi",,30phút,2,,3,"['Đọt bí 1 bó', 'Thịt bò 300 gram', 'Tỏi 1 củ']","['Bước 1: Đọt bí mua về rửa sạch, cắt cọng vừa ăn... có thể tướt xơ đọt bí để đọt bí giòn ngon hơn', 'Bước 2: Thịt bò rửa sạch thái lát mỏng sau đó ướp 1 chút tiêu, 1 thìa cà phê hạt nêm, 1 thìa dầu ăn, 1 chút nước mắm và trộn đều, ướp thịt 15 phút cho ngấm gia vị.', 'Bước 3: bắt chảo lên bếp cho 1/2 thìa dầu ăn vào bắt nóng lên bỏ tỏi vào phi vàng thơm lên. Sau đó cho thịt bò vào đảo đều đến khi thịt bò vừa chín tới', 'Bước 4: Sử dụng luôn chảo vừa xào thịt bò và đặt lên bếp, thêm 1 thìa dầu ăn sau đó cho nốt chỗ tỏi băm và phi cho thơm mới cho rau bí vào xào, đảo đều và nêm chút muối, bột ngọt, 1 xíu nước mắm cho vừa khẩu vị rồi xào cho rau bí chín mềm. Sau cùng bạn trút thịt bò vào cùng và đảo đều là tắt bếp, xúc rau bí xào thịt bò ra đĩa.']",[],"Thứ sáu, 6/9/2019, 21:56 (GMT+7)"
https://vncooking.com/cong-thuc/chan-ga-ngam-sa-tac-360,Món khai vị,Chân gà ngâm sả tắc,Vị thơm nồng chua nhẹ khiến bạn không thể nào quên được,,30phút,2,,6,"['Chân gà 10 cái', 'Sả 4 tép', 'Gừng 1 củ', 'Tắc 5 quả', 'Ớt 3 quả', 'Tỏi 1 củ']","['Bước 1: Chân gà mua về rửa sạch, cắt bỏ phần móng nếu chân còn dính da thì lột bỏ cho sạch, sau đó ngâm với nước muối khoảng 10 phút', 'Bước 2: Sả cắt nhỏ, ớt rửa sạch thái thành lát, tắc rửa sạch thái thành những lát tròn. Tỏi bóc vỏ, gừng và lá chanh thái mỏng thành từng sợi', 'Bước 3: Bắt nước sôi cho chân gà vào và luộc sơ qua. Đun sôi nước với ít lát gừng, 1 chút muối hạt,  vài ba nhánh sả vào luộc cùng để khử mùi hôi của chân gà.', 'Bước 4: Chân gà sau khi luộc vớt ra cho vào ngâm với nước đá ngâm khoảng 5-10px vớt ra và cho vào keo', 'Bước 5: Đầu tiên, cần đun sôi khoảng 1 lít nước. Nước sôi thì cho khoảng 6 thìa đường, 6 thìa nước mắm ngon, 1 muỗng muối vào quấy đều để các gia vị hòa tan. Dùng muôi để hớt bỏ lớp bọt để nước ngâm chân gà được sạch trong. Hỗn hợp nước mắm ngâm này sôi khoảng 1 phút thì tắt bếp để nguội. sau đó đổ vào keo đã để chân gà']",[],"Thứ năm, 5/9/2019, 20:46 (GMT+7)"
https://vncooking.com/cong-thuc/lau-ca-chep-359,Món chính,Lẩu cá chép,Những ngày trời trở lạnh thì lẩu cá chép với hương vị đặc trưng thơm ngon và béo ngậy sẽ là lựa chọn số một.,,45phút,2,,6,"['Cá chép 800 gram', 'Xương heo 200 gram', 'Gừng 1 củ', 'Đậu phụ 1 miếng', 'Cà chua 3 quả', 'Me 3 Quả']","['Bước 1: Rửa sạch xương heo rồi luộc sơ qua nước sôi để lọc sạch bẩn trong xương. sau đó cho xương heo vào nồi luộc cho ngọt nước, nhớ vớt bỏ bọt nước để nước xương heo thêm trong đẹp mắt. Cá chép rửa sạch, cạo sạch vảy cắt thành khoanh vừa ăn rồi ướp chung với vài miếng gừng xắt lát.', 'Bước 2: Sau đó thái nhỏ ớt, hành, rau răm và cho ra đĩa. Rau rửa sạch để ráo, đậu phụ thái nhỏ miếng vừa ăn. Tiếp đến bắt một chiếc chảo lên bếp đung cho dầu nóng lên cho hành tỏi với một ít cà chua vào phi lên. Sau đó cho thêm cà chua vào nồi nước dùng xương vừa nấu xong.', 'Bước 3: Để có nồi nước dùng ngọt nước và có vị chua cay hợp với món lẩu cá, bạn nên hầm xương heo với xương cá, sau đó cho thêm me chua cùng vài cái nấm hương, cà chua xào sơ với gia vị cho vừa miệng.']",[],"Thứ năm, 5/9/2019, 20:29 (GMT+7)"
https://vncooking.com/cong-thuc/tom-rang-voi-cu-sen-358,Món chính,Tôm rang với củ sen,Vị tôm thơm nồng hòa quyện cùng với những những ngày hè ôi bức tạo nên món ăn vô cùng độc đáo,,30phút,2,,2,"['Tôm tươi 300 gram', 'Củ sen 2 củ']","['Bước 1: Tôm mang về rửa sạch cắt râu và trộn với một ít rượu trắng và tiêu dùng để khoảng 10 phút', 'Bước 2: Củ sen thái khoanh mỏng, hành, tỏi, ớt cắt khúc', 'Bước 3: cho ít dầu ăn vào chảo đun nóng. Sau đó cho tôm vào đảo đều đến khi tôm chuyển sang màu đỏ', 'Bước 4: Cho củ sen và gia vị vào cho vừa miệng. Sau đó đảo nhanh 1- 2 phút rồi tắt bếp']",[],"Thứ ba, 3/9/2019, 20:57 (GMT+7)"
https://vncooking.com/cong-thuc/ga-nuong-than-hoa-357,Món chính,Gà nướng than hoa,Thơm ngon hương vị thấm đượm vào trong những xớ thịt gà...,,120phút,2,,4,"['1 con gà 1 kg', 'Nghệ 1 củ nhỏ', 'Hành tím 4 củ', 'Ớt 2 quả']","['Bước 1: Mổ gà và làm sạch.  Sau đó gập gà cho gà nằm phanh ra để ướp gia vị thấm hơn thì dùng một con dao đâm vào thịt gà để gia vị nhanh thấm. Kế tiếp ướp phần nước nghệ cho kín phần da và thịt để cho gà được vàng hơn.', 'Bước 2: Sau khi đã  ướp nghệ xong. Ta băm  nhỏ hành và ớt sau đó trộn cùng với nước mắm, muối và tiêu. Rồi sau đó bóp đều chà xát lên gà để khoảng 3 30 -  40phút cho gà thấm. Cho gà lên và nướng từ từ lưu ý hãy trở liên tục cho gà chính điều. Nướng gà khoảng 1 giờ 30 phút']",[],"Thứ ba, 3/9/2019, 20:45 (GMT+7)"
https://vncooking.com/cong-thuc/lau-ca-linh-bong-dien-dien-356,Món chính,Lẩu cá linh bông điên điển,Lẩu cá linh bông điên điển hương vị đúng điệu của miền Tây sông nước,,30phút,2,,4,"['Xương heo 200 gram', 'Bông điên điển 300 gram', 'Cá linh 300 gram', 'Lá giang 200 gram']","['Bước 1: Cá linh tươi mang về móc ruột, làm sạch, để vào rổ thưa cho ráo nước, xong ướp với tỏi, ớt, đường, chút muối khoảng 10 phút.', 'Bước 2: Chặt một trái dừa tươi đổ vào nồi lẩu để nấu, dằn vài muỗng nước mắm ngon, đường, ít me dầm lấy nước chua rồi nêm nếm sao cho vừa ăn. Sau đó cho tỏi phi thơm, thêm ít tóp mỡ, rau ngò gai và nấu cho sôi riu lên. Vì cá linh rất mềm và mau chín, nên trước khi ăn mới trút nhẹ cá linh vào nồi. Vừa ăn, vừa nhúng bông điên điển để giữ độ giòn và ngọt từ bông.']",[],"Thứ tư, 28/8/2019, 22:00 (GMT+7)"
https://vncooking.com/cong-thuc/ca-loc-hap-me-355,Món chính,Cá lóc hấp mẻ,"Cá lóc hấp mẻ, với hương vị đặc trưng mà bạn sẽ không thể nào quên.",,45phút,2,,2,"['Cá lóc 700 gram', 'Mẻ 1 bát']","['Bước 1: Làm sạch cá bằng cách xát muối và khía cá thành từng miếng.', 'Bước 2: Hành lá cắt khúc dài, hành củ chẻ mỏng, lót dưới khay hấp rồi đặt cá lên trên. -Tiếp đến, các bạn đổ bát mẻ đã chuẩn bị trước trên trên mình cá, đun lửa nhỏ đến khi da cá nhăn lại là dùng được.']",[],"Thứ tư, 28/8/2019, 21:56 (GMT+7)"
https://vncooking.com/cong-thuc/canh-chua-ca-bong-lau-354,Món chính,Canh chua cá bông lau,"Canh là món ăn không thể thiếu trong bữa cơm của gia đình người Việt. Nhất là món canh chua, không những lạ miệng mà còn rất đượm vị ngon cơm",,45phút,2,,6,"['Cá bông lau 500 gram', 'Đậu bắp 100 gram', 'Giá đậu 100 gram', 'Cà chua 2 quả', 'Me 50 gram', 'Bạc hà 2 cây']","['Bước 1: Cho chảo lên bếp, đun nóng chảo,cho 1 muỗng dầu ăn vào, phi thơm tỏi và cho riêng ra bát. Cho cà chua vào nồi và đưa lên bếp, dằm cà chua cho tới khi cà chua nhuyễn để tạo màu cam cho nước canh thêm đẹp mắt và cho thêm nước sôi đun cùng.', 'Bước 2: Cá bông lau cho vào nồi nước canh đang đun sôi. Trong khi chờ cá bông lau chín, bạn có thể làm me chua, bằng cách cho me chua dằm với nước sôi, lọc lấy nước me chua sau đó chờ cá bông chín tới có thể cho nước me chua vào nồi canh.', 'Bước 3: Cho giá đỗ, đậu bắp, bạc hà và nêm nếm gia vị sao cho vừa miệng để giúp cách nấu canh chua cá bông lau ngon đậm đà.']",[],"Thứ tư, 28/8/2019, 21:48 (GMT+7)"
https://vncooking.com/cong-thuc/thit-heo-chien-sa-353,Món chính,Thịt heo chiên sả,"Thịt heo chiên sả. Thơm thơm, giòn giòn",,30phút,2,,3,"['Thịt heo 300 gram', 'Sả 3 Cọng', 'Cà chua 2 trái']","['Bước 1: Sả rửa sạch, bỏ vỏ già. Lấy phần gốc đập dập, băm nhỏ. Phần cọng đập dập, xé thành sợi.', 'Bước 2: Thịt rửa sạch, cắt mỏng. Tùy sở thích để chọn thịt thăn hay thịt ba chỉ nhé. Sau đó ướp với 1 muỗng cà phê hạt nêm, hành băm, sả băm.', 'Bước 3: Bật bếp lên, cho ít dầu ăn vào cho sôi và cho sả cọng vào đảo nhanh rồi lấy ra. Chúng ta được thành phẩm này nhé', 'Bước 4: Bây giờ thì cho thịt vào và chiên thôi. Nhớ để ý trở để k bị khét và để lửa nhỏ thôi.', 'Bước 5: Cà chua cắt thành khoanh tròn và xếp lến dĩa, sau đó để thịt lên. Có thể thêm xà lách và dưa leo để ăn kèm nhé.']",[],"Thứ hai, 26/8/2019, 21:37 (GMT+7)"
https://vncooking.com/cong-thuc/lau-ga-nau-nam-352,Món chính,Lẩu gà nấu nấm,"Lẩu gà nấu nấm có nước dùng thơm ngon, đậm đà bởi nước ngọt tiết ra từ thịt gà và các loại nấm.",,60phút,3,,6,"['Gà ta 700 gram', 'Nấm đùi gà 200 gram', 'Nấm hương 200 gram', 'Nấm bào ngư 200 gram', 'Nấm kim châm 200 gram', 'Nấm tuyết 200 gram']","['Bước 1: Gà xát muối hoặc gừng cho hết mùi tanh, sau đó rửa lại nhiều lần bằng nước sạch, để ráo, chặt gà thành những miếng vừa ăn. Các loại nấm cắt bỏ gốc, ngâm qua nước muối khoảng 3 phút, rửa lại bằng nước sạch, để ráo. Riêng nấm đùi gà chẻ đôi. Xếp các loại nấm ra đĩa. Cải cúc bỏ gốc, rửa sạch, cắt khúc cho ra đĩa Gừng cạo vỏ, xắt lát; tỏi bằm nhuyễn, ớt thái lát', 'Bước 2: Bắc chảo lên bếp, phi thơm tỏi cho thịt gà vào xào đến khi thịt săn lại, nêm nếm gia vị cho vừa ăn. Trút gà vào nồi, cho thêm 2 lít nước, vài lát gừng và nấm đông cô vào cùng để nước dùng thêm thơm ngon. Nấu gà với lửa nhỏ khoảng 40 phút, chịu khó vớt bọt cho nước dùng được trong.', 'Bước 3: Trút gà hầm vào nồi lẩu, đặt lên bếp. Khi nước lẩu sôi, cho thêm các loại nấm vào, chờ đến khi nấm chín cho thêm rau.']",[],"Thứ hai, 26/8/2019, 21:27 (GMT+7)"
https://vncooking.com/cong-thuc/ca-chach-kho-nghe-351,Món chính,Cá chạch kho nghệ,"Thịt cá chạch kho chín bùi béo, quyện cùng sả ớt cay thơm và gia vị nêm nếm thật đậm đà.",,45phút,2,,10,"['Cá chạch 400 gram', 'Bột nghệ 1 muỗng cà phê', 'Ớt băm 1 muỗng cà phê', 'Đường trắng 1 muỗng canh', 'Muối 1 muỗng cà phê', 'Sả băm 1 muỗng canh', 'Tỏi băm 1 muỗng cà phê', 'Nước mắm 2 muỗng canh', 'Bột ngọt 1 muỗng cà phê', 'Dầu ăn 2 muỗng canh']","['Bước 1: Cá chạch đem vùi tro hoặc bóp muối rồi tiến hành cạo sạch nhớt, bỏ ruột, rửa qua nước muối có vắt chanh và rửa lại nhiều lần với nước sạch để ráo. Phần đầu cá bạn có thể bỏ hoặc giữ lại đều được.', 'Bước 2: Đun nóng 2 muỗng canh dầu ăn, cho sả băm, ớt băm và tỏi băm vào xào thơm. Sau đó trút cá chạch vào đảo đều cho cá hơi săn lại. Nêm vào 2 muỗng canh nước mắm, 1 muỗng canh đường, 1/2 muỗng cà phê muối, 1 muỗng cà phê bột nghệ, 1 muỗng cà phê bột ngọt, 1/3 chén nước. Đun sôi rồi hạ nhỏ lửa, đun liu riu cho đến khi nước gần cạn là được.']",[],"Chủ nhật, 25/8/2019, 21:19 (GMT+7)"
https://vncooking.com/cong-thuc/muc-nhoi-thit-rim-nuoc-dua-350,Món chính,Mực nhồi thịt rim nước dừa,"Vị ngọt ngọt, mặn mặn của nước sốt sánh lại quyện với độ ngọt của mực, của nhân thịt bên trong ắt hẳn sẽ làm hao cơm lắm đây!",,30phút,4,,11,"['Mực ống 500 gram', 'Tiêu xay 3 muỗng cà phê', 'Hạt nêm 1 muỗng cà phê', 'Nước mắm 3 muỗng canh', 'Muối 1 muỗng cà phê', 'Nước 3 muỗng canh', 'Thịt ba chỉ 200 gram', 'Đường 3 muỗng canh', 'Bột ngọt 1 muỗng cà phê', 'Dầu ăn 4 muỗng canh', 'Đầu hành 6 cái']","['Bước 1: Đem mực và thịt rửa sạch với 1 muỗng muối, để ráo. Thịt xắt nhỏ, băm nhuyễn. Mực ống cắt đầu, mình để riêng sau đó băm nhỏ đầu mực. Đầu hành rửa sạch đất, bóc vỏ, băm nhuyễn.', 'Bước 2: Cho thịt băm, đầu mực, hành vào tô. Thêm vào 1 muỗng cà phê muối, 1 muỗng canh đường, 1 muỗng cà phê bột nêm, 1/2 muỗng cà phê bột ngọt, 1 muỗng cà phê tiêu xay vào trộn đều cùng với thịt và mực. Để phần nhân này thấm gia vị trong 5 phút.', 'Bước 3: Sau khi phần nhân thấm vị xong, dùng muỗng cà phê nhỏ nhồi nhân vào trong con mực. Nhồi phần nhân vừa đủ, tránh để bị rách con mực. Dùng que tăm ghim lại.', 'Bước 4: Bắc chảo lên bếp, cho vào 4 muỗng canh dầu. Đợi dầu nóng thả mực vào chiên vàng đều hai mặt. Trong lúc đợi da mực vàng lên ta chuẩn bị nước sốt: Cho vào chén 2 muỗng canh nước mắm, 2 muỗng canh đường, 2 muỗng cà phê tiêu xay, 2 muỗng canh nước khuấy lên cho đến khi hỗn hợp nước sốt tan đều. Sau khi mực vàng cho chén nước sốt vào, vặn lửa nhỏ, rim cho đến khi nước sốt keo lại.']",[],"Chủ nhật, 25/8/2019, 21:02 (GMT+7)"
https://vncooking.com/cong-thuc/ca-dieu-hong-muoi-chien-349,Món chính,Cá diêu hồng muối chiên,"Mùa đông lạnh nên ăn món gì cũng có cảm giác nóng, rất là ngon miệng.",,45phút,2,,6,"['Cá diêu hồng 1 con', 'Ớt 1 trái', 'Muối 1 muỗng cà phê', 'Nước mắm 1 Muỗng canh', 'Tỏi 3 tép', 'Đường trắng 1 muỗng canh']","['Bước 1: Cá diêu hồng làm sạch, dùng dao khứa 2-3 đường lên thân cá, ướp với muối, hạt nêm khoảng 10 phút. Ớt, tỏi cắt nhỏ, cho ra chén.', 'Bước 2: Làm nóng dầu ăn trong chảo, cho cá vào, chiên vàng giòn 2 mặt như hình bên. Thỉnh thoảng lật cá để thịt cá không bị cháy.', 'Bước 3: Hòa tan đường trắng, nước mắm, tỏi, ớt trong 1 cái chén']",[],"Thứ sáu, 23/8/2019, 21:59 (GMT+7)"
https://vncooking.com/cong-thuc/canh-chua-ca-loc-348,Món chính,Canh chua cá lóc,"Mùa hè nóng bức, món canh chua cá lóc thanh mát sẽ là món ăn giản dị mà rất hấp dẫn.",,30phút,2,,6,"['1 con cá lóc 700 gram', 'Trái thơm 1 quả', 'Cà chua 2 quả', 'Đậu bắp 5 quả', 'Giá đậu 100 gram', 'Me 1 bịt nhỏ']","['Bước 1: Hành khô, tỏi: làm sạch, băm nhuyễn. Cá lóc: làm sạch, thái lát vừa ăn, cứa nhẹ trên mỗi lát để cá thấm gia vị. Ướp cá với 1/2 muỗng cà phê hành tỏi băm nhuyễn, 1 muỗng cà phê hạt nêm, 1/2 muỗng nước mắm, 1/2 muỗng cà phê bột ngọt, 1/2 muỗng cà phê dầu ăn, 1/2 muỗng cà phê tiêu để khoảng 15-20 phút. Thơm, đậu bắp: làm sạch, cắt lát xéo dài. Cà chua: bổ cau. Dọc mùng: Tước vỏ, cắt mỏng, bóp qua với một chút muối, rửa sạch, chần nhẹ với nước sôi, để ráo. Giá rửa sạch, để riêng.', 'Bước 2: Phi thơm 1 muỗng cà phê hành tỏi băm nhuyễn với dầu ăn, cho thêm 1/2 muỗng cà phê ớt bột để tạo màu. Cho cá vào đảo nhẹ rồi cho nước vào nấu canh, cho thêm nước me chua và thơm vào, bạn có thể hầm nước xương riêng thêm vào để canh thêm ngọt.', 'Bước 3: Đến khi nước sôi, dùng vợt vớt hết bọt phía trên để nước canh được trong. Nước sôi khoảng 3 phút, cá sắp chín tới, cho cà chua, đậu bắp, dọc mùng, giá vào. Nêm thêm 1/4 muỗng cà phê muối,1/2 muỗng cà phê đường, 1 muỗng cà phê hạt nêm, 1/2 muỗng cà phê bột ngọt sao cho vừa ăn.Khi thấy món canh đã chín tới, bạn tắt bếp, cho lá hành, lá ngổ và tiêu vào khuấy đều và múc ra bát thưởng thức.']",[],"Thứ sáu, 23/8/2019, 21:46 (GMT+7)"
https://vncooking.com/cong-thuc/ech-xao-muop-huong-347,Món chính,Ếch xào mướp hương,"Ếch xào mướp hương là món ăn vốn rất quen thuộc và dân giã. Thịt ếch mềm, mướp hương thơm rất làm vừa lòng cho cả những người khó tính.",,30phút,2,,3,"['Ếch 3 con', 'Mướp hương 2 quả', 'Hành lá 2 nhánh']","['Bước 1: Ếch làm sạch, chặt miếng vừa ăn. Phần da ếch nướng qua lửa để khi xào sẽ giòn ngon hơn.', 'Bước 2: Ướp thịt ếch với 1/2 muỗng cà phê bột nêm, 1 muỗng mắm ngon, 1 muỗng dầu ăn, hành khô băm nhỏ. Ướp khoảng 15-20 phút.', 'Bước 3: Mướp hương gọt vỏ rửa sạch, cắt miếng vừa ăn. Hành lá cắt khúc. Đặt chảo lên bếp thêm chút dầu ăn và cho ếch vào xào lửa lớn. Khi thấy thịt ếch săn lại, chín mềm thì cho ra đĩa.', 'Bước 4: Vẫn chảo đó cho thêm chút dầu ăn, hành khô băm nhỏ và cho mướp hương vào xào, nêm chút xíu bột canh. Nhanh tay cho thịt ếch vào xào cùng. Nêm lại gia vị cho vừa miệng.']",[],"Thứ năm, 22/8/2019, 22:29 (GMT+7)"
https://vncooking.com/cong-thuc/muc-hap-hanh-gung-346,Món khai vị,Mực hấp hành gừng,Là món ăn rất phù hợp cho những bữa tiệc nhỏ của gia đình hay món nhậu lai rai với bạn bè,,30phút,1,,5,"['Mực 400 gram', 'Gừng 1 củ nhỏ', 'Hành lá 100 gram', 'Tỏi 1 củ', 'Chanh 1 trái']","['Bước 1: – Mực: Sơ chế, rửa sạch cùng với nước có pha rượu trắng và gừng đập dập cho mực bớt tanh, khi hấp sẽ thơm ngon hơn. Cắt mực thành từng khoanh tròn dài 3cm, khứa nhẹ trên thân mật. Nếu mực cơm nhỏ thì để nguyên con nhé. Ướp mực với 1 thìa hạt nêm, 1 thìa nước mắm,1/2 muỗng cà phê bột ngọt trong 20 phút cho mực ngấm gia vị.', 'Bước 2: – Gừng: Gọt vỏ, rửa sạch, chia làm 3 phần, 2/3 thái chỉ, 1/3 để nguyên. – Hành lá: Nhặt vừa rửa sạch, để ráo, cắt khúc dài 5cm. – Ớt sừng: 3 trái bỏ cuống, rửa sạch, chẻ đôi, bỏ hạt, thái chỉ, 3 trái để nguyên. – Tỏi: Lột vỏ, rửa sạch, để ráo.', 'Bước 3: – Khi mực đã ngấm gia vị, trộn chung mực với gừng  – ớt thái chỉ, hành thái khúc, cho vào xửng hấp cách thủy khoảng 10 phút tới khi mực vừa chín tới là được, bạn không nên hấp mực quá lâu sẽ khiến mực mất đi độ giòn ngon nhé.']",[],"Thứ năm, 22/8/2019, 22:13 (GMT+7)"
https://vncooking.com/cong-thuc/ngheu-hap-thai-345,Món khai vị,Nghêu hấp thái,"Vị ngọt của nghêu kết hợp với mùi thơm nồng của sả, gừng, vị cay cay của ớt và chua chua của me",,30phút,2,,3,"['nghêu 1 kg', 'Ớt 2 trái', 'Me 50 gram']","['Bước 1: Nghêu sau khi mua về bạn cho vào một cái thau lớn để ngâm cho nghêu nhả hết cát ra bên ngoài. Lưu ý để nghêu nhả hết cát và chất bẩn ra ngoài nhanh thì bạn có thể ngâm nghêu với nước vo gạo hoặc ngâm nghêu với nước lạnh bạn cho ớt trái băm nhuyễn vào hoặc ớt sa tế vào nước ngâm khoảng 20 đến 30 phút là nghêu nhả hết cát và chất bẩn', 'Bước 2: Trong lúc chờ đợi nghêu nhả sạch cát, bạn lấy 50g me cho vào 1,5 lít nước ấm sau đó bạn hòa tan me vào nước lọc lấy nước và bỏ xác me ra. Cuối cùng bạn thêm vào 3 muỗng cà phê đường + 2 muỗng tương ớt +1/2 muỗng cà phê hạt nêm + 2 thìa bột nêm sau đó bạn khuấy cho hỗn hợp này tan đều.', 'Bước 3: Cho một cái nồi lên bếp, sau đó cho 2 muỗng dầu ăn vào. Sau khi dầu nóng lên bạn cho tỏi băm và sả vào phi cho thơm. Tiếp đến bạn cho hết phần nước me vào đun cho thật sôi. Sau đó bạn hạ lửa nhỏ xuống cho nghêu vào, cuối cùng bạn cho 1 ít đọt xả vào.']",[],"Thứ tư, 21/8/2019, 22:47 (GMT+7)"
https://vncooking.com/cong-thuc/vit-kho-gung-344,Món chính,Vịt kho gừng,"Vị béo mềm thấm gia vị đậm đà, kết hợp cùng vị cay nhẹ của tiêu và gừng tươi, ta có món mặn ăn cùng cơm nóng rất ngon.",,45phút,3,,6,"['Thịt vịt 500 gram', 'Gừng 30 gram', 'Nước mắm 3 muỗng', 'Đường 1 Muỗng cà phê', 'Bột nêm 1 muỗng cà phê', 'Màu điều 1 muỗng cà phê']","['Bước 1: Vịt rửa với chút gừng đập nát để khử bớt mùi hôi. Chặt vịt ra từng miếng vừa ăn.', 'Bước 2: Ướp vịt với 1 muỗng cà phê hành tím + 1/2 muỗng gừng băm nhỏ + 1/3 muỗng cà phê tiêu xay + 1 muỗng cà phê dầu màu điều, để 10p cho thấm gia vị.', 'Bước 3: Đặt chảo lên bếp, chảo nóng cho 1/2 muỗng cà phê dầu ăn, tiếp đến cho 1/2 muỗng cà phê gừng thái nhỏ vào, phi thơm gừng, cho thịt vịt vào, để lửa lớn đảo 5-7p cho thịt vịt ra bớt mỡ, khi thấy thịt săn lại cho vào 2-3 muỗng nước mắm + 1 muỗng cà phê hạt nêm + 1 muỗng đường, để lửa vừa khoảng 5p.', 'Bước 4: Đổ nước bằng với mặt thịt, kho cho nước cạn, nêm nếm lại cho vừa miệng. Tiếp tục kho đến khi cạn gần hết nước thì cho gừng thái sợi vào, tắt bếp.']",[],"Thứ tư, 21/8/2019, 22:37 (GMT+7)"
https://vncooking.com/cong-thuc/chuot-chien-sa-ot-343,Món chính,Chuột chiên sả ớt,"Chuột chiên sả ớt dù có vị hơi nồng nhưng lại mang đến cảm giác lạ, ấn tượng.",,45phút,2,,2,"['Chuột đồng 1 kg', 'Sả 4 tép']","['Bước 1: Dùng dao cạo sạch lông, đặc biệt là vùng kẽ nách và bụng. Sau đó, mổ bụng lấy hết nội tạng, bỏ hậu môn, rửa sạch rồi để thật ráo.', 'Bước 2: Sả băm thật nhuyễn, rồi thêm muối, đường, bột ngọt và một chút nước mắm ngon vào trộn đều thành hỗn hợp. Nếu bạn thích ăn cay, có thể thêm một ít ớt xắt cho thêm đậm đà. Ướp thịt chuột trong hỗn hợp trong vòng 15 đến 20 phút cho thấm.', 'Bước 3: Cho dầu vào chảo lớn, lượng dầu vừa đủ để ngập hết phần thịt chuột, dầu nóng thì cho thịt chuột vào rồi canh lửa liu riu. Dùng đũa để lật chuột cho đến khi chín đều, da chuột chuyển màu vàng ruộm, có mùi thơm bốc lên thì tắt lửa, vớt ra đĩa có lót một ít giấy thấm dầu.']",[],"Chủ nhật, 18/8/2019, 21:43 (GMT+7)"
https://vncooking.com/cong-thuc/oc-buou-nuong-tieu-342,Món khai vị,Ốc bươu nướng tiêu,Với tiết trời se se lạnh thì còn gì tuyệt vời hơn khi gia đình ta cùng quây quần thưởng thức món óc nướng tiêu xanh cay cay thơm lừng nhỉ,,105phút,2,,3,"['Ốc bươu 1 kg', 'Sả 4 tép', 'Tiêu xanh 200 gam']","['Bước 1: Ngâm ốc bươu trong nước vo gạo khoảng 1h cho ra sạch chất bẩn.', 'Bước 2: Đập dập sả cho vào nồi, bỏ ốc thêm một xíu nước luộc ốc trong 10 phút. Sau khi ốc chính, vớt ra tô để nguội.', 'Bước 3: Pha nước sốt tiêu xanh bao gồm : một muỗng canh tỏi ớt băm nhuyễn, 1 muỗng canh tương ớt, 1muỗng canh dầu hào, 1 muỗng canh mật ong, 1 muỗng nhỏ nước mắm, 1 muỗng cà phê tiêu xay, tiêu xanh cho nhiều hay ít tùy vào sở thích ăn cay của mỗi người và độ mặn ngọt cũng tùy khẩu vị của các bạn mà nêm nếm cho vừa ăn nha.', 'Bước 4: Xếp ốc vào đĩa, rưới sốt tiêu xanh và cho ốc lên lò nướng']",[],"Chủ nhật, 18/8/2019, 20:48 (GMT+7)"
https://vncooking.com/cong-thuc/lau-ga-tiem-ot-hiem-341,Món chính,Lẩu gà tiềm ớt hiểm,"Gà tiềm ớt hiểm với nước dùng nấu từ thịt gà nấu cùng các loại rau, nấm và ớt hiểm là món ăn ngon việt, hấp dẫn dành cho những ngày lạnh.",,60phút,4,,8,"['1 con gà 2 kg', 'Dừa xiêm 1 quả', 'Củ cải trắng 1 củ', 'Nấm đông cô 50 gam', 'Sả 4 nhánh', 'Hành tây 300 gram', 'Ớt hiểm 50 quả', 'Kỷ tử 1 muỗng']","['Bước 1: Làm sạch gà, chặt thành miếng vừa ăn. Ướp gà với 1 muỗng hành tím và tỏi băm, 1 muỗng hạt nêm, để khoảng 15 – 20 phút cho gà ngấm gia vị.', 'Bước 2: Hành tây lột vỏ, cắt múi cau, để ráo. Sả rửa sạch, đập dập. sau đó cho dầu ăn vào chảo nóng, chiên sơ hành tây rồi vớt ra. Tiếp đến cho sả vào chiên thơm. Gà đã ướp cho vào chiên cho săn và vàng.', 'Bước 3: Ớt hiểm đập hơi dập (không để bị vỡ). Kỷ tử rửa sạch. Nấm đông cô luộc sơ, cắt chân, rửa sạch. Củ cải rửa sạch, gọt vỏ, cắt khúc khoảng 1cm. Các loại rau sống rửa sạch, để ráo. Đun sôi nước 500ml dừa tươi với 1 lít nước. Cho gà, sả, ớt đập dập vào nấu, nêm 1 muỗng hạt nêm, 1 muỗng nước tương, để lửa đun liu riu và đậy nắp.', 'Bước 4: Sau khoảng 5 – 7 phút nấu thì mở nắp, cho củ cải trắng, nấm đông cô vào cùng. Khi gà chín mềm cho hành tây và kỷ tử vào nấu thêm vài phút rồi trút qua nồi lẩu.']",[],"Thứ bảy, 17/8/2019, 20:59 (GMT+7)"
https://vncooking.com/cong-thuc/thit-bo-xao-trung-340,Món khai vị,Thịt bò xào trứng,"Món trứng xào thịt bò màu sắc hấp dẫn, thịt bò chín tới không quá dai",,45phút,2,,5,"['Thịt bò 200 gram', 'Trứng gà 3 quả', 'Hành lá 1 nhánh', 'Nước dùng 300 ml', 'Rượu trắng 1 muỗng cà phê']","['Bước 1: Thịt bò cắt lát mỏng, đem trộn đều với 1/2 muỗng cà phê rượu, 1 muỗng cà phê nước mắm, 1/2 muỗng cà phê đường, 1 muỗng canh bột bắp, sau đó thêm 1 muỗng cà phê dầu mè, đảo đều. Thịt ướp chừng 30 phút cho thấm.', 'Bước 2: Trứng đập ra chén, đánh tan cùng với một muỗng cà phê nước, 1/2 muỗng cà phê rượu và 1 muỗng cà phê muối. Làm nóng 1 muỗng canh dầu trong chảo, trút thịt bò vào đảo liên tục vào nhanh tay trên lửa lớn chừng 1 phút.', 'Bước 3: Trút thịt bò vào chén trứng, thêm hành lá cắt nhỏ, trộn đều. Làm nóng chảo trở lại, đổ hỗn hợp trứng có chứa thịt bò xào vào, đảo nhanh tay và liên tục.', 'Bước 4: Khi trứng bắt đầu đông lại thì giảm cường độ đảo trứng. Canh thấy trứng khô hẳn thì rưới 1/2 muỗng cà phê dầu mè lên trên cho món xào bóng bẩy hơn, tắt bếp, rắc tiêu xay rồi đảo đều.']",[],"Thứ bảy, 17/8/2019, 20:47 (GMT+7)"
https://vncooking.com/cong-thuc/dui-ech-chien-xu-339,Món chính,Đùi ếch chiên xù,"Mang một vị ngon khó cưỡng, đùi ếch dai giòn sẽ khiến ai từng một lần thử qua sẽ nhớ mãi",,45phút,2,,7,"['Đùi ếch 10 cái', 'Tỏi 2 tép', 'Gừng 1 củ', 'Rượu trắng 1 cốc', 'Hạt niêm 4 muỗng cà phê', 'Bột mì 1 chén', 'Trứng 2 quả']","['Bước 1: Làm nóng chảo, cho một ít dầu vào xào cùng với tỏi cho tỏi vàng thơm lên sau đó cho gừng vào tiếp đến đổ rượu vào và đun sôi lại lần nữa.', 'Bước 2: Cho đùi ếch vào một bát lớn, trộn với các loại gia vị cho thấm. Tiếp theo, lăn đùi ếch qua bột mì, trứng...', 'Bước 3: Làm nóng chảo dầu, cho đùi ếch vào chiên giòn 2 mặt. Cuối cùng, khi đùi ếch ráo dầu cho ra đĩa và thưởng thức']",[],"Thứ sáu, 16/8/2019, 21:49 (GMT+7)"
https://vncooking.com/cong-thuc/lau-cua-dong-338,Món chính,Lẩu cua đồng,"Mang một vị ngon khó cưỡng, thanh thanh lại ngọt đậm đà, lẩu cua đồng khiến ai từng một lần thưởng thức sẽ nhớ mãi.",,45phút,2,,6,"['Cua đồng xoay nhuyễn 500 gram', 'Xương heo 400 gram', 'Đậu phụ 1 bìa', 'Cà chua 2 quả', 'Gừng 1 củ', 'Nấm 500 gram']","['Bước 1: Hòa cua xay với khoảng 1 - 1,5 lít nước sạch để lấy nước. Nên bóp nhuyễn cua xay khoảng 5 - 10 phút để phần nước được đặc. Lọc phần cua đã xay qua chiếc rây sạch.', 'Bước 2: Dùng đũa khuấy nước cua đã lọc một lúc, sau đó cho vào nồi đun trên lửa nhỏ, đợi thịt cua đóng bánh nổi lên trên, vớt riêng ra ngoài, còn lại nước cua.', 'Bước 2: Đậu phụ xắt thành những miếng vừa ăn rồi chiên vàng đều hai mặt. Ngâm nấm hương với nước cho mềm rồi chẻ đôi. Rau sống, rau thơm rửa sạch rồi ngâm muối. Cà chua xắt hạt lựu. Hành lá rửa sạch, cắt nhỏ.', 'Bước 4: Thái nhỏ hành khô thái mỏng rồi phi vàng. Rồi cho cà chua vào xào cho đến khi chín mềm, thì cho gạch cua vào xào chung cho đến khi gạch tan. Đến khi ăn bạn hòa nước ninh sườn với nước cua theo tỷ lệ 1:1, đổ cà chua xào gạch cua vào và thêm 1 ít giấm bỗng để nước lẩu có vị chua nhẹ, nêm 1 muỗng cà phê đường.']",[],"Thứ sáu, 16/8/2019, 21:36 (GMT+7)"
https://vncooking.com/cong-thuc/muc-chien-nuoc-mam-337,Món chính,Mực chiên nước mắm,"Món mực chiên mắm vừa giữ được độ ngọt, dai mềm của mực lại có vỏ ngoài giòn giòn, ăn mãi không biết ngán.",,30phút,2,,8,"['Mực ống 500 gram', 'Xà lách 200 gram', 'Cà chua 1 quả', 'Gừng 1 củ', 'Hành lá 1 nhánh', 'tỏi 4 tép', 'Ớt 2 trái', 'Ngò rí 50 gram']","['Bước 1: Rang chảo dùng để chiên mực với một ít muối tinh, đến khi muối khô và chuyển sang màu vàng nhẹ, bạn đổ muối đi và cho dầu ăn vào. Với cách làm này, khi chiên mực sẽ không bị kết dính và có màu vàng ươm đẹp mắt.', 'Bước 2: Khi dầu nóng già, bạn cho mực vào chiên vàng đều các mặt với lửa nhỏ. Tiếp đó, các bạn vớt mực để ra rổ nhỏ để cho mực ráo dầu, đổ bớt dầu trong chảo chiên ra rồi phi thơm với 1 muỗng hành, tỏi băm nhỏ (lượng tỏi nhiều hơn nhé) và một ít ớt bầm. Cho mực vào lấp đầy hết mặt chảo rồi rưới nước mắm đã pha sẵn lên đều khắp các con mực, vặn lửa thật nhỏ đến khi mực vừa sít nước chuyển sang màu vàng cánh gián đậm, nước mắm bao quanh mực là được.']",[],"Thứ năm, 15/8/2019, 22:59 (GMT+7)"
https://vncooking.com/cong-thuc/ga-ac-tiem-thuoc-bac-335,Món khai vị,Gà ác tiềm thuốc bắc,"Từng miếng thịt gà mềm kèm vị thơm của thuốc bắc sẽ đem đến cho bạn và gia đình một món ăn cực kì hấp dẫn. Món ăn này cực hiệu quả khi dùng để bổ thận, bổ huyết, thanh nhiệt,…",,105phút,2,,9,"['Gà ác 1 kg', 'Cây kỉ tử khô 15 gram', 'gừng 1 củ', 'Muối 1 muỗng cà phê', 'Tiêu 1 Muỗng cà phê', 'Hạt niêm 1 muỗng cà phê', 'Thuốc bắc 1 gói', 'Rượu trắng 200 ml', 'Dừa xiêm 1 quả']","['Bước 2: Thuốc bắc và kỉ tử đem rửa sạch và cắt khúc những phần dài sau đó rửa sạch gừng, cạo vỏ, thái lát mỏng Gà ác rửa sạch, rồi ngâm qua với nước có pha rượu trắng khoảng 15 phút, sau đó dùng khăn sạch lau khô', 'Bước 2: Cho gà vào thố đất cùng với các vị thuốc bắc, gừng rồi đổ nước dừa vào. Cuối cùng bạn cho 1 muỗng cà phê muối, 1 muỗng cà phê  hạt nêm, 1/2 muỗng cà phê tiêu rồi đậy nắp cho gà lên bếp hầm chừng 60 – 70 phút để thịt gà chín mềm', 'Bước 3: Sau thời gian hầm bạn kiểm tra xem thịt gà đã được mềm như ý chưa nhé, bạn có thể dùng đũa chọc nhẹ qua. Nếu thịt gà đã mềm, bạn tắt bếp, khi ăn lấy thịt gà ra dùng kèm với nước, món ăn sẽ trở nên hấp dẫn và thơm ngon hơn rất nhiều đấy.']",[],"Thứ năm, 15/8/2019, 22:44 (GMT+7)"
https://vncooking.com/cong-thuc/canh-cua-334,Món chính,Canh cua,Món canh cua được nhiều người yêu thích nhất là trong những ngày hè nóng bức.,,60phút,2,,4,"['Cua đồng 500 gram', 'Rau đai 200 gram', 'Mồng tơi 200 gram', 'Mướp hương 1 quả']","['Bước 1: - Cua ngâm với nước sạch trong 30 phút để bùn bẩn được ra ngoài. Sau đó rửa cua qua nước muối để hết bẩn và ký sinh trùng. - Sử dụng tay bóc mai cua ra khỏi thân, phần mai qua để riêng sau lấy gạch. - Phần thân cua bóc khỏi mai ta tách tiếp phần yếm bỏ đi, phần này bẩn nên ta sẽ bỏ đi. Cho phần thân cua đã được loại bỏ yếm và mai cho vào cối giã nát hoặc có thể xay nhuyễn trong máy xay. - Cho vào cua xay nửa thìa muối trắng, một bát tô nước, dùng tay bóp nhẹ, lọc cẩn thận lấy phần nước cua và bỏ đi phần xác cua. - Phần mai cua ta sử dụng que nhỏ lấy phần gạch cho riêng ra 1 cái bát', 'Bước 2: - Rau đay nhặt sạch cuống, rửa sạch và ngâm trong chậu nước muối pha loãng khoảng 20 phút, rửa rau lại một lần nữa và thái nhỏ. - Mướp nạo hết vỏ, rửa sạch và thái thành miếng vừa ăn.', 'Bước 3: - Cho hết nước cua vào nồi, đun sôi với lửa nhỏ 3 phút - Tiếp tục cho rau đay và rau mồng tơi vào. Cuối cùng là thả phần gạch được lấy trong mai cua cho vào nồi canh. - Trong khi chờ, có thể phi thơm hành, tỏi.']",[],"Thứ hai, 12/8/2019, 20:25 (GMT+7)"
https://vncooking.com/cong-thuc/suon-xao-chua-ngot-333,Món chính,Sườn xào chua ngọt,"Vị chua chua ngọt ngọt, miếng sườn mềm thơm hòa quyện cùng nước sốt sền sệt đậm đà, chỉ nhìn thôi đã thấy ngon miệng vô cùng.",,30phút,2,,4,"['sườn non 400 gram', 'cà chua 2 quả', 'Hành tím 1 củ', 'Hành lá 2 tép']","['Bước 1: Rửa sạch rồi thấm khô, chặt miếng vừa ăn. Đổ lượng nước vừa phải vào nồi và đun sôi sau đó bạn cho sườn vào chần sơ qua, vớt ra rửa lại cho sạch sẽ.', 'Bước 2: Cho sườn vào tô cùng với 1 chút muối, nước mắm, hạt nêm, tiêu sau đó đảo đều và ướp sườn 20 phút cho ngấm gia vị.', 'Bước 3: Cà chua rửa sạch, cắt bỏ núm rồi thái miếng nhỏ, hành+ tỏi băm nhỏ, hành lá thái nhỏ.', 'Bước 4: Đặt chảo lên bếp cùng với 2-3 thìa dầu đun cho dầu nóng, tiếp theo bạn gắp sườn cho vào chiên sơ qua tới khi 2 mặt miếng sườn xém vàng thì vớt ra đĩa.', 'Bước 5: Chắt bỏ bớt dầu nếu trong chảo còn quá nhiều dầu, bạn chỉ để lại khoảng 1 thìa dầu là được sau đó cho hành tỏi băm phi cho thơm mới cho cà chua vào xào, đảo đều và xào cho cà chua mềm thì cho sườn vào cùng.', 'Bước 6: Nêm thêm đường sao cho vị chua ngọt hài hòa rồi thêm 1 chút nước, xào cho sườn chín mềm và nước sốt sền sệt là tắt bếp, rắc thêm hành lá thái nhỏ rồi xúc sườn xào chua ngọt ra đĩa ăn với cơm nóng thì ngon tuyệt vời.']",[],"Thứ hai, 12/8/2019, 20:17 (GMT+7)"
https://vncooking.com/cong-thuc/ga-hap-la-chuc-an-giang-332,Món chính,Gà hấp lá chúc An Giang,"Chúc là loại cây có múi, mọc ở núi Cấm, hương vị độc đáo. Gà để hấp phải là gà thả vườn có trọng lượng 0,8-1kg, để nguyên con ướp sơ với muối, gia vị… rồi mang đi hấp cách thuỷ khoảng 20 phút. Thịt gà vừa chín tới dùng dao bén chặt thành miếng to cỡ 2 ngón tay, lá chúc xắt nhuyễn rải lên. Món ăn này mang đến cho thực khách cảm nhận được vị ngọt mềm của thịt, vị béo dai của da gà tơ hoà quyện với hương vị nồng the của lá chúc, ngọt chát của bắp chuối, cay cay của muối ớt…",,60phút,2,,6,"['gà 1 kg', 'Cây mía 40 cm', 'Trái chúc 1 trái', 'Lá chúc 15 lá', 'Bột gạo 2 muỗng canh', 'Nước 1 chén']","['Bước 1: Cho gà vào nồi cho thêm 2,5l nước sạch, đường, hạt nêm, muối sao cho vừa ăn rồi bắc lên bếp luộc chín khoảng 5-10 phút thì vớt gà ra rổ để ráo nước. Đợi gà nguội bớt, bạn chặt gà thành từng miếng vừa ăn.', 'Bước 2: Dùng 1 nồi niêu đất rồi xếp mía thái khúc vào bên trong rồi cho thịt gà chặt miếng,  60ml nước luộc gà rồi đậy kín vung niêu đất. Sau đó, dùng hỗn hợp bột gạo nhồi nhét kín vào bên trong các khe hở giữa vung và nồi niêu đất, để cách làm gà hấp lá trúc ngon đậm vị hơn.', 'Bước 3: Bắc nồi gà lên bếp và tiến hành đun với lửa nhỏ vừa đến khi phần bột gạo quanh viền vung niêu đất khô cứng lại thì tắt bếp.']",[],"Chủ nhật, 11/8/2019, 22:50 (GMT+7)"
https://vncooking.com/cong-thuc/thit-ga-kho-gung-331,Món chính,Thịt gà kho gừng,"Thịt gà kho gừng món ăn ngon dân dã , bởi miếng thịt gà mềm thơm , gia vị thấm đều gia vị của gừng , nghệ ,ớt cay cay , nồng nồng ,đậm vị ngọt ngọt mằn mặn vừa phải thật tuyệt vời",,30phút,2,,2,"['thịt gà đùi hoặc cánh gà 700 gram', 'gừng 1 củ']","['Bước 1: Gà rửa thật sạch với muối giấm, cắt thành từng miếng vừa ăn để ráo nước.', 'Bước 2: Gừng cắt sợi, hành tím đập dập hoặc bào mỏng,ớt đập dập.', 'Bước 2: Ướp gà với 1 muỗng canh nước mắm, 1/2 muỗng đường, 1 muỗng cà phê bột nghệ, gừng và hành bào mỏng, ướp trong khoảng 15-20 phút.', 'Bước 4: Gà sau khi ướp đủ thời gian bắt chảo dầu cho nóng phi thơm hành gừng, đem xào đến khi gà chín sơ, thêm chút nước xâm xấp mặt và gừng xắt sợi, ớt trái đập dập để lửa riu riu cho gà thấm', 'Bước 5: Khi nước kho gà trong nồi hơi keo và sánh lại là gà đã chín mềm, nêm nếm lại gia vị cho vừa miệng ăn, nếu ăn được cay có thể cho thêm ớt nữa.', 'Bước 6: Khi gà đã chín múc ra dĩa cho thêm hành lá và ít gừng lên trên']",[],"Thứ năm, 8/8/2019, 20:46 (GMT+7)"
https://vncooking.com/cong-thuc/ech-xao-sa-ot-330,Món chính,Ếch xào sả ớt,"Món ếch xào sả ớt có lớp thịt săn chắc nhưng cũng rất mềm ngọt, hấp dẫn nhất vẫn là mùi sả băm thơm phức xen lẫn vị cay nhẹ của ớt sừng, đã ăn là phải ghiền.",,15phút,2,,8,"['Ếch 500 gram', 'Ớt 2 trái', 'Gừng băm 1 Muỗng cà phê', 'Hạt nêm 1 muỗng cà phê', 'Nước mắm 1 Muỗng canh', 'Sả 2 cây', 'Tỏi 3 tép', 'Dầu ăn 2 Muỗng nhỏ']","['Bước 1: Rửa sạch và lột da ếch, lột gân đen rồi rửa kỹ với nước muối pha loãng, rửa lại với nước sạch, để ráo và đem chặt thành miếng vừa ăn. Nếu đùi nào to thì cắt ra nhỏ cho vừa miệng. Rửa sạch sả và ớt tươi. Băm nhuyễn phần gốc của sả chung với ớt tươi.', 'Bước 2: Bật bếp, chờ cho chảo nóng thì cho 1 muỗng dầu ăn vào, tráng đều mặt chảo. Khi dầu nóng già (dầu sủi bọt tăm) thì cho tiếp tỏi, ớt, gừng, sả vào xào thơm. Cho ếch vào dùng đũa đảo nhanh tay, thấy thịt ếch săn lại thì cho chút bột nêm, nước mắm và thêm ít nước màu để món ếch xào sả ớt thêm đẹp mắt hấp dẫn.', 'Bước 2: Đậy nắp lại chờ chút nữa là thịt ếch chín (khoảng 5-7 phút), nêm nếm lại cho vừa ăn, phù hợp với khẩu vị gia đình để ăn với cơm được ngon hơn.']",[],"Thứ năm, 8/8/2019, 20:37 (GMT+7)"
https://vncooking.com/cong-thuc/vit-nau-cam-329,Món khai vị,vịt nấu cam,"Món vịt nấu cam với hương thơm lạ miệng, vị chua ngọt vô cùng hấp dẫn. Đặc biệt, nước sốt vịt thơm mùi cam, sánh vàng, thịt vịt thấm đều gia vị, sẽ giúp cho gia đình bạn có những bữa ăn ngon miệng đó. Nào cùng bắt tay vào thực hiện cách làm vịt nấu cam thơm ngon thôi nào.",,45phút,2,,4,"['Vịt làm sẵn 1 con', 'Cam 3 quả', 'Nước cốt dừa 300 ml', 'Bột đao 50 gram']","['Bước 1: Đầu tiên của cách làm vịt nấu cam, bạn bắc chảo lên bếp, cho dầu ăn vào đun nóng già rồi cho vịt vào chiên sơ qua cho vịt vàng đều, dậy mùi thơm, gắp vịt ra giấy thấm dầu rồi chặt thành từng miếng vừa ăn.', 'Bước 2: Tiếp đến, bạn cho vào bát to thịt vịt, 2 thìa cà phê mì chính, 1 thìa cà phê muối, 2 thìa nước mắm, 1 thìa hạt tiêu xay, ớt thái vát, đường rồi trộn đều và ướp chừng 30 phút cho thịt vịt ngấm gia vị. Làm như vậy cách làm vịt nấu cam ngon đậm đà hương vị hơn.', 'Bước 3: Cho vào nồi nhỏ 6 thìa cà phê đường, vỏ cam thái sợi rồi bắc lên bếp đun nhỏ lửa. Vừa đun bạn vừa dùng đũa đảo đều đến khi đường bám hòa quyện hết vào vỏ cam thì tắt bếp, cho vỏ cam ra đĩa.', 'Bước 4: Cho vào nồi mới hành, tỏi khô băm nhỏ, thịt vịt chiên sơ rồi cho đổ nước xâm xấp mặt vịt rồi đun với lửa to. Khi phần nước trong nồi thịt vịt sôi thì hạ nhỏ lửa và tiến hành om vịt chín mềm.', 'Bước 5: Khi thịt vịt chín mềm, thì bạn cho vỏ cam sên đường, nước cam, 3 thìa canh nước cốt dừa, hỗn hợp nước bột đao, rồi nêm lại gia vị cho vừa ăn. Bạn tiếp tục đun vịt tới khi nào phần nước sốt vịt sánh sền sệt lại thì tất bếp.', 'Bước 6: Cuối cùng, bạn xúc vịt nấu cam ra đĩa sâu lòng rồi rắc rau mùi, hạt tiêu, một vài lát cam lên trên để trang trí cho cách làm vịt nấu cam thơm ngon, đẹp mắt hơn, rồi thưởng thức thôi nà.']",[],"Thứ ba, 6/8/2019, 22:43 (GMT+7)"
https://vncooking.com/cong-thuc/canh-cu-tu-nau-suon-328,Món chính,canh củ từ nấu sườn,"Vào những ngày thời tiết se lạnh hoặc trời bước vào đông món canh sườn thơm ngon, nóng hổi là gợi ý tuyệt vời cho bữa cơm gia đình bạn đó. Hôm nay, mình sẽ hướng dẫn các bạn cách làm món canh củ từ nấu sườn ngon, bổ dưỡng nhé.",,45phút,2,,3,"['Sườn non 400 gram', 'Củ từ 500 gram', 'Tỏi 1 củ']","['Bước 1: Sơ chế nguyên liệu làm món canh củ từ nấu sườn Sườn non mau về đem rửa sạch sẽ, chặt thành từng miếng vừa ăn. Củ từ gọt bỏ vỏ, rửa sạch rồi thái thành thành từng miếng vừa ăn. Rau răm, hành lá, rau mùi nhặt rửa sạch, thái nhỏ. Phần củ hành trắng đem chẻ nhỏ. Tỏi bóc bỏ vỏ, đập dập, băm nhỏ.', 'Bước 2: Tiếp theo của hướng dẫn làm món canh củ từ nấu sườn, bạn cho xương vào nồi nước, đặt lên bếp luộc sôi qua khoảng 5 phút rồi vớt xương  ra bát để riêng, để loại bỏ mùi hôi, tạp chất trong sườn.', 'Bước 3: Bắc chảo lên bếp, đổ dầu vào đun nóng, cho tỏi băm nhỏ vào phi thơm, vàng rồi cho sườn, 3 thìa cà phê nước mắm, 2 thìa cà phê hạt nêm, rồi dùng đũa đảo đều cho đến khi sườn chín cháy cạnh, ngấm gia vị là được', 'Bước 4: Cho sườn vào nồi với 2 bát nước đủ ăn rồi đặt lên bếp đun sôi với lửa vừa khoảng 15-20 phút thì cho thêm củ từ thái miếng vào đun cùng đến khi củ từ chín mềm thì nêm lại gia cho vừa ăn.', 'Bước 5: Cuối cùng để hoàn thành cách làm món canh củ từ nấu sườn ngon, bạn cho rau răm, hành lá thái nhỏ, rau mùi vào đảo đều vài lượt rồi tắt bếp. Cho món canh nấu củ từ nấu sườn vào bát dùng nóng chan với cơm trắng sẽ rất ngon đấy.']",[],"Thứ ba, 6/8/2019, 22:39 (GMT+7)"
https://vncooking.com/cong-thuc/thit-heo-sot-tuong-327,Món chính,Thịt heo sốt tương,"Thịt heo sốt tương với những miếng thịt nạc heo cắt dạng que nhỏ, được tẩm ướp gia vị, chiên sơ với ít dầu cho săn lại rồi sốt cùng hỗn hợp tương mặn ngọt hấp dẫn.",,45phút,4,,9,"['Thịt thăn heo 300 gram', 'Hành lá 2 cây', 'Trứng gà 1 quả', 'Nước tương 35 ml', 'Tiêu 7 gram', 'Tỏi 3 tép', 'Ớt 1 trái', 'Đường trắng 5 gram', 'Rượu trắng 30 ml']","['Bước 1: Thịt heo trộn đều cùng 1/2 quả trứng đánh nhuyễn, 15ml rượu, 15ml nước tương, 5g đường, 30ml nước 1 nhúm hạt tiêu, để trong khoảng 30 phút. Trong chén nhỏ, trộn đều 35ml tương ngọt, 20ml nước tương, 15ml rượu, 5g hạt tiêu để làm sốt tương thành hỗn hợp nhuyễn.', 'Bước 2: Làm nóng chảo, cho thịt lợn đã ướp vào đảo sơ trong 7 phút rồi bỏ ra đĩa. Tận dụng mỡ trong chảo, Cho tỏi vào chảo phi thơm, thêm sốt tương vào đảo tới khi thơm. Cho lại thịt lợn đã xào sơ vào chảo, đảo đều để sốt tương bám quanh miếng thịt. Thêm ớt nếu muốn ăn cay.', 'Bước 3: Bày ra đĩa, trang trí thêm bằng hành lá và thưởng thức thôi! Thịt heo sốt tương có thể dùng với cơm nóng rất ngon.']",[],"Thứ bảy, 3/8/2019, 20:53 (GMT+7)"
https://vncooking.com/cong-thuc/ga-nuong-lu-326,Món chính,Gà nướng lu,Bạn đã một lần thưởng thức món gà nướng lu xôi cháy Bình Định thì chắc sẽ không bao giờ quên được hương vị thơm ngon tuyệt vời của món ăn này. Và nếu muốn thưởng thức thêm nhiều lần nữa mà không phải đến tận Bình Định xa xôi thì hãy nhanh chóng lưu lại công thức làm gà nướng lu xôi cháy gia truyền dưới đây nhé!,,60phút,2,,2,"['Gà ta 1.5 kilogam', 'Ngũ vị hương 1 gói']","['Bước 1: Đầu tiên, gà ta khi mua về, bạn sơ chế cho thật sạch, rồi dùng dao chặt bỏ phần chân, cổ và 2 đầu cánh ra để riêng một đĩa.', 'Bước 2: Sau đó, bạn dùng dao nhọn và xẻ dọc theo chiều của phần thịt ức gà, lấy phần sống dao đập dập dần vào trên phần xương lưng của con gà, rồi dùng tay bẻ hai ức gà ra hai bên. Bạn nhớ làm như vậy là để có thể đặt nguyên con gà nằm thẳng trên khay nướng nhé.', 'Bước 3: Hành, tỏi khi mua về thì bạn bóc sạch hết vỏ, dùng dao băm thật nhuyễn.', 'Bước 4: Cho các loại gia vị hỗn hợp gồm: muối, hạt nêm, bột ngọt, hạt tiêu, bột ngũ vị hương cùng hành, tỏi băm nhỏ, thêm một chút dầu hào vào trong bát. Sau đó, dùng thìa trộn cho thật đều để các gia vị tan ra.', 'Bước 5: Kế tiếp, cho gà vào lu nướng ở nhiệt độ cao trong khoảng một tiếng. Lửa tỏa đều trong lu sẽ làm cho gà chín đều, giòn tan và mùi thơm hấp dẫn. Bạn phải lưu ý là túc trực thường xuyên bên lu để bảo đảm gà không bị cháy xém. Sau khi nướng khoảng chừng 40 phút thì bạn lấy gà ra, lấy chổi quét lên trên khắp lớp da gà hỗn hợp gia vị mật ong và nước cốt chanh rồi tiếp tục cho vào lu nướng chín. Gà được đánh giá là ngon khi lớp da giòn bóng, còn thịt bên trong mềm vừa phải.']",[],"Thứ bảy, 3/8/2019, 20:35 (GMT+7)"
https://vncooking.com/cong-thuc/goi-ngo-sen-tom-thit-325,Món khai vị,Gỏi ngó sen tôm thịt,"Gỏi ngó sen tôm thịt ăn kèm với bánh phồng tôm và nước mắm chanh tỏi ớt ngon tuyệt. Món này vừa đủ chất đạm, chất xơ lại nhẹ bụng, tốt cho tiêu hóa.",,45phút,2,,12,"['Ngó sen 300 gram', 'Tôm 200 gram', 'Cà rốt 1 củ', 'Thịt ba rọi 200 gram', 'Rau răm 50 gram', 'Hành tím 5 củ', 'Ớt 4 trái', 'Chanh 2 trái', 'Đậu phộng 50 gram', 'Giấm 100 ml', 'Đường 200 gram', 'Nước mắm 1 muỗng canh']","['Bước 1: Rau răm, hành phi, ớt cắt sợi, chanh, đậu phộng rang Chẻ đôi ngó sen, cắt khúc Hòa 100ml dấm + 200g đường, đánh tan.', 'Bước 2: Ngâm ngó sen trong hỗn hợp dấm đường, rồi cho vào ngăn mát tủ lạnh. Sau một tiếng, vớt ngó sen ra khỏi hỗn hợp, vắt nhẹ cho ráo nước. Rửa sạch thịt heo. Luộc thịt với một ít muối, gừng xắt lát mỏng. Khi thịt chín, cho thịt vào tô nước đá lạnh để thịt giòn. Khi thịt nguội, cắt thịt thành sợi có độ dài tương xứng với cọng sen. Rửa sạch tôm. Hấp tôm với ít gừng trong khoảng 5 phút. Khi tôm chín, cho tôm vào tô đá lạnh. Khi tôm nguội, bóc vỏ, chẻ đôi thân tôm Gọt vỏ cà rốt, rửa sạch, xắt sợi Lặt răm răm, rửa sạch, xắt vừa ăn. Rang chín đậu phộng, bóc vỏ, đập dập. Lột vỏ hành tím, bào mỏng. Làm nóng chảo dầu, cho hành tím vào làm hành phi. Tách đôi trái ớt, bỏ phần hạt bên trong, xắt ớt thành những sợi mỏng. Vắt chanh lấy nước cốt (lọc bỏ hạt). Lần lượt cho ngó sen, cà rốt, rau răm, hành phi, ớt sợi vào tô. Cho tiếp 1/2 muỗng canh nước mắm, 1 muỗng canh đường, nước cốt chanh vào, trộn đều. Cho gỏi vừa trộn ra đĩa, cho thịt heo, tôm, đậu phộng, rau răm lên trên. Món này dùng kèm nước mắm chua ngọt và bánh phồng tôm hay bánh tráng nướng.']",[],"Thứ sáu, 2/8/2019, 23:22 (GMT+7)"
https://vncooking.com/cong-thuc/oc-len-xao-dua-324,Món khai vị,Ốc len xào dừa,"Món ốc hút xào dừa béo ngậy là món ăn vặt cực thơm ngon, được nhiều người yêu thích. Ốc hút xào dừa béo ngậy, cay thơm đậm đà hương vị, quyến rũ mọi người ngay từ cái tên.",,60phút,2,,8,"['Ốc len 1 kilogam', 'Nước cốt dừa 300 ml', 'Rau râm 20 gram', 'Muối 1 muỗng canh', 'Rượu trắng 1 chén', 'Sả 5 củ', 'Tỏi 3 củ', 'Đường cát 1 muỗng cà phê']","['Bước 1: Ốc len ngâm nước vo gạo ít nhất 3 giờ. Ngâm xong rửa sạch, để ráo. Chặt phần đuôi của ốc sao cho thấy được một phần thịt ốc phía trong là khi ăn sẽ không bị kẹt.', 'Bước 2: Trước khi chế biến xóc với nửa chén rượu trắng (không làm cũng được mà làm thì không tanh mùi ốc mà có mùi thơm rượu gạo thanh thanh).', 'Bước 3: Sả đập dập 2 cây, còn lại băm nhỏ. Rau răm rửa sạch cắt nhỏ hoặc xé.', 'Bước 4: Đun nóng dầu vừa phải với tỏi, đầu xả cây đập dập, rau răm. Cho ốc vào xào trên lửa lớn.', 'Bước 5: Ốc vừa ra nước, chắt bỏ ngay nước đó rồi cho nước cốt dừa vào (Nước ốc lạt và nhiều nhớt nên bỏ nước đầu, chỉ có thịt ốc bùi, thơm, dai với vị béo béo của nước cốt dừa là nhất).', 'Bước 6: Nêm muối đường vừa ăn, đậm đà thì ngon hơn, để thêm rau răm. Cho nước sôi bùng chừng ba phút thêm nước cốt dừa vào, lửa lớn thêm một phút nữa thì xong. Thêm rau răm lần cuối.']",[],"Thứ sáu, 2/8/2019, 22:57 (GMT+7)"
https://vncooking.com/cong-thuc/ga-hap-xi-dau-323,Món chính,Gà hấp xì dầu,"Cách làm gà hấp xì dầu tuy đơn giản nhưng muốn món ăn đạt đến hương vị hảo hạng thì cần có những tuyệt chiêu riêng. Nhiều người cho rằng cá hấp xì dầu dễ ăn hơn, cũng thanh mát hơn so với gà hấp xì dầu, tuy nhiên gà hấp xì dầu có rất nhiều công dụng tuyệt vời cho sức khỏe mà có thể Bạn chưa biết. Không chỉ ngon mà gà hấp xì dầu còn giữ được hương vị cũng như chất dinh dưỡng trong thịt gà, có tác dụng bồi bổ cơ thể, cung cấp nhiều protein,…",,60phút,3,,4,"['Gừng 1 nhánh', 'Hành tây 1 củ nhỏ', 'Hành lá 5 cọng', 'Gà ta 1 con']","['Bước 1: -\tGà sơ chế sạch sẽ, lau khô rồi cho vào âu lớn ướp với 5 thìa canh xì dầu + 1 thìa canh đường + 1/2 thìa canh dầu vừng + 1 thìa canh rượu trắng+ 1 thìa café hạt nêm rồi 30 phút cho thấm gia vị. -\tGừng rửa sạch, cạo vỏ thái sợi -\tHành tây lột vỏ, sửa sạch rồi thái sợi -\tHành hoa rửa sạch chỉ lấy phần gốc trắng, nhồi vào bụng con gà -\tXếp gừng và hành tây xuống đáy xửng hấp, đặt gà vào rồi đặt nồi lên bếp hấp khoảng 30 phút là gà chín. -\tGà chín thì nhấc xửng hấp khỏi nồi.', 'Bước 2: -\tChờ gà nguội thì chặt gà thành miếng vừa ăn, bày lên đĩa.', 'Bước 3: -\tPhần nước hấp gà Bạn cho thêm chút xì dầu + tỏi băm + ớt, khuấy đều làm nước chấm là món ăn hoàn thành. Gà hấp xì dầu có mùi vị nhẹ nhàng, ăn vào cũng cho cảm giác thanh thanh, không quá đậm, không quá béo, chỉ phảng phất chút hương thơm của thịt gà hòa quyện cùng xì dầu mà lại dễ khiến người thưởng thức phải xiêu lòng.']",[],"Thứ tư, 31/7/2019, 20:47 (GMT+7)"
https://vncooking.com/cong-thuc/banh-duc-nong-322,Món khai vị,Bánh Đúc Nóng,"Món bánh đúc miền bắc làm từ bột gạo mềm mượt, nhân cũng giống bánh cuốn hay bánh giò, nhưng đơn giản chỉ quấy bột múc ra bát không cầu kỳ tráng , cuốn, gói lá,...",,30phút,1,,13,"['Bột gạo 100 gram', 'Bột năng 75 gram', 'nước 600 ml', 'Nấm mèo 3 gram', 'nấm hương 3 tai', 'Hành tây 1 củ', 'Thịt xay có mỡ 150 gram', 'Hành tím để ướp thịt 2 củ', 'hành tím để làm hành phi 5 củ', 'tỏi 3 tép', 'ớt 1 trái', 'Nước hầm xương 200 ml', 'Ngò rí 4 cây']","['Bước 1: Hành phi để lấy dầu cho vào bột bánh tăng mùi thơm.', 'Bước 2: Làm nước mắm chua ngọt: bắc nồi nước thêm 200 ml nước dùng, 1 muỗng canh dấm, 50 gr đường, 50 ml nước mắm, đun sôi tan đường. Thêm ớt, tỏi băm. Nước mắm này hơi loãng hơn nước mắm chua ngọt thông thường.', 'Bước 3: Dầu hành lấy 2 muỗng xào thịt, mộc nhĩ, hành tây cho chín, nêm gia vị vừa ăn.', 'Bước 4: Bột thêm nước khuấy đều, ủ 1h, chắt nước trong ở trên, thay thế bằng cùng lượng nước lọc trở lại.', 'Bước 5: Dùng nồi đáy dày, cho bột, 1/2 mcf muối vào khuấy đều, chuyển sang màu đục thì thêm vào 30ml dầu phi hành. Tiếp tục khuấy. Bột trở trong quện lại là được, nếm thử không còn mùi bột sống. Nhấc xuống.', 'Bước 6: Múc bánh ra bát, thêm nhân thịt, hành phi, ngò rí, múc vào ngập mặt bột nước mắm chua ngọt.']",[],"Thứ tư, 31/7/2019, 20:33 (GMT+7)"
https://vncooking.com/cong-thuc/lau-cua-bien-chua-cay-321,Món chính,Lẩu Cua Biển Chua Cay,"Món lẩu cua biển chua cay với thịt cua thơm béo, nước lẩu ngọt đậm đà hòa cùng vị chua cay kích thích vị giác sẽ khiến bạn phát ghiền ngay lần thưởng thức đầu tiên. Chỉ miêu tả thôi đã nghe hấp dẫn quá phải không nào! Và bạn biết không, cách nấu lẩu cua biển chua cay không quá khó. Vì vậy, bạn có thể tự tin chế biến món lẩu tại nhà nhé!",,60phút,4,,18,"['Cua biển 3 con', 'Tôm khô 100 gram', 'Mực khô 100 gram', 'Xương heo 1 kg', 'Đậu phụ 5 miếng', 'Nấm rơm 100 gram', 'Nấm kim châm 100 gram', 'Bông cải xanh 1 bông', 'Cà chua 3 trái', 'Hành tây 1 củ', 'Hành lá 100 gram', 'Hành tím 1 củ', 'Tỏi 1 củ', 'Ớt 3 trái', 'Rau muống 1 bó', 'Tần ô 1 bó', 'Mồng tơi 1 bó', 'Bún tươi 1 kg']","['Bước 1: Sơ chế cua biển – Trong cách nấu lẩu cua biển chua cay ngon, khâu chọn và sơ chế cua biển rất quan trọng. Khi chọn cua biển nấu lẩu, bạn nên chọn loại cua gạch sẽ ngon hơn cua thịt. Đặc biệt là chọn mua cua ở những địa điểm uy tín để đảm bảo chất lượng nhất. – Sau khi mua cua về, bạn ngâm và rửa cua cho sạch. Kế tiếp, tách mai cua, lấy gạch cua để vào một cái chén riêng rồi chặt đôi cua. Phần thịt cua bạn rửa lại thêm 1 lần với nước cho sạch nhé!', 'Bước 2: Xương heo ống mua về, bạn mang rửa với nước lạnh có pha một ít muối rồi bạn chặt khúc và chần sơ qua nước sôi cho sạch. – Sau đó, bạn cho xương vào nồi cùng với 3 – 4 lít nước và bắt đầu hầm trong khoảng 2 tiếng đồng hồ cho xương tiết ra nước ngọt. – Hầm xong, bạn gắp xương cho ra một cái thau riêng, còn nước dùng lẩu thì tiếp tục nêm thêm một chút muối, bột ngọt, hành tím nướng cho nước lẩu thơm.', 'Bước 3: – Tôm khô và mực khô, bạn ngâm trong nước ấm khoảng 15 phút cho mềm, rửa thật sạch, mực khô xé thành sợi nhỏ, còn tôm khô để nguyên. Dùng tôm khô và mực khô sẽ giúp cho nước lẩu cua có vị ngọt đậm đà. Đây là bí quyết trong cách nấu lẩu cua biển chua cay mà chúng tôi muốn bật mí với các bạn. – Nấm rơm, cắt chân, rửa sạch, cho vào rổ để ráo nước. Nấm kim châm cắt bỏ gốc, ngâm với nước muối loãng rồi rửa sạch lại lần nữa thì để cho ráo nước. – Hành tây lột vỏ cắt múi cau, cà chua cũng rửa sạch rồi cắt múi cau. Hành tím, tỏi khô cũng bóc vỏ và băm nhuyễn. Ớt rửa sạch, bỏ cuốn và đập dập. – Súp lơ tách thành từng nhánh nhỏ, ngâm với nước muối chừng 1 phút rồi vớt ra rửa sạch, để ráo nước. – Rau muống, mồng tơi, cải cúc nhặt bỏ lá sâu, hư, ngâm với nước muối loãng rồi rửa sạch, để ráo nước.', 'Bước 4: Để món ăn đạt hương vị thơm ngon nhất thì cách làm nước lẩu cua biển chua cay sau đây sẽ là bí quyết dành cho bạn. Bạn thực hiện theo các bước như sau: – Khi cua biển sơ chế đã ráo nước, bạn ướp với: 1 muỗng canh hành băm, 1 muỗng canh tỏi băm nhuyễn, 1 muỗng cà phê muối, 1/2 muỗng canh đường, 1/2 muỗng cà phê tiêu xay và đảo cho đều, để khoảng 30 phút cho cua ngấm gia vị. – Sau đó, bạn bắc chảo lên bếp, cho vào 2 muỗng canh dầu ăn, dầu nóng thì bạn cho hành, tỏi băm vào phi thơm. Kế tiếp, bạn đổ phần gạch cua vào xào sơ rồi cho mực khô, tôm khô vào xào đến khi các nguyên liệu này chín thì cho tất cả vào nồi ninh nước dùng. Nấm rơm, bạn cũng làm tương tự như với gạch cua. – Đặt nồi nước lẩu lên bếp, đun sôi. Nước sôi thì bạn cho cua vào nấu chín. Cua chín, bạn cho tiếp cà chua, hành tây vào nấu cùng. Cà chua là nguyên liệu giúp cho cách làm nước lẩu cua biển của bạn có vị chua tự nhiên đấy. Sau đó, bạn lại cho thêm một ít sa tế và ớt tươi đập dập vào để tạo vị cay cho món ăn. Lúc này, bạn chỉ cần nêm nếm muối, đường, bột ngọt, hạt nêm lại cho nước lẩu vừa miệng nữa là được.', 'Bước 5: – Nước lẩu đã xong, bạn bày bún tươi ra đĩa, rau muống, mồng tơi, cải cúc cho vào rổ hoặc xếp vào một cái đĩa lớn cho đẹp mắt. Chuẩn bị thêm một chén muối tiêu chanh để chấm cua nữa là hoàn hảo. – Đặt nồi lẩu lên bếp gas mini hoặc bếp ăn lẩu chuyên dụng, nước sôi lại thì bạn vớt thịt cua ra một cái đĩa riêng rồi cho lần lượt nấm kim châm và các loại rau ăn lẩu vào nồi. Bây giờ, bạn chỉ cần chờ rau chín nữa là thưởng thức. Như vậy là Cet.edu.vn đã hướng dẫn bạn cách nấu lẩu cua biển chua cay ngon rồi. Với bí quyết mà chúng tôi chia sẻ, hy vọng rằng bạn sẽ chế biến thành công món ăn ngon này để chiêu đãi gia đình và bạn bè nhé!']",[],"Thứ ba, 30/7/2019, 20:03 (GMT+7)"
https://vncooking.com/cong-thuc/cai-thia-xao-tau-hu-18,Món chay,Cải thìa xào tàu hũ,"Với những ngày rằm hoặc những ngày bạn muốn ăn món thanh đạm thì cải thìa xào tàu hũ là món bạn nên chú ý đến với độ ngon, vừa miệng lại dễ làm.",,30phút,4,,8,"['Cải thìa 500 gram', 'Đậu hũ chiên 4 miếng', 'Tiêu 1 muỗng', 'Muối 1 muỗng', 'Đường 1 muỗng', 'Hành lá 2 cành', 'Dầu ăn 1 muỗng', 'Nước tương 4 muỗng']","['Bước 1: Tàu hũ mua về thái thành những miếng vuông nhỏ như thường lệ. Cải thìa thì bạn rửa sạch, tách thành từng lá rồi thái đôi ra cho dễ ăn. Chuẩn bị 1 chảo, cho 2 muỗng dầu ăn vào, chờ khi chảo nóng thì bạn cho cải thìa vào, đảo liên tục khoảng 2 phút thì cho 1 muỗng đường, 1 muỗng muối, 2 muỗng tiêu vào trộn đều với cải thìa.', 'Bước 2: Tiếp đến, bạn cho tàu hũ vào chảo cải thìa, trộn đều chảo lên cho cải và tàu hũ hòa vào nhau. Bạn nên nếm lại cho vừa khẩu vị gia đình nhé. Khi thấy món ăn đã ổn bạn tắt bếp và cho ra dĩa. Món này chấm với nước tương thường hoặc bạn có thể làm nước tương pha tỏi, ớt cũng được nhé. Chúc bạn ngon miệng']",[],"Thứ hai, 11/3/2019, 08:33 (GMT+7)"
https://vncooking.com/cong-thuc/canh-ga-chien-gion-sot-me-16,Món chính,Cánh gà chiên giòn sốt mè,"Thịt gà luôn ngon mọi cách chế biến, gà chiên là món ăn yêu thích của tất cả mọi người, đặc biệt là các em nhỏ, cùng biến tấu một tý món gà truyền thống thành món ăn ngon miệng cho bữa cơm của cả gia đình.",,45phút,4,,11,"['Cánh gà 6 cánh', 'Mè trắng 100 gram', 'Bột chiên giòn 200 gram', 'Bột bắp 50 gram', 'Tỏi 3 tép', 'Hành tím 2 củ', 'Ớt 2 trái', 'Đường 2 muỗng', 'Muối 2 muỗng', 'Tương ớt 2 muỗng', 'Tương cà 2 muỗng']","['Bước 1: Cánh gà mua về, bạn rửa sạch sau đó cho muối vào ướt khoảng 7 phút cho cánh gà thấm vị thêm ngon. Trong khi ngồi chờ gà thấm vị, bạn trộn hỗn hợp mè trắng và hột chiên giòn lại với nhau.', 'Bước 2: Khi gà đã thấm vị bạn tiếp tục cho gà trộn với phần hỗn hợp bột ở trên. Chuẩn bị một chảo dầu lớn để chiên gà (nên dùng chảo không dính nha). Tiếp đến là cho gà vào chảo dầu nóng, chiên thôi.', 'Bước 3: Khi gà vàng đều các bạn vớt ra để lên giấy thấm dầu cho hút bớt dầu bảo vệ sức khỏe nha. Chuẩn bị một cái nồi nhỏ để làm phần sốt mè. Thái hành tím, tỏi, ớt với nhau rồi cho vào nồi nước, đun sôi. Khi nước sôi rồi thì cho tương ớt, tương cà, mè vào nồi. Tiếp đến là đường, muối, nước mắm vào nếm cho vừa ăn. Đun được 5 phút thì cho bột bắp vào nồi, đảo đều cho phấn sốt sệt lại với nhau.', 'Bước 4: Xong rồi đó, giờ bày trí gà ra dĩa và phần sốt mè lên trên những chiếc cánh gà thơm ngon. Món này bạn có thể ăn chung với salad, cà chua, dưa chuột nha. Ăn với cơm trắng ngon lắm.']",[],"Thứ hai, 11/3/2019, 08:33 (GMT+7)"
https://vncooking.com/cong-thuc/trung-cuon-jambon-nhieu-lop-12,Món khai vị,Trứng cuộn Jambon nhiều lớp,Từ những nguyên liệu giản đơn nhưng qua bàn tay của bạn cũng có thể tạo ra một món ăn nhiều người thèm. Trứng cuộn thịt nguội (jambon) là món ăn giản dị nhưng sẽ tạo thêm cho bữa cơm gia đình bạn vị ngon miệng hơn.,,45phút,4,,8,"['Trứng gà 4 quả', 'Bột mì 3 muỗng', 'Jambon (Thịt nguội) 8 lát', 'Muối 1 muỗng', 'Hạt nêm 1 muỗng', 'Nước mắm 1 muỗng', 'Đường 1 muỗng', 'Hành lá 2 cây']","['Bước 1: Trứng gà chúng ta đánh tan trong một cái tô lớn với 1 muỗng hạt nêm, 1 muỗng nước mắm, 1 muỗng đường và hành lá thái nhỏ trộn đều vào nhau cho đến khi tan hẵn. Pha bột mì với 400ml nước lạnh và 1 muỗng muối, trộn đều cho hỗn hợp tan hết, chờ khoảng 10 phút.', 'Bước 2: Bặt lừa cho đến khi dầu trong chảo đã nóng nhẹ, cho trứng vào từng vá mỏng, tráng đều chảo. Sau khi thấy trứng đã chín tới, cho ra dĩa phẳng để dễ cuốn nha, rán nhiều miếng cho đến khi hết trứng. Tiếp đến là rán bột nè, như rán trứng thôi nha.', 'Bước 3: Các miếng trứng chiến để dưới tiếp đến là miếng lớp bột, sau đó là thịt nguội (jambon), cuốn tròn đều tay cho đẹp mắt nhé. Sau khi cuốn thành những cuộn to, thì mình thái nhỏ thành từng miếng vừa ăn nha. Vậy là xong rồi đó, trang trí ra dĩa là ăn được rồi']",[],"Thứ hai, 11/3/2019, 08:33 (GMT+7)"
https://vncooking.com/cong-thuc/ca-sot-tuong-dau-chien-gion-13,Món chính,Cá sốt tương đậu chiên giòn,"Cá là món ăn với hàm lượng dinh dưỡng dồi dào, cùng biến tấu món cá đơn thuần thành cá chiên sốt tương đậu cho cả nhà thưởng thức.",,30phút,4,,9,"['Cá 1 con', 'Tương đậu đen 2 muỗng', 'Đường 1 muỗng', 'Nước mắm 1 muỗng', 'Gừng 1 củ', 'Muối 1 muỗng', 'Giấm 1 muỗng', 'Tỏi 4 tép', 'Nước tương 1 muỗng']","['Bước 1: Đầu tiên, cá chúng ta sơ chế sạch. Khứa vài đường trên thân cá. Sau đó, đỗ dầu vào chờ dầu nóng rồi chiên cá. Khi chiên cá các bạn nhớ để ý cá không để cá cháy mới ngon nha.', 'Bước 2: Tỏi và gừng thái thành miếng nhỏ, trên chảo chúng ta chờ khi cá vàng vàng rồi thì bỏ gừng và tỏi vào cho nồng mùi thơm lên. Tiếp đến là thêm nước mắm, nước tương, đường, giấm và nửa bát nước lạnh vào chảo.', 'Bước 3: Chờ hỗn hợp trong chảo đã nóng lên rồi, cho tương đen vào chảo, để lửa khoảng 10 phút. Cho thêm 1 muỗng muốn vào, tiếp tục đun, khi thấy cá đã vàng giòn, sốt đã hơi sánh lại thì bỏ hành đã thái vào . Tắt bếp và bỏ cá ra dĩa, xong rồi. Món cá sốt tương đậu đen đã được hoàn thành']",[],"Thứ hai, 11/3/2019, 08:32 (GMT+7)"
https://vncooking.com/cong-thuc/mi-xao-thai-lan-11,Món chính,Mì xào Thái Lan,"Thái Lan luôn là quốc gia mang một nền ẩm thực đa dạng và rất được lòng các người dân Việt Nam.
Lâu lâu đổi khẩu vị cho cả nhà với món Mì xào Thái Lan nhé.",,30phút,4,,7,"['Gà phi lê 250 gram', 'Mì trứng 4 vắt', 'Ớt chuông 1 củ', 'Giá đỗ 200 gram', 'Hành lá 3 cây', 'Đậu phộng 50 gram', 'Cà ri 2 muỗng']","['Bước 1: Chuẩn bị 1 nồi nước sôi, sau đó lấy 4 vắt mì trứng cho vào luộc cho chín tới. Đừng để mì chín quá nhé! Sau đó, vớt mì ra 1 cái rổ, để ráo nước', 'Bước 2: Rửa sạch các nguyên liệu, ớt chuông thái mỏng, sợi. Hành lá cắt thành những khúc dài. Thị gà phi lê mình thái miếng nhỏ vừa ăn. Đặt chảo lên bếp, cho dầu vào, khi chảo nóng dần, để gà vào xào đều tay tránh bị cháy. Khi thấy gà đã chín tới, thì cho gà ra dĩa để đó.', 'Bước 3: Khi đã cho gà ra dĩa, tiếp tục cho cà ri đỏ vào chảo, chờ khoảng 60s khi thấy cà ri đã nóng lên chúng ta cho mì trong rổ vào đảo đều tay cho những cọng mì hòa với cà ri đỏ. Sau đó, cho những nguyên liệu lần lượt là ớt chuống, giá đỗ vào chảo vẫn đảo đều. Nguyên liệu cuối cùng là hành được bỏ vào chảo khi đã thấy tất cả các nguyên liệu trong chảo đã chín đều, đảo thêm vài cái rồi cho ra dĩa. Mì xào Thái Lan đã được hoàn thành rồi nè. Ăn thôi']",[],"Thứ hai, 11/3/2019, 08:32 (GMT+7)"
https://vncooking.com/cong-thuc/sua-gao-lut-320,Thức uống,Sữa gạo lứt,"Nếu bạn trong giai đoạn giảm cân và đang tìm một thức uống để tăng cường quá trình giảm mỡ bụng thì  đây là thức uống dành cho bạn. Chỉ cần dành ít thời gian chế biến, bạn sẽ có ngay món thức uống bổ dưỡng và rất có lợi cho cơ thể",,60phút,2,,5,"['Gạo lứt 200 gram', 'Đường nâu 120 gram', 'Hạnh nhân 30 gram', 'Sữa tươi 400 ml', 'Bột quế 0.25 muỗng']","['Bước 1: - Vo sạch gạo, cho vào chảo rang với lửa nhỏ đến khi gạo thơm và 1 ít gạo nở ra thì tắt bếp', 'Bước 2: - Cho vào nồi 1 lít nước lọc, cho gạo vừa rang và hạnh nhân vào nồi nấu cùng với 100 gram đường nâu, 1 muỗng muối và bột quế. - Đun với lửa nhỏ đến khi gạo chín mềm', 'Bước 3: - Khi gạo chín bạn tắt bếp đề nguội - Sau đó bạn cho vào máy xay sinh tố, xay nhuyễn cùng với 0.5 lít nước', 'Bước 4: - Khi gạo lứt xay nhuyễn bạn cho lọc qua 1 tấm vải, lấy phần nước, bỏ phần bã gạo - Bạn cho nước gạo lứt vào nồi nấu cùng với sữa tươi đến khi sôi thì bạn tắt bếp Thức uống đã xong, bạn có thể bảo quản trong ngăn mát để uống dần']",[],"Thứ năm, 28/2/2019, 09:58 (GMT+7)"
https://vncooking.com/cong-thuc/canh-chua-ca-loc-319,Món chính,Canh chua cá lóc,"Mùi canh chua cá lóc đã theo cả tuổi thơ đến khi trưởng thành của mỗi người. Qua năm tháng, hương vị thơm ngon mà món canh này mang lại vẫn vẹn nguyên, chưa một lần thất vọng",,45phút,4,,11,"['Cá lóc 500 gram', 'Cà chua 2 trái', 'Trái thơm 0.5 trái', 'Bạc hà 1 cây', 'Đậu bắp 10 trái', 'Giá đỗ 80 gram', 'Me 70 gram', 'Cần tây 1 nhánh', 'Ngò gai 1 nhánh', 'Hành tím băm 1 muỗng', 'Tỏi băm 1 muỗng']","['Bước 1: - Cá lóc bạn rửa và làm sạch (bạn nên nhờ người bán làm giùm phần này) - Thái khúc vừa ăn - Chuẩn bị nồi nước, bạn luộc cá cùng với ít muối, khi cá chín vớt ra để ráo', 'Bước 2: - Me bạn cho vào chén cùng ít nước nóng, lấy nước me - Cà chua, thơm rửa sạch, thái khúc - Ngò gai, ngò om, cần tây thái nhỏ - Đậu bắp và bạc hà thái nhỏ', 'Bước 3: - Cho nồi lên bếp cùng ít dầu, cho tỏi và hành tím băm vào phi thơm - Khi tỏi thơm bạn cho cà chua vào xào đều đến khi cà chua mềm thì cho 1,2 lít nước vào nấu.', 'Bước 4: - Cho nước me vào nồi, thêm ít hạt nêm, muối, đường - Khi nước sôi bạn cho lần lượt đậu bắp, cần tây, bạc hà, giá đỗ vào nồi', 'Bước 5: - Cuối cùng bạn cho cá lóc vào nồi nêm lại với ít nước mắm, hạt nêm cho hợp khẩu vị gia đình - Cho ra tô thêm ít ngò om và ngò gai Chúc bạn thành công']",[],"Thứ hai, 25/2/2019, 16:40 (GMT+7)"
https://vncooking.com/cong-thuc/ca-hoi-sot-tieu-318,Món chính,Cá hồi sốt tiêu,"Những miếng thịt cá hồi phi lê mềm mịn được chiên giòn bên ngoài, mềm bên trong pha cùng lớp sốt tiêu đầm thơm nên rất được lòng thực khách.",,30phút,2,,2,"['Phi lê cá 500 gram', 'Hành tím 2 củ']","['Bước 1: - Thịt cá bạn rửa thật sạch, sau đó ướp cùng với 2 muỗng nước mắm, 1 ít đường, muối, tiêu xung quanh cá cho thấm vị - Hành tím thái nhỏ rồi cho vào ướp cùng cá', 'Bước 2: - Khi ướp được khoảng 30 phút thì bạn cho cá vào chảo chiên - Thêm 1 muỗng tiêu lên 2 mặt cá', 'Bước 3: - Đến khi thấy thịt cá săn lại rồi thì bạn đảo đều cho cá chín hết cá mặt - Cá chín cho cá ra dĩa, ăn kèm với những rau củ yêu thích của các bạn. Mình thích ăn đậu que nên xào ít đậu que ăn kèm Chúc các bạn ngon miệng']",[],"Thứ hai, 25/2/2019, 15:58 (GMT+7)"
https://vncooking.com/cong-thuc/ca-chep-om-dua-chua-317,Món chính,Cá chép om dưa chua,"Món ăn luôn hiện hữu trong các bữa tiệc chính là món cá chép om dưa chua này, món này ăn có vị chua, thanh ngọt của cá, nước dùng còn có phần đậm đà nên rất được yêu thích",,45phút,4,,9,"['Cá chép 1 con', 'Cà chua 2 trái', 'Dưa cải chua 150 gram', 'Hành lá 2 nhánh', 'Tỏi băm 1 muỗng', 'Thì là 50 gram', 'Nước dùng gà 600 gram', 'Thịt ba chỉ 200 gram', 'Ngò rí 3 nhánh']","['Bước 1: - Cá chéo mua về làm sạch - Cho cá vào tô ướp cùng với 1 muỗng hạt nêm, 1 muỗng nước mắm và tiêu trong 15 phút - Cà chua, cải chua thái khúc - Thịt ba chỉ thía miếng nhỏ', 'Bước 2: - Cho chảo lên bếp cùng ít dầu, phi tỏi thơm - Cho thịt ba chỉ vào xào cho thịt săn lại, cho cà chua xào xào mềm - Thêm cải chua và nêm nếm lại với ít gia vị', 'Bước 3: - Khi cà mềm ra màu thì bạn cho nước dùng gà vào, đun lửa nhỏ đến khi nước sôi rồi cho cá vào - Đảo mặt cá rồi cho thêm thì là, hành lá, dưa chua vào - Thêm ớt thái nhỏ vào, đến khi thấy thịt cá săn lại thì om thêm 5 phút nữa rồi tắt bếp', 'Bước 4: - Tắt bếp, bạn thêm ngò rí bên trên là có thể đem ra đãi cả nhà rồi Món này có vị chua ngọt hòa cùng nên ăn rất được miệng']",[],"Thứ hai, 25/2/2019, 15:03 (GMT+7)"
https://vncooking.com/cong-thuc/lau-dau-ca-hoi-316,Món chính,Lẩu đầu cá hồi,"Món lẩu này rất dễ thực hiện mà còn rất bổ dưỡng, cá hồi có chất dinh dưỡng rất cao cho con người. Nên các bạn hãy thường xuyên chế biến cho cả nhà thưởng thức.",,60phút,4,,7,"['Đầu cá hồi 500 gram', 'Cà chua 3 trái', 'Chanh 1 trái', 'Trái thơm 0.5 trái', 'Dưa cải chua 100 gram', 'Hành lá 1 nhánh', 'Tỏi băm 1 muỗng']","['Bước 1: - Đầu cá hồi bạn rửa thật sạch rồi để ráo - Gừng cạo vỏ, thái sợi - Cà chua, thơm thái khúc - Hành lá thái khúc nhỏ', 'Bước 2: - Bạn cho đầu cá hồi ướp với chanh, tỏi băm, 1 muỗng nước mắm, hạt nêm khoảng 15 phút trước khi nấu lẩu', 'Bước 3: - Cho nồi lên bếp cùng ít dầu, thêm gừng và phi thơm cùng ít hành lá - Khi dầu nóng bạn cho cà chua vào xào mềm rồi thêm khoảng 500ml nước lọc vào nấu', 'Bước 4: - Cuối cùng bạn cho đầu cá hồi và tất cả các nguyên liệu nào nấu cùng - Nêm lại với nước mắm để vừa ăn - Khoảng 15 phút thì bạn có thể thưởng thức Chúc bạn thành công']",[],"Thứ hai, 25/2/2019, 14:41 (GMT+7)"
https://vncooking.com/cong-thuc/ca-tre-kho-gung-315,Món chính,Cá trê kho gừng,"Những bữa cơm ấm ấp là những bữa có các món dân dã, đơn giản nhưng lại thấm tình quê hương. Món cá trê kho gừng này là món ăn của người dân Nam bộ miền sông nước, những con cá trê thơm, dai được kho cùng vị gừng thơm nồng tạo nên món ăn không thể cưỡng lại được.",,45phút,4,,7,"['Cá trê 500 gram', 'Hành tím 2 củ', 'Gừng 1 củ', 'Nước màu 1 muỗng', 'Bột gạo 2 muỗng', 'Ớt 4 trái', 'Hành lá 3 nhánh']","['Bước 1: - Cá mua về rửa sạch, thái khoanh vừa ăn. - Gừng cạo lớp vỏ, thái miếng - Hành lá thái khúc - Hành tím băm nhỏ', 'Bước 2: - Cho cá ướp với gừng, hành tím và ít đường, hạt nêm, nước mắm, nước màu, muối, tiêu khoảng 20 phút trước khi chế biến', 'Bước 3: - Cho nồi lên bếp cùng ít dầu ăn - Khi dầu nóng, cho cá vào, khi cá săn thịt thì bạn thêm 1 chén nước lọc rồi nấu trong 30 phút', 'Bước 4: - Bột gạo bạn pha cùng 2 muỗng nước, đánh tan rồi cho vào nồi cá, khuấy đều - Cuối cùng bạn cho hành lá vào nấu thêm 5 phút nữa thì tắt bếp', 'Bước 5: Món ăn đã hoàn thành, chúc bạn ngon miệng']",[],"Thứ hai, 25/2/2019, 14:31 (GMT+7)"
https://vncooking.com/cong-thuc/kho-qua-xao-trung-314,Món chính,Khổ qua xào trứng,"Cuối tháng, tiền eo hẹp nhưng vẫn muốn gia đình có 1 bữa cơm đầy đủ món ăn thì hãy thêm khổ qua xào trứng vào list món ăn nhà bạn. Món đơn giản, rẻ tiền, nguyên liệu dễ mua tại chợ hoặc cửa hàng tiện lợi. Cùng vào bếp nào.",,15phút,2,,3,"['Khổ qua 2 quả', 'Trứng gà 2 trứng', 'Rượu vang 0.5 muỗng']","['Bước 1: - Khổ qua bạn bổ đôi, bỏ phần ruột, thái miếng. Cho vào nồi nước sôi khoảng 60 giây để bớt đắng, rồi vớt ra, để ráo', 'Bước 2: - Trứng bạn đập vào chén, cho thêm 1/2 muỗng muối tiêu khuấy đều - Cho chảo cùng ít dầu lên bếp, khi dầu nóng bạn cho trứng vào, , khuấy tan trứng trong chảo', 'Bước 3: - Khi trứng hơi sệt thì bạn cho khổ qua vào xào đều tay - Nêm lại với 1/2 muỗng đường, 1/2 muỗng nước mắm. Xào đến khi khổ qua mềm thì tắt bếp Món ăn đã hoàn thành, cho ra dĩa, lên ít tiêu lên là có thể thưởng thức']",[],"Thứ bảy, 23/2/2019, 08:42 (GMT+7)"
https://vncooking.com/cong-thuc/hu-tieu-muc-don-gian-313,Món chính,Hủ tiếu Mực đơn giản,,,90phút,4,,12,"['Xương heo 500 gram', 'Thịt heo bằm 200 gram', 'Khô mực 20 gram', 'Mực ống 600 gram', 'Tôm khô 20 gram', 'Hủ tiếu 1 kg', 'Củ cải trắng 1 củ', 'Hẹ 50 gram', 'Cần tây 40 gram', 'Giá đỗ 150 gram', 'Hành tây 1 củ', 'Hành tím 4 củ']","['Bước 1: - Tôm khô ngâm nước, xương heo rửa sạch với muối - Hành tím và hành tây cho lên bếp nướng sơ với lửa nhỏ', 'Bước 2: - Chuẩn bị nồi nước (1.5 lít nước) - Củ cải trắng gọt vỏ, thái khúc - Khô mực xét miếng - Cho xương heo, tôm khô, khô mực, hành tím, hành tây, củ cải trắng 3 muỗng muối hầm khoảng 60 phút', 'Bước 3: - Cho chảo cùng ít dầu lên bếp, cho thịt bằm vào xào sơ cùng ít muối và tiêu - Mực ống thái khúc, nấu chín rồi vớt ra', 'Bước 4: - Nồi nước dùng khi hầm được 60 phút thì bạn vớt hành tím và hành tây ra bỏ. Nêm lại với ít đường phèn và nước mắm', 'Bước 5: - Hủ tiếu trụng sơ rồi cho vào tô, thêm giá hẹ, rồi cho nước dùng, mực, thịt bằm vào là bạn đã có được 1 tô hủ tiếu mực ngon tuyệt']",[],"Thứ bảy, 23/2/2019, 08:24 (GMT+7)"
https://vncooking.com/cong-thuc/mien-xao-hen-312,Món chính,Miến xào hến,"Miến xào hến rất lạ miếng, thường rất ít quán ăn nào có món này trong thực đơn. Bạn có thể mua hến về làm thử tại nhà cho cả gia đình thưởng thức nhé",,30phút,2,,7,"['Miến 120 gram', 'Hến 600 gram', 'Cà rốt 1 củ', 'Hành tím 2 củ', 'Thịt ba chỉ 50 gram', 'Nấm mèo 2 cái', 'Hành lá 1 nhánh']","['Bước 1: - Miến trụng nước sôi rồi để ráo - Thịt ba chỉ thái miếng nhỏ - Hành lá, hành tím thái nhỏ - Cà rốt bào sợi, nấm mèo ngâm nước rồi thái sợi', 'Bước 2: - Hến rửa nhiều lần cho hến ra hết bùn - Luộc hến chín, vớt hến ra, lấy phần thịt để riêng', 'Bước 3: - Cho chảo lên bếp cùng ít dầu, cho hành tím vào phi - Khi hành thơm thì cho thịt ba chỉ và hến vào xào cùng - Xào đều tay, nêm lại với 1 muỗng hạt nêm và 1/3 muỗng muối', 'Bước 4: - Cho nấm mèo và cà rốt vào xào cùng - Cho miến vào chảo xào, đều tay để miến thấm vị hến - Nêm với ít gia vị cho vừa miệng', 'Bước 5: - Cuối cùng, bạn cho hành lá vào - Xào đến khi món ăn chín đều, màu đẹp thì tắt bếp - Cho ra dĩa Món ăn đã hoàn thành']",[],"Thứ bảy, 23/2/2019, 08:10 (GMT+7)"
https://vncooking.com/cong-thuc/mien-xao-cua-311,Món chính,Miến xào cua,"Miến xào cua là món ăn gây nghiện rất cao. Món này thường được bán tại các quán ăn gia đình, món miến dai xào cùng với rau củ, thịt cua ngọt tạo nên hương vị đồng quê rất đáng thưởng thức",,30phút,2,,8,"['Thịt cua 1 con', 'Miến 120 gram', 'Hành tím 2 củ', 'Hành lá 1 nhánh', 'Cà rốt 1 củ', 'Trứng 2 quả', 'Cải ngọt 80 gram', 'Dầu mè 2 muỗng']","['Bước 1: - Cua bạn mua về rửa thật sạch rồi luộc chín, tách thịt cua ra - Thịt cua bạn trộn với 1/2 muỗng muối tiêu', 'Bước 2: - Miến trụng nước sôi rồi vớt ra để ráo - Cà rốt gọt vỏ thái sợi - Cải ngọt tách lá, thái đôi - Hành lá thái khúc nhỏ - Hành tím thái nhỏ', 'Bước 3: - Trứng gà bạn đập cho vào chén, nêm cùng 1/2 muỗng muối tiêu rồi khuấy đều - Cho chảo lên bếp cùng ít dầu, tráng trứng mỏng, khi trứng chín 1 mặt thì bạn tắt bếp, cho ra thớt để nguội tý rồi thái sợi', 'Bước 4: - Chảo chiên trứng khi nảy thêm ít dầu rồi cho hành tím vào phi thơm - Khi hành tím thơm thì cho cà rốt và cải ngọt vào xào', 'Bước 5: - Khi cà rốt và cải chín tới thì bạn cho miến, thịt cua, hành lá vào xào cùng - Nêm lại với 1 muỗng dầu mè, 1 muỗng nước tương và ít hạt nêm - Xào đều tay cho thịt cua và miến trộn đều, khi gần tắt bếp thì cho trứng vào', 'Bước 6: - Xào thêm 1 phút thì tắt bếp - Cho ra dĩa Món ăn đã hoàn thành, chúc bạn ngon miệng']",[],"Thứ bảy, 23/2/2019, 07:58 (GMT+7)"
https://vncooking.com/cong-thuc/kimbap-cuon-rau-cu-chay-310,Món chính,Kimbap cuộn rau củ chay,"Nếu như những ngày ăn chay mà bạn vẫn muốn ăn không ngán, hay có điều mới lạ trong ngày đó thì món Kimbap rau củ chay này dành cho bạn. Món này là món dễ làm, lại được miệng, cũng nên có trong mâm cơm ngày rằm nhé.",,45phút,4,,9,"['Rong biển 5 lá', 'Cơm 4 chén', 'Cà rốt 1 củ', 'Củ cải muối 50 gram', 'Cải bó xôi 100 gram', 'Dưa leo 2 trái', 'Dầu mè 2 muỗng', 'Mè trắng 1 muỗng', 'Giấm 1 muỗng']","['Bước 1: - Rau củ rửa sạch - Cải bó xôi, thái khúc - Cà rốt gọt vỏ, thái sợi - Củ cải muối và dưa leo thái sợi', 'Bước 2: - Cho cải bó xôi luộc chín cùng ít muối, rồi vớt ra để nguội - Cho 1 muỗng dầu mè vào chảo, cho cà rốt vào xào cùng với 1 muỗng nước tương, khi cà rốt chín thì vớt ra, để nguội', 'Bước 3: - Cơm bạn cho vào thau tô, cho mè trắng, 1 muỗng dầu mè, 1 muỗng giấm và 1/2 muỗng muối vào trộn đều', 'Bước 4: - Đặt lá rong biển lên mặt phẳng, cho cơm vào (bạn phủ 1 lớp mỏng lên khắp lá, nhưng chừa 1 đoạn khoảng 2 cm cuối lá khi cuốn sẽ dễ hơn) - Bạn cho cà rốt, cải muối, cải bó xôi, dư leo vào rồi cuộn tròn lại thật chặt tay', 'Bước 5: - Vậy là xong rồi, món cơm cuộn của chúng ta đã hoàn tất. Món này nếu bạn thích có thể ăn kèm với ít nước tương cũng được nhé']",[],"Thứ bảy, 23/2/2019, 07:28 (GMT+7)"
https://vncooking.com/cong-thuc/ca-nuc-kho-ca-chua-309,Món chính,Cá nục kho cà chua,"Món này nhìn dễ nhưng nếu không biết rỏ công thức thì làm sẽ không được như mong đợi. VN Cooking luôn tạo cho bạn những công thức đúng nhất. Hôm nay, thực hiện món cá nục kho cà chua này cùng chúng tôi nhé!",,60phút,4,,9,"['Cá nục 600 gram', 'Sốt cà chua 100 gram', 'Cà chua 3 trái', 'Hành lá 2 nhánh', 'Ớt bột 1 muỗng', 'Tỏi 4 tép', 'Nước dừa 300 ml', 'Ớt 6 trái', 'Hành tím 3 củ']","['Bước 1: - Cá nục rửa sạch, thái khúc - Cà chua rửa, thái hạt lựu - Tỏi, hành tím băm nhuyễn', 'Bước 2: - Hành lá chia đầu hành là và lá hành - Đầu hành thái nhỏ, lá hành thái khúc dài - Bạn cho ít dầu ăn, đầu hành vào đáy nồi, đến cá nục, bột ớt, 1 muoogx muối, 1 muỗng nước mắm và 3 trái ớt', 'Bước 3: - Cho nước dừa vào nồi, kho đến khi nước sôi thì hạ lửa nhỏ (bạn không cần đậy nắp)', 'Bước 4: LÀM NƯỚC SỐT CÀ - Bạn cho chảo lên bếp, khi dầu sôi thì cho tỏi và hành tím băm và phi thơm - Cho cà thái hạt lựu vào xào, đến khi cà mềm thì cho sốt cà chua - Nêm lại với hạt nêm và đường', 'Bước 5: - Nồi cá nục kho được 25 phút thì bạn cho sốt cà chua vào nồi. Đảo cho cá thấm đều cà chua - Đậy nắp lại, đun thêm 30 phút nữa là hoàn thành Chúc bạn thành công']",[],"Thứ tư, 20/2/2019, 11:51 (GMT+7)"
https://vncooking.com/cong-thuc/kho-quet-cham-rau-cu-308,Món chính,Kho quẹt chấm rau củ,"Món ăn dân dã của người Nam bộ được xuất thân từ rất lâu đời, Ẩm thực miền Nam luôn có những điều thú vị và đáng tự hào. Đặc biệt là món Kho quẹt này. Tuy đơn giản nhưng để thực hiện với đúng chuẩn lại là điều khó.
Hãy cùng VN Cooking thực hiện với công thức chuẩn nhất của người xưa",,45phút,4,,5,"['Tôm khô 50 gram', 'Thịt ba chỉ 180 gram', 'Tỏi 3 tép', 'Ớt 4 trái', 'Hành lá 2 nhánh']","['Bước 1: - Tôm khô bạn ngâm nước ấm khoảng 20 phút cho tôm khô mềm và bớt mặn - Bạn cho vào chén 7 muỗng nước mắm, 5 muỗng đường trắng, 4 muỗng nước lọc khuấy đều cho hỗn hợp tan ra', 'Bước 2: - Thịt rửa sạch, bỏ hết phần da - Thái hạt lựu - Cho thịt vào nồi đất, đun lửa đảo liên tục đến khi thịt săn lại, ra mỡ. Khi thịt chuyển màu thì hạ lửa riu riu', 'Bước 3: - Tỏi băm nhuyễn - Khi nồi sôi thì bạn vớt thịt ra, cho tỏi vào phi cùng với mỡ heo', 'Bước 4: - Khi tỏi thơm thì cho tôm khô vào - Chén nước mắm khi nảy cho vào nồi cùng với 1 muỗng tiêu - Cho ớt băm vào nồi', 'Bước 5: - Khi thấy nồi kho đã sệt lại thì bạn cho thịt vào - Đun thêm 3 phút thì tắt bếp, thêm hành lá và thưởng thức']",[],"Thứ tư, 20/2/2019, 11:29 (GMT+7)"
https://vncooking.com/cong-thuc/banh-gao-han-quoc-lac-pho-mai-307,Món tráng miệng,Bánh gạo Hàn Quốc lắc phô mai,"Bánh gạo được chế biến bằng một công thức khác, đơn giản hơn nhưng vẫn giữ được vị ngon dai đặc trưng của bánh gạo. Món này là món ăn vặt rất được yêu thích bởi độ hòa hợp giữa châu Âu và châu Á rất rỏ nét nhưng rất đáng để thưởng thức",,15phút,4,,2,"['Bánh gạo 500 gram', 'Bột phô mai 50 gram']","['Bước 1: - Bạn luộc bánh gạo khoảng 5 phút để bánh chín và mềm, sau đó vớt ra cho vào tô nước lạnh', 'Bước 2: - Cho chảo dầu lên bếp, khi dầu nóng bạn cho bánh vào chiên - Chiên đến khi thấy bánh hơi ngã vàng nhẹ thì bạn vớt ra cho vào tô', 'Bước 3: - Rắc bột phô mai vào tô, lắc đều cho bánh gạo thấm phô mai và ăn Món này ăn siêu ngon luôn đó. Đảm bảo bạn sẽ mê nó ngay từ miếng đầu tiên']",[],"Thứ sáu, 15/2/2019, 13:36 (GMT+7)"
https://vncooking.com/cong-thuc/ga-vien-pho-mai-beo-ngay-306,Món tráng miệng,Gà viên phô mai béo ngậy,"Những viên gà được phủ bên trong là phô mai dai, béo thì càng làm tăng hương vị thức ăn. Món này đang là best seller của mấy tiệm thức ăn nhanh cũng như là các quán ăn vặt tại Việt Nam đấy",,75phút,4,,7,"['Gà phi lê 500 gram', 'Phô mai 400 gram', 'Bột phô mai 15 gram', 'Trứng gà 2 quả', 'Bột bắp 50 gram', 'Bột chiên giòn 150 gram', 'Bột chiên xù 150 gram']","['Bước 1: - Thịt gà bạn băm nhuyễn rồi ướp với ít nước mắm, hạt nêm, tiêu - Trộn đều rồi cho vào ngăn đá tủ lạnh 90 phút trước khi thực hiện', 'Bước 2: - Lấy thịt gà ra, cho vào máy xay, xay nhuyễn - Đỗ thịt ra tô, cho bột phô mai vào tô gà trộn đều', 'Bước 3: - Phô mai bạn thái miếng vuông nhỏ - Cho ít thịt gà ra tay, tạo mặt phẳng rồi cho phô mai vào giữa, vo lại, làm như thế đến hết phô mai và gà', 'Bước 4: - Cho từng viên gà qua 1 lớp bột chiên giòn, trừng gà, bột chiên xù - Cho vào chảo chiên vàng', 'Bước 5: Món gà của chúng ta đã xong Món này giống món phô mai que, nhưng bên ngoài là lớp thịt gà nên ăn ngon và không ngán như phô mai que']",[],"Thứ sáu, 15/2/2019, 12:40 (GMT+7)"
https://vncooking.com/cong-thuc/thach-vien-pho-mai-tuoi-topping-tra-sua-305,Món tráng miệng,Thạch viên phô mai tươi Topping Trà sữa,Những viên phô mai được bỏ trong ly Trà sữa làm Topping ăn kèm rất rất ngon. Trà sữa béo còn thêm mùi phô mai tươi ăn kèm nên vị béo tăng gấp đôi và hương thêm của trà sữa vẫn được giữ nguyên vẹn,,15phút,4,,2,"['Phô mai 2 hộp', 'Bột năng 100 gram']","['Bước 1: - Trước khi thực hiện, bạn nên cho hộp phô mai vào ngăn đá tủ lạnh khoảng 2 tiếng để phô mai đông lại dễ thực hiện hơn - Cho phô mai ra, thái thành miếng nhỏ vừa bằng nhau (1 miếng bạn chia làm 3 hoặc 4 miếng nhỏ là được)', 'Bước 2: - Phô mai bạn nhúng vào 1 lớp đường bột, sau đó bạn vo cho viên tròn đẹp lại - Cho viên phô mai qua 1 lớp bột năng rồi lấy để ra dĩa', 'Bước 3: - Làm như vậy đến khi hết phô mai - Bạn lại lăn thêm 1 lớp bột năng nữa cho phô mai có lớp bột thật chắc chắn', 'Bước 4: - Chuẩn bị nồi nước, khi nước sôi bạn cho phô mai vào nấu - Khi thấy phô mai nổi lên thì đã chín, bạ vớt ra cho vào tô nước pha với đường Món Topping đã xong, chuẩn bị làm một ly trà sữa thôi']",[],"Thứ sáu, 15/2/2019, 12:14 (GMT+7)"
https://vncooking.com/cong-thuc/nui-bo-ham-pho-mai-dut-lo-304,Món chính,Nui bò hầm phô mai đút lò,"Một bữa tối lãng mạn, bên nến, hoa và trên bàn là 1 dĩa nui hầm bò phô mai thao phô cách Ý thì còn gì bằng. Những miếng nui được bao phủ bởi vị ngọt cuẩ bò hầm và vị béo của phô mai tan chảy",,45phút,2,,12,"['Nui 100 gram', 'Thịt bò xay 150 gram', 'Bột phô mai 25 gram', 'Phô mai 100 gram', 'Sữa tươi 70 ml', 'Rượu vang 50 ml', 'Hành tây 1 củ', 'Cà rốt 1 củ', 'Cà chua 1 củ', 'Cần tây 1 nhánh', 'Tỏi 2 tép', 'Húng tây 5 gram']","['Bước 1: - Bạn luộc nui cùng với 1/3 muỗng muối, khi nui chín thì vớt ra rửa lại với nước lạnh. Vớt nui ra tô, bạn nên cho 1 muỗng dầu ăn vào tránh nui dính lại', 'Bước 2: - Hành tây, cần tây, cà rốt thái hạt lựu - Tỏi băm nhuyễn - Cho chảo lên bếp, khi dầu nóng bạn cho hỗn hợp hành tây, cần tây, cà rốt xào khoảng 3 phút thì bạn cho tỏi và thịt bò vào chào cùng.', 'Bước 3: - Khi thịt bò chín, bạn cho thêm sữa tươi vào, đun với lửa nhỏ khoảng 10 phút - Khi sữa gần cạn bạn cho thêm rượu vang, cà chua thái khúc, húng tây băm nhuyễn vào', 'Bước 4: - Xào đều đến khi cà chua mềm, hỗn hợp trộn đều với nhau - Bạn nêm lại với 1/2 muỗi muối, tiêu, 1 muỗng đường đun thêm 20 phút nữa', 'Bước 5: - Cho nui vào chảo, xào đều thêm 2 phút thì bạn đỗ ra khây - Bạn rải 1 lớp phô mai bột và phô mai lên bề mặt, cho vào lò nướng ở nhiệt độ 250 độ C khoảng 6 phút', 'Bước 6: - Món ăn đã hoàn thành, món này bạn nên ăn nóng sẽ ngon hơn nhé Chúc bạn có một buổi tối ấm áp']",[],"Thứ sáu, 15/2/2019, 11:34 (GMT+7)"
https://vncooking.com/cong-thuc/banh-khoai-tay-pho-mai-303,Món tráng miệng,Bánh khoai tây phô mai,"Những món chiên luôn đánh bay cái thèm. Món này nhìn ngon mà lại dễ thực hiện, vị bánh vừa có mùi khoai tây thơm vừa có kèm theo phô mai béo, ăn rất được miệng",,30phút,4,,5,"['Khoai tây 6 củ', 'Trứng gà 2 quả', 'Phô mai 150 gram', 'Bột chiên xù 1 gói', 'Sữa tươi 100 ml']","['Bước 1: - Khoai tây bạ gọt vỏ, cho luộc chín với 1 muỗng muối - Đỗ nước trong nồi ra hết, dùng nĩa tán khoai tây nhuyễn', 'Bước 2: - Sau đó bạn đập 2 quả trứng vào. - Cho phô mai vào nồi khoai tây trộn đều hỗn hợp thật mịn', 'Bước 3: - Bạn nhào đến khi khoai mịn thật mịn rồi vo viên tròn', 'Bước 4: - Bạn cho vào chén sữa tươi 1 quả trứng, khuấy đều lên - Cho từng viên khoai tây nhúng vào chén sữa rồi tới bột chiên xù - Đem chiên', 'Bước 5: - Khi khoai vàng thì đã chín, bạn vớt ra - Món này bạn ăn kèm với tương ớt, tương cà là ngon nhất']",[],"Thứ sáu, 15/2/2019, 10:59 (GMT+7)"
https://vncooking.com/cong-thuc/thach-pho-mai-topping-tra-sua-302,Nhanh và dễ,Thạch phô mai Topping trà sữa,Đã là dân cuồng trà sữa thì phải biết làm luôn thạch phô mai ăn ở nhà. Món này rất đơn giản lại rất ngon và béo. Những lần ra quán trà sữa kêu 1 phần được có mấy viên ăn đâu có đã. Nay làm luôn tại nhà ăn cho nó hăng,,30phút,4,,3,"['Bột rau câu dẻo 4 gram', 'Cà phê đen 100 ml', 'Phô mai 1 hộp']","['Bước 1: - Phô mai bạn thái viên vuông. - Cho nồi lên bếp, pha 1 lít nước vào nồi cùng bột rau râu, đường khuấy đều', 'Bước 2: - Đến khi nồi nước sôi, bạn vớt bọt rồi tắt bếp - Cho cà phê vào nồi, khuấy thêm 1 lần nữa', 'Bước 3: - Chuẩn bị khây rau câu - Đỗ 1 lớp nhẹ rau câu rồi cho viên phô mai vào khây, đỗ thêm 1 lớp đến khi đầy khây', 'Bước 4: - Bạn nên làm nhanh tay, tránh rau câu trong nồi đông đặc lại - Xong thì bạn cho vào ngăn mát tủ lạnh, thạch đông bạn có thể ăn Chúc bạn thành công. Nhờ có mùi cà phê thơm thơm và ly trà sữa của bạn sẽ có mùi vị hơn nhiều']",[],"Thứ sáu, 15/2/2019, 10:47 (GMT+7)"
https://vncooking.com/cong-thuc/sua-chua-pho-mai-tai-nha-301,Món tráng miệng,Sữa chua phô mai tại nhà,"Nếu đã có dịp lên Đà Lạt và thưởng thức món sữa chua phô mai thì bạn chắc ăn sẽ không bao giờ quên được hương vị ngon, béo, thơm mà món này mang lại.",,30phút,4,,4,"['Sữa tươi 700 ml', 'Phô mai 3 viên', 'Sữa đặc 100 ml', 'Sữa chua 130 gram']","['Bước 1: - Cho nồi lên bếp, đun nấu hỗn hợp gồm sữa tươi, sữa đặc và 2 viên phô mai - Khuấy đều đến khi phô mai tan hết', 'Bước 2: - Bạn nên lượt qua rây để sữa chua mịn hơn - Tắt bếp, chờ hỗn hợp nguội thì bạn cho từ từ sữa chua hủ vào, khuấy đều', 'Bước 3: - Đổ sữa chua vào hủ, đậy nắp - Cho vào nồi hấp', 'Bước 4: - Khi sữa chua đã cứng thì bạn phủ 1 lớp khăn dày lên trên ủ qua đêm - Sáng bạn cho vào ngăn đá tủ lạnh ăn dần Chúc bạn thành công']",[],"Thứ sáu, 15/2/2019, 10:36 (GMT+7)"
https://vncooking.com/cong-thuc/vit-lon-xao-me-300,Món tráng miệng,Vịt lộn xào me,"Lại là những món ăn vặt phổ biến tại Việt Nam. Vịt lộn xào me, món ăn được bày bán khắp vỉa hè, khu chợ, quán ăn ven đường. Món này rất đơn giản nên bạn có thể làm rất nhanh tại nhà mà không cần ra đường kiếm",,15phút,2,,6,"['Trứng vịt lộn 6 quả', 'Me 70 gram', 'Bột bắp 1 muỗng', 'Ớt 2 trái', 'Rau răm 1 nắm', 'Đậu phộng 50 gram']","['Bước 1: - Rua răm rửa, thải nhỏ - Đậu phộng giã nhẹ, cho hạt bể thành 2 hoặc 3 - Hột vịt bạn luộc chín sau đó bóc vỏ', 'Bước 2: - Me bạn cho vào chén cùng ít nước nóng, cho me tan - Bột bắp bạn thêm ít nước, khuấy tan đều', 'Bước 3: - Cho dầu vào chảo, khi dầu nóng bạn cho hột vịt vào chiên sơ rồi vớt ra - Cho tỏi vào chảo phi thơm, thêm 1/4 chén nước, ít muối, hạt nêm, nước me và bột bắp vào đảo đều', 'Bước 4: - Khi sôi bạn cho hột vịt lộn và rau răm vào đảo đều, thêm ớt băm - Đảo khoảng 2 phút thì bạn tắt bếp Món ăn đã hoàn thành']",[],"Thứ tư, 13/2/2019, 17:23 (GMT+7)"
https://vncooking.com/cong-thuc/hot-vit-lon-chien-bot-299,Món tráng miệng,Hột vịt lộn chiên bột,"Hôm nay, chúng ta thử chế biến một món ăn vỉa hè đậm chất Việt Nam, đó là món hột vịt lộn chiên bột. Nói đến hột vịt lộn quá quen thuộc nhưng nếu là món hột vịt lộn đem chiên giòn thì sẽ có nhiều người chưa thử bao giờ, vậy hôm nay làm tại nhà món này luôn đi",,45phút,5,,4,"['Trứng vịt lộn 10 quả', 'Bột chiên giòn 400 gram', 'Rau răm 1 nắm', 'Tắc 4 quả']","['Bước 1: - Hột vịt lộn bạn luộc sau đó bóc vỏ, để ráo - Bột bạn cho ra tô', 'Bước 2: - Cho chảo dầu lên bếp - Cho trứng qua 1 lớp bột (bạn nên để bột bao phủ quanh trứng) sau đó cho vào chảo chiên', 'Bước 3: - Đến khi trứng vàng đều thì vớt ra, làm như vậy đến khi hết trứng - Bạn cho ít muối tiêu vào chén nhỏ, thêm tắc để làm nước chấm Món này ăn kèm với rau rắm sẽ rất ngon']",[],"Thứ tư, 13/2/2019, 17:13 (GMT+7)"
https://vncooking.com/cong-thuc/ga-kho-rau-ram-don-gian-298,Món chính,Gà kho rau rắm đơn giản,"Món này là món xơi cơm nè. Thịt gà được làm vàng óng, có mùi rau răm thơm thơm ăn kèm nên được miệng lắm",,30phút,3,,5,"['Thịt gà 500 gram', 'Rau răm 1 nắm', 'Dừa 1 trái', 'Tỏi 3 tép', 'Ớt 1 trái']","['Bước 1: - Gà rửa sạch, thái khúc - Rau răm rửa, bỏ cuống chỉ lấy lá - Tỏi và ớt băm nhuyễn', 'Bước 2: - Cho gà ướp với 1 muỗng hạt nêm, 1/4 muỗng muối và tỏi băm khoảng 10 phút', 'Bước 3: - Cho chảo lên bếp, ít dầu vào chảo. Khi dầu nóng thì cho gà vào chiên cho thịt gà săn lại. - Cho nước dừa và 1/2 rau răm vào chảo nêm lại với 1 muỗng hạt nêm', 'Bước 4: - Khi nước gần cạn bạn cho thêm 1 muỗng nước mắm vào - Cho phần rau răm còn lại và ớt băm vào xào đều thêm 3 phút thì tắt bếp Món ăn đã hoàn thành']",[],"Thứ tư, 13/2/2019, 16:58 (GMT+7)"
https://vncooking.com/cong-thuc/rau-muong-xao-oc-mong-tay-297,Món chính,Rau muống xào ốc móng tay,"Món nhậu, món ăn vặt, món ăn lạ miệng,... tất cả đều nằm gói gọn trong món rau muống xào ốc móng tay này. Đây được gọi là món tủ của những hội cuồng ốc vỉa hè",,15phút,2,,4,"['Ốc móng tay 250 gram', 'Rau muống 200 gram', 'Tỏi 2 tép', 'Ớt bột 1 muỗng']","['Bước 1: - Ốc rửa sạch, ngâm nước cho ra bớt bùn bẩn trong ốc - Dùng dao hoặc vật nhọn cậy vỏ, lấy phần thịt ốc - Rau muống rửa, thái khúc - Tỏi băm nhuyễn', 'Bước 2: - Chuẩn bị nồi nước sôi, cho rau muống vào trụng sơ rồi vớt ra để ráo - Bạn cho chảo lên bếp, phi tỏi thơm', 'Bước 3: - Khi tỏi thơm bạn cho ốc vào xào đều khoảng 2 phút thì cho rau muống xào - Nêm lại với 1/3 muỗng đường, hạt nêm và ít tiêu - Xào đều khoảng 5 phút thì ốc và rau muống sẽ chín', 'Bước 4: - Cho ra dĩa và thưởng thức, món này ngon nhất là chấm kèm với muối tiêu chanh. Chúc bạn ngon miệng']",[],"Thứ tư, 13/2/2019, 16:32 (GMT+7)"
https://vncooking.com/cong-thuc/bo-xao-rau-muong-296,Món chay,Bò xào rau muống,"Công thức thực hiện món ăn này rất đơn giản nên bạn có thể thực hiện chiêu đãi cả nhà một cách nhanh chóng, không tốn quá nhiều thời gian nhưng món ăn vẫn ngon lành.",,30phút,4,,4,"['Thịt bò 300 gram', 'Rau muống 150 gram', 'Tỏi 2 tép', 'Bột năng 2 muỗng']","['Bước 1: - Bò rửa, thái lát mỏng rồi ướp với ít tiêu, muối khoảng 20 phút - Rau muống rửa sạch, thái khúc - Tỏi băm nhuyễn - Bột năng pha với ít nước cho tan hết', 'Bước 2: - Sau đó, bạn cho nước bột năng vào thịt bò trộn đều (nhờ có bột năng và thịt bò sẽ giữ được độ dai, mềm) - Cho chảo lên bếp, phi tỏi thơm rồi cho thịt bò vào xào sơ', 'Bước 3: - Thịt bò săn lại thì bạn cho rau muống vào đảo liên tục - Nêm lại với ít tiêu, hạt nêm, nước mắm cho vừa ăn', 'Bước 4: - Khoảng 5 phút thì bạn cho ra dĩa - Món ăn đã hoàn thành, chúc bạn ngon miệng']",[],"Thứ tư, 13/2/2019, 15:59 (GMT+7)"
https://vncooking.com/cong-thuc/canh-rau-muong-tom-kho-295,Món chính,Canh rau muống tôm khô,"Món canh là này món ăn bình dị, thường được thấy ở vùng quê. Rất đơn giản để có thể cho bạn trổ tài tại nhà nhé!",,30phút,3,,4,"['Rau muống 200 gram', 'Tôm khô 50 gram', 'Tỏi 2 tép', 'Nước cốt me 1 muỗng']","['Bước 1: - Tôm khô bạn ngâm nước khoảng 60 phút cho mềm và bớt mặn - Rau rửa sạch, thái khúc - Tỏi băm nhuyễn', 'Bước 2: - Cho nồi lên bếp, cho ít dầu vào. Khi dầu nóng bạn cho tỏi băm vào phi - Khi tỏi thơm thì bạn cho tôm khô vào xào 2 phút thì cho rau muống vào xào sơ, cuối cùng thêm 1.2 lít nước vào nồi', 'Bước 3: - Khi nước gần sôi bạn nên 1 muỗng hạt nêm, nước cốt me và 1 muỗng đường vào nồi - Nấu đến khi nước sôi thì tắt bếp Món ăn đã hoàn thành']",[],"Thứ tư, 13/2/2019, 15:49 (GMT+7)"
https://vncooking.com/cong-thuc/rau-muong-xao-toi-nhanh-chong-294,Món chay,Rau muống xào tỏi nhanh chóng,Những ngày ăn chay thanh tịnh hay những ngày cuối tháng thì một dĩa rau muống xào cũng đủ để xơi một tô cơm tô cho cả nhà,,15phút,2,,3,"['Rau muống 250 gram', 'Tỏi 4 tép', 'Dầu mè 1 muỗng']","['Bước 1: - Rau muống rửa sạch, thái khúc - Tỏi băm nhuyễn', 'Bước 2: - Cho chảo lên bếp, phi tỏi thơm thì cho rau muống vào - Bạn đảo đều rồi nêm cùng 1/3 muỗng đường, muối và 1 muỗng dầu mè', 'Bước 3: - Đến khi rau chín thì vớt ra - Món ăn đã hoàn thành, nếu bạn thích ăn mặn có thể chấm kèm nước tương nhé!']",[],"Thứ tư, 13/2/2019, 15:35 (GMT+7)"
https://vncooking.com/cong-thuc/tai-heo-ngam-chua-gion-293,Món khai vị,Tai heo ngâm chua giòn,"Món này là món ăn chơi, món nhậu, món ăn kèm của các bà mẹ hay làm tại nhà. Vị chua, giòn của tai heo được ướp kỹ lưỡng nên độ tươi và không tanh",,30phút,4,,6,"['Tai heo 3 cái', 'Giấm táo 3 muõng', 'Gừng 2 củ', 'Tỏi 15 củ', 'Ớt 5 trái', 'Cà rốt 1 củ']","['Bước 1: - Gừng băm nhuyễn - Tai heo bạn rửa thật sạch với gừng và nước', 'Bước 2: - Bạn chuẩn bị nồi nước sôi, trụng tai heo cho chín rồi vớt ra - Cạo sạch lồng rồi luộc thêm 1 lần nữa - Vớt tai heo ra để riêng', 'Bước 3: - Tỏi bạn tách vỏ, cà rốt gọt vỏ, thái khúc, hành tím tách vỏ, ớt thái khúc - Bạn cho vào nồi 1 lít nước thêm giấm, tỏi, hành tím, cà rốt, ớt vào nấu sôi', 'Bước 4: - Tai heo bạn thái miếng mỏng - Khi nồi nước sôi, bạn tắt bếp, cho hỗn hợp vào lọ rồi cho tai heo vào ngâm', 'Bước 5: - Món này bạn ngâm khoảng 5 ngày là có thể ăn được Chúc bạn thành công']",[],"Thứ tư, 13/2/2019, 15:21 (GMT+7)"
https://vncooking.com/cong-thuc/bo-la-lot-292,Món chính,Bò lá lốt,Miếng bò được cuốn trọn bên trong miếng lá lốt rồi đem nướng hương thơm lan tỏa khắp nơi làm thực khách phải xiu lòng,,60phút,4,,8,"['Thịt bò xay 500 gram', 'Lá lốt 200 gram', 'Dầu hào 2 muỗng', 'Sả 1 cây', 'Tỏi 4 tép', 'Hành tím 3 củ', 'Ớt 3 trái', 'Chanh 1 trái']","['Bước 1: - Thịt bò xay cho vào tô ướp cùng 2 muỗng dầu ăn, 1 muỗng nước mắm, dầu hào, ít đường, hạt nêm trộn đều. - Hành tím, sả, tỏi băm nhuyễn rồi cho vào thịt trộn đều 1 lần nữa ướp khoảng 60 phút', 'Bước 2: - Lá lốt rửa sạch, để ráo - Bạn cho ít thịt bò vào lá, gấp 2 bên mép rồi cuốn lại - Dùng xiên que xiên qua vài cuốn để giữ lá', 'Bước 3: - Cho từng xiên nướng chín - Bò thơm, lá hơi ngã đên thì bò đã chín, bạn cho ra dĩa', 'Bước 4: LÀM NƯỚC CHẤM - Tỏi, ớt băm nhuyễn cho vào chén, cho thêm  1 muỗng đường và ít nước cốt chanh cùng với nước lọc, mắm nêm trộn đều Vậy là món bò lá lốt đã hoàn thành']",[],"Thứ tư, 13/2/2019, 15:09 (GMT+7)"
https://vncooking.com/cong-thuc/tom-chien-xu-don-gian-291,Món chính,Tôm chiên xù đơn giản,"Món chiên luôn là loại món yêu thích của cả nhà nên hãy chế biến món tôm chiên xù, giòn giòn, lạ miệng lại không ngán này cho cả nhà thưởng thức nhá.",,30phút,3,,9,"['Tôm tươi 500 gram', 'Bột bắp 130 gram', 'Bột chiên xù 260 gram', 'Bột khoai tây 130 gram', 'Trứng gà 2 quả', 'Hành lá 1 nhánh', 'Tương xí muội 4 muỗng', 'Sốt Mayonnaise 2 muỗng', 'Rau răm 1 nắm']","['Bước 1: - Tôm rửa sạch, bỏ phần đầu tôm, bỏ phần vỏ ngoài nhưng để lại phần đuôi tôm (bạn nên rửa tôm bằng nước muối cho bớt mùi tanh) - Hành lá thái nhuyễn - Cho các loại bột ra tô khác nhau - Trứng gà bạn đập cho ra chén, khuấy đều', 'Bước 2: - Cho tôm ướp với ít tiêu, muối khoảng 10 phút - Bạn cho bột bắp và bột khoai tây trộn đều - Cho hành lá vào bột chiên xù, trộn đều', 'Bước 3: - Bạn cho tôm lần lượt qua 1 lớp bột bắp, 1 lớp trứng, 1 lớp bột chiên xù - Rồi cho tôm chiên vàng thì vớt ra để ráo', 'Bước 4: LÀM NƯỚC SÔT - Bạn cho tương xì dầu ra chén, thêm 2 muỗng sốt Mayonnaise nữa Món này bạn ăn kèm với rau rắm rất ngon']",[],"Thứ tư, 13/2/2019, 14:54 (GMT+7)"
https://vncooking.com/cong-thuc/long-heo-xao-nghe-290,Món chính,Lòng heo xào nghệ,"- Món này là bí truyền trong bàn nhậu, vị nghệ được ướp bên trong lòng heo nên thơm, mùi đậm, ăn kèm với cơm rất ngon",,45phút,3,,5,"['Lòng heo 300 gram', 'Hành tây 1 củ', 'Nghệ 2 củ', 'Tỏi băm 1 muỗng', 'Rau răm 1 nắm']","['Bước 1: - Lòng heo bạn nên rửa bằng giấm và muối, chà thật sạch. Sau đó bạn đem luộc đến khi vừa chín thì bạn vớt ra để vào thao nước lạnh, thái thành khúc nhỏ', 'Bước 2: - Củ nghệ bạn gọt vỏ, đập dập: 1/2 nghệ vắt lấy nước, 1/2 cho vào thao lòng ướp - Lòng bạn ướp với nghệ, 1 muỗng hạt nêm, đường và 1/3 muỗng muối - Hành lá thái khúc dài - Rau răm thái nhỏ', 'Bước 3: - Bạn cho chảo dầu lên bếp, phi tỏi thơm - Cho 1/2 phần nghệ vào xào đến khi nóng thì bạn cho lòng vào xào - Nêm lại với gia vị rồi cho hành lá, rau rắm vào', 'Bước 4: - Xào sơ rồi tắt bếp Món ăn đã hoàn thành']",[],"Thứ ba, 12/2/2019, 12:05 (GMT+7)"
https://vncooking.com/cong-thuc/ech-xao-mang-tuoi-289,Món chính,Ếch xào măng tươi,"Với thịt ếch mềm được xào cùng với măng tươi thơm, giòn nên đây là món được lựa chọn nhiều nhất tại các quán nhậu, quán ăn. Hôm nay, đem món này về làm tại nhà sẽ rất được",,45phút,3,,8,"['Thịt ếch 500 gram', 'Măng 200 gram', 'Bột nghệ 0.5 muỗng', 'Hành lá 1 nhánh', 'Ngò gai 1 nhánh', 'Tỏi 3 tép', 'Dầu hào 1 muỗng', 'Ớt 2 trái']","['Bước 1: - Tỏi ớt băm nhuyễn - Măng thái miếng rồi luộc với 1 muỗng muối khoảng 15 phút, vớt ra để ráo - Hành lá, ngò gai thái nhỏ', 'Bước 2: - Thịt ếch rửa sạch, chặt miếng rồi ướp cùng với bột nghệ, 1 muỗng nước măm, tỏi, ớt băm, dầu hào trộn đều và ướp 15 phút', 'Bước 3: - Cho chảo ít dầu lên bếp, khi dầu nóng bạn cho ếch vào chiên sơ đều - Đến khi thịt ếch chín vàng thì bạn cho ra dĩa, để riêng', 'Bước 4: - Cũng cái chảo đó, bạn thêm ít tỏi vào phi thơm rồi cho măng vào xào - Nêm lại với 1 muỗng xì dầu, 1 muỗng hạt nêm, 1/2 muỗng đường', 'Bước 5: - Khi măng chín bạn cho măng ra dĩa chứa thịt ếch Vậy là món ăn đã hoàn thành Chúc bạn thành công']",[],"Thứ ba, 12/2/2019, 11:52 (GMT+7)"
https://vncooking.com/cong-thuc/bo-xao-cai-chua-288,Món chính,Bò xào cải chua,"Cải chua vị đậm đà, the chua được xào cùng với thịt bò nên sẽ được hòa vị nhẹ hơn, rất dễ thưởng thức",,30phút,3,,7,"['Thịt bò 300 gram', 'Cải chua 300 gram', 'Sả 1 cây', 'Gừng 2 lát', 'Hành lá 1 nhánh', 'Hành tím 2 củ', 'Tỏi 2 tép']","['Bước 1: - Hành tím, tỏi băm nhuyễn - Gừng: 1/2 băm nhuyễn, 1/2 thái sợi nhỏ - Hành lá thí nhỏ', 'Bước 2: - Cải chua rửa nhiều lần rồi vắt hết nước cho bớt chua - Thịt bò thái lát, ướp cùng với 1/2 lượng tỏi, hành, gừng băm nhuyễn và 1 muỗng dầu hào, nước mắm, hạt nêm', 'Bước 3: - Cho chảo lên bếp, phi tỏi hành gừng băm nhuyễn thơm - Cho thịt bò vào xào với lửa lớn khoảng 3 phút thì cho cải chua vào - Nêm lại với ít đường, tiêu cho hợp khẩu vị', 'Bước 4: - Cuối cùng, cho hành lá vòa xào thêm 2 phút nữa thì tắt bếp - Món ăn đã hoàn thành, bày ra dĩa chuẩn bị thưởng thức']",[],"Thứ ba, 12/2/2019, 11:36 (GMT+7)"
https://vncooking.com/cong-thuc/ech-xao-sa-ot-287,Món chính,Ếch xào sả ớt,"Thịt ếch rất bổ dưỡng và phổ biến tại Việt Nam, bạn có thể mua thịt ếch về tự làm tại siêu thị hay chợ. Về chuẩn bị một món thịt ếch xào sả ớt sẽ rất ngon đúng không",,45phút,4,,7,"['Thịt ếch 300 gram', 'Sả 1 cây', 'Ớt Đà Lạt 1 quả', 'Hành tây 1 củ', 'Tỏi 3 tép', 'Gừng 3 lát', 'Ớt hiểm 3 quả']","['Bước 1: - Tỏi băm nhuyễn - Thịt ếch rửa sạch, ướp cùng với 1 muỗng xì dầu,  1/2 lượng tỏi băm, 1/2 muỗng tiêu, 1/2 muỗng hạt nêm - Hành tây thái lát - Ớt Đà Lạt thái miếng - Ớt hiểm băm nhuyền - Gừng băm nhuyễn', 'Bước 2: - Cho chảo lên bếp, phi tỏi và gừng thơm - Cho hành tây và ếch xào với lửa to', 'Bước 3: - Xào đều 2 phút thì bạn cho 1 muỗng xì dâu, dầu hào, ớt hiểm, ớt Đà Lạt vòa xào cùng', 'Bước 4: - Đến khi thịt ếch đã chín và thấm vị thì bạn tắt bếp, cho ra dĩa']",[],"Thứ ba, 12/2/2019, 11:23 (GMT+7)"
https://vncooking.com/cong-thuc/ca-tim-xao-thit-bam-286,Món chính,Cà tím xào Thịt bằm,"Món cà tím xào là món chay thông dụng ở Việt Nam nhưng nếu chúng ta biến tấu cùng với Thịt bằm sẽ ra một món mặn rất ngon, Độ ngọt của cà tím được hòa cùng thịt heo bằm càng được nâng cao",,30phút,3,,5,"['Thịt bằm 200 gram', 'Cà tím 2 trái', 'Dầu hào 2 muỗng', 'Dầu mè 1 muỗng', 'Tỏi 4 tép']","['Bước 1: - Cà tím rửa sạch, thái khúc vừa ăn - Tỏi băm nhuyễn - Bạn cho thịt bằm ướp với 1/2 lượng tỏi băm, 1 muỗng dầu mè, 1 muỗng hạt nêm, 1/2 muỗng nước mắm và đường', 'Bước 2: - Cho chảo lên bếp, cho cà tím vào chiên nhanh khoảng 2 phút thì vớt ra để riêng - Chuẩn bị 1 nồi nước khác lên bếp, cho cà đã chiên vào luộc 3 phút', 'Bước 3: - Cho chảo khác lên bếp, phi tỏi thơm - Cho thịt bằm vào xào rồi nêm lại với ít gia vị - Cuối cùng bạn cho cà tím vào xào', 'Bước 4: - Khi cà chín thì cho ra dĩa - Thêm ít tiêu và thưởng thức Chúc bạn thành công']",[],"Thứ ba, 12/2/2019, 11:07 (GMT+7)"
https://vncooking.com/cong-thuc/bo-xao-bong-thien-ly-285,Món chính,Bò xào bông thiên lý,"Bông thiên lý được hòa cùng từng miếng thịt bò tạo nên hương vị đậm đà, khó cưỡng. Món ăn tùy đơn giản nhưng vị lại rất khác biệt so với các món xào khác",,45phút,3,,4,"['Thịt bò 300 gram', 'Bông thiên lý 400 gram', 'Hành lá 1 nhánh', 'Tỏi 2 tép']","['Bước 1: - Thịt bò rửa, thái lát - Bông thiên lý rửa sạch - Hành lá thái nhỏ - Tỏi băm nhuyễn', 'Bước 2: - Thịt bò ướp với 1/2 lượng tỏi băm, 1 muỗng hạt nêm, nước mắm và đường để 15 phút cho bò thấm vị - Bông thiên lý, bạn nên trụng nước sôi để bông chín nhanh hơn khi chế biến', 'Bước 3: - Cho chảo lên bếp, phi tỏi thơm - Cho thịt bò vào xào, đến khi thịt săn lại thì bạn cho bông thiên lý vào - Nêm cùng với 1 muỗng hạt nêm, 1 muỗng nước mắm và 1/2 muỗng đường', 'Bước 4: - Xào đều tay, kh thấy bông đã mềm thì bạn cho hành lá vào xào thêm 3 phút thì tắt bếp tránh để thịt bò dai Chúc bạn thành công']",[],"Thứ ba, 12/2/2019, 10:50 (GMT+7)"
https://vncooking.com/cong-thuc/lau-ga-tiem-ot-hiem-284,Món chính,Lẩu gà tiềm ớt hiểm,"Lẩu gà ớt hiểm là món tủ của những ai yêu thích vị cay nồng của ớt. Món này thường được thấy trong những bữa tiệc nhậu hay sinh nhật, vị gà hòa cùng vị cay the của từng quả ớt nên nước dùng không tanh như các món lẩu khác.",,60phút,4,,6,"['Gà 1 con', 'Ớt hiểm 20 trái', 'Gừng 1 củ', 'Hành tím 10 củ', 'Táo khô 10 quả', 'Hạt sen 100 gram']","['Bước 1: - Gừng chia làm 2 phần: 1 phần băm nhuyễn, 1 phần thái lát - Hành tím băm nhuyễn. - Táo tàu và hạt sen ngâm nước ấm 15 phút', 'Bước 2: LÀM NƯỚC SỐT ƯỚP GÀ - Cho 1/2 hành tím, gừng, ớt giả nhuyễn trộn với ít tiêu, hạt nêm, muối, đường, nước tương và 2 muỗng nước trộn đều', 'Bước 3: - Cho táo tàu và hạt sen vào trong bụng gà - Phần sốt thoa đều quanh gà và bụng gà ướp 15 phút', 'Bước 4: - Cho nước vào nồi nấu với 1/2 lượng ớt, hành tím, gừng, táo tàu còn lại - Khi nước sôi, bạn cho gà vào nấu với lửa nhỏ khoảng 1 tiếng', 'Bước 5: - Khi gà chín thì vớt ra, xé gà rồi cho vào nồi - Bạn nêm lại với ít gia vị nấu thêm 5 phút là được', 'Bước 6: Món này bạn ăn cùng với mì là ngon nhất']",[],"Chủ nhật, 10/2/2019, 12:20 (GMT+7)"
https://vncooking.com/cong-thuc/lau-nam-chay-283,Món chay,Lẩu nấm chay,Món lẩu nấm là loại lẩu chay phổ biến nhất. Hương vị thơm đặc trưng của từng loại nấm tạo nên hương vị thấm mùi cho nước lẩu,,60phút,3,,8,"['Nấm bào ngư 50 gram', 'Nấm kim châm 50 gram', 'Nấm rơm 50 gram', 'Nấm đông cô 50 gram', 'Đậu hủ non 2 miếng', 'Cà rốt 2 củ', 'Su hào 2 củ', 'Bún tươi 500 gram']","['Bước 1: - Các loại nấm rửa sạch, bỏ cuốn, bổ đôi - Rau mồng tơi rửa sạch - Đậu hủ non thái miếng vuông - Cà rốt, su hào thái khúc', 'Bước 2: - Cho 1.5 lít nước vào nồi nấu với cà rốt và su hào nấu - Khi nước sôi bạn cho nấm vào nấu cùng', 'Bước 3: - Nấu 5 phút thì bạn cho đậu hủ vào - Nêm lai với 2 muỗng hạt nêm chay, 1 muỗng đường và 1/2 muỗng muối', 'Bước 4: - Khi lẩu chín bạn ăn kèm với mồng tơi và bún Chúc bạn ngon miệng']",[],"Chủ nhật, 10/2/2019, 10:27 (GMT+7)"
https://vncooking.com/cong-thuc/lau-cua-chua-cay-kieu-thai-282,Món chính,Lẩu cua chua cay kiểu Thái,"Lẩu cua vẫn được yêu thích ở mọi nơi, có nhiều công thức cho một món ăn nhưng với công thức chua cay này thì sẽ làm bạn hài lòng",,60phút,3,,11,"['Cua biển 2 con', 'Xương heo 300 gram', 'Cà chua 1 trái', 'Trái thơm 1 khúc', 'Me chua 1 gói', 'Ớt 1 trái', 'Gừng 1 củ', 'Lá chanh 4 lá', 'Sa tế 2 muỗng', 'Bún tươi 600 gram', 'Rau muống 1 bó']","['Bước 1: - Xương heo rửa, chặt khúc hầm cùng 2 lít nước - Cua rửa thật sạch, chà lớp mai cua - Rau muống rửa sạch, bẻ khúc', 'Bước 2: - Cà chua thái khúc - Thơm thái miếng - Gừng cạo vỏ, thái lát miếng - Lá chanh rửa sạch - Me cho ít nước nóng, lấy nước cốt', 'Bước 3: - Cho cà chua, thơm, nước me, ớt vào nồi nước hầm xương heo - vò nát lá chanh cho vào cùng - Nêm thêm 2 muỗng sa tế, 1 muỗng hạt nêm, đường', 'Bước 4: - Bạn vớt xương heo ra, cho cua vào nấu - Nấu đên khi cua chín đỏ thì được - Khi ăn bạn cho rau vào ăn cùng']",[],"Chủ nhật, 10/2/2019, 09:31 (GMT+7)"
https://vncooking.com/cong-thuc/canh-cua-rau-mong-toi-281,Món chính,Canh cua rau mồng tơi,Món canh dân dã xuất phát từ những vùng quê nghèo được lưu truyền từ thời xa xưa đến nay vẫn giữ được nét đẹp và vị ngon trong ẩm thực người Việt,,45phút,3,,4,"['Cua đồng 300 gram', 'Mồng tơi 200 gram', 'Rau đay 100 gram', 'Hành tím 2 củ']","['Bước 1: - Cua bạn ngâm sạch với nước trước kho thực hiện khoảng 20 phút - Bạn bỏ phần mai, lấy gạch cua bỏ ra chén riêng', 'Bước 2: - Thịt cua cho vào cối, đập nhuyễn sau đó lọc lấy phần nước, bỏ phần bã - Rau mồng tơi và rau đay rửa sạch, thái khúc - Hành tím băm nhuyễn', 'Bước 3: - Cho vào nồi 1.2 lít nước nấu cùng nước cua (vừa đun vừa khuấy) - Khi nước chuẩn bị sôi, bạn hạ lửa xuống đun đến khi cua chín thành từng miếng thì vớt cua ra', 'Bước 4: - Cho nồi khác lên bếp, cho 2 muỗng dầu và hành tím vào phi thơm. Khi hành tím thơm thì cho 1.2 lít nước vào nấu. - Nước sôi bạn cho rau mồng tơi và rau đay vào nấu', 'Bước 5: - Nêm 2 muỗng nước mắm, 1/2 muỗng đường và 1 muỗng hạt nêm - Cho cua vào, nấu thêm 5 phút thì tắt bếp Món ăn đã hoàn thành']",[],"Chủ nhật, 10/2/2019, 08:53 (GMT+7)"
https://vncooking.com/cong-thuc/canh-kho-qua-nhoi-thit-bam-280,Món chính,Canh khổ qua nhồi thịt băm,"Món canh khổ qua cho những ngày tiết trời lạnh lạnh đầu mùa, món canh bình dị nhưng luôn mang một ý nghĩa sâu sắc của dân tộc",,45phút,2,,4,"['Thịt băm 200 gram', 'Khổ qua 2 trái', 'Hành lá 1 nhánh', 'Ngò rí 1 nhánh']","['Bước 1: - Hành lá rửa sạch, bạn chia gốc và lá hành ra - Gốc hành bạn băm nhuyễn rồi trộn chung với thịt băm và ít tiêu, nước mắm', 'Bước 2: - Khổ qua bạn  bỏ phần ruột rồi đem ngâm với nước muối pha loãng khoảng 15 phút cho đỡ đắng - Nấu 1 nồi nước rồi cho khổ qua luộc sơ khoảng 2 phút sẽ giảm vị đắng, sau đó vớt ra, để ráo', 'Bước 3: - Chờ khổ qua nguội bớt thì bạn cho thịt vào khổ qua, nhồi thật chặt để thịt không rời ra đi nấu - Hành lá thái nhỏ', 'Bước 4: - Cho nồi nước lên bếp, khi nước sôi bạn cho khổ qua vào nấu chín - Bạn nêm 1 muỗng hạt nêm, 2 muỗng nước mắm và 1 muỗng đường', 'Bước 5: - Khi khổ qua đã chín, bạn vớt ra thái khúc - Sau đó cho vào nồi lại thêm hành lá và ngò rí nấu thêm 2 phút thì tắt bếp Món ăn đã hoàn thành']",[],"Thứ bảy, 9/2/2019, 20:39 (GMT+7)"
https://vncooking.com/cong-thuc/canh-cai-ngot-tom-bam-279,Món chính,Canh cải ngọt tôm băm,"Canh cải ngọt rất bổ dưỡng, không sợ những ngày nóng dễ gây bệnh cho cả nhà nữa, chỉ cần một tô canh cải ngọt sẽ giúp sức khỏe của gia đình được tốt và giải nhiệt hơn",,15phút,2,,2,"['Cải ngọt 1 bó', 'Tôm tươi 200 gram']","['Bước 1: - Cải ngọt rửa kỹ sau đó thái khúc vừa ăn - Tôm rửa sạch, bóc vỏ băm nhuyễn rồi vo viên', 'Bước 2: - Cho 3 chén nước vào nồi cho tôm viên vào nấu - Bạn nêm 1 muỗng hạt nêm và 1/2 muỗng đường, 1/3 muỗng muối', 'Bước 3: - Khi nước sôi bạn cho cải vào nấu, nêm thêm 1 muỗng nước tương cho có vị đậm hơn - Nấu khoảng 5 phút thì canh sẽ chín. tắt bếp Món ăn đã hoàn thành']",[],"Thứ bảy, 9/2/2019, 20:02 (GMT+7)"
https://vncooking.com/cong-thuc/trung-cuon-rong-bien-han-quoc-278,Món chính,Trứng cuộn rong biển Hàn Quốc,"Trứng chiên  là món ăn nhanh, gọn mà rất nhiều người chọn để chế biến trong những ngày bận rộn. Nhưng nếu biến tấu 1 món trứng kèm theo rong biển Hàn Quốc thì càng thích hơn mà vẫn rất nhanh",,15phút,2,,2,"['Trứng gà 6 quả', 'Rong biển 2 lá']","['Bước 1: - Trứng gà đập vào tô, ướp cùng 1/2 muỗng hạt nêm và ít tiêu khuấy đều cho lòng đỏ và lòng trắng hòa vào nhau - Rong biển thái đôi nếu là loại to', 'Bước 2: - Cho chảo lên bếp, cho dầu xung quanh chảo - Cho trứng vào tráng đều, khi trứng hơi sệt thì cho rong biển vào giữa - Cuộn trứng lại, chiên cho vàng thì lấy ra', 'Bước 3: - Làm đến khi hết trứng - Bạn thái trứng thành khúc như cơm cuộn nhé Chúc bạn thành công']",[],"Thứ bảy, 9/2/2019, 19:37 (GMT+7)"
https://vncooking.com/cong-thuc/khoai-mi-hap-sua-277,Món tráng miệng,Khoai mì hấp sữa,"Nếu khi món khoai mì hấp đã là món yêu thích của bạn thì món khoai mì nâng cấp hấp sữa lại phải làm bạn khoái khẩu hơn bao giờ hết. Vị ngọt, béo của sữa hòa cùng vị dẻo thơm của khoai càng làm cho món ăn thêm phần hứng thú.",,45phút,4,,7,"['Khoai mì 500 gram', 'Sữa đặc 200 ml', 'Vani 1 ống', 'Dùa nạo 300 gram', 'Đường vàng 2 muỗng', 'Mè trắng 2 muỗng', 'Đậu phộng 50 gram']","['Bước 1: - Khoai mì bóc vỏ, thái khúc vừa, củ to thì chẻ đôi - Bạn ngâm khoai vào nước muối loãng khoảng 15 phút rồi rửa lại bằng nước lạnh', 'Bước 2: - Bạn vắt lấy nước cốt dừa và thêm nước vắt lấy nước dảo, 2 loại để riêng - Cho nước dảo dừa vào nồi nấu khoai, nêm với 1/2 muỗng muối', 'Bước 3: - Cho nước cốt dừa, 1 muỗng đường vàng, sữa đặc, vani vào tô khuấy đều hỗn hợp', 'Bước 4: - Khi thấy khoai cạn nước đã chín, bạn rưới hỗn hợp sữa lên khoai rồi hấp thêm 5 phút nữa thì tắt bếp - Khi xong bạn cho khoai ra dĩa, rải thêm mè, đậu phộng là thưởng thức']",[],"Thứ bảy, 9/2/2019, 11:14 (GMT+7)"
https://vncooking.com/cong-thuc/hoanh-thanh-chien-nhan-pho-mai-la-mieng-276,Món khai vị,Hoành thánh chiên nhân phô mai lạ miệng,Phô mai được cuốn bên ngoài là hoành thánh giòn thơm càng làm cho khẩu vị gia đình bạn được tăng thêm nhiều lần,,45phút,4,,8,"['Vỏ hoành thánh 20 miếng', 'Phô mai 160 gram', 'Trứng gà 1 quả', 'Hành lá 1 nhánh', 'Rượu vang 1 muỗng', 'Mật ong 1 muỗng', 'Dầu mè 1 muỗng', 'Tương ớt 2 muỗng']","['Bước 1: - Hành lá thái nhỏ - Trứng đập vào chén, pha cùng 1/4 chén nước, đánh tan', 'Bước 2: - Cho phô mai, hành lá, 1 muỗng tương ớt vào tô to, dùng dụng cụ đánh tan hỗn hợp', 'Bước 3: - Cho 1 ít phô mai vào vỏ hoành thánh, xếp lại cho đẹp rồi đem chiên Món ăn đã hoàn thành, món này bạn ăn kèm với tương ớt hoặc nước tương cũng được nhé!']",[],"Thứ bảy, 9/2/2019, 10:37 (GMT+7)"
https://vncooking.com/cong-thuc/cha-gio-rau-cu-chay-275,Món chay,Chả giò rau củ chay,"Những ngày ăn chay mà vẫn muốn ăn ngon thì cứ làm món ăn tinh thần này, chả giò cuốn giòn giòn, ngon ngon bên trong là phần nhân rau củ, ngọt tự nhiên, không ngán, không tanh mùi thịt",,60phút,4,,8,"['Cà rốt 1 củ', 'Nấm đông cô 8 cái', 'Bắp cải 100 gram', 'Giá đỗ 15 gram', 'Tỏi 3 tép', 'Hành lá 1 nhánh', 'Dầu mè 1 muỗng', 'Bánh bò bía 20 cái']","['Bước 1: - Cà rốt gọt vỏ, bào sợi - Nấm đông cô ngâm nước, thái sợi - Bắp cải thái sợi mỏng - Hành lá thái nhỏ - Tỏi băm nhuyễn', 'Bước 2: - Cho chảo lên bếp, ít dầu ăn - Khi dầu nóng cho tỏi bàm phi, khi tỏi thơm thì cho cà rốt và nấm vào xào - Khi cà rốt cà nấm chín thì cho bắp cải, giá đỗ, hành lá vào xào cùng', 'Bước 3: - Bạn nêm với 1 muỗng đường, 1/2 muỗng muối, tiêu, 1 muông dầu mè - Khi chín thì tắt bếp', 'Bước 4: - Bạn trải bò bía ra, cho nhân vào rồi cuốn bình thường đến khi hết bánh và nhân', 'Bước 5: - Bạn cho chảo dầu lên bếp, khi dầu nóng thì cho từng chả giò vào chiên (tránh dầu bắn lên người) - Chiên lửa nhỏ đến khi chả giò vàng đều thì tắt bếp Chúc bạn thành công']",[],"Thứ bảy, 9/2/2019, 10:14 (GMT+7)"
https://vncooking.com/cong-thuc/dau-hu-sot-ca-chua-274,Món chay,Đậu hủ sốt cà chua,"Đây là món ăn khá phổ biện tại Trung Quốc, món này bạn có thể nấu trong dịp rằm, ngày thường cũng rất ngon.",,30phút,4,,6,"['Đậu hủ trắng 4 miếng', 'Cà chua 1 trái', 'Tương cà 2 muỗng', 'Tỏi 3 tép', 'Rượu vang 2 muỗng', 'Hành boa rô 1 nhánh']","['Bước 1: - Đậu hủ thái miếng vuông - Tỏi băm nhuyễn - Hành boa rô thái hỏ - Cà chua thái nhỏ', 'Bước 2: - Cho chao lên bếp, khi dầu nóng cho đậu hủ vào chiên hơi vàng các mặt - Khi đậu hủ vàng thì vớt ra để ráo', 'Bước 3: - Cũng cái chảo đó, cho cà chua, tỏi, hành boa rô vào xào với lửa nhỏ - Bạn nêm thêm 1 muỗng đường và 2 muỗng tương cà, 1/2 muỗng muối', 'Bước 4: - Đến khi cà chua chín mềm thì bạn cho đậu hủ vào xào cùng - Bạn xào đều khoảng 5 phút thì tắt bếp Bài trí dĩa và thưởng thức']",[],"Thứ bảy, 9/2/2019, 09:45 (GMT+7)"
https://vncooking.com/cong-thuc/hotdog-han-quoc-an-vat-xu-han-273,Nhanh và dễ,Hotdog Hàn Quốc - Ăn vặt xứ Hàn,"Qua bên Hàn ăn thử món ăn vặt này thì bạn sẽ phải nhớ mãi. Mùi vị lạ ngon, đậm chất Hàn luôn. Ở Việt Nam ít chổ nào bán món này nên bạn hãy làm thử tại nhà cho đã thèm nhé",,30phút,4,,8,"['Phô mai 150 gram', 'Xúc xích 4 cây', 'Baking soda 5 gram', 'Bột mì 250 gram', 'Sữa tươi 1 bịch', 'Bột chiên xù 150 gram', 'Khoai tây 200 gram', 'Trứng gà 1 trứng']","['Bước 1: - Phô mai thái thành 4 miếng bằng nhau - Xiên từng que vào 4 miếng phô mai và 4 cây xúc xích thành 8 xiên', 'Bước 2: - Lăn từng que qua 1 lớp bột mì rồi để qua 1 bên - Cho bột mì, baking soda, 2 muỗng đường, sữa tươi, 1 quả trứng vào trộn đều, đánh đến khi bột mịn', 'Bước 3: - Khoai tây rửa sạch, thái hạt lựu nhỏ - Cho từng xiên nhúng qua 1 lớp bột mì, 1 lớp bột xù, 1 lớp bột mì, 1 lớp bột xù. - Những xiên phô mai thì bạn nhúng thêm 1 lớp khoai mì nữa', 'Bước 4: - Cho chảo dầu lên bếp, khi dầu nóng thì bạn chiên vàng hotdog Món này bạn ăn kèm với tương ớt, tương cà hoặc sốt mayonnaise tùy theo khẩu vị của bạn Chúc bạn thành công']",[],"Thứ sáu, 8/2/2019, 22:04 (GMT+7)"
https://vncooking.com/cong-thuc/banh-khoai-tay-pho-mai-gion-272,Món tráng miệng,Bánh khoai tây phô mai giòn,"Những viên khoai tây được ướp cùng phô mai béo béo dễ ăn, lớp da giòn tan nên càng làm bạn xiu lòng",,30phút,2,,4,"['Khoai tây 3 củ', 'Trứng gà 1 trứng', 'Sữa tươi 50 ml', 'Bột chiên xù 1 gói']","['Bước 1: - Khoai tây bạn cần gọt vỏ, thái nhỏ rồi luộc chín cùng với 1 muỗng muối - Khi khoai chín, nghiền nhuyễn khoai', 'Bước 2: - Cho phô mai, trứng và 1/2 muỗng tiêu vào khoai, bạn đeo bao tay rồi trộn đều hỗn hợp', 'Bước 3: - Cho sữa ra tô, đập 1 lòng đỏ trứng vào khuấy đều - Vo khoai thành viên tròn, nhúng qua 1 lớp bột chiên xù, 1 lớp sữa, 1 lớp bột chiên và đem chiên', 'Bước 4: - Khi chiên vàng đều thi vớt khoai ra để ráo Món này bạn ăn kèm với sốt mayonnaise và tương ớt là ngon nhất']",[],"Thứ sáu, 8/2/2019, 21:20 (GMT+7)"
https://vncooking.com/cong-thuc/khoai-tay-chien-man-271,Món tráng miệng,Khoai tây chiên mặn,Những que khoai được chiên vàng tươi đều vừa ngon. giòn tan nên không thể làm bạn kiềm lòng được,,15phút,2,,2,"['Khoai tây 3 củ', 'Muối 3 muỗng']","['Bước 1: - Khoai tây gọt vỏ, rửa sạch, thái thành những miếng dài vừa ăn', 'Bước 2: - Chuẩn bị 1 thao nước lọc. cho 3 muỗng muối vào khuấy đều rồi cho khoai vào ngâm 20 phút', 'Bước 3: - Cho chảo lên bếp - Khi dầu nóng thì cho khoai vào chiên vàng đều thì vớt ra Món khoai đã hoàn thành, món này bạn ăn cùng với tương ớt là ngon nhất']",[],"Thứ sáu, 8/2/2019, 21:09 (GMT+7)"
https://vncooking.com/cong-thuc/bap-pho-mai-dut-lo-270,Món khai vị,Bắp phô mai đút lò,Cách làm này rất đơn giản phù hợp với những bạn thích đồ béo hay những bạn cuồng phô mai cũng nê thử một lần,,30phút,2,,4,"['Bắp hạt 150 gram', 'Phô mai 80 gram', 'Sốt Mayonnaise 1 muỗng', 'Bơ 1 muỗng']","['Bước 1: - Băp rửa sạch cho vào tô rồi trộn cùng 2 muỗng sốt mayonnaise', 'Bước 2: - Cho chảo lên bếp - Cho ít bơ vào, khi bơ tan thì cho bắp vào xào đều đến khi bắp chín thì cho phô mai lên trên, đập nắp khoảng 2 phút thì tắt bếp Món ăn đã hoàn thành']",[],"Thứ sáu, 8/2/2019, 20:49 (GMT+7)"
https://vncooking.com/cong-thuc/trung-omelet-pho-mai-kieu-nhat-269,Món chính,Trứng Omelet Phô mai kiểu Nhật,Với món trứng chiên kiểu Nhật này rất đáng để thưởng thức cho những dịp đặc biệt hay chỉ đơn giản là ngày thường thôi cũng thú vị.,,30phút,2,,3,"['Trứng gà 3 quả', 'Phô mai 1 miếng', 'Hành lá 1 nhánh']","['Bước 1: - Thái miếng phô mai thành 5 phần - Hành lá thái nhỏ - Trứng gà đập vào chén ướp cùng ít muối, khuấy đều - Bạn lọc trứng qua rây cho trứng mịn nhất rồi cho hành lá vào trộn', 'Bước 2: - Cho ít dầu vào chảo, dùng khăn giấy thấm bớt dầu trong chảo - Cho trứng vào đều chảo', 'Bước 3: - Khi thấy trứng vừa sệt lại thì bạn cho phô mai vào giữa trứng - Dùng đũa nhẹ nhàng lật 1 bên trứng lại, từ từ cho trứng đẹp nhất', 'Bước 4: - Chiên vàng đến khi trứng chín thì cho ra dĩa - Món ăn đã hoàn thành, bạn có thể ăn kèm với tương ớt']",[],"Thứ sáu, 8/2/2019, 20:19 (GMT+7)"
https://vncooking.com/cong-thuc/ga-xao-pho-mai-beo-268,Món chính,Gà xào phô mai béo,"Nếu đã là Fan của ẩm thực Hàn Quốc thì bạn không thể bỏ qua món ăn ngon, hấp dẫn này được.",,45phút,2,,6,"['Thịt gà 300 gram', 'Phô mai 150 gram', 'Bắp cải 150 gram', 'Tương ớt 2 muỗng', 'Bột ớt 1 muỗng', 'Hành lá 1 nhánh']","['Bước 1: - Phô mai bạn để vào ngăn đông tủ lạnh trước 30 phút - Gà rửa sạch, thái khúc nhỏ rồi ướp cùng với 1 muỗng bột ớt, tương ớt và dầu ăn trộn đều - Bắp cải thái miếng nhỏ - Hành lá thái nhỏ', 'Bước 2: - Cho chảo lên bếp, cho gà vào xào đều đến khi thịt gà săn lại thì cho bắp cải và hành lá vào xào cùng', 'Bước 3: - Khi gà và bắp cải chín mềm thì cho phô mai lên trên, hạ lửa nhỏ lại - Đậy nắp lại khoảng 1 phút rồi tắt bếp Món ăn đã hoàn thành, chúc bạn ngon miệng']",[],"Thứ sáu, 8/2/2019, 20:04 (GMT+7)"
https://vncooking.com/cong-thuc/mi-quang-tron-267,Món chính,Mì quảng trộn,"Những tô mì quảng thông thường đã làm bạn chán ngán thì thử ngay món mì quảng trộn lạ miệng lại nhanh, gọn, lẹ rất thích hợp cho những ngày bận rộn",,30phút,2,,8,"['Thịt heo băm 100 gram', 'Hành tây 1 củ', 'Tỏi băm 1 muỗng', 'Đậu phộng 50 gram', 'Tôm tươi 100 gram', 'Hành lá 1 nhánh', 'Sợi mì Quảng 300 gram', 'Bánh đa 1 cái']","['Bước 1: - Thịt heo băm ướp cùng với 1 muỗng muối, hạt nêm và 1/2 muỗng tiêu trộn đều - Hành lá thái nhỏ - Hành tây thái lát', 'Bước 2: - Tôm rửa sạch, bóc vỏ rồi băm nhuyền - Bạn ướp cùng với 1 muỗng nước mắm, hạt nêm và 1/2 muỗng tiêu trộn đều', 'Bước 3: - Cho chảo lên bếp, phi tỏi thơm - Khi tỏi thơm thì cho tôm băm, thịt heo băm và hành tây vào xào đều', 'Bước 4: - Mì quảng bạn trụng với nước sôi cho cọng mềm rồi cho mì vào chảo - Cho hành lá vào trộn đều', 'Bước 5: - Xào khoảng 5 phút thì bạn tắt bếp - Cho ra tô, bạn để rau ở đáy tới mì và thêm đậu phộng, bánh đa Món ăn đã xong, chúc bạn ngon miệng']",[],"Thứ sáu, 8/2/2019, 19:44 (GMT+7)"
https://vncooking.com/cong-thuc/matcha-latte-266,Món tráng miệng,Matcha Latte,Những ly Matcha Latte với vị trà xanh thơm hòa cùng vị béo của sữa tươi không quá nồng nên rất thích hợp cho những bạn nào thích vị trà xanh nhưng không uống được vị đắng của nó,,15phút,2,,3,"['Bột trà xanh 1 muỗng', 'Sữa tươi kem 1 tách', 'Siro đường 2 muỗng']","['Bước 1: - Pha bột trà xanh cần chú ý: bạn cho bột trà xanh vào tô, cho 4 muỗng nước nóng vào chờ khoảng 1 phút thì bạn khuấy đều (chờ 1 phút để bột trà xanh nở ra)', 'Bước 2: - Cho nồi nhỏ lên bếp. cho sữa tươi kem và siro đường vào đun với lửa nhỏ - Đến khi sữa sôi thì tắt, cho ra tô', 'Bước 3: - Dùng dụng cụ đánh trứng đánh tan sữa tạo bọt - Đến khi thấy bọt đều và nhỏ thì được', 'Bước 4: - Cho sữa ra ly, rớt matcha từ từ vào ly - Dùng rây cho ít bột matcha lên trên để tạo trang trí đẹp mắt Chúc bạn thành công']",[],"Thứ sáu, 8/2/2019, 19:08 (GMT+7)"
https://vncooking.com/cong-thuc/sinh-to-chuoi-mat-ong-giam-can-265,Thức uống,Sinh tố chuối mật ong giảm cân,"Nếu bạn đang trong quá trình giảm cân cực khổ vì phải kiên cử đủ thứ ngon. Hôm nay, bạn sẽ được khai sáng khi có một món thức uống vừa no, vừa đẹp da lại rất thích hợp cho những người thừa cân",,15phút,2,,3,"['Chuối 3 quả', 'Mật ong 2 muỗng', 'Sữa tươi 200 ml']","['Bước 1: - Chuối và sữa tươi bạn nên để trong ngăn mát tủ lạnh khoảng 4 tiếng trước khi thực hiện để được vị lạnh mát của món ăn', 'Bước 2: - Chuối bóc vỏ, thái miếng cho vào máy xay - Cho 3 muỗng mật ong và sữa tươi vào cối xay cùng', 'Bước 3: - Xay đến khi mịn thì cho ra ly thưởng thức Thức uống này rất tốt cho sức khỏe, bạn nên hạn chế uống đá để sức khỏe tốt nhất']",[],"Thứ sáu, 8/2/2019, 14:38 (GMT+7)"
https://vncooking.com/cong-thuc/sinh-to-xoai-giam-can-264,Nhanh và dễ,Sinh tố xoài giảm cân,"Những ngày nóng thì chỉ cần một ly sinh tố xoài thơm thơm, mát mát đủ làm bạn tỉnh người. Hãy cùng VN Cooking thực hiện món sinh tố xoài đơn giản nhưng ngon đúng chuẩn sinh tố ngay hôm nay.",,15phút,2,,3,"['Xoài 1 trái', 'Sữa chua 1 hủ', 'Sữa tươi 1 hộp']","['Bước 1: - Xoài gọt vỏ, thái miếng nhỏ (bạn nên chọn xoài chín cây tự nhiên có vị ngọt thanh nhất)', 'Bước 2: - Bạn cho xoài vào cối xay - Cho 100ml sữa tươi và 1/2 hủ sữa chua vào cối xay', 'Bước 3: - Xay đến khi xoài mịn thật mịn thì cho ra ly Món này là món giảm cân, đẹp ra, bổ dưỡng cho sức khỏe']",[],"Thứ sáu, 8/2/2019, 14:14 (GMT+7)"
https://vncooking.com/cong-thuc/thit-heo-chien-kieu-thai-263,Món chính,Thịt heo chiên kiểu Thái,Theo tiêu chuẩn ăn uống ngày càng có sự pha trộn giữa các nước với nhau thì hôm nay chúng ta sẽ lấn sân sang nước bạn một ít với món thịt heo chiên kiểu Thái Lan,,45phút,4,,6,"['Thịt ba chỉ 700 gram', 'Bột chiên giòn 50 gram', 'Hành tím 1 củ', 'Chanh 1 quả', 'Mè trắng 0.5 muỗng', 'Ngò rí 1 nhánh']","['Bước 1: - Cho thịt rửa sạch rồi ướp cùng với 2 muỗng nước mắm, đường, tiêu, bột chiên giòn khoảng 10 phút - Chanh vắt lấy nước', 'Bước 2: - Cho chảo lên bếp, khi dầu nóng cho thịt vào chiên (lượng dầu ngập 1/2 thịt) - Khi phần bên ngoài chuyển thành màu nâu vàng thì chuyển mặt, chiên đều', 'Bước 3: - Khi thịt chín thì vớt ra thái miếng mỏng', 'Bước 4: PHA NƯỚC CHẤM - Hành tím băm nhuyền - Cho vào chén 3 muỗng nước mắm, 1/2 muỗng hành tím, 1/3 muỗng đường, 1 muỗng nước chanh, ít ngò và mè trắng trộn đều Món ăn đã xong, mời bạn ăn thịt chấm với nước chấm']",[],"Thứ sáu, 8/2/2019, 10:09 (GMT+7)"
https://vncooking.com/cong-thuc/com-chien-kim-chi-han-quoc-262,Món chính,Cơm chiên Kim chi Hàn Quốc,Những món ăn Hàn Quốc luôn làm xiu lòng các tín đồ mê ăn uống nên món cơm chiên kim chi này cũng vậy. Vị cơm chiên đã ngon được ăn kèm với vị kim chi cay cay lại càng thích,,30phút,2,,6,"['Cơm 2 chén', 'Kim chi cải thảo 0.5 chén', 'Rong biển 1 lá', 'Tương ớt HQ 2 muỗng', 'Trứng gà 3 quả', 'Mè trắng 1 muỗng']","['Bước 1: - Kim chi thái hạt lựu - Cơm xơi khô - Đập 1 quả trứng vào chén, khuấy tan - Rong biển thái miếng nhỏ', 'Bước 2: - Cho chảo lên bếp, khi dầu nóng cho kim chi vào đảo đều - Khi kim chi mềm thì cho trứng vào chảo, đảo chín cùng kim chi', 'Bước 3: - Khi trứng và kim chi chín thì cho cơm, 1 muỗng hạt nêm, 2 muỗng tương ớt vào chiên cùng - Chiên đến khi cơm hòa với kim chi gần chín thì cho rong biển vào đảo thêm 2 phút thì cho chảo xuống', 'Bước 4: - Cho chảo khắc lên cùng ít dầu để chiên trứng (bạn nên chiên với lửa nhỏ 1 mặt cho trứng có hình dáng đẹp nhất) - Cho cơm ra dĩa, thêm trứng và mè trắng rồi thưởng thức']",[],"Thứ sáu, 8/2/2019, 09:54 (GMT+7)"
https://vncooking.com/cong-thuc/ca-basa-chien-gion-261,Món chính,Cá basa chiên giòn,"Nếu như những món thịt gà, thịt heo chiên giòn thì quá đơn điệu rồi, hôm nay bạn sẽ được thưởng thức món thịt cá basa chiên giòn. Thịt cá ngọt nên được chiên lại càng ngon và hấp dẫn hơn món thịt khác nhiều",,45phút,3,,5,"['Cá basa phi lê 400 gram', 'Trứng gà 1 quả', 'Bột chiên xù 100 gram', 'Bột mì 70 gram', 'Sữa tươi 0.5 bịch']","['Bước 1: - Đập trứng vào chén, cho 4 muỗng sữa tươi vào đánh tan với trứng - Cá basa rửa, sau đó thái miếng để ráo, thấm hết nước', 'Bước 2: - Cho cá ướp cùng 2 muỗng hạt nêm, 1/2 muỗng tiêu, 1/2 muỗng muối, 1/2 muỗng đường trắng trộn đều khoảng 10 phút cá thấm vị', 'Bước 3: - Cho cá vào lần lượt bột mì, trứng gà, bột chiên xù sau đó cho vào chảo chiên ngập dầu - Đến khi cá vàng tươi thì vớt ra để ráo Món  này bạn có thể chấm cùng tương ớt hoặc nước tương tùy sở thích']",[],"Thứ sáu, 8/2/2019, 09:30 (GMT+7)"
https://vncooking.com/cong-thuc/thit-boc-trung-cut-chien-gion-260,Món khai vị,Thịt bọc trứng cút chiên giòn,"Những miếng thịt được cuộn quanh những quả trứng cút, đem chiên giòn với bên ngoài là vị giòn tan, bên trong là trứng cút mịn, mềm. Bạn sẽ cảm nhận được vị lạ",,45phút,2,,3,"['Thịt băm 200 gram', 'Trứng cút 10 quả', 'Sốt Mayonnaise 3 muỗng']","['Bước 1: - Đập quả trứng gà, lấy lòng đỏ - Cho thịt băm ra tô ướp cùng với 2 muỗng hạt nêm, 1/2 muỗng đường và 1 muỗng tiêu, lòng đỏ trứng gà trộn đều - Trứng cút luộc sơ thành hồng đào, lọt vỏ để ráo', 'Bước 2: - Lấy từng phần thịt bằng nhau bọc quanh quả trứng cút, làm tương tụ đến khi hết thịt và trứng', 'Bước 3: - Cho chảo dầu lên bếp, trứng cút bọc thịt vào chiên đến khi vàng thì vớt ra - Món này bạn chấm sốt mayonnaise là ngon nhất']",[],"Thứ sáu, 8/2/2019, 09:10 (GMT+7)"
https://vncooking.com/cong-thuc/thit-ba-chi-ap-chao-cay-259,Món chính,Thịt ba chỉ áp chảo cay,"Thịt ba chỉ được nêm nếm công phu nên vị sẽ hơi cay nhẹ do bột ớt tạo nên. Món thịt mềm, dai ăn kèm với cơm, bún, bánh hỏi, bánh mì đều phù hợp.",,45phút,4,,6,"['Thịt ba chỉ 500 gram', 'Tương ớt HQ 2 muỗng', 'Rượu trắng 2 muỗng', 'Ớt bột 2 muỗng', 'Dầu mè 1 muỗng', 'Tỏi băm 1 muỗng']","['Bước 1: ƯỚP THỊT - Thịt heo cho vào tô lớn ướp với: rượu trắng, tương ớt, ớt bột, 2 muỗng nước tương, tỏi băm, đường, dầu mè trộn đều ướp khoảng 20 phút.', 'Bước 2: - Cho chảo lên bếp với ít dầu - Khi dầu nóng cho thịt vào áp chảo', 'Bước 3: - Đảo đều 2 mặt đến khi thịt săn lại, màu đẹp - Tắt bếp, bạn cho thịt ra thớt thái miếng Món này bạn có thể ăn kèm với nước tương pha ít ớt và tỏi băm Chúc bạn thành công']",[],"Thứ sáu, 8/2/2019, 08:49 (GMT+7)"
https://vncooking.com/cong-thuc/pho-mai-que-tai-nha-258,Món tráng miệng,Phô mai que tại nhà,"Phô mai que nằm trong danh sách món xiên que chiên, nhưng món này lại được yêu thích hơn bởi vị phô mai béo bên trong và vị giòn tan bên ngoài bên vẫn ngon",,30phút,4,,4,"['Phô mai 10 cây', 'Trứng gà 2 quả', 'Bột mì 15 gram', 'Bột chiên xù 20 gram']","['Bước 1: - Cho bột mì, bột xù ra tô khác nhau - 2 quả trứng đập đánh tan ra chén', 'Bước 2: - Phô mai que cắt đôi - Sau đó cho phô mai vào 1 lớp bột mì, 1 lớp trứng và 1 lớp bột xù sau đó đem đi chiên', 'Bước 3: - Chiên với lửa nhỏ đến khi phô mai mềm và vàng đều thì cho ra, để ráo dầu - Món này bạn ăn kèm với tương ớt pha ít mayonnaise là rất ngon']",[],"Thứ hai, 4/2/2019, 10:31 (GMT+7)"
https://vncooking.com/cong-thuc/banh-sua-chua-homemade-257,Bánh và bánh ngọt,Bánh sữa chua Homemade,"Những chiếc bánh sữa chua được làm tại nhà rất đơn giản, món này hiện tại là món hot nhất của giới trẻ. Bánh béo, thơm, chua chua nên ăn không ngán mà lại rất được yêu thích",,30phút,4,,5,"['Sữa chua 200 gram', 'Sandwich 2 ổ', 'Sữa đặc 50 ml', 'Bột bắp 15 gram', 'Sốt Mayonnaise 2 muỗng']","['Bước 1: LÀM NHÂN BÁNH - Cho 2 hủ sữa chua, sữa đặc, sốt mayonnaise vào tô đánh tan hỗn hợp - Cho lên bếp đun với lửa nhỏ, khi thấy nồi sôi thì cho bột bắp vào khuấy đều - Khi hỗn hợp sệt sệt lại thì tắt bếp, cho vào ngăn lạnh khoảng 2 tiếng', 'Bước 2: LÀM VỎ BÁNH - Bánh Sandwich bỏ 4 phần rìa bên ngoài, dùng cối ép dẹp miếng Sandwich - Gấp đôi miếng sandwich lại, dùng nĩa kẹp rìa bánh lại dính với nhau, chừa lại 1 đầu để đổ sữa chua vào', 'Bước 3: - Lấy sữa chua ra, đổ vào miếng Sandwich rồi dùng nĩa kẹp dính lại - Làm đến khi hết bánh', 'Bước 4: - Bánh sữa chua đã hoàn thành Chúc bạn thành công']",[],"Chủ nhật, 3/2/2019, 19:07 (GMT+7)"
https://vncooking.com/cong-thuc/ca-dieu-hong-chien-toi-256,Món chính,Cá điêu hồng chiên tỏi,"Cá điêu hồng được ướp cùng với tỏi băm và muối nên vị mặn mặn, da lại giòn vàng nên ngon miệng lắm.",,30phút,4,,3,"['Cá điêu hồng 1 con', 'Tỏi 4 tép', 'Ớt 2 trái']","['Bước 1: - Cá điêu hồng làm sạch, rứa vào đường rồi ướp cùng muối và hạt nêm - Tỏi băm nhuyễn - Ớt băm nhuyễn', 'Bước 2: - Cho tỏi và ớt vào chén, thêm 1 muỗng đường, 2 muỗng nước mắm - Làm nóng chảo, cho cá vào chiên vàng đều 2 mặt', 'Bước 3: - Khi cá vàng đỗ nước mắm tỏi quanh cá, đảo đều 2 mặt - Chiên thêm 5 phút thì tắt bếp, cho cá ra dĩa Món này bạn ăn kèm với rau sống và dưa leo là ngon nhất']",[],"Chủ nhật, 3/2/2019, 10:30 (GMT+7)"
https://vncooking.com/cong-thuc/canh-chua-ca-dieu-hong-255,Món chính,Canh chua cá điêu hồng,"Món xuất phát từ miền Tây sống nước, mỗi lần nước nổi, những mẻ cá điêu hồng lại được bày bán khắp phố chợ nhỏ, người ta mua về, nấu canh, kho cá hay chiên sả ớt,... Nhưng món canh chua là món làm người dân xiu lòng nhất vì vị ngọt, chua, mềm của cá luôn làm người khác phải mê man",,30phút,2,,12,"['Cá điêu hồng 300 gram', 'Cà chua 1 quả', 'Bạc hà 1 cây', 'Đậu bắp 4 trái', 'Giá đỗ 50 gram', 'Ngò om 1 nhánh', 'Hành lá 1 nhánh', 'Tỏi 2 tép', 'Ớt 2 trái', 'Ngò gai 1 nhánh', 'Nước cốt me 1 gói', 'Trái thơm 1 khúc']","['Bước 1: - Cá điêu hồng rửa sạch, thái khúc - Hành lá thái khúc - Đậu bắp thái xéo - Cà chua thái - Bạc hà tước bỏ phần vỏ, thái khúc xéo - Thơm thái miếng nhỏ', 'Bước 2: - Cho chảo lên bếp cùng ít dầu, cho tỏi vào phi thơm - Khi tỏi thơm thì vớt tỏi ra, cho 1/2 cà chua vào xào mềm', 'Bước 3: - Cho 3 chén nước lạnh vào nồi cùn với cá, nấu chín thì vớt cá ra để riêng', 'Bước 4: - Cho thêm bạc hà, thơm, đậu bắp, cà chua vào nấu chín - Bạn nêm với ít nước mắm, đường, hạt nêm', 'Bước 5: - Cuối cùng bạn cho giá, hành, ngò, tỏi phi và cá vào nấu thêm 3 phút nữa thì tắt bếp Chúc bạn thành công']",[],"Chủ nhật, 3/2/2019, 10:02 (GMT+7)"
https://vncooking.com/cong-thuc/ca-basa-kho-to-254,Món chính,Cá Basa kho tộ,"- Món cá basa kho là món ăn được người dân miền Tây ưa chuộng, loại cá này có quanh năm nên rất được yêu thích",,30phút,4,,4,"['Cá basa 400 gram', 'Tỏi 2 tép', 'Hành tím 1 củ', 'Hành lá 1 nhánh']","['Bước 1: - Cá basa bạn rửa sạch, thái khúc, ướp với 1 muỗng muối - Hành lá thái nhỏ - Tỏi, hành tím băm nhuyễn', 'Bước 2: - Cho chảo lên bếp, cho thêm 2 muỗng dầu ăn, 3 muỗng đường xào đảo đều - Khi đường chuyển thành màu nâu đen thì cho hành tím và tỏi vào phi thơm', 'Bước 3: - Khi thơm thì cho cá vào kho, cho thêm 1 muỗng muối, 2 muỗng đường, 2 muỗng nước lọc vào - khi sôi bạn cho ít ớt hoặc tiêu vào kho tiếp', 'Bước 4: - Khi thấy nước sệt và cá chín thì bạn có hành lá vào đảo thêm 1 lần nữa rồi tắt bếp Chúc bạn thành công']",[],"Chủ nhật, 3/2/2019, 08:20 (GMT+7)"
https://vncooking.com/cong-thuc/chao-hau-253,Món chính,Cháo hàu,"Món cháo này có vị mặn và đậm đà lắm, vị ngọt cực thanh của hàu ăn kèm với chao mềm mịn nên vị càng được nâng cao",,30phút,2,,5,"['Hàu sữa 150 gram', 'Gạo tẻ 100 gram', 'Nấm bào ngư 2 cái', 'Hành tím 1 củ', 'Hành lá 1 nhánh']","['Bước 1: - Hàu nếu bạn mua nguyên con thì bạn rửa sạch cạo vỏ, cho vào lò vi sóng quay khoảng 3 phút để hàu hé miệng. Lây phần thịt hàu - Nấu bạn mua hàu đã tách thịt thì chỉ cần rửa', 'Bước 2: - Hành lá thái nhỏ - Hành tím thái mỏng - Nấm rửa sạch, thái sợi', 'Bước 3: - Gạo bạn rang sơ cho săn và thơm thì cho vào nồi nấu chín', 'Bước 4: - Cho chảo dầu lên bếp, phi hành tím thơm thì vớt ra, cho hàu vào xào sơ, vớt ra dĩa - Cho nấm vào xào sơ rồi vớt ra', 'Bước 5: - Khi nồi cháo đã chín bạn nêm lại với với 1/2 muỗng hạt nêm, đường và ít muối tiêu vừa ăn - Cho tất cả nguyên liệu vào đun thêm 3 phút thì tắt bếp Món ăn đã hoàn thành']",[],"Chủ nhật, 3/2/2019, 08:02 (GMT+7)"
https://vncooking.com/cong-thuc/chao-ga-don-gian-252,Món chính,Cháo gà đơn giản,"Những bát cháo nóng dành cho những ngày đông là ý kiến quá tốt cho gia đình bạn, món ăn rất đơn giản nên bạn có thể nấu tại nhà mà không sợ bị lỗi",,45phút,2,,3,"['Thịt gà 500 gram', 'Gạo tẻ 1 chén', 'Hành lá 2 nhánh']","['Bước 1: - Gà rửa sạch với nước muối pha loãng rồi luộc chín, xé thịt gà ra', 'Bước 2: - Vo gạo sạch, cho vào nồi nước nấu gà nấu chín - Khoảng 20 phút khi thấy cháo hơi nhừ thi nêm với 1 muỗng đường, hạt nêm, muối và ít tiêu', 'Bước 3: - Cho ít hành lá vào khuấy đều - Múc ra tô và chuẩn bị ăn']",[],"Chủ nhật, 3/2/2019, 07:46 (GMT+7)"
https://vncooking.com/cong-thuc/chao-bi-do-bo-oc-251,Món chính,Cháo bí đỏ bổ óc,"Nếu nhà bạn có trẻ nhỏ thì món cháo bí này không thể thiếu trong thực đơn của bé hàng tuần. Cháo bi đỏ có hàm lượng chất dinh dưỡng rất cao, ngoài vị thơm ngon mà bí mang lại thì nó còn giúp nuôi dưỡng sự phát triển của não.",,60phút,2,,3,"['Gạo nếp 1 chén', 'Bí đỏ 150 gram', 'Đậu xanh 100 gram']","['Bước 1: - Gạo nếp bạn ngâm khoảng hơn 1 tiếng trước khi nấu - Bí đỏ thái nhỏ', 'Bước 2: - Cho vào nồi, bí đỏ, gạo và đậu xanh, nước đầy đun với lửa lớn khi nước sôi thì hạ lửa nhỏ lại', 'Bước 3: - Bạn dùng nĩa nghiền nhỏ bí trong nồi và nêm lại với ít đường', 'Bước 4: - Nấu đến khi cháo nềm và bí chín đều, món này bạn nên ăn nóng Chúc bạn thành công']",[],"Chủ nhật, 3/2/2019, 07:36 (GMT+7)"
https://vncooking.com/cong-thuc/chao-ech-singapore-cuc-hot-250,Món chính,Cháo ếch Singapore cực hot,"Đi khắp Sài Gòn bạn có thể kiếm được một quán bán cháo ếch singapore dễ dàng, những hàng quán mọc lên để phục vụ nhu cầu ăn uống của khách hàng. Món này rất ngon, đặc biệt là những buổi tối hẹn hò, bạn làm một tô cháo nóng cùng vị ếch đầm đà có phần dân giã nên rất được lòng khách",,45phút,2,,12,"['Thịt ếch 4 con', 'Dầu hào 4 muỗng', 'Dầu mè 2 muỗng', 'Giấm đen 2 muỗng', 'Ớt 4 trái', 'Hành tây 1 củ', 'Hắc xì dầu 4 muỗng', 'Rượu trắng 3 muỗng', 'Gừng 1 củ', 'Tỏi phi 2 muỗng', 'Hành lá 2 nhánh', 'Gạo tẻ 100 gram']","['Bước 1: - Ếch khi mua người bán đã lọt da nên bạn không ngại vấn đề này - Rửa sạch sau đó ướp cùng 1/2 muỗng dầu mè, đường, 1 muỗng nước tương, dầu hào chờ 20 phút cho ếch thấm vị', 'Bước 2: - Vo gạo sạch, cho vào nồi đất nấu với 3 chén nước. Khi nước sôi thì hạ lửa nhỏ lại, khuấy đều hạn chế cháy phần đáy - Nấu đến khi cháo hơi sệt và mềm mịn là được', 'Bước 3: - Gừng, tỏi thái lát mỏng - Ớt bỏ hạt, thái miếng nhỏ - Hành lá thái khúc dài', 'Bước 4: - Cho chảo lên bếp cùng ít dầu. Cho vào chảo gừng, tỏi, ớt xào thơm - Sau đó thêm dầu hào, rượu trắng, giấm đen, hắc xì dầu, dầu mè, 1/2 chén nước lọc, đường, tiêu đun sôi và khuấy đều', 'Bước 5: - Cuối cùng, bạn cho ếch vào, trộn đều và nấu khoảng 20 phút thì ếch sẽ chín', 'Bước 6: - Khi ếch chín bạn tắt bếp, cho hành lên trên - Món ăn đã xong, chúc bạn ngon miệng']",[],"Chủ nhật, 3/2/2019, 07:20 (GMT+7)"
https://vncooking.com/cong-thuc/chao-ca-hoi-bi-do-bo-duong-249,Món chính,Cháo cá hồi bí đỏ bổ dưỡng,"Đối những những bé kén ăn thì một bữa ăn là một cực hình dành cho các bà mẹ, bé đã kén ăn nên khi chọn nguyên liệu nấu cháo đủ dinh dưỡng cho bé, hạn chế thấp còi là điều cần thiếu. Với món cháo cá hồi nấu cùng bí đỏ là món ăn đậm dinh dưỡng, ngon, thơm mà bé yêu nhà bạn sẽ thích",,60phút,2,,5,"['Gạo tẻ 1 chén', 'Bí đỏ 200 gram', 'Cá hồi 200 gram', 'Gừng 2 lát', 'Rau răm 1 bó']","['Bước 1: - Cá hồi bạn rửa với nước giấm pha loãng (chỉ cần 1 muỗng giấm) - Thái làm đôi - Bí đỏ gọt vỏ, thái nhỏ - Rau răm thái nhỏ - Gừng băm nhuyễn', 'Bước 2: - Cho nồi lên bếp, cho vào 3 chén nước và 1 muỗng muối - Cho cá vào nấu với lửa nhỏ đến khi cá chín thì vớt ra, giữ lại nước', 'Bước 3: - Gạo tẻ bạn vo sạch, sau đó cho vào nồi luộc cá (bạn có thể thêm nước lọc nếu nước luộc cá ít) - Bí đỏ hấp chín sau đó nghiền nát, cho vào nồi cháo khuấy đều', 'Bước 4: - Cá hồi bạn nghiền nhỏ bằng nĩa - Nồi cháo bạn nên nêm bằng ít hạt nêm cho vừa miệng', 'Bước 5: - Khi cháo chín múc ra tô, cho cá ở trên, nếu trẻ lớn bạn có thể cho rau rằm vào ăn sẽ thơm hơn, còn trẻ nhỏ thì bỏ qua bước này Chúc bạn thành công']",[],"Chủ nhật, 3/2/2019, 07:05 (GMT+7)"
https://vncooking.com/cong-thuc/bo-sot-vang-nha-hang-248,Món chính,Bò sốt vang nhà hàng,Nếu bạn đã ngán món bò kho truyền thống thì bạn hãy chuyển qua món Bò sốt vang cực nổi tiếng của nhà hàng,,45phút,2,,8,"['Thịt bò 300 gram', 'Cà rốt 2 củ', 'Rượu vang 150 gram', 'Cà chua 2 trái', 'Khoai tây 2 củ', 'Tỏi 2 củ', 'Bột ngũ vị hương 1 gói', 'Gừng 1 củ']","['Bước 1: - Cà rốt và hành tây bạn gọt vỏ, thái khúc vừa ăn - Cà chua thái hạt lựu - Tỏi băm nhuyễn - Gừng thái lát, đập dập', 'Bước 2: - Thịt bò thái miếng vuông, chuẩn bị nồi nước sôi, cho thịt vào chằn sơ rồi vơt ra tô - Bạn ướp thịt cùng 1 muỗng nước mắm, 1/4 muỗng muối, tiêu, gừng, 1/2 lượng tỏi, ngũ vị hương, rượu vang và 1 muỗng đường trộn đều ướp khoảng 30 phút', 'Bước 3: - Cho nồi lên bếp cùng ít dầu, phi tỏi thơm thì cho cà chua vào xào đến hi chín thì cho thịt bò vào - Bạn thêm vào ít tương cà, và 1 chén nước rồi đun đến khi nước sôi thì cho khoai và cà rốt vào đun thêm 15 phút nữa', 'Bước 4: - Bạn nêm lại một lần nữa - Thấy nước đã sệt lại thì tắt bếp Món ăn đã xong']",[],"Thứ bảy, 2/2/2019, 20:11 (GMT+7)"
https://vncooking.com/cong-thuc/thit-heo-kho-cui-dua-247,Món chính,Thịt heo kho cùi dừa,"Món thịt kho tàu hay thịt kho hột vịt quá quen thuộc với những bữa cơm gia đình rồi, nhưng đến hôm nay VN Cooking sẽ giới thiệu đến bạn món thịt kho xùi dừa, vừa lạ vừa quen dành cho mâm cơm nhà bạn",,45phút,4,,3,"['Thịt ba chỉ 500 gram', 'Cùi dừa 180 gram', 'Nước dừa 200 ml']","['Bước 1: - Thịt heo rửa sạch thái khúc vừa ăn - Bạn ướp thịt với 1/2 muỗng muối, tiêu trộn đều ướp khoảng 12 phút - Cùi dừa gọt sạch, thái sợi vừa ăn', 'Bước 2: - Cho chảo lên bếp, cho 2 muỗng dầu và 3 muỗng đường vào chảo, đun với lửa nhỏ - Khi đường chuyển thành màu vàng thì bạn cho thịt và cui dừa vào đảo khoảng 10 phút cho thịt săn lại', 'Bước 3: - Cho nước dừa vào nêm cùng ít nước mắm, hạt nêm cho vừa miệng gia đình bạn - Khi nước sôi bạn đun với lửa nhỏ đến khi nước hơi sệt lại', 'Bước 4: - Khi thịt đã mềm, thơm thì bạn có thể tắt bếp - Múc ra dĩa và thưởng thức cùng cơm trắng']",[],"Thứ bảy, 2/2/2019, 19:57 (GMT+7)"
https://vncooking.com/cong-thuc/muc-ong-chien-gion-246,Món chính,Mực ống chiên giòn,"Những miếng mực được chiên cùng với bột xù thơm giòn tan, ăn kèm với tương ớt càng ngon hơn và sẽ là món ăn tối đầy thú vị cho gia đình bạn",,30phút,2,,7,"['Mực ống 400 gram', 'Bột chiên giòn 200 gram', 'Bột chiên xù 100 gram', 'Trứng gà 2 quả', 'Quả tắc 3 quả', 'Bột ớt 0.5 muỗng', 'Tỏi 2 củ']","['Bước 1: LÀM NƯỚC SỐT - Cho nồi lên bếp - Cho vào nồi 2 muỗng nước mắm, 1.5 muỗng đường, 0.5 muỗng bột ớt khuấy đều đến khi hỗn hợp tan, tắt bếp để nguội - Bạn cho thêm tỏi ớt băm, nước tắc khuấy đều', 'Bước 2: - Mực rửa sạch, thái khoanh vừa - Trứng đập ra chén, đánh tan', 'Bước 3: - Cho mực qua 1 lớp bột chiên giòn, 1 lớp trứng, 1 lớp chiên xù rồi cho lên chảo nóng chiên - Khi thấy mực vàng thì vớt ra để ráo - Bạn rưới phần sốt lên trên dĩa mực là có thể ăn được Chúc bạn thành công']",[],"Thứ bảy, 2/2/2019, 19:38 (GMT+7)"
https://vncooking.com/cong-thuc/cach-luoc-ga-ngon-nhat-245,Món chính,Cách luộc gà ngon nhất,"Với một con gà để luộc chín ngon cần phải có một công thức đúng và chuẩn nhất. Hôm nay, VN Cooking rất hân hạnh được giới thiệu bạn công thức luộc món gà ngon và dai nhất. Cùng thử thực hiện nào. Lets go",,60phút,5,,5,"['Gà 1 con', 'Lá chanh 8 lá', 'Gừng 1 củ', 'Hành tím 3 củ', 'Lát nghệ 1 củ']","['Bước 1: - Bạn cho gà vào nồi luộc với lượng nước hơn mức gà một ít', 'Bước 2: - Hành tím, thái đôi - Gừng thái lát, đập dập - Cho 1 muỗng muối, hành tím và gừng vào nồi luộc gà', 'Bước 3: - Đun với lửa lớn khoảng 5 phút thì hạ lửa nhỏ lại tránh nước sôi mạnh là nát da gà', 'Bước 4: LÀM SỐT QUÉT LÊN GÀ - Cho nghệ, mỡ gà vào chảo, khi mỡ tan thì xào đều đến khi ra màu vàng đẹp thì tắt bếp', 'Bước 5: - Bạn chuẩn bị 1 nồi nước sôi cho đá lạnh vào - Khi gà chín bạn vớt gà ra, cho ngay vào nồi nước sôi có đá (làm như thế để thịt gà chắt, da căng giòn', 'Bước 6: - Cho gà ra dĩa, quét sốt mỡ gà vàng lên đẹp mắt. Bạn để nguyên con khi cúng hoặc chặt khúc tùy bạn Chúc bạn thành công']",[],"Thứ bảy, 2/2/2019, 17:56 (GMT+7)"
https://vncooking.com/cong-thuc/mien-tron-ga-xe-244,Món chính,Miến trộn gà xé,"Miến trộn gà xé là món đơn giản hơn miến nước nhiều, bạn chỉ cần khéo léo trong cách trộn gà và nước sốt thì một tô miến ngon là điều dễ dàng.",,30phút,2,,7,"['Miến 200 gram', 'Thịt gà 200 gram', 'Tỏi 2 củ', 'Hành tím 2 củ', 'Dầu mè 3 muỗng', 'Giá đỗ 80 gram', 'Hành lá 1 nhánh']","['Bước 1: - Thịt gà bạn rửa sạch rồi luộc chín cùng 1 muỗng muối, vớt ra để ráo, xé thịt gà nhỏ ra', 'Bước 2: - Bạn chuẩn bị 1 nồi nước sôi, cho 2 muỗng dầu ăn vào nồi - Miến bạn trụng với nước sôi khoảng 5s là miến sẽ chín. Vớt ra để vào tô - Hành tím, tỏi băm nhuyễn', 'Bước 3: - Cho chảo lên bếp, phi tỏi, hành tím cho thơm - Cho thêm 2 muỗng nước tương, dầu mè, 1 muỗng đường vào khuấy đều. Khi sôi thì tắt bếp', 'Bước 4: - Rụng giá đỗ sơ với nước rồi cho ra tô, cho ít nước sốt tương lên trộn đều rồi cho gà lên trên. Món này bạn ăn kèm với ít nước tương chanh nữa nếu bạn thích Chúc bạn ngon miệng']",[],"Thứ bảy, 2/2/2019, 17:23 (GMT+7)"
https://vncooking.com/cong-thuc/com-ga-hai-nam-noi-tieng-243,Món chính,Cơm gà Hải Nam nổi tiếng,Cơm gà Hải Nam thịt thơm dai được có từ Trung Quốc nên vị rất đậm ẩm thực Trung Hoa. Bạn chỉ cần bỏ ra một ít thời gian là có thể chế biến được món này tại nhà,,30phút,2,,9,"['Thịt gà 600 gram', 'Tỏi băm 1 muỗng', 'Gừng 1 củ', 'Ớt 1 trái', 'Lá dứa 2 lá', 'Giấm 1 muỗng', 'Tương đậu nành 1 muỗng', 'Bơ lạt 1 muỗng', 'Gạo tẻ 1 chén']","['Bước 1: - Gà rửa bằng muối cho thật sạch - Gừng băm nhuyễn, vắt lấy nước - Gạo vo sạch, cho 1 muỗng muối vào gạo trộn đều', 'Bước 2: - Thịt gà cho vào nồi nấu chín cùng với lá dứa, khi gà chín vớt ra để ráo. Bạn giữ phần nước luộc gà lại', 'Bước 3: - Nước gà và lá dứa cho vào nồi cơm điện nấu chín cơm như bình thường', 'Bước 4: - Bơ cho vào chảo nhỏ nấu chảy rồi cho ra chén - Thêm vào chén bơ ít tỏi, ớt, 1 muỗng tương đậu nành, tương ớt, nước tương, giấm, đường trắng trộn đều', 'Bước 5: - Gà bạn chặt khúc vừa ăn, đẹp mắt - Cơm chín cho ta dĩa, để gà kế bên và chấm nước chấm khi ăn Chúc bạn thành công']",[],"Thứ bảy, 2/2/2019, 10:10 (GMT+7)"
https://vncooking.com/cong-thuc/com-cuon-trung-han-quoc-242,Món chính,Cơm cuộn trứng - Hàn Quốc,"Món này xuất thân từ đât nước Hàn Quốc, những ngày rảnh rỗi muốn tự thưởng cho mình 1 món ăn đẹp mắt, lại ngon, bổ dưỡng thì VN Cooking xin giới thiệu ""Cơm cuộn trứng"" là phương án tốt nhất dành cho bạn",,15phút,1,,5,"['Cơm 1 chén', 'Trứng gà 3 quả', 'Hành tây 1 củ', 'Thịt gà 150 gram', 'Bơ lạt 50 gram']","['Bước 1: - Hành tây thái hạt lựu - Thịt gà thái hạt lựu nhỏ', 'Bước 2: - Cho hành tây vào chảo xào thơm - Khi hành thơm thì cho thịt gà vào xào chín - Gà chín thì cho cơm vào nêm cùng 2 muỗng tương cà, 1/4 muỗng muối và tiêu, trộn đều khoảng 5 phút thì múc qua chén', 'Bước 3: - Đập trứng ra tô, cho 1/3 muỗng muối tiêu vào khuấy đều - Cho bơ vào chảo, khi bơ tan hết thì cho trứng vào, tráng đều (bạn nên chọn chảo mặt phẳng không nhô)', 'Bước 4: - Khi thấy trứng hơi cứng thì cho cơm vào giữa, xếp các cạnh lại rồi chiên thêm 1 phút thì cho ra dĩa Món ăn đã hoàn thành']",[],"Thứ bảy, 2/2/2019, 09:52 (GMT+7)"
https://vncooking.com/cong-thuc/ga-xao-sa-ot-cay-241,Món chính,Gà xào sả ớt cay,Món gà xào sả này làm rất nhanh và đơn giản. Với công thức có sẵn dễ dàng cho bạn thực hiện tại nhà,,45phút,4,,6,"['Thịt gà 500 gram', 'Sả 4 cây', 'Ớt 3 trái', 'Nước cốt dừa 50 ml', 'Tỏi 2 củ', 'Gừng 1 củ']","['Bước 1: - Ớt băm nhuyễn cùng sả - Gừng thái sợi nhỏ - Tỏi băm nhuyễn - Gà chặt khúc', 'Bước 2: - Cho gà ướp cùng với 1/2 lượng sả ớt băm, 2 muỗng đường, hạt nêm và nước mắm trong 20 phút', 'Bước 3: - Cho chảo lên bếp, phi tỏi thơm thì cho phần ớt sả băm còn lại vào - Cho gà vào xào đều, khi thịt gà săn lại thì bạn cho nước cốt dừa vào xào đều và nêm lại cho vừa ăn', 'Bước 4: - Khi gà chín và nước sệt lại thì bạn tắt bếp Món ăn đã hoàn thành']",[],"Thứ bảy, 2/2/2019, 09:41 (GMT+7)"
https://vncooking.com/cong-thuc/lau-ga-la-e-da-lat-240,Món chính,Lẩu gà lá é Đà Lạt,Nếu ai đã có dịp đi Đà Lạt thì chắc hẵn đã thưởng thức món đặc sản vùng lạnh này.,,60phút,4,,9,"['Thịt gà 1 con', 'Lá é 200 gram', 'Măng 200 gram', 'Ớt 2 trái', 'Tỏi 3 củ', 'Sả 4 cây', 'Hành tím 2 củ', 'Đường phèn 5 muỗng', 'Nấm bào ngư 3 cái']","['Bước 1: - Thịt gà rửa sạch, thái khúc - Lá é bớt dập - Măng tươi luộc 5 đến 7 lần cho giải chất độc trong măng, sau đó thái khúc nhỏ - Nấm bào ngư ngâm nước sau đó thái sợi nhỏ', 'Bước 2: - Ớt băm, 1/3 lá é, 1/2 sả thái nhỏ, 2 củ hành tím thái nhỏ, 2 củ tỏi đập dập, 1 muỗng tiêu, 2 muỗng đường, 3 muỗng hạt nêm, 1 muỗng muối và 2 muỗng nước mắm, cho vào cối đập nguyễn - Trộn đều gia vị trên với gà và để khoảng 30 phút cho gà thấm vị', 'Bước 3: - Cho nồi lên bếp cùng ít dầu, khi dầu nóng cho gà vào xào cho thịt gà săn lại - Cho 2 lít nước, măng và 2/3 lượng sả thái khúc vào nồi đun - Khi nước sôi thì hạ lửa đun nhỏ', 'Bước 4: - Cho nấm bào ngư. Nêm nồi nước cùng đường phèn và 5 muỗng hạt nêm. - Cuối cùng bạn cho lượng lá é còn lại vào nồi chờ nước sôi thêm 1 lần nữa thì tắt bếp Chúc bạn thành công']",[],"Thứ bảy, 2/2/2019, 08:46 (GMT+7)"
https://vncooking.com/cong-thuc/goi-ga-tron-hanh-tay-239,Món khai vị,Gỏi gà trộn hành tây,"Những miếng thịt gà xé được trộn với các loại rau củ và hành tây. Mùi vị đậm đà, ăn chua chua không ngán nên thường làm món khai vị cho các bữa tiệc",,45phút,2,,6,"['Thịt gà 300 gram', 'Hành tây 1 củ', 'Ớt sừng 2 trái', 'Rau răm 50 gram', 'Nước cốt chanh 2 muỗng', 'Cà rốt 1 củ']","['Bước 1: - Thịt gà nấu chín rồi xé sợi vừa ăn - Cho gà ướp cùng 1/2 muỗng muối, đường, tiêu trộn đều', 'Bước 2: - Hành tây thái mỏng rồi ngâm nước khoảng 30 phút (để giảm độ nồng của hành tây) - Ớt sừng thái xéo nhỏ - Rau răm thái nhỏ - Cà rốt thái gọt nhỏ', 'Bước 3: - Cho hành tây, rau răm, cà rốt và ớt trộn đều với nước cốt chanh và 1 muỗng đường', 'Bước 4: - Sau đó bạn cho gà xé vào trộn đều 1 phần nữa Món này nếu bạn thích có thể cho thêm đậu phộng và bánh phồng ăn kèm Chúc bạn ngon miệng']",[],"Thứ bảy, 2/2/2019, 08:31 (GMT+7)"
https://vncooking.com/cong-thuc/chan-ga-nuong-thom-voi-sa-238,Nhanh và dễ,Chân gà nướng thơm với sả,"Những chiếc chân gà được nướng thơm cùng với hương tỏi băm nồng, nướng rất thơm, lớp da ngoài dai dai.",,45phút,4,,6,"['Chân gà 500 gram', 'Sốt gia vị 1 gói', 'Sả 2 cây', 'Ớt 3 trái', 'Gừng 1 củ', 'Tỏi 3 củ']","['Bước 1: - Tỏi băm nhuyễn - Sả thái khúc dài, gừng thái lát - Chân gà rửa sạch, đem hấp sơ với gừng và sả trong 10 phút (hấp trước chân gà như vậy gà không bị teo và sẽ ngọt khi nướng)', 'Bước 2: - Lấy chân gà ra ướp cùng với tỏi, ớt, sả băm và gói sốt gia vị', 'Bước 3: - Cho thêm 2  muỗng dầu ăn vào gà, trộn đều - Bạn cho chân gà ra khây cho vào lò nướng ở nhiệt độ 200 độ C trong 20 phút hoặc nướng than sẽ ngon hơn', 'Bước 4: - Món này ăn ngon nhất là khi nóng chấm kèm với muối tiêu chanh pha ớt cay Chúc bạn thành công']",[],"Thứ bảy, 2/2/2019, 08:18 (GMT+7)"
https://vncooking.com/cong-thuc/ca-ri-ga-tai-nha-don-gian-nhat-237,Món chính,Cà ri gà tại nhà đơn giản nhất,"Món này xuất hiện xuyên suốt trong các bữa tiệc, đám cưới hay sinh nhật của người Việt Nam. Món ăn dễ thưởng thức, ăn kèm với bánh mì béo thơm, không quá ngán nên được ưa chuộng",,75phút,4,,8,"['Thịt gà 500 gram', 'Khoai lang 400 gram', 'Khoai tây 200 gram', 'Cà ri 1 gói', 'Sả 3 cây', 'Tỏi 3 củ', 'Hành tím 3 củ', 'Nước cốt dừa 120 ml']","['Bước 1: - Gà chặt khúc vừa ăn, rửa rồi để ráo - Sả thái khúc nhỏ, đập dập - Hành tím, tỏi thái nhuyễn - Khoai lang, khoai tây gọt vỏ, thái khúc. Cho chảo lên bếp, chiên sơ khoai cho vàng, khoai săn lại thì vớt ra để ráo', 'Bước 2: - Cho gà ướp với gói sốt gia vị, trộn đều 25 phút trước khi nấu - Cho ít dầu vào nồi, cho sả, hành tím, tỏi vào phi thơm. Cho gà vào xào đều', 'Bước 3: - Khi gà săn thì cho thêm 4 chén nước vào đun sôi - Khi nước sôi thì cho 2 loại khoai vào, đun thêm 30 phút để gà chín', 'Bước 4: - Cho thêm nước dừa vào, đun thêm 3 phút thì tắt bếp - Món ăn đã xong. Chúc bạn ngon miệng']",[],"Thứ sáu, 1/2/2019, 19:23 (GMT+7)"
https://vncooking.com/cong-thuc/thit-nau-chao-236,Món chính,Thịt nấu chao,"Những người nào là đứa con Nam bộ không thể không nhớ đến hương vị thơm, cay, dai của món thịt vịt nấu chao, một đặc sản của con người nơi đây.",,60phút,3,,9,"['Vịt 1 con', 'Khoai môn 300 gram', 'Nước dùng gà 300 ml', 'Nước dừa 300 ml', 'Chao 200 gram', 'Gừng băm 2 muỗng', 'Sả băm 2 muỗng', 'Tỏi băm 3 muỗng', 'Bột ớt 2 muỗng']","['Bước 1: - Thịt vịt rửa sạch với rượu và gừng băm để khử mùi, chặt khúc - Cho vào chén 2 muỗng tỏi, 1 muỗng gừng, 1 muỗng sả, hạt nêm, đường, 2 muỗng nước mắm, 3/4 lượng chao. Trộn đều với vịt và chờ 30 phút', 'Bước 2: - Khoai môn gọt vỏ, rửa sạch, thái khúc nhỏ vừa đủ ăn - Cho chảo ít dầu lên bếp, cho khoai vào chiên vàng đều rồi vớt ra để ráo dầu', 'Bước 3: - Cho nồi lên bếp, ít dầu vào nồi cho ít gừng và sả vào phi thơm - Cho thêm ít bột ớt vào tạo màu, cho thịt vịt vào trộn đều cho thịt săn lại', 'Bước 4: - Khi thấy thịt vịt săn thì cho nước dừa, nước dùng gà vào nấu với lửa lớn - Khi nước sôi cho khoai môn vào (nhớ vớt bọt thường xuyên)', 'Bước 5: - Nấu thêm khoảng 25 phút thì thịt sẽ mềm và chín đều. Tăt bếp', 'Bước 6: PHA NƯỚC CHẤM - Cho vào chén ít ớt băm, tỏi, chao, 2 muỗng đường khuấy đều Cho thêm rau vào nồi và thưởng thức món ""Vịt nấu chao"" made by home nha']",[],"Thứ sáu, 1/2/2019, 18:57 (GMT+7)"
https://vncooking.com/cong-thuc/ga-nuong-muoi-ot-thom-cay-235,Món chính,Gà nướng muối ớt thơm cay,Gà nướng muối ớt được ướp bằng muối ớt được nêm kỹ lưỡng thoa vòa trong lớp da gà giòn cay. Thịt bên trong thì lại mềm dai vừa đỏ.,,60phút,4,,4,"['Gà 1 con', 'Tỏi băm 1 muỗng', 'Ớt bột 1 muỗng', 'Hành tây băm 1 muỗng']","['Bước 1: - Gà rửa sạch cũng với ít nước muối pha loãng', 'Bước 2: - Cho vào chén 1 muỗng bột ớt, tỏi băm, hành tây, 1 muỗng muối, 1/2 muỗng hạt nêm trộn đều - Thoa hỗn hợp muối quanh gà và bên trong gà, cho vào túi nilon để qua đêm trong tủ lạnh', 'Bước 3: - Lấy gà ra, cho gà lên nướng đều 2 mặt vàng - Món này bạn có thể chấm kèm với muối tiêu chanh hay tương ớt vẫn ngon Chúc bạn thành công']",[],"Thứ sáu, 1/2/2019, 18:42 (GMT+7)"
https://vncooking.com/cong-thuc/banh-khoai-lang-chien-234,Bánh và bánh ngọt,Bánh khoai lang chiên,"Ngoài chuối chiên quá nổi tiếng ra thì khoai lang chiên cũng được giới trẻ cực kỳ ưa miệng. Món này ăn ít rất ngon, vị ngọt đủ dùng nên khi ăn có cảm giác thích",,30phút,3,,3,"['Khoai lang 700 gram', 'Bột mì 150 gram', 'Bột gạo 150 gram']","['Bước 1: - Khoai gọt vỏ, rửa sạch, thái thành những sợi dài mỏng', 'Bước 2: - Cho bột mì và bột gạo vào tô, trộn đều với 1.5 chén nước rồi cho khoai vào trộn đều', 'Bước 3: - Khi dầu nóng cho từng vá bánh vào chiên, chiên vàng đều thì vớt ra để ráo dầu']",[],"Thứ năm, 31/1/2019, 20:19 (GMT+7)"
https://vncooking.com/cong-thuc/banh-da-lon-dan-gian-233,Bánh và bánh ngọt,Bánh da lợn dân gian,"Món ăn dân gian này rất được phổ biến rộng khắp Việt Nam, vị ngọt của đậu, vị dẻo vừa đủ, vị dai nhẹ nhàng luôn tạo điểm nhấn cho món ăn giản dị này",,45phút,6,,5,"['Đậu xanh không vỏ 200 gram', 'Bột năng 300 gram', 'Bột gạo 100 gram', 'Nước cốt dừa 200 ml', 'Nước lá dứa 350 ml']","['Bước 1: - Đậu xanh rửa sạch, ngâm qua đêm hoặc ngâm 3 tiếng cho đậu mềm - Bột năng trộn với bột gạo, chia làm 2 phần bằng nhau', 'Bước 2: - Đậu xanh cho vào nồi nấu chín cùng mức nước xấp xỉ mức đậu. - Khi đậu chín cho đậu vào máy xay, xay cùng 1.5 chén nước và 3 muỗng đường', 'Bước 3: - Nước đậu xanh cho thêm 1 phần bột và nước cốt dừa, khuấy đều. - 1 phần bột còn lại cho thêm nước lá dứa và 3 muỗng đường, khuấy đều', 'Bước 4: - Nồi hấp lên bếp, khuôn quét 1 lớp dầu xung quanh chống dính bánh, đun sôi', 'Bước 5: - Khi nước sôi thì cho 1 lớp đậu xanh trước, đậy nắp hấp đến khi bánh cứng thì cho 1 lớp lá dứa lên, chờ cứng thì tiếp tục 1 lớp đậu xanh - Khi hết bột thì bạn đậy nắp hấp thêm 10 phút nữa thì bánh sẽ chín đều Chúc bạn thành công']",[],"Thứ năm, 31/1/2019, 20:00 (GMT+7)"
https://vncooking.com/cong-thuc/banh-chuoi-thai-lan-232,Món tráng miệng,Bánh chuối Thái Lan,"Sự hòa huyện hòa hảo của bột mì, chuối, kèm theo là sốt chocolate và những topping đi kèm đã được cộng đồng bạn trẻ Việt Nam mê mệt.
Món ăn có vị mặn và vị ngọt pha lẫn nhau, cùng với màu sắc đặc sắc càng làm mê say người dùng",,45phút,4,,5,"['Chuối 6 quả', 'Bột mì 100 gram', 'Sữa đặc 4 muỗng', 'Bơ 2 muỗng', 'Trứng gà 5 quả']","['Bước 1: - Cho sữa đặc, 1/3 muỗng muối, 1 muỗng đường, đập 1 quả trứng và 1/2 chén nước vào tô, trộn đều', 'Bước 2: - Bột mì rây qua khây rồi cho chén nước trứng, trộn đều - Rải ít bột khô ra bàn (chống dinh), đổ bột trộn ra nhồi đến khi bột mịn thì cho vào thau bao nilon lại ủ trong 30 phút', 'Bước 3: - Chuối bóc vỏ, thái miếng mỏng - Đập 4 quả trứng vào tô, đánh tan rồi cho trứng vào trộn đều', 'Bước 4: - Sau khi bột nở, chia bột thành những phần bằng nhau, cán bột thật mỏng như hình', 'Bước 5: - Cho chảo lên bếp lửa nhỏ, cho ít dầu vào rồi để miếng bột lên chảo - Cho ít hỗn hợp chuối trứng vào giữa miếng bột trên chảo - Xếp 4 khúc bánh lại, chiên vàng thì đảo mặt lại', 'Bước 6: - Cho bánh ra dĩa, sốt chocolate lên trên và thưởng thức']",[],"Thứ năm, 31/1/2019, 19:40 (GMT+7)"
https://vncooking.com/cong-thuc/banh-xep-chien-don-gian-231,Món tráng miệng,Bánh xếp chiên đơn giản,"Bánh xếp có lớp vỏ bên ngoài được làm giòn thơm, bên trong là lớp nhân mặn của nấm mèo và củ sắn nên khi ăn không ngán mà còn có vị ghiền",,45phút,4,,5,"['Bột mì 500 gram', 'Bột năng 50 gram', 'Thịt băm 150 gram', 'Củ sắn 3 củ', 'Nấm mèo 80 gram']","['Bước 1: - Bột mì cho ra tô, cho thêm 1/2 muỗng muối vào nhồi cùng với ít nước đến khi bột mịn - Củ sắn thái hạt lựu - Nấm mèo ngâm nở rồi thái hạt lựu', 'Bước 2: NHÂN BÁNH - Cho thịt băm, củ sắn, nấm mèo trộn đều cùng với 1/2 muỗi muối và 1 muỗng đường', 'Bước 3: - Cho 1/2 lượng bột năng vào chén nước khuấy đều - Lấy bột năng khô cho vào tay để không bị dính bột - Chia bột mì thành những viên nhỏ, dùng cọ quét 1 ít nước bột năng lên bột rồi cán mỏng bột. Cho nhân vào giữa bột rồi xếp bánh lại.', 'Bước 4: - Làm như vậy đến khi hết bột - Cho vào chảo dầu chiên vàng, vớt ra để ráo dầu Chúc bạn thành công']",[],"Thứ năm, 31/1/2019, 19:19 (GMT+7)"
https://vncooking.com/cong-thuc/nem-nuong-chinh-goc-nha-trang-230,Món chính,Nem nướng chính gốc Nha Trang,"Những xiên nem được nướng nóng, thơm tại nhà, cuốn cùng với các  loại rau tươi xanh rất tuyệt vời cho một bữa cuối tuần",,45phút,2,,5,"['Thịt heo 300 gram', 'Mỡ heo 70 gram', 'Baking soda 5 gram', 'Bột năng 10 gram', 'Dầu điều 5 ml']","['Bước 1: - Thịt heo xay nhuyễn - Mỡ heo luộc qua nước sôi, chín thái hạt lựu.', 'Bước 2: - Cho thịt heo và mỡ heo vào tô, ướp cùng baking soda, bột năng, dầu điều, 1/2 muỗng tiêu, 1 muỗng đường và 1 muỗng muối - Cho thịt vào túi nilon để ngăn mát tủ lạnh qua đêm', 'Bước 3: - Lấy thịt ra, bọc thịt bao quanh que, xoa ít dầu xung quanh thịt cho vào lò nướng ở nhiệt độ 160 độ C khoảng 10 phút thì thịt sẽ chín', 'Bước 4: - Cho thịt ra, thái đôi, cuốn cùng với rau và bánh tráng Chúc bạn ngon miệng']",[],"Thứ năm, 31/1/2019, 17:28 (GMT+7)"
https://vncooking.com/cong-thuc/bun-nem-nuong-229,Món chính,Bún nem nướng,Thèm bún nem nướng mà muốn ở nhà thì lăn vào bếp cùng chế biến món ăn yêu thích này bằng công thức mà VN Cooking mang đến cho bạn hôm nay nhé!,,45phút,4,,7,"['Giò sống 200 gram', 'Thịt heo bằm 100 gram', 'Mỡ heo 30 gram', 'Đậu phộng 100 gram', 'Xà lách 2 cây', 'Dưa leo 2 trái', 'Cà rốt 1 trái']","['Bước 1: - Xà lách rửa, thái nhỏ - Dưa leo thái sợi, cà rốt gọt vỏ, thái sợi - Đậu phộng đập nhẹ', 'Bước 2: - Mỡ heo cho vào nồi luộc chín cùng 3 chén nước lọc. Sau đó, vớt ra thái hạt lựu. Bạn trộn cùng 1/2 muỗng đường cùng mỡ heo trong 15 phút', 'Bước 3: - Cho giò sống, thịt heo, mỡ heo vào xối xay nhuyễn xùng 2 muỗng nước mắm, 1 muỗng đường, 2 muỗng hạt nêm và 1/2 muỗng tiêu - Vo thành những viên dài, xiên vào que rồi nướng vàng', 'Bước 4: - 2 muỗng nước mắm bạn pha với 4 muỗng nước sôi cùng với ít tỏi ớt băm và ít cà rốt sợi - Bạn cho xà lách, rau vào tô cùng ít bún ăn với nem nướng Chúc bạn thành công']",[],"Thứ năm, 31/1/2019, 15:51 (GMT+7)"
https://vncooking.com/cong-thuc/bun-cha-ha-noi-228,Món chính,Bún chả Hà Nội,Món bùn chả được xuất thân từ Hà Nội nhưng lại được đông đảo người dân yêu thích nên rất phổ biến.,,45phút,2,,12,"['Thịt ba chỉ 200 gram', 'Thịt heo bằm 300 gram', 'Sả 1 cây', 'Tỏi 2 tép', 'Nước cốt chanh 1 muỗng', 'Cà rốt 1 củ', 'Mắm tôm 0.5 muỗng', 'Giấm 2 muỗng', 'Hành tím 2 củ', 'Ớt 1 trái', 'Đu đủ 100 gram', 'Nước màu 0.5 muỗng']","['Bước 1: - Thịt ba chỉ thái miếng mỏng - Sả xay nhuyễn, vắt lấy nước - Hành tím băm nhuyễn - Tỏi, ớt băm nhuyễn', 'Bước 2: - Đu đủ, cà rốt gọt vỏ, bào mỏng. Cho thêm 1/2 muỗng hạt nêm. đường, giấm và ớt băm vào trộn đều', 'Bước 3: - Cho vào 2 tô thịt 1/2 muỗng hạt nêm, đường, bột ngọt, nước sả, hành tím, mắm tôm, nước màu, nước cốt chanh ướp khoảng 30 phút', 'Bước 4: - Heo bằm vo thành viên rồi nước chín - 1 muỗng nước mắm pha cùng 3 muỗng nước sôi, 1/2 muỗng nước cốt chanh, tỏi ớt băm khuấy đều', 'Bước 5: - Cho dưa chua vào chén nước mắm Vậy là ăn, chúc bạn ngon miệng']",[],"Thứ năm, 31/1/2019, 15:18 (GMT+7)"
https://vncooking.com/cong-thuc/bun-thai-cay-227,Món chính,Bún Thái cay,"Những món đến từ đất nước Thái Lan đều làm cho người dân Việt yêu thích, món bún Thái này cũng không ngoại lệ. Bún Thái được làm như Lẩu Thái thu nhỏ nên vị rất giống món lẩu Thái",,45phút,4,,12,"['Tôm tươi 300 gram', 'Mực 100 gram', 'Thịt bò 100 gram', 'Gừng 1 củ', 'Hành tím băm 1 muỗng', 'Cà chua 3 quả', 'Nước cốt me 50 gram', 'Lá chanh 5 lá', 'Nấm kim châm 50 gram', 'Sả băm 1 muỗng', 'Sa tế 3 muỗng', 'Bún tươi 1 kg']","['Bước 1: - Gừng thái nhỏ - Tôm mua về rửa, tách đầu và phần thân để riêng - Cho đầu tôm vào nồi cùng 1 lít nước, gừng và 1/2 muỗng muối', 'Bước 2: - Cà chua thái khúc - Cho chảo lên bếp, hành tím phi thơm, sả băm khi thơm thì cho cà chua vào xào. Cho thêm 4 muỗng sa tế, lá chanh và nước nấu tôm đậy nắp lại', 'Bước 3: - Khi nồi nước sôi cho nước sốt me, 1 muỗng muối, 1 muỗng hạt nêm, 2 muỗng đường và 1 muỗng nước mắm.', 'Bước 4: - Mực rửa sạch, thái khúc - Cho hải sản vào nồi nấu thêm khoảng 10 phút thì tắt bếp', 'Bước 5: - Cho bún, nấm kim châm và các loại rau vào tô, đổ nước dùng và hải sản vào chuẩn bị ăn']",[],"Thứ năm, 31/1/2019, 15:02 (GMT+7)"
https://vncooking.com/cong-thuc/bun-rieu-cua-tai-nha-226,Món chính,Bún riêu cua tại nhà,"- Bún riêu được bày bán ở nhiều nơi tại các thành phố đến các xóm nhỏ vẫn có mặt món ăn này. Món này cách làm cũng không quá khó, quan trọng là phần riêu cua phải làm thật mịn và vị đậm đà thì tô bún rieu mới ngon được",,60phút,4,,11,"['Cua xay 500 gram', 'Trứng gà 2 quả', 'Cà chua 3 trái', 'Huyết heo 100 gram', 'Mắm tôm 2 muỗng', 'Gạch cua 50 gram', 'Tôm khô 50 gram', 'Đậu hủ chiên 3 miếng', 'Hành tím 4 củ', 'Giấm gạo 3 muỗng', 'Bún tươi 1 kg']","['Bước 1: - Hành tím thái nhuyễn - Cho chảo lên bếp, phi hành tím thơm sau đó cho gạch cua và 1 muỗng mắm tôm vào khuấy đều', 'Bước 2: - Cà chua thái khúc - Đậu hủ chiên thái vuông - Khi chảo gạch cua sôi, múc 1/2 ra chén để riêng, thêm cà chua, đậu hủ vào chảo xào đến khi cà mềm chín', 'Bước 3: - Cua đồng xay mua về rây qua 1.5 lít nước sau đó đạp 2 quả trứng vào nước cua, đánh tan cho nồi, nấu', 'Bước 4: - Khi sôi, riêu cua sẽ nổi lên, bạn vớt nhẹ ra, nén lại sau đó đổ phần gạch cua lên cho màu đẹp', 'Bước 5: - Bạn cho tôm khô vào nồi nước nấu, cho thêm 3 muỗng giấm, 1 muỗng hạt nêm, 1 muỗng mắm tôm khuấy đều. - Khi sôi lên 1 lần nữa, bạn cho đậu hủ và cà chua xào khi nảy vào - Cho huyết heo và nêm lại', 'Bước 6: - Bạn đun thêm 5 phút thì tắt bếp, món ăn đã xong bạn múc ra tô với bún sau đó ăn thôi']",[],"Thứ năm, 31/1/2019, 14:43 (GMT+7)"
https://vncooking.com/cong-thuc/canh-cai-thao-thit-bam-225,Món chính,Canh cải thảo thịt bằm,Canh cải thảo có vị ngọt nhẹ cho những ngày muốn ăn thanh đạm,,15phút,2,,4,"['Cải thảo 200 gram', 'Thịt bằm 150 gram', 'Hành lá 1 nhánh', 'Hành tím băm 1 muỗng']","['Bước 1: - Hành lá thải nhỏ - Cải thảo tách lá thái khúc - Cho nồi lên bếp, phi hành tím cùng 1 muỗng dầu', 'Bước 2: - Khi hành tím thơm thì cho thịt bằm vào xào cùng 1 muỗng nước tương, 1 muỗng hạt nêm', 'Bước 3: - Thịt chín thì thêm 2 chén nước và cải  thảo vào nồi nấu chín - Khi nước sôi thì cho hành lá vào nấu thêm 3 phút thì tắt bếp Chúc bạn thành công']",[],"Thứ năm, 31/1/2019, 06:45 (GMT+7)"
https://vncooking.com/cong-thuc/canh-bi-thit-vien-224,Món chính,Canh bí thịt viên,Những ngày bận rộn nhưng vẫn món cho gia đình có một bữa cơm đủ dinh dưỡng thì món canh bó đỏ thit viên là cứu cánh cho bạn,,15phút,4,,4,"['Bí đỏ 400 gram', 'Thịt bằm 200 gram', 'Hành lá 1 nhánh', 'Cần tây 1 nhánh']","['Bước 1: - Hành lá, cần tàu thái nhỏ - Bí đỏ thái khúc - Thịt bằm mua về cho thêm 1/2 muỗng tiêu, 1/2 muỗng muối trộn đều rồi vo thành những viên nhỏ', 'Bước 2: - Cho nồi lên bếp cùng 2 muỗng dầu - Khi dầu sôi cho đầu hành vào phi thơm, khi hành thơm thì cho 1 lít nước vào nồi, đun sôi', 'Bước 3: - Cho bí đỏ và thịt viên vào nấu - Nêm lại 1 muỗng hạt nêm, 1/2 muỗng nước mắm', 'Bước 4: - Khi bí và thịt chín thì cho hành lá, cần tây vào rồi tắt bếp - Cho ra tô mời cả nhà']",[],"Thứ năm, 31/1/2019, 06:19 (GMT+7)"
https://vncooking.com/cong-thuc/canh-bi-do-nau-suon-heo-223,Món chính,Canh bí đỏ nấu sườn heo,"Bí đỏ được lựa chọn cẩn thận những quả béo tròn, nấu cùng nước sườn heo ngọt thịt nên món canh bí bổ dưỡng lại rất ngon cơm",,30phút,4,,4,"['Sườn non 200 gram', 'Bí đỏ 200 gram', 'Hành lá 1 nhánh', 'Tỏi băm 1 muỗng']","['Bước 1: - Sườn rửa sạch, chặt khúc - Hành lá thái nhỏ - Bí đỏ gọt vỏ thái khúc', 'Bước 2: - Cho nồi lên bếp nấu sườn với 1 lít nước - Khi sườn chín thì vớt ra, đổ bỏ phần nước đi', 'Bước 3: - Cho nồi lên bếp, cho ít dầu vào, khi dầu sôi cho tỏi băm vào phi - Khi tỏi thơm thì cho 1 lít nước, sườn, bí đỏ vào nấu chín - Nêm lại với 1 muỗng hạt nêm, 1/3 muỗng muối', 'Bước 4: - Khi bí đỏ mềm thì cho hành lá vào nấu thêm 5 phút nữa thì tắt bếp - Cho bí ta tô, thêm ít tiêu cho canh thêm thơm và thưởng thức']",[],"Thứ năm, 31/1/2019, 06:04 (GMT+7)"
https://vncooking.com/cong-thuc/canh-kim-chi-cay-nong-222,Món chính,Canh kim chi cay nồng,Kim chi được nấu với thịt heo tạo nên món canh kim chi cay nồng sẽ là món ăn đậm vị Hàn cho người nào yêu thích những thực phẩm cay,,30phút,2,,8,"['Kimchi cải thảo 150 gram', 'Đậu hủ non 1 miếng', 'Thịt ba chỉ 100 gram', 'Hành tây 1 củ', 'Hành lá 1 nhánh', 'Tỏi 2 tép', 'Ớt bột 2 muỗng', 'Dầu mè 1 muỗng']","['Bước 1: - Hành tây thái mỏng - Tỏi băm nhỏ - Thịt ba chỉ thái miếng - Hành lá thái nhỏ', 'Bước 2: - Cho hành tây, tỏi, thịt ba chỉ vào trong thố đen cùng 2 chén nước nấu đến khi thịt chín thì cho kimchi và đậu hủ non vào', 'Bước 3: - Nêm nồi canh bằng 1/2 muỗng muối, đường, 2 muỗng bột ớt - Đun với lửa nhỏ khoảng 5 phút thì thêm 1 muỗng dầu mè và hành lá vào rồi tắt bếp']",[],"Thứ năm, 31/1/2019, 05:53 (GMT+7)"
https://vncooking.com/cong-thuc/canh-ga-sot-mat-ong-221,Món chính,Cánh gà sốt mật ong,"Cánh gà được nêm nếm cẩn thận cùng các gia vị quen thuộc kèm theo là nước sốt mật ong ngọt đậm đà, thanh họng sẽ là bữa tối hôm nay cho cả gia đình bạn",,45phút,2,,4,"['Cánh gà 300 gram', 'Mật ong 3 muỗng', 'Sốt cà chua 0.5 muỗng', 'Tỏi 4 củ']","['Bước 1: - Tỏi băm nhỏ - Gà rửa sạch ướp cùng 1 muỗng tiêu, muối và tỏi băm trong 25 phút', 'Bước 2: - Cho vèo chén mật ong, sốt cà chua và 2 muỗng nước tương, trộn đều', 'Bước 3: - Cho chảo dầu lên bếp, chiên cánh gà vói lửa nhỏ cho chín đều (trước khi tắt bếp 5 phút bạn nên chiên bằng lửa lớn để gà được giòn) sau đó vớt ra', 'Bước 4: - Cho 1 cái chảo khác lên, đun chảo 1 ít bơ rồi cho tỏi băm vào phi thơm - Khi tỏi thơm thì cho gà chiên khi nảy vào, đun lửa nhỏ - Đỗ hỗn hợp sốt mật ong vào chảo đảo đều cho thấm vào gà', 'Bước 5: - Đảo khoảng 5 phút khi thấy gà đã đều sốt hơi sệt lại thì tắt bếp - Trình bày ra dĩa cho cả nhà thưởng thức']",[],"Thứ tư, 30/1/2019, 22:03 (GMT+7)"
https://vncooking.com/cong-thuc/xoi-com-dep-ngon-mieng-220,Món chính,Xôi cốm dẹp ngon miệng,"Xôi cốm dẹp rất ngon, nó có vị thơm đặc trưng của cốm nên được yêu thích tại khắp các nơi",,45phút,4,,3,"['Cốm dẹp 400 gram', 'Đậu xanh không vỏ 100 gram', 'Dừa nạo 30 gram']","['Bước 1: - Đậu xanh ngâm qua đêm - Nấu đậu với mức nước ngang mức đậu, khi nước sôi đổ nước ra, nấu tiếp đậu với lửa nhỏ cho đến khi đậu chín mềm', 'Bước 2: - Khi đậu nguội, nghiền đậu xanh', 'Bước 3: - Cốm trộn với 3 muỗng dầu ăn rồi hấp chín', 'Bước 4: - Cho cốm ra dĩa, cho ít dừa nạo và đậu xanh lên trên Món ăn đã hoàn thành']",[],"Thứ tư, 30/1/2019, 21:26 (GMT+7)"
https://vncooking.com/cong-thuc/xoi-la-cam-don-gian-219,Món ăn sáng,Xôi lá cẩm đơn giản,"Xôi lá cẩm có màu tím đẹp mặt cùng với vị lá cẩm nhẹ dễ chịu, bạn sẽ có được cảm giác nhẹ nhàng khi thưởng thức món ăn này",,45phút,4,,4,"['Gạo nếp 400 gram', 'Nước cốt lá cẩm 400 ml', 'Nước cốt dừa 100 ml', 'Dừa nạo 50 gram']","['Bước 1: - Gạo nếp ngâm qua đêm, vớt ra để ráo - Cho nước lá cẩm vào gạo, trộn đều để yên khoảng 2 tiếng trước khi nấu', 'Bước 2: - Cho nếp vào hấp, né trung tâm của xửng, hấp khoảng 20 phút là chín', 'Bước 3: - Cho 2 muỗng đường, 1 muỗng muối vào nước cốt dừa - Cho dừa vào xung quanh xôi, hấp thêm 5 phút nữa', 'Bước 4: - Khi xôi chín cho ra dĩa ăn kèm với dừa nạo Chúc bạn thành công']",[],"Thứ tư, 30/1/2019, 21:16 (GMT+7)"
https://vncooking.com/cong-thuc/xoi-bap-my-218,Món chính,Xôi bắp mỹ,Băp mỹ có vị ngọt và thơm hơn bắp nếp nấu cùng gạo nếp dẻo thơm lại nhân đôi nên càng ngon hơn,,45phút,4,,5,"['Gạo nếp 400 gram', 'Bắp mỹ 150 gram', 'Dừa nạo 50 gram', 'Hành phi 4 muỗng', 'Nước cốt dừa 100 ml']","['Bước 1: - Gạo ngâm qua đêm cho mềm - Bắp hạt rửa sạch', 'Bước 2: - Cho bắp và gạo nếp vào nồi trộn đều nấu chín cùng 1/2 muỗng muối', 'Bước 3: - Khi xôi chín, đổ nước cốt dừa vào, xới đều và nấu thêm 2 phút nữa - Múc ra dĩa cho dừa nạo, hành phi và ít đường trắng lên trên và thưởng thức']",[],"Thứ tư, 30/1/2019, 21:08 (GMT+7)"
https://vncooking.com/cong-thuc/xoi-la-dua-lam-bang-noi-com-dien-217,Món chính,Xôi lá dứa làm bằng nồi cơm điện,"Làm món xôi yêu thích bằng một cách đơn giản sẽ rất tuyệt vời đúng không.
Let's go",,30phút,4,,4,"['Gạo nếp 400 gram', 'Lá dứa 10 lá', 'Dừa nạo 50 gram', 'Mè rang 4 muỗng']","['Bước 1: - Gạo nếp ngâm qua đêm rồi vớt ra - Cho 1 muỗng muối vào gạo, trộn đều', 'Bước 2: - Lá dứa rửa, thái nhỏ rồi cho vào máy xay sinh tố cùng với 2 chén nước, vắt lấy nước cốt', 'Bước 3: - Cho gạo và nước lá dứa vào nồi cơm, nấu chín - Mè cho vào chén cùng 1 muỗng muối nhuyễn, 2 muỗng đường, trộn đều', 'Bước 4: - Khi xôi đã chín đều thì cho ra dĩa, để dừa nạo lên trên thêm ít muối mè và ăn. Chúc bạn thành công']",[],"Thứ tư, 30/1/2019, 20:26 (GMT+7)"
https://vncooking.com/cong-thuc/xoi-ga-xe-don-gian-216,Món chính,Xôi gà xé đơn giản,"Món xôi gà quá quen thuộc rồi, công thức chế biến đơn giản kèm theo hương vị lại ngon nữa nên rất được trở thành món ăn sáng hoặc trưa của mọi người",,45phút,4,,6,"['Gạo nếp 400 gram', 'Thịt gà 400 gram', 'Hành lá 2 nhánh', 'Tỏi 1 củ', 'Hành phi 4 muỗng', 'Ớt 1 trái']","['Bước 1: - Gạo nếp ngâm qua đêm rồi đem hấp chín cùng 1/2 muỗng muối - Gà rửa sạch rồi đem luộc chín rồi xé sợi', 'Bước 2: - Hành lá thái nhỏ, cho vào chén dầu sôi làm mỡ hành - Tỏi băm cùng ớt cho vào chén nước tương làm nước chấm', 'Bước 3: - Cho xôi ra dĩa, dể thịt gà xé lên trên rồi đến mỡ hành, hành phi - Khi ăn chang ít nước tương sẽ rất ngon']",[],"Thứ tư, 30/1/2019, 20:15 (GMT+7)"
https://vncooking.com/cong-thuc/ga-bo-xoi-chien-gion-215,Món chính,Gà bó xôi chiên giòn,"Gà ướp với gia vị, được bao quanh là xôi dẻo thơm chiên giòn rụm dễ ăn, vừa quen thuộc lại vừa lạ lạ",,60phút,3,,5,"['Gạo nếp 300 gram', 'Trứng gà 1 quả', 'Thịt gà 300 gram', 'Bột mì 50 gram', 'Bột chiên xù 50 gram']","['Bước 1: - Gạo ngâm qua đêm rồi đem nấu cùng với 1/4 muỗng muối', 'Bước 2: - Gà rửa sạch, luộc chín, xé sợi nhỏ - Cho chảo lên bếp, khi dầu nóng cho gà vào xào cùng 1 muỗng nước tương, 1 muỗng hạt nêm, 1/3 muỗng tiêu, khi gà săn lại thì tắt bếp', 'Bước 3: - Trải phẳng tấm màng bọc nilon rồi cho ít xôi vào làm phẳng xôi, cho gà ở giữa vo tròn lại thành cục dài - Đem chiên ngạp dầu đến khi xôi vàng đều thì vớt ra', 'Bước 4: - Món xôi bạn có thể ăn kèm với tương ớt pha ít sốt mayonnaise']",[],"Thứ tư, 30/1/2019, 19:57 (GMT+7)"
https://vncooking.com/cong-thuc/xoi-xoai-bangkok-214,Món chính,Xôi xoài Bangkok,Món ăn giản dị từ Campuchia này lại dễ thương và ngon đến nhường nào khi được nấu tại nhà thì hương vị ngon lại được tăng thêm nhờ có tình yêu thương gia đình mà bạn mang lại sẽ tuyệt hảo lắm,,60phút,4,,5,"['Gạo nếp 400 gram', 'Nước cốt dừa 500 ml', 'Lá dứa 10 lá', 'Xoài chín 3 quả', 'Bột bắp 1 muỗng']","['Bước 1: - Gạo nếp ngâm qua đêm cho mềm - Đun xôi nước cùng lá dứa rồi cho xôi vào hấp, khi xôi chín tắt bếp', 'Bước 2: - Cho 1/2 nước cốt dừa nấu cùng 3 muỗng đường và 1/3 muỗng muối, đảo đều khi đương tan thì cho vào xôi, xới đều ủ khoảng 30 phút trước khi ăn', 'Bước 3: - Nước cốt dừa còn lại nấu cùng với 1 muỗng đường và 1/2 muỗng muối khuấy đến khi dừa sệt lại thì tắt bếp', 'Bước 4: - Xôi gọt vỏ, thái nhỏ hoặc dài tùy ý thích - Xôi cho vài dĩa, xoài để kế bên, chang nước cốt dừa đã làm lên xoài và thưởng thức cùng xôi']",[],"Thứ tư, 30/1/2019, 18:16 (GMT+7)"
https://vncooking.com/cong-thuc/xoi-dau-do-dau-xanh-213,Món chính,Xôi đậu đỏ đậu xanh,Bữa sáng cùng gói xôi đậu đỏ đậu xanh nóng được làm tại nhà sẽ là năng lượng cho bạn hoạt động cả ngày,,45phút,4,,3,"['Gạo nếp 400 gram', 'Đậu đỏ 100 gram', 'Đậu xanh 100 gram']","['Bước 1: - Gạo nếp, đậu xanh và đậu đỏ ngâm qua đêm', 'Bước 2: - Gạo nếp nấu chín cùng đâu đỏ và 1/3 muỗng muối, khi gạo sắp chín xới đều đậu và xôi', 'Bước 3: - Đậu xanh hấp chín cùng 3 muỗng đường, khi đậu chín xới nhuyễn - Cho xôi ra dĩa, cho ít đậu xanh trên rồi ăn cùng Chúc bạn thành công']",[],"Thứ tư, 30/1/2019, 18:08 (GMT+7)"
https://vncooking.com/cong-thuc/xoi-xeo-dau-xanh-mien-bac-212,Món chính,Xôi xéo đậu xanh miền Bắc,"Xôi xéo là loại xôi xuất thân từ miền Bắc nước ta, nhưng hiện nay tại Sài Gòn những hàng quán loại xôi này lại rất nhiều và ngày càng nhiều người thấy ""thương"" cái vị Bắc lạ này",,30phút,4,,5,"['Gạo nếp 400 gram', 'Bột nghệ 1 muỗng', 'Đậu xanh không vỏ 100 gram', 'Hành phi 4 muỗng', 'Chà bông 50 gram']","['Bước 1: - Gạo nếp và đậu ngâm qua đêm. Sáng cho 1 muỗng bột nghệ vào gạo nếp trước khi nấu 15 phút', 'Bước 2: - Nấu gạo cùng 1/4 muỗng muối, đậu hấp chín rồi nghiền nát', 'Bước 3: - Xới gạo nếp và xôi cho chín đều - Cho xôi ra dĩa, đậu lên trên, chà bông và hành phi vào. Mời bạn dùng bữa sáng']",[],"Thứ tư, 30/1/2019, 17:58 (GMT+7)"
https://vncooking.com/cong-thuc/xoi-man-211,Món chính,Xôi mặn,"Bữa sáng hôm nay là món xôi mặn truyền thống, khác với xôi gà một chút, xôi mặn có thêm những loại lạt xưởng, chà bông nên ăn không ngán như xôi gà",,30phút,2,,7,"['Gạo nếp 300 gram', 'Lạp xưởng 200 gram', 'Chả lụa 100 gram', 'Pate 2 muỗng', 'Thịt xá xíu 100 gram', 'Chà bông 20 gram', 'Hành tím 5 củ']","['Bước 1: - Gạo xo sạch rồi nấu như bình thường - Hành tím thái mỏng rồi phi làm hành phi', 'Bước 2: - Chả lụa thái sợi - Thịt xá xíu thái miếng', 'Bước 3: - Cho lạp xưởng vào chảo không dầu, đảo liền tay cho lạp xưởng chín và ra bớt dầu có trong lạp xưởng - Lạp xưởng chín thái nhỏ', 'Bước 4: - Múc xôi ra dĩa, cho pate, lạp xưởng, chà bông, chả lụa lên xôi, cuối cùng là hành phi, bạn chang ít nước tương và thưởng thức']",[],"Thứ ba, 29/1/2019, 16:47 (GMT+7)"
https://vncooking.com/cong-thuc/xoi-gac-truyen-thong-210,Món chính,Xôi Gấc truyền thống,"Món xôi truyền thống của Việt Nam luôn cho ta cảm giác ngon miệng mỗi khi thưởng thức
Món xôi khá đơn giản nhưng lại rất được yêu thích bởi màu sắc hài hòa cùng với vị gấc thơm ngon.",,30phút,4,,3,"['Gạo nếp 400 gram', 'Gấc 300 gram', 'Nước dừa 300 ml']","['Bước 1: - Gạo nếp bạn có thể ngâm qua đêm cho chín nhanh, hoặc ngâm trước khi thực hiện 2 tiếng - Gấc bổ đôi, lấy phần thịt ra cho vào nếp, trộn đều chờ khoảng 5 phút rồi cho nước dừa vào nồi nấu bình thường', 'Bước 2: - Nấu được khoảng 10 phút thì bạn xơi xôi đều, rồi 5 phút xơi tiếp đến khi chín thì thôi', 'Bước 3: Món xôi truyền thống đã hoàn thành, chúc các bạn ngon miệng']",[],"Thứ ba, 29/1/2019, 16:40 (GMT+7)"
https://vncooking.com/cong-thuc/xoi-mit-nuoc-cot-dua-209,Món tráng miệng,Xôi mít nước cốt dừa,"Xôi mít nước cốt dừa xuất thân từ Thái Lan nhưng hiện nay lại được bạn trẻ Việt Nam yêu thích, vị trái cây đậm đà kèm theo vị nước cốt dừa béo ngọt, hòa cùng vị xôi dẻo thơm tạo nên một món ăn chơi ngon miệng, món ăn chín no bụng",,30phút,4,,5,"['Gạo nếp 400 gram', 'Mít 500 gram', 'Nước cốt dừa 200 ml', 'Dừa nạo 20 gram', 'Bột năng 1 muỗng']","['Bước 1: - Bạn ngâm gạo qua đêm xong đem hấp, khi xôi gần chín bạn đổ nước cốt dừa vào, xới đều nấu đến khi chín xôi', 'Bước 2: - Mít chẻ dọc một bên mỗi múi mít - Cho xôi vào trong mít, rải thêm dừa nạo lên trên (nếu thích đậu phộng bạn có thể ăn chung) - Món ăn đã hoàn thành Chúc bạn thành công']",[],"Thứ ba, 29/1/2019, 16:32 (GMT+7)"
https://vncooking.com/cong-thuc/xoi-ga-208,Món chính,Xôi gà,"Cùng ăn sáng với một dĩa xôi gà nóng có đủ cho bạn làm việc cả ngày chưa?
Hôm nay chuẩn bị mai thực hiện bữa sáng cùng xôi gà nhé!",,30phút,2,,6,"['Thịt gà 400 gram', 'Gạo nếp 300 gram', 'Hành phi 2 muỗng', 'Tỏi băm 1 muỗng', 'Hành lá 2 nhánh', 'Hành tím băm 1 muỗng']","['Bước 1: - Bạn ngâm gạo qua đêm, sau đó vo sạch và nấu với 1/3 muỗng muối - Hành lá thái nhỏ - Thịt gà rửa sạch', 'Bước 2: - Bạn ướp gà với tỏi, hành tím băm, 1 muỗng tiêu, 2 muỗng nước tương và 1 muỗng hạt nêm, ướp khoảng 15 phút trước khi thực hiện', 'Bước 3: - Cho chảo dầu lên bếp, khi dầu nóng bạn múc ra 3 muỗng dầu đổ vào chén hành lá thành mỡ hành, cho gà vào chảo chiên vàng đều thì vớt ra để ráo dầu', 'Bước 4: - Múc xôi ra dĩa, gà để kế bên (nếu bạn thích có thể xé thịt gà ra dễ ăn) cho hành phi và mỡ hành lên trên - Món ăn rất đơn giản, chúc các bạn ngon miệng']",[],"Thứ ba, 29/1/2019, 16:18 (GMT+7)"
https://vncooking.com/cong-thuc/xoi-vo-207,Món chính,Xôi vò,"Một bữa sáng tiện lợi cho cả nhà hôm này là món gì? XÔI VÒ, món ăn sáng truyền thống của người Việt",,30phút,4,,3,"['Gạo nếp 500 gram', 'Đậu xanh 250 gram', 'Nước cốt dừa 50 ml']","['Bước 1: - Đậu xanh bạn ngâm qua đêm cho mềm rồi cho vào nồi nấu bình thường cùng 1/2 muỗng muối', 'Bước 2: - Khi đậu chín, dùng chài cói giã nhuyễn đậu xanh rồi vo lại thành từng cục đậu to', 'Bước 3: - Gạo ngâm qua đêm, vớt ra để ráo nước dùng dụng cụ bào, bào đậu xanh cho nhuyễn, trộn đều cho đậu thấm vào gạo', 'Bước 4: - Đem gạo đi hấp, hấp được 15 phút thì cho nước cốt dừa và ít đường vào trộn đều, hấp tiếp 10 phút nữa đến khi xôi chín', 'Bước 5: - Món ăn đã xong, chúc bạn ngon miệng']",[],"Thứ ba, 29/1/2019, 16:06 (GMT+7)"
https://vncooking.com/cong-thuc/kim-chi-han-quoc-206,Món khai vị,Kim Chi Hàn Quốc,Qua đến Hàn Quốc hôm nay cùng món kim chi đặc trưng xứ lạnh cùng VN Cooking,,120phút,6,,10,"['Cải thảo 4 kg', 'Củ cải trắng 300 gram', 'Hành lá 3 cành', 'Bột gạo 1 muỗng', 'Lê 0.5 trái', 'Tỏi băm 2 muỗng', 'Nước rong biển 230 ml', 'Ớt bột 70 gram', 'Bí đỏ 100 gram', 'Gừng băm 1 muỗng']","['Bước 1: - Tách cải thảo ra ngâm nước muối sau đó vớt ra để ráo - Lấy muối trắng thoa khắp cải thảo để như vậy 7 tiếng đồng hồ', 'Bước 2: - Bí đỏ, luộc chín, nghiền nát - Lê gọt vỏ, thái nhỏ vắt nước', 'Bước 3: - Cho bột gạo vào tô cùng bột ớt, tỏi gừng băm, nước lê, bí đỏ nghiền, 2 muỗng nước tương, 2 muỗng muối và nước rong biển khuấy đều hỗn hợp.', 'Bước 4: - Cải tháo ủ xong, rửa lại với nước (nên rửa 3-4 lần cho hết muối trong cải) - Hành lá thái nhỏ - Củ cải thái sợi', 'Bước 5: - Cho hành lá, củ cải trắng và phần nước sốt khi này với nhau, trộn đều', 'Bước 6: - Bạn cho hỗn hợp đó vào cải thảo, thoa đều lên từng lá cải (nhớ mang bao tay). - Khi đã đều thì bạn cho vào hủ đập kín ủ trong 2 ngày rồi đem bảo quan trong tủ lạnh']",[],"Thứ ba, 29/1/2019, 15:13 (GMT+7)"
https://vncooking.com/cong-thuc/banh-pancake-dung-chuan-han-205,Món tráng miệng,Bánh Pancake đúng chuẩn Hàn,"Món bánh mặn này được yêu thích bởi sự kết hợp tinh tế của các loại rau, củ và trứng tạo nên",,30phút,4,,8,"['Bột khoai tây 30 gram', 'Trứng 2 quả', 'Khoai mỡ 100 gram', 'Giấm 1 muỗng', 'Bột mì 120 gram', 'Cà rốt 1 củ', 'Hẹ 50 gram', 'Ớt bột 0.5 muỗng']","['Bước 1: - Cà rốt gọt vỏ, thái sợi - Khoai mỡ gọt vỏ, bào sợi - Hẹ thái khúc', 'Bước 2: - Đập trứng vào tô, đánh tan cùng 3 muỗng nước rồi cho bột mì, bột khoai tây, cà rốt, khoai mỡ, hẹ vào khuấy đều. - Nêm thêm 1/2 muỗng muối, 0.5 muỗng ớt bột và 0.5 muỗng hạt nêm', 'Bước 3: - Cho chảo lên bếp, khi chảo nóng thì hạ lửa nhỏ lại - Múc 1 vá bột vào chảo, chờ bánh vàng thì trở mặt bánh lại, làm như vậy đến khi hết bánh', 'Bước 4: Món này bạn chấm cùng tương ớt, tương cà vẫn ngon Nếu bạn thích có thể chấm cùng sốt mayonnaise']",[],"Thứ ba, 29/1/2019, 11:07 (GMT+7)"
https://vncooking.com/cong-thuc/tteokbokki-pho-mai-han-quoc-204,Món tráng miệng,TTEOKBOKKI phô mai Hàn Quốc,"Món bánh gạo (Tteokbokki) không còn xa lạ với với trẻ Việt Nam nữa, món này vị ăn lạ thêm vào vị béo của phô mai nên càng làm tăng sự hấp dẫn của nó",,30phút,2,,10,"['Bánh gạo 180 gram', 'Chả cá 100 gram', 'Tương ớt HQ 2 muỗng', 'Tương cà 1 muỗng', 'Dầu mè 1 muỗng', 'Nấm kim châm 50 gram', 'Phô mai 70 gram', 'Ớt bột 1 muỗng', 'Tỏi băm 0.5 muỗng', 'Giá đỗ 20 gram']","['Bước 1: - Cho vào chén tương cà, tương ớt, bột ớt, 1/2 muỗng đường, 1 muỗng nước mắm và 2 muỗng nước lọc - Khuấy tan hỗn hợp - Bánh gạo luộc chín, để ráo', 'Bước 2: - Cho chảo lên bếp, khi dầu nóng phi tỏi thơm - Đỗ nước sốt tương ớt vào, khi thấy sôi thì cho chả cá vào 3 phút thì cho bánh gạo xào thêm 5 phút nữa', 'Bước 3: - Tiếp đến là nấm kim chi và phô mai Món ăn đã xong, mời các bạn thưởng thức thành quả']",[],"Thứ ba, 29/1/2019, 10:55 (GMT+7)"
https://vncooking.com/cong-thuc/banh-trung-ga-nuong-ngon-nhu-kfc-203,Món tráng miệng,Bánh trứng gà nướng ngon như KFC,"Bánh trứng gà nướng quá nổi tiếng của KFC mà bạn đã biết, hôm nay thực hiện món này tại nhà là một ý kiến hay cho món tráng miệng nhà bạn đấy",,45phút,4,,6,"['Bột mì 200 gram', 'Bột bắp 50 gram', 'Trứng gà 3 quả', 'Kem sữa tươi 400 ml', 'Vani 2 ống', 'Thanh quế 1 miếng']","['Bước 1: - Rây bột mì sau đó cho từ từ nước vào nhào thật kỹ - Làm phẳng bột, sau đó cắt những những miếng tròn bằng nhau', 'Bước 2: - Trứng tách lòng đỏ và lòng trắng -Cho vào nồi kem sũa tươi, bột bắp, lòng đỏ trứng, thanh quế, 2 muỗng đường, vani vào nồi. Đun và khuấy đến khi sôi thì hạ lửa nhỏ lại', 'Bước 3: - Bạn khuấy đều khi thấy hỗn hợp sánh, sệt lại thì tắt bếp - Bột mì cho vào khuôn, cho hỗn hợp kem vào 2/3 bánh để bánh còn nở - Nướng ở nhiệt độ 200 độ C trong vòng 25 phút', 'Bước 4: - Lấy khay bánh ra xem, chín thì chờ nguội tý là ăn được rồi']",[],"Thứ ba, 29/1/2019, 10:12 (GMT+7)"
https://vncooking.com/cong-thuc/com-chien-trung-don-gian-nhat-202,Món chính,Cơm chiên trứng đơn giản nhất,Món cơm chiên này dành cho những buổi tối còn cơm dư tận dụng làm bữa sáng cho cả nhà nha. Rất nhanh chóng lại đầy đủ năng lượng,,15phút,2,,4,"['Cơm 3 chén', 'Trứng gà 2 quả', 'Hành lá 1 nhánh', 'Tỏi 1 củ']","['Bước 1: - Hành lá thái nhỏ - Tỏi băm nhuyễn - Cơm xới rời hạt - Trứng tách vỏ, đánh tan', 'Bước 2: - Co chảo lên bếp, phi tỏi. Khi dầu nóng cho trứng vào đảo liên tục cho trứng xơi', 'Bước 3: - Cho cơm vào, xới cơm đều với trứng. - Nêm 1 muỗng nước mắm, 1/2 muỗng muối, 1/2 muỗng đường, 1/2 muỗng tiêu', 'Bước 4: - Cho hành lá vào xới lên 5 phút thì tắt bếp Món cơm đã xong']",[],"Thứ ba, 29/1/2019, 10:00 (GMT+7)"
https://vncooking.com/cong-thuc/cha-trung-hap-201,Món chính,Chả trứng hấp,Nếu đã là Fan của món cơm tấm thì bạn không thể nào không mê món chả trứng hấp đặc trưng trong cơm tấm được. Món này ăn có vị trứng cùng với thịt và nấm nên ăn không ngán như các món khác,,45phút,4,,6,"['Trứng 5 quả', 'Thịt băm 130 gram', 'Nấm mèo 20 gram', 'Bún tàu 3 vắt', 'Hành tím 5 củ', 'Ớt 1 trái']","['Bước 1: - Nấm mèo bạn nên ngâm nước qua đêm cho mềm - Bún tàu ngâm nước lạnh - Hành tím băm nhuyễn - Trứng tách vỏ, cho vào tô', 'Bước 2: - Nâm mèo mềm thì băm nhuyễn - Bún tàu thái nhỏ như thái hành lá - Trứng gà tách 1 lòng đỏ để riêng', 'Bước 3: - Cho thịt băm, nấm mèo, bún tàu, hành tím băm và trứng vào 1 tô lớn - Nêm cùng 1 muỗng tiêu, muối, đường, 1/2 muỗng bột ngọt, 3 muỗng nước mắm, 2 muỗng dầu ăn khuấy đều hỗn hợp', 'Bước 4: - Thoa dầu xung quanh khuôn. Đỗ hỗn hợp vào, lấy màng bọc nilon trùng kín lại, đem hấp khoảng 20 phút', 'Bước 5: - 1 lòng đỏ trứng khi nảy bạn đánh tan ra - Khi chả chín, bạn mở màng nilon ra, cho lòng đỏ trứng vào, cho ít ớt băm lên trên và hấp thêm 10 phút mà không cần đậy nắp nồi tránh hơi nước đọng lại trên chả', 'Bước 6: - Khi chả chín bạn lấy ra và thái miếng ăn được rồi. Món này làm rất nhanh và chi phí rẻ nên hãy thường xuyên làm cho cả nhà ăn nhé']",[],"Thứ ba, 29/1/2019, 09:45 (GMT+7)"
https://vncooking.com/cong-thuc/ca-phe-trung-doc-la-200,Món tráng miệng,Cà phê trứng độc lạ,"Cà phê trứng là món nghe lạ của người dân miền Nam nhưng với người dân Thủ đô thì đây lại là món thức uống lâu đời và rất được ưa chuộng vào những ngày mùa đông, khi tiết trời se lạnh.",,15phút,2,,4,"['Bột cà phê 4 muỗng', 'Mật ong 2 muỗng', 'Sữa đặc 3 muỗng', 'Trứng gà 2 quả']","['Bước 1: - Pha cà phê phin bình thường (bạn nên rót 2 muỗng nước vào phin để cà phê nở khoảng 15 giây rồi rót nước lần 2 vào, chờ cà phê rơi)', 'Bước 2: - Trứng tách lòng trắng và lòng đỏ, giữ lại lòng đỏ - Cho lòng đỏ trứng vào 2 chén. Mỗi chén 1 lòng đỏ, 1 muỗng mật ong, 1.5 muỗng sữa', 'Bước 3: - Sử dụng dụng cụ đánh trứng đánh tan hỗn hợp, đến khi đặc mịn là được - Bạn cho cà phê ra tách, hỗn hợp lòng trứng cho lên mặt trên. Món cà phê trứng đã xong, mời bạn ngâm nhi']",[],"Thứ ba, 29/1/2019, 09:34 (GMT+7)"
https://vncooking.com/cong-thuc/che-dau-do-dau-phong-199,Món tráng miệng,Chè đậu đỏ đậu phộng,Món chè này quá quen thuộc với mọi nhà rồi. Nếu ăn kèm với đậu phộng sẽ không làm bạn thất vọng đâu. Thử nhé!,,30phút,6,,7,"['Đậu đỏ 300 gram', 'Bột khoai 100 gram', 'Nước cốt dừa 300 ml', 'Lá dứa 2 lá', 'Đậu phộng 50 gram', 'Bột báng 100 gram', 'Baking soda 0.5 muỗng']","['Bước 1: - Cho đậu đỏ ngâm với 0.5 muỗng baking soda qua đêm - Bột báng và bột khoai ngâm qua đêm', 'Bước 2: - Lá dứa rửa sạch, cột thành bó - Cho đậu đỏ lên nồi nấu cùng 1.5 lít nước, thêm 4 muỗng đường trắng', 'Bước 3: - Khi nước sôi bạn cho bột báng và bột khoai vào nấu cùng - Khi thấy bột báng nổi lên và đậu mềm thì nấu thêm 10 phút nữa thì tắt bếp', 'Bước 4: - Bạn cho cái nồi khác lên bếp, cho nước cốt dừa nào nấu cùng với lá dứa, thêm 2 muỗng đường - Khi thấy sôi thì tắt bếp', 'Bước 5: - Bây giờ bạn chỉ cần cho chè ra chén, chang nước cốt dừa và thưởng thức']",[],"Thứ hai, 28/1/2019, 11:41 (GMT+7)"
https://vncooking.com/cong-thuc/che-dau-xanh-198,Món tráng miệng,Chè đậu xanh,"Vào những ngày Tết hay những ngày gia đình có đám, tiệc thì một nồi chè đậu xanh để cúng tổ tiên là điều không thể thiếu. Hôm nay, làm nhé!",,30phút,4,,4,"['Đậu xanh 150 gram', 'Nước cốt dừa 300 ml', 'Đường phèn 70 gram', 'Bột khoai 100 gram']","['Bước 1: - Bột khoai và đậu xanh ngâm nước qua đêm cho mềm - Cho đậu xanh vào nấu cùng 1 lít nước lọc', 'Bước 2: - Khi nước sôi bạn cho bột khoai vào nấu cùng - Cho đường phèn vào khuấy tan nấu thêm 5 phút bạn cho nước cốt dừa vào nấu cùng', 'Bước 3: - Nấu thêm 10 phút thì tắt bếp, bạn nên nêm lại cho vừa độ ngọt - Món này bạn ăn nóng hoặc lạnh đều được']",[],"Thứ hai, 28/1/2019, 11:27 (GMT+7)"
https://vncooking.com/cong-thuc/sua-chua-nep-cam-197,Món tráng miệng,Sữa chua nếp cẩm,"Món này không chỉ đẹp da mà còn bổ dưỡng nên được ưa chuộng hàng đầu tại một số nơi.
Loại này hiện nay đang rất hot và mức phủ sóng rất cao nên các bạn hãy chế biến cho cả nhà thưởng thức món tráng miệng có vị chua chua lẹ miệng này",,30phút,4,,4,"['Nếp cẩm 200 gram', 'Sữa chua 3 hộp', 'Nước cốt dừa 100 ml', 'Lá dứa 3 lá']","['Bước 1: - Nếp vo sạch, nấu cùng 2 lít nước và 1/2 muỗng muối, khi nước sôi bạn vớt bỏ bọt (bạn cũng có thể ngâm nếp trước qua đêm để nhanh chín)', 'Bước 2: - Cho lá dứa vào nồi nếp - Khuấy đều, khi nếp sánh lại thì cho 3 muỗng đường vào, trộn đều và đun thêm 5 phút nữa thì tắt bếp', 'Bước 3: - Cho nếp ra chén, chang sữa chua lên trên, tiếp là nước cốt dừa Và ăn thôi']",[],"Thứ hai, 28/1/2019, 11:18 (GMT+7)"
https://vncooking.com/cong-thuc/sam-bo-luong-cho-ngay-he-196,Món tráng miệng,Sâm bổ lượng cho ngày hè,"Sâm bổ lượng dù qua nhiều năm nhưng vẫn HOT như ngày nào.
Món này được bạn trẻ rất thích vì sự mát mẻ mà nó mang lại cho cơ thể",,30phút,6,,8,"['Củ sen 150 gram', 'Táo tàu 80 gram', 'Củ năng 180 gram', 'Hạt sen tươi 180 gram', 'Long nhãn 200 gram', 'Ý dĩ 150 gram', 'Phổ tai 20 gram', 'Đường phèn 400 gram']","['Bước 1: - Bobo ngâm nước sôi qua đêm cho mềm rồi nấu chín, vớt ra để vào nước lạnh - Củ sen thái mỏng, rửa sạch. Củ năng gọt vỏ, cả 2 củ nấu cùng với 2 lít nước, khi nước sôi hạ lửa hâm trong 10 phút', 'Bước 2: - Hạt sen ngâm nước 15 phút rồi luộc cùng 2 chén nước - Khi sen chín bạn cho cả nước và sen vào nồi củ năng thêm đương phèn và khuấy tan.', 'Bước 3: - Táo tàu ngâm nở - Cho long nhãn, táo tàu, phổ tai vào nồi nấu thêm 5 phút nữa.', 'Bước 4: - Bobo cho vào ly, thêm chè vào cùng ít nước sâm, thêm đá và thưởng thức']",[],"Thứ hai, 28/1/2019, 11:00 (GMT+7)"
https://vncooking.com/cong-thuc/che-khoai-mon-beo-195,Món tráng miệng,Chè khoai môn béo,"Món chè được nấu từ khoai môn và nếp nên vị được hòa hợp rật đậm đà, thêm phần nước cốt dừa nữa nên càng được yêu thích hơn",,30phút,6,,5,"['Khoai môn 200 gram', 'Dừa nạo 300 gram', 'Gạo nếp 100 gram', 'Lá dứa 10 lá', 'Bột năng 1 muỗng']","['Bước 1: - Cho ít nước ăm vào dừa nạo, vắt lấy nước cốt dừa, thêm một lần nước nữa vắt lấy nước dảo. - Lá dứa rửa, cột thành bó', 'Bước 2: - Khoai môn gọt vỏ, rửa sạch, thái miếng vuông - Gạo nếp vo sạch', 'Bước 3: - Cho bột năng vào nước dảo nấu với đường và 1/2 muỗng muối. Khi sôi thì cho lá dứa vào nấu thêm 5 phút nữa thì tắt bếp - Khoai hấp chín, vớt để ráo', 'Bước 4: - Nấu nếp như bình thường, khi nếp gần chín thì cho khoai vào, trộn đều nấu tiếp cho nhừ. - Khi nếp và khoai nhừ thì cho nồi nước dảo vào trộn lên', 'Bước 5: - Khi chè nguội sẽ đặc lại bạn có thể múc ra chén và chang nước  cốt dừa rồi ăn Chúc bạn thành công']",[],"Thứ hai, 28/1/2019, 10:47 (GMT+7)"
https://vncooking.com/cong-thuc/che-dau-trang-nuoc-cot-dua-194,Món tráng miệng,Chè đậu trắng nước cốt dừa,Món chè đậu trắng này là món được dâng lên ông bà nhiều nhất mỗi khi có dịp lễ hay đám giỗ trong gia đình. Món này rất dễ nấu lại không kén người ăn nên độ phổ biến rất cao,,45phút,6,,6,"['Đậu trắng 200 gram', 'Nước cốt dừa 200 ml', 'Gạo nếp 100 gram', 'Lá dứa 2 lá', 'Baking soda 0.5 muỗng', 'Bột gạo 5 gram']","['Bước 1: - Đậu trắng ngâm qua đêm với nước pha 0.5 muỗng baking soda và gạo nếp ngâm nước pha 1/2 muỗng muối, cả 2 ngâm qua đêm - Đậu loại bỏ hạt lép, hạt hư ra ngoài, vo sạch', 'Bước 2: - Cho nồi lên bếp, 3 chén nước lạnh nấu đậu, đến khi sôi thì vớt bọt, khi đậu hơi mềm thì tắt bếp, vớt đậu ra để ráo - Lá dứa cột lại thành bó', 'Bước 3: - Cho đậu dưới cùng nồi cơm điện, đến gạo, 120 gram đường trắng và 400ml nước lọc, lá dứa - Nêm 1/2 muỗng muối và bấm nút nấu như nấu cơm', 'Bước 4: - Khi nút nồi cơm bật lên thì chè đã chín', 'Bước 5: NẤU NƯỚC CỐT DỪA - Cho nước cốt dừa vào nồi nấu cùng 1 cọng lá dứa, pha cùng bột gạo và 1/2 chén nước lọc, 2 muỗng đường khuấy đều đến khi sôi thì tắt bếp Món chè đã xong, bạn cho chè ra chén và chang nước cốt dừa thì có thể ăn rồi']",[],"Thứ hai, 28/1/2019, 10:23 (GMT+7)"
https://vncooking.com/cong-thuc/che-chuoi-193,Món tráng miệng,Chè chuối,"Chè chuối rất ngon, nấu cùng bột báng nên có vị dẻo. Ăn nóng hoặc ăn với đá đều được",,45phút,6,,4,"['Chuối 10 trái', 'Nước cốt dừa 300 ml', 'Bột báng 50 gram', 'Bột khoai 50 gram']","['Bước 1: - Ngâm chuối với nước pha ít muối trong 5 phút - Bột báng và bột khoai ngâm nước ít nhất 3 tiếng hoặc qua đêm cho mềm', 'Bước 2: - Chuối thái lát - Vớt bột báng và bột mì cho vàng nồi nấu cùng 600ml nước. Nêm 1/4 muỗng đường và đường trắng - Cho nước cốt dừa vào nồi', 'Bước 3: - Khi nồi nước sôi, bột báng và bột khoai nổi lên thì cho chuối vào nấu thêm khoảng 15 phút nữa - Món ăn đã xong, chúc bạn thành công']",[],"Thứ hai, 28/1/2019, 10:02 (GMT+7)"
https://vncooking.com/cong-thuc/che-ba-ba-mien-tay-192,Món tráng miệng,Chè bà ba miền Tây,"Món chè miền Tây này có vị khá so với những món chè truyền thống, nếu nhìn sơ thì bạn sẽ cảm nhận nó giống chè thập cẩm mà ta hay dùng, nhưng chè bà ba có vị dẻo hơn và không ngọt như chè thập cẩm",,45phút,4,,9,"['Khoai môn 200 gram', 'Khoai lang 300 gram', 'Khoai mì 200 gram', 'Đậu xanh không vỏ 100 gram', 'Rong biển 70 gram', 'Bột báng 70 gram', 'Bột khoai 70 gram', 'Cùi dừa 200 gram', 'Đậu phộng 100 gram']","['Bước 1: - Đậu phộng, rong biển rửa sạch, bột khoai, bột báng tất cả chia ra tô khác nhau ngâm qua đêm để mềm - Cho nước nóng vào 2/3 dừa nạo vắt lấy nước cốt, vắt tiếp lấy nước dảo', 'Bước 2: - Khoai lang, khoai mì, khoai môn rửa sạch, gọt vỏ, thái khối vuông', 'Bước 3: - Cho nước dừa dảo vào nồi nấu với đậu xanh, khi nước sôi cho 3 loại khoai vào nấy cùng - Khi thấy khoai mềm thì cho bột báng, bột mì, đậu phộng và lá dứa vào nấu cùng', 'Bước 4: - Nấu khoảng 5 phút bạn cho thêm rong biển vào nấu - Nêm lại với 1/2 muỗng muối và đường rồi cho nước cốt dừa vào, khuấy đều nấu thêm 1 phút thì tắt bếp', 'Bước 5: - Món chè đã xong Cho ta chén và thưởng thức Chúc các bạn thành công']",[],"Thứ hai, 28/1/2019, 09:30 (GMT+7)"
https://vncooking.com/cong-thuc/nha-dam-duong-phen-mat-lanh-191,Thức uống,Nha đam đường phèn mát lạnh,"Nha đam đường phèn là thức uống bổ dưỡng, món này được nấu với những nguyên liệu thiên nhiên nên không nóng hay có chất hóa học, rất tốt cho mọi người nhất là vào những ngày nóng, cơ thể tỏa nhiệt nhiều thì 1 ly nước mát là thứ giúp cơ thể khỏa mạnh hơn.",,75phút,6,,4,"['Nha đam 1 kg', 'Lá dứa 4 lá', 'Đường phèn 300 gram', 'Chanh 2 trái']","['Bước 1: - Nha đam rửa sạch, gọt bỏ phần vỏ xanh. - Thái phần thịt thành những miếng nhỏ, hạt lựu, rửa sạch phần nhờn còn sót lại', 'Bước 2: - Đem ngâm với nước lạnh cùng 1 muỗng muối và nước cốt chanh (1 trái) khoảng 20 phút để bỏ vị đắng', 'Bước 3: - Rửa nha đam lại 1 lần nữa và vớt ra tô, trộn cùng 100 gram đường phèn - Để đường thấm vào nha đam khoảng 20 phút', 'Bước 4: - Nấu 1.5 lít nước lọc cùng 220 gram đường phèn và lá dứa cho đến khi tan hết - Cho nha đam vào nấu với lửa nhỏ khoảng 10 phút nữa thì tắt bếp', 'Bước 5: Thức uống đã hoàn thành, bạn cho vào chai để tủ lạnh uống dần']",[],"Thứ hai, 28/1/2019, 09:12 (GMT+7)"
https://vncooking.com/cong-thuc/che-bap-truyen-thong-190,Món tráng miệng,Chè bắp truyền thống,"Món chè bắp rất quen thuộc với hương vị thơm của bắp kèm với vị béo của nước cốt dừa luôn làm người ăn mê đắm, khó tả",,30phút,4,,5,"['Bắp mỹ 2 trái', 'Lá dứa 3 lá', 'Bột năng 6 muỗng', 'Nước cốt dừa 300 ml', 'Đường phèn 200 gram']","['Bước 1: - Bắp rửa sạch rồi bào dọc trên xuống. -Phần cùi bắp cho vào nồi luộc cùng lá dứa để nước ngọt, khi nước sôi bạn vớt cùi bắp và lá dứa ra', 'Bước 2: - Cho bắp nạo và đường phèn vào nồi nấu, cho thêm 1/4 muỗng muối vào - Trộn ít nước cùng 3 muỗng bột năng rồi rót từ từ vào nồi chè, khuấy đều cho chè sệt lại', 'Bước 3: LÀM NƯỚC CỐT DỪA - Cho nước cốt dừa trộn với 2 muỗng bột năng, ít nước, 1/3 muỗng muối, khuấy đều đến khi sôi thì tắt bếp', 'Bước 4: - Múc chè ra chén, chang thêm nước cốt dừa lên trên và thưởng thức Món này nếu bạn thích cũng có thể ăn với đá']",[],"Thứ hai, 28/1/2019, 09:00 (GMT+7)"
https://vncooking.com/cong-thuc/banh-chuoi-hap-nuoc-cot-dua-189,Món tráng miệng,Bánh chuối hấp nước cốt dừa,"Những ngày bình thường cũng có thể tạo nên hương vị cho các thành viên gia đình bạn, nên hãy đừng ngần ngại mà bỏ qua món bánh chuối hấp nước cốt dừa này.
Món ăn dân gian này lại là đặc sản không kém bằng thu hút đấy",,45phút,5,,6,"['Chuối chín 8 trái', 'Bột năng 230 gram', 'Nước cốt dừa 350 ml', 'Vani 1 ống', 'Mè rang 2 muỗng', 'Đậu phộng 50 gram']","['Bước 1: - Chuối bỏ vỏ, thái khúc nhỏ - Hòa tan 100 gram bột năng, 3 muỗng đường, 1 ống vani, 1/3 muỗng muối, khuấy tan cùng 3 chén nước lạnh.', 'Bước 2: - Cho chuối vào tô bột trên, khuấy đều rồi cho vào khuôn hấp khoảng 35 phút', 'Bước 3: - Cho nước cốt dừa, 100 gram bột năng, 3 muỗng đường, 1/3 muỗng muối nấu sôi cho hỗn hợp nước cốt dừa sánh lại', 'Bước 4: - Thái chuối hấp ra miếng nhỏ, cho ít mè rang, đậu phộng đập lên trên rồi chang nước cốt dừa vào Món này ăn những buổi trưa là hợp lý nhất']",[],"Thứ hai, 28/1/2019, 08:51 (GMT+7)"
https://vncooking.com/cong-thuc/che-buoi-vinh-long-188,Món tráng miệng,Chè bưởi Vĩnh Long,"Món chè bưởi tại Vĩnh Long có vị rất ngon, vị thanh của bưởi kèm theo vị béo của nước cốt dừa càng làm người ăn mãn nguyện khi tráng miệng",,120phút,4,,7,"['Vỏ trái bưởi 1 trái', 'Bột năng 250 gram', 'Phèn chua 20 gram', 'Đậu xanh không vỏ 100 gram', 'Nước cốt dừa 500 ml', 'Đậu phộng 100 gram', 'Đường trắng 350 gram']","['Bước 1: - Bưởi rạch sạch, gọt bỏ phần vỏ màu xanh - Lấy phần cùi trắng bên trong bưởi', 'Bước 2: - Thái cùi trắng thành hạt lựu, ngâm cùi trắng vào nước lạnh pha muối để trong 30 phút', 'Bước 3: - Bạn vớt cùi ra cho vào nước lạnh, sau đó vắt khô, để ráo (làm như vậy khoảng 5 - 7 lần để khử vị đắng) - Chuẩn bị nồi nấu chè, cho 2 chén nước lạnh và 20 gram đường phèn chua, đun sôi. Khi nước sôi cho cùi vào trụng, vớt ra vắt rồi để ráo.', 'Bước 4: - Bạn cho vào cùi 100 gram đường trắng, 1 muỗng nước sôi trộn đều cho đường tan vào bưởi. - Cho cùi dừa vào chảo chống dinh, rang sơ với lửa nhỏ. Khi cùi khô lại thì tắt bếp', 'Bước 5: - Cho 150 gram bột năng vào bưởi, trộn đều nhiều lần cho cùi thấm bột', 'Bước 6: - Cho nồi nước lên bếp, nước sôi cho cùi bưởi vào với lửa nhỏ. Khi cùi nổi lên mặt nước là chín, vớt ra để nước lạnh cho có độ giòn, ngon hơn', 'Bước 7: - Pha 1 tô nước đường (150ml nước sôi và 100 gram đường trắng) cho bưởi vào ngâm', 'Bước 8: - Nấu đậu xanh cùng với 300 ml nước, khi nồi sôi thì vớt bỏ bọt. - Hạ nhỏ lửa, hầm cho đậu mềm khoảng 7 phút thì thêm 200 gram đường trắng, 1/2 muỗng muối khuấy đều và nấu thêm 7 phút nữa', 'Bước 9: - Cho ít bột năng hòa tan với nước rồi cho từ từ phần nước bột năng vào nồi chè (khuấy đều tay) - Khi thấy chè sánh lại, nấu thêm 1 phút thì tắt bếp', 'Bước 10: - Pha nước cốt dừa nấu cùng 1 muỗng bột năng, khi nước dừa sệt lại thì tắt bếp. - Cho đậu xanh ra ly, tới bưởi và sau cùng là 1 lớp nước cốt dừa - Món này ngon hơn khi ăn lạnh, chúc các bạn thành công']",[],"Thứ hai, 28/1/2019, 08:06 (GMT+7)"
https://vncooking.com/cong-thuc/banh-bot-loc-nhan-tom-187,Bánh và bánh ngọt,Bánh bột lọc nhân tôm,"Bánh bột lọc là món bánh truyền thống của người miền Trung
Bên trong bánh là nhân tôm thịt, ăn kèm với nước mắm nhà làm hoặc nước sốt tùy chổ nhưng đều rất ngon",,60phút,4,,6,"['Bột năng 200 gram', 'Tôm tươi 140 gram', 'Hành lá 1 nhánh', 'Hành tím băm 1 muỗng', 'Ớt băm 1 muỗng', 'Tỏi băm 1 muỗng']","['Bước 1: - Chuẩn bị nồi với 1.5 chén nước lạnh, cho vào nồi 1 muỗng dầu ăn, 1/2 muỗng muối - Khi nước sôi tắt bếp, để nguội một chút thì cho bột năng vào nhòi đến khi khối bột mịn', 'Bước 2: - Chuẩn bị chảo xào tôm - Cho hành tím và tỏi vào phi thơm thì cho tôm vào, nêm cùng 1 muỗng hạt nêm - Xào đều khi tôm chín cam thì tắt bếp', 'Bước 3: - Trải bột ra mặt phẳng, lấy khuôn tròn hoặc ly nhỏ tạo miếng tròn - Cho tôm vào giữa, dùng tay nặn kín bột lại', 'Bước 4: - Cho vào nồi luộc, khi thấy bánh nổi lên là đã chín - Vớt bánh ra, cho vào 1 tô nước đá để bánh dai và trong hơn', 'Bước 5: LÀM NƯỚC CHẤM - Cho 4 muỗng đường vào chảo cùng một ít nước - Cho thêm 3 muỗng nước mắm, 1 muỗng ớt băm vòa khuấy đều - Khi sôi thì tắt bếp', 'Bước 6: Hoàn thành món bánh Chúc các bạn thành công']",[],"Thứ bảy, 26/1/2019, 11:55 (GMT+7)"
https://vncooking.com/cong-thuc/ha-cao-nhan-thit-186,Món ăn sáng,Há cảo nhân Thịt,"Há cảo được hấp nóng nên khi ăn không ngán và không khó ăn
Chấm kèm với nước tương sẽ là bữa sáng ngon miệng nhất",,60phút,4,,5,"['Tôm 150 gram', 'Thịt heo bằm 150 gram', 'Bột gạo 100 gram', 'Bột năng 100 gram', 'Củ năng 5 củ']","['Bước 1: - Tôm rủa sạch, bóc vỏ rồi băm nhỏ - Củ năng gọt vỏ, băm nhỏ - Cho tôm, thịt heo, củ năng vào tôm ướp ít hạt nêm và đường, trộn đều hỗn hợp thịt', 'Bước 2: - Cho bột năng, bột mì vào tô to, trộn đều 2 loại bột rồi cho ít nước sôi vào nhào đến khi bột mịn, dẻo', 'Bước 3: - Trải bột ra mặt phẳng, dè mỏng dùng khuôn hoặc chén tròn tạo những miếng bột tròn đều - Cho nhân vào giữa miếng bột, dùng tay gấp kín bột lại', 'Bước 4: - Cho há cảo vào nồi hấp - Há cảo hấp khoảng 15 phút là chín Chúc các bạn thành công']",[],"Thứ bảy, 26/1/2019, 11:44 (GMT+7)"
https://vncooking.com/cong-thuc/muc-ong-xao-rau-cu-chua-ngot-185,Món chính,Mực ống xào rau củ chua ngọt,"Món mực chua chua ngọt ngọt, được xào cùng với các loại rau củ bổ dưỡng nên ăn rất thích
Ăn kèm với cơm trắng là ngon nhất",,30phút,4,,5,"['Mực ống 500 gram', 'Trái thơm 0.5 trái', 'Dưa leo 3 trái', 'Cà chua 2 trái', 'Hành tím 2 củ']","['Bước 1: - Mực rửa sạch, thái khúc - Dưa leo chẻ đôi, thái khúc - Cà chua, thơm thái khúc', 'Bước 2: - Hành tím thái lát - Cho cà chua và thơm vào tôm ướp cùng 1 muỗng đường', 'Bước 3: - Cho chảo lên bếp, phi hành tím, khi hành thơm thì cho mực vào xào - Nêm 1 muỗng nước mắm rồi vớt ra', 'Bước 4: - Cho dưa leo cào chảo xào sơ 2 phút thì cho cà chua, thơm vào cùng - Nêm lại với ít đường, hạt nêm - Cho mực vào xào đều khoảng 5 phút thì tắt bếp Món ăn đã hoàn thành']",[],"Thứ bảy, 26/1/2019, 11:00 (GMT+7)"
https://vncooking.com/cong-thuc/muc-chien-xu-gion-184,Món chính,Mực chiên xù giòn,Món mực chiên này sẽ rất thích hợp với gia đình có trẻ nhỏ. Mực bổ dưỡng được chiên xù giòn sẽ làm trẻ xơi cơm nhiều hơn,,30phút,4,,5,"['Mực ống 500 gram', 'Bột mì 250 gram', 'Trứng gà 3 trứng', 'Bột chiên xù 200 gram', 'Rượu trắng 1 muỗng']","['Bước 1: - Mực cho ít nước sôi lên da, lọt bỏ phần da đi - Thái khúc', 'Bước 2: - Mực ướp cùng với rượu trắng, muối, nước tương, tiêu khoảng 15 phút - Trứng đập khuấy tan ra chén', 'Bước 3: - Chuẩn bị chảo dầu - Cho mực qua lớp bột mì, lớp trứng, lớp bột xù rồi đem chiên - Chiên vàng đều thì vớt mực ra để ráo', 'Bước 4: - Chiên đến khi hết mưc - Món này chấm kèm tương cà, tương ớt']",[],"Thứ bảy, 26/1/2019, 10:13 (GMT+7)"
https://vncooking.com/cong-thuc/muc-nuong-sa-te-cay-183,Món chính,Mực nướng Sa tế cay,"Những ngày cuối tuần, ả nhà hay cả đám bạn cùng ngồi nướng những con mực tươi sẽ là một kỹ niệm đẹp và ngon bụng, đúng không?",,45phút,4,,7,"['Mực tươi 1 kg', 'Bột ớt 2 muỗng', 'Sa tế 3 muỗng', 'Mật ong 2 muỗng', 'Sả 1 cây', 'Hành tím băm 2 muỗng', 'Tỏi băm 2 muỗng']","['Bước 1: - Mực rửa sạch, dùng dao khứa vài đường trên mực', 'Bước 2: - Cho vào chén 2 muỗng bột ớt, 3 muỗng sa tế, tỏi băm, sả băm, hành tím băm, mật ong, 4 muỗng dầu ăn, ít dầu hào, 2 muỗng nước tương - Trôn đều', 'Bước 3: - Cho chén hỗn hợp trộn với mức, để khoảng 30 phút rồi nướng', 'Bước 4: - Bạn chuẩn bị lò nướng được rồi, mực nướng đảo mặt để chín đều - Mực chấm chung với muối tiêu chanh hoặc muối ớt xanh']",[],"Thứ bảy, 26/1/2019, 10:03 (GMT+7)"
https://vncooking.com/cong-thuc/muc-xao-chua-cay-182,Món chính,Mực xào chua cay,"Món mực này được xào chung với rau củ, cái quan trọng nhất để món mực được ngon là mực phải tươi",,30phút,4,,7,"['Mực tươi 400 gram', 'Hành tây 1 củ', 'Ớt chuông 1 trái', 'Hành lá 1 nhánh', 'Gừng 1 củ', 'Sa tế 1 muỗng', 'Rượu trắng 1 muỗng']","['Bước 1: - Mực rửa sạch - Thái vài đường lên thân mực - Ớt chuông thái sợi - Hành lá, hành tây, gừng thái mỏng', 'Bước 2: - Chuẩn bị nồi nước sôi, cho mực vào trụng nhanh rồi vớt ra để mực vào tô nước lạnh', 'Bước 3: - Cho chảo dầu lên bếp, phi gừng khi thơm thì cho 1 muỗng sa tế vào - Cho mực vào xào cùng, nêm lại với hạt nêm, nước tương và 1 muỗng rượu trắng', 'Bước 4: - Cho hành tây, ớt chuông vào đảo đều - Khi thấy tất cả đã hoàn chỉnh thì tắt bếp, cho ra dĩa Món ăn đã hoàn thành']",[],"Thứ bảy, 26/1/2019, 09:47 (GMT+7)"
https://vncooking.com/cong-thuc/pho-xao-chay-181,Món chay,Phở xào chay,"Cứ suy nghĩ ngày rằm ăn gì thì làm món Phở xào chay này đi, sẽ khỏi phải nặng đầu bạn
Món này ăn cũng rất ngon",,15phút,2,,6,"['Bánh phở 200 gram', 'Cà rốt 1 củ', 'Đậu hủ non 2 miếng', 'Cải thìa 100 gram', 'Đậu phộng 50 gram', 'Me 20 gram']","['Bước 1: - Bánh phở trụng sơ với nước sôi, vớt ra để ráo - Đậu hủ non thái miếng - Cà rốt gọt vỏ thái sợi - Cải thìa thái khúc - Me cho vào ít nước sôi, lấy nước cốt, bỏ xác me', 'Bước 2: - Cho chảo dầu lên bếp - Để đậu hủ vào chiên vàng giòn rồi vớt ra để ráo dầu', 'Bước 3: - Cho dầu ra bớt chảo rồi đổ cải thìa cà rốt vào xào chín sơ - Cho đậu hủ đã chiên, sốt me vào xào cùng - Nêm lại với muối, đường, tiêu, nước tương', 'Bước 4: - Đậu phộng đạp nhỏ - Cho đậu phộng và bánh phở vào chảo - Xào đều và nếm lại thử - Nếu vừa ăn rồi thì xào thêm 2 phút rồi tắt bếp Hoàn thành món ăn']",[],"Thứ bảy, 26/1/2019, 09:33 (GMT+7)"
https://vncooking.com/cong-thuc/pad-thai-ngon-tai-nha-180,Món chính,Pad Thái ngon tại nhà,"Pad Thái rất nổi tiếng và được bán khắp nơi trên Thế giới, đặc biệt ngon này còn được vào Menu được yêu thích của nhiều nhà hàng nổi tiếng.",,30phút,2,,13,"['Bánh phở 300 gram', 'Ức gà 100 gram', 'Tôm tươi 150 gram', 'Trứng gà 2 quả', 'Hẹ 25 gram', 'Hành tím băm 1 muỗng', 'Đậu hủ trắng 150 gram', 'Đậu phộng rang 50 gram', 'Giá đỗ 25 gram', 'Củ cải muối 20 gram', 'Đường thốt nốt 40 gram', 'Nước cốt me 25 ml', 'Sốt Pad Thái 1 gói']","['Bước 1: LÀM NƯỚC SỐT - Cho chảo lên bếp cùng đường thốt nốt, 1 muỗng nước mắm, nước cốt me, 2 muỗng tương ớt. - Đảo đều hỗn hợp để các nguyên liệu than thành sốt thì tắt bếp, cho ra chén', 'Bước 2: - Đậu hủ thái vuông - Củ cải muối, hành tím băm nhuyễn - Cho ít dầu lên chảo lại, cho đậu hủ lên chiên vàng thì cho tiếp củ cải muối và hành tím băm vào xào chung', 'Bước 3: - Ức gà thái khối vuông - Cho tôm, ức gà vào chảo xào cùng với đậu hủ', 'Bước 4: - Bánh phở, giá, hẹ thái khúc cho vào chảo - Đun lửa lớn, xào nhanh tay - Thêm nước sốt Pad Thái vào chảo đảo đều', 'Bước 5: - Thêm ít dầu vào chảo, đập 2 quả trứng vào đảo đều với bánh phở - Cuối cùng à đậu phộng đập cho vào chảo, đảo thêm 2 phút tì tắt bếp, Hoàn thành món ăn']",[],"Thứ bảy, 26/1/2019, 09:18 (GMT+7)"
https://vncooking.com/cong-thuc/pho-cuon-la-mieng-179,Món chính,Phở cuốn lạ miệng,"Phở được chế biến bằng cách cuốn tròn cùng rau củ và thịt sẽ lạ miệng hơn là các món khác, nhưng vị của nó lại còn rất ngon",,45phút,4,,7,"['Bánh phở 10 miếng', 'Thịt bò phi lê 400 gram', 'Hành tây 1 củ', 'Cà rốt 1 củ', 'Xà lách 100 gram', 'Tỏi băm 4 muỗng', 'Giấm 1 muỗng']","['Bước 1: - Thịt bò thái mỏng, ướp cùng với 2 muỗng nước tương, 2 muỗng tỏi băm, 1/2 muỗng tiêu, 1 muỗng hạt nêm - Hành tây, cà rốt thái sợi - Xà lách rửa sạch', 'Bước 2: - Chảo lên bếp, phi 2 muỗng tỏi cho thơm rồi cho cà rốt vào chảo đều khi cà rốt chín thì vớt ra dĩa - Cho thịt bò vào chào xào - Xào khoảng 3 phút cho thịt chín rồi cho hành tây vào xào thêm 1 phút nữa, tắt bếp', 'Bước 3: LÀM NƯỚC CHẤM - Cho 2/3 chén nước vào tô, cho giấm, đường, nước mắm, ớt băm vào khuấy đều - Cho cà rốt thái sợi vào khuấy', 'Bước 4: - Trải bánh phở ra, cho xà lách ở dưới, kế là thịt bò, cà rốt rồi cuốn lại - Cuốn đến khi hết bánh và thịt Món này ăn chơi, ăn no rất được miệng Không ngán như món phở nước hay phở xào nên rất dễ ăn']",[],"Thứ bảy, 26/1/2019, 08:06 (GMT+7)"
https://vncooking.com/cong-thuc/pho-bo-viet-nam-178,Món chính,Phở Bò Việt Nam,"Món Phở Bò nổi tiếng của Việt Nam hôm nay được vào gian bếp của bạn.
Món phở này không cần nói đến sự nổi tiếng và độ ngon của nó nữa rồi. Vị ngọt, béo của bánh, cùng thịt bò mềm dai tạo cảm giác ăn rất ngon, đặc biệt là vào buổi sáng hoặc tối khi trời hơi se lạnh",,60phút,4,,10,"['Bánh phở 500 gram', 'Xương bò 1 kg', 'Thịt bò 500 gram', 'Đường phèn 50 gram', 'Rượu trắng 30 ml', 'Gừng 1 củ', 'Hành tây 1 củ', 'Hành tím 1 củ', 'Hành lá 2 nhánh', 'Gói gia vị phở 1 gói']","['Bước 1: - Rửa sạch xương bò rồi cho vào nồi nấu cùng 2 lít nước và rượu trắng - Gừng thái nhỏ bỏ vào nồi xương, khi nồi nước sôi thì bạn bỏ phần nước lấy cái cho thêm 3 lít nước nấu lại (bạn nên đun lửa nhỏ và vớt bọc thường xuyên) hầm trong khoảng 120 phút', 'Bước 2: - Bạn rang gói gia vị nấu lẩu - Hành tím, gừng, hành tây thì nướng thơm - Cho tất cả vào nồi nước hầm', 'Bước 3: - Bạn nêm nồi nước với ít muối, hạt nêm và đường phèn', 'Bước 4: - Bạn cho ít thịt bò trụng chín rồi cho ra tô bánh phở - Chang nước vào, để hành lá và ít tiêu Cùng thưởng thức thành quả của mình nha']",[],"Thứ bảy, 26/1/2019, 07:53 (GMT+7)"
https://vncooking.com/cong-thuc/pho-xao-bo-cung-cai-ngot-177,Món chính,Phở xào bò cùng cải ngọt,Phở đươc xào cùng với cải ngọt va thịt bò lát nên vị ăn không ngán như mì và lạ miệng hơn,,30phút,2,,8,"['Bánh phở 300 gram', 'Thịt bò 200 gram', 'Cải ngọt 100 gram', 'Hành lá 1 nhánh', 'Hành tây 1 củ', 'Tỏi 3 tép', 'Bột bắp 15 gram', 'Dầu hào 1 muỗng']","['Bước 1: - Thịt bò thái mỏng, ướp cùng 1 muỗng nước tương, 1/3 muỗng muối, 1 muỗng dầu hào, và bột bắp, trộn đều - Hành lá, hành tây thái nhỏ - Cải ngọt thái khúc', 'Bước 2: - Cho chảo lên bếp cùng 2 muỗng dầu hào - Dầu nóng cho tỏi vào phi thơm', 'Bước 3: - Khi tỏi thơm bạn cho cải ngọt vào xào khoảng 5 phút thì cho thịt bò và hành tây xào xào cùng - Nêm lại với 1/2 muỗng hạt nêm, 2 muỗng dầu mè - Thịt chín tới thì cho bánh phở vào xào, xào đều khoảng 3 phút thì cho ít tiêu và hành lá vào xào 5 phút thì tắt bếp Món ăn đã xong']",[],"Thứ bảy, 26/1/2019, 07:40 (GMT+7)"
https://vncooking.com/cong-thuc/mi-tuong-den-han-quoc-176,Món chính,Mì tương đen Hàn Quốc,Món mì tương đen của Hàn Quốc không lẫn vào đâu được với vị ngon lạ miệng sẽ là bữa tối tuyệt vời dành cho người ấy,,30phút,2,,9,"['Mì Hàn Quốc 2 gói', 'Thịt heo 100 gram', 'Khoai tây 1 củ', 'Tương đậu đen 3 muỗng', 'Bột năng 1 muỗng', 'Hành tây 1 củ', 'Cà rốt 1 củ', 'Rượu gạo Hàn Quốc 2 muỗng', 'Gừng băm 1 muỗng']","['Bước 1: - Cà rốt, khoai tây, hành tây, thịt heo rửa sạch rồi thái nhỏ - Thịt ướp cùng tiêu, muối, gừng băm và 1 muỗng rượu Hàn Quốc trong 10 phút - Dưa leo thái sợi', 'Bước 2: - Trộn bột năng vào 1 chén nước - Cho nồi nước và nấu mì chín, khi mì chín thì vớt ra, nồi nước đang sôi cho trứng cút vào luộc chín vớt ra bóc vỏ', 'Bước 3: - Chuẩn bị chảo dầu nóng, cho thịt vào xào sơ đến khi thịt chín thì cho cà rốt, khoai tây, hành tây vào xào cùng', 'Bước 4: - Cho chén nước bột năng và tương đen vào chảo xào - Nêm lại với hạt nêm và 1 muỗng rượu gạo thì thấy chảo sôi thì để thêm 5 phút nữa tắt bếp', 'Bước 5: - Cho mì ra dĩa, chang nước sốt tương đen lên - Cho ít dưa leo thái sợi kế bên và ăn kèm và trứng cút lên trên Món này ăn rất ngon miệng']",[],"Thứ sáu, 25/1/2019, 16:18 (GMT+7)"
https://vncooking.com/cong-thuc/mi-y-sot-kem-pho-mai-beo-175,Món chính,Mì Ý sốt kem phô mai béo,"Mì Ý thường ngày đã ngon giờ thêm sốt kem lại càng hấp dẫn
Món này ăn kèm với ít rau xà lách sẽ rất ngon",,30phút,2,,8,"['Mì Ý 150 gram', 'Kem whipping 130 gram', 'Bột phô mai 2 muỗng', 'Bơ lạt 20 gram', 'Tôm tươi 150 gram', 'Sữa tươi 70 ml', 'Phô mai 2 muỗng', 'Tỏi 2 tép']","['Bước 1: - Tôm bóc vỏ ướp cùng với tiêu - Phô mai bào sợi - Tỏi băm nhỏ', 'Bước 2: - Mì Ý luộc cùng muối, mì chín thì vớt ra', 'Bước 3: - Cho chảo lên bếp, cho bơ và tỏi băm vào - Khi bơ chảo hết thì cho sữa tươi và kem whipping vào đun sôi - Khi sôi cho bột phô mai và phô mai vào nấu chảy - Nêm cùng ít tiêu và muối', 'Bước 4: - Cho mì Ý vào đảo đều khoảng 5 phút thì tắt bếp - Món mì ra đã xong, bạn cho ra dĩa thêm ít ngò lên và ăn thôi']",[],"Thứ sáu, 25/1/2019, 16:09 (GMT+7)"
https://vncooking.com/cong-thuc/mi-tron-muoi-ot-cay-nong-174,Món chính,Mì trộn muối ớt cay nồng,"Mì trộn muối ớt này cũng là một món hot trong thời gian qua
Món này dành riêng cho những ai thích ăn cay nên các bạn khi chế biến cần lưu ý đến người ăn
Chúc các bạn thành công",,30phút,2,,6,"['Mì gói 3 gói', 'Trứng gà 2 trứng', 'Hành phi 2 muỗng', 'Chanh 1 trái', 'Tôm khô 3 muỗng', 'Hành tím băm 1 muỗng']","['Bước 1: - Cho vào cối: tôm khô, muối, đường, bột ngọt, ớt trái giã nhuyền', 'Bước 2: - Chảo dầu cho lên bếp, khi dầu nóng thì cho hành tím băm vào phi thơm, khi hành tím thơm thì cho muối ớt vào cùng với 2 muỗng sa tế xào đều tay rồi tắt cho ra chén', 'Bước 3: - Chuẩn bị nồi nấu mì, khi mì chín thì vớt ra để ráo', 'Bước 4: - Cho mì ra tô, trộn với muối ớt ở trên và cho thêm hành phi vào Món này bạn ăn với súp thịt nếu thích']",[],"Thứ sáu, 25/1/2019, 16:00 (GMT+7)"
https://vncooking.com/cong-thuc/mi-cay-han-quoc-173,Món chính,Mì cay Hàn Quốc,"Món mì cay này rất hot trong thời gian qua và hiện tại vẫn chưa có dấu hiệu hạ nhiệt
Món này ăn không ngán như mì thường nên rất được ưa chuộng",,30phút,2,,8,"['Mì Hàn Quốc 2 gói', 'Tôm 50 gram', 'Mực 10 gram', 'Nấm kim châm 30 gram', 'Kim chi cải thảo 30 gram', 'Hành tây 1 củ', 'Bột ớt 2 muỗng', 'Xúc xích 1 cây']","['Bước 1: - Nấm kim chi bỏ gốc - Tôm bỏ râu, mực làm sạch thái khúc - Hành tây thái mỏng - Xúc xích thái miếng - gừng băm nhuyễn', 'Bước 2: - Làm nóng nồi đất cùng với ít dầu, cho gừng băm vào - Khi gừng thơm thì cho 1 tô nước vào mỗi nồi, cho kim chi và ớt bột vào khuấy đều', 'Bước 3: - Nêm phần nước với 1/2 muỗng đường, 1/2 muỗng hạt nêm, 1/2 muỗng nước mắm - Khi nồi nước sôi thì cho mì vào nấu', 'Bước 4: - Khi mì vừa chín thì cho tôm, mực, xúc xích, nấm kim chi vào nấu thêm khoảng 5 phút thì tắt bếp Ăn được rồi']",[],"Thứ sáu, 25/1/2019, 15:49 (GMT+7)"
https://vncooking.com/cong-thuc/chao-thit-heo-bam-172,Món chính,Cháo thịt heo bằm,"Những ngày bệnh hay bị cảm thì một bát cháo thịt bằm sẽ ấm bụng hết cở nào
Món cháo này rất đơn giản nhưng giải cảm rất hiệu quả",,30phút,2,,5,"['Gạo tẻ 150 gram', 'Thịt thăn heo 100 gram', 'Bột mì 0.5 muỗng', 'Gừng 1 củ', 'Hành lá 1 nhánh']","['Bước 1: - Vo gạo sạch rồi ướp cùng 1/2 muỗng muối, 1/2 muỗng dầu ăn để yên cho gạo thấm vị khoảng 20 phút - Thịt thái lát - Hành lá thái nhỏ - Gừng thái sợi mỏng', 'Bước 2: - Thịt ướp cùng với 1/2 muỗng muối, bột mì, 1/2 muỗng dầu ăn trộn đều - Đun sôi gạo nấu với lượng nước gấp 3 lượng gạo', 'Bước 3: - Khi thấy gạo mềm thì cho thịt vào nấu cùng - Nêm 1 muỗng hạt nêm, 1/2 muỗng nước mắm - Khi cháo sắp nhừ thì cho hành lá vào khuấy đều và nấu thêm 5 phút nữa thì tắt bếp cho hành và tiêu lên trên']",[],"Thứ sáu, 25/1/2019, 15:38 (GMT+7)"
https://vncooking.com/cong-thuc/xoi-chien-nhan-thit-heo-171,Món tráng miệng,Xôi chiên nhân thịt heo,"Xôi chiên là món ăn vỉa hè rất được yêu thích tại Việt Nam
Hương vị giòn của xôi bên trong là lớp nhân thịt nấm rất ngon, vừa ăn vặt, vừa no",,45phút,3,,8,"['Gạo nếp 200 gram', 'Nước cốt dừa 30 ml', 'Thịt heo bằm 100 gram', 'Củ sắn 20 gram', 'Nấm mèo 1 cái', 'Cà rốt 1 củ', 'Hành tím băm 2 muỗng', 'Nước dừa 50 ml']","['Bước 1: - Gạo nếp ngâm nước qua đêm rồi hấp chín cùng nước cốt dừa. - Chuẩn bị khay tròn, để 1 cái màn bóc ở dưới mặt phẳng nhằm chống dính xôi lên mặt phẳng - Cho xôi vào khay, làm chặt tay để xôi chắt đến khi hết xôi rồi cho vào tủ lạnh 30 phút để xôi khô dễ chiên', 'Bước 2: - Cà rốt, củ sắn gọt vỏ thái hạt lựu - Nấm mèo ngâm nở rồi thái hạt lựu NHÂN XÔI - Thịt heo, củ sắn, cà rốt, nấm mèo vào tô ướp cùng với ít đường, nước mắm, tiêu và dầu ăn trộn đều', 'Bước 3: - Cho tỏi và hành tím băm lên chảo phi thơm rồi cho phần nhân vào xào đều - Cho chảo dầu khác để chiên xôi, chiên 2 mặt cho chín vàng thì vớt ra để ráo dầu', 'Bước 4: - Dùng dao hoặc kéo cắt 1 đường bên hong rồi nhét nhân vào, làm như vậy đến khi hết xôi và nhân bánh Món xôi này ăn kèm với tương ớt và tương cà nhé']",[],"Thứ sáu, 25/1/2019, 15:23 (GMT+7)"
https://vncooking.com/cong-thuc/xien-que-thit-heo-nuong-ca-ri-170,Món tráng miệng,Xiên que - Thịt heo nướng cà ri,"Hôm nay cho cả nhà đổi khẩu vị một chút bằng món thịt heo xiên que nướng này.
Vị thơm của thịt heo ướp cùng cà ri cho hương vị lạ và rất thơm",,45phút,4,,8,"['Thịt heo 200 gram', 'Nước cốt dừa 100 ml', 'Bột cà ri 2 muỗng', 'Hành tím băm 1 muỗng', 'Tỏi băm 1 muỗng', 'Bột nghệ 1 muỗng', 'Sa tế 1 muỗng', 'Sả băm 1 muỗng']","['Bước 1: - Thịt thái khúc nhỏ (bạn nên mua thịt nạc để có phần mở khi nướng thịt không bị khô)', 'Bước 2: - Cho chảo lên bếp, khi dầu nóng cho tỏi, hành tím, sả vào phi. Khi thơm thì cho 1/3 chén nước vào nấu sôi - Khi nước sôi bạn cho bột cà ri vào cùng với bột nghệ, sa tế, 1 muỗng nước mắm, 2 muỗng đường', 'Bước 3: - Khuấy tan hỗn hợp rồi hạ lửa xuống, cho nước cốt dừa vào khuấy đều đến khi sôi một lần nữa thì tắt bếp', 'Bước 4: - Cho nước sốt vào tô thịt, trộn đều ướp khoảng 30 phút - Cho từng miếng thịt vào xiên que', 'Bước 5: - Bạn chuẩn bị lò than hoặc bếp điện để nướng thịt - Thịt nướng bạn nên dùng lọ quét nước sốt lên thêm để thịt đậm đà nhất - Khi thịt chín thì bạn có thể dùng rồi']",[],"Thứ sáu, 25/1/2019, 15:09 (GMT+7)"
https://vncooking.com/cong-thuc/thit-heo-chien-xu-tonkatsu-nhat-ban-169,Món chính,Thịt heo chiên xù - Tonkatsu Nhật Bản,"Món ăn Tonkatsu rất phổ biến ở Nhật Bản, được ăn chung với mì Udon, mì Ramen hay cơm trắng.",,30phút,2,,5,"['Thịt thăn heo 300 gram', 'Bột mì 100 gram', 'Sốt Tonkatsu 2 muỗng', 'Bột chiên xù 100 gram', 'Trứng gà 1 quả']","['Bước 1: - Loại bỏ lớp mở trên thịt heo, khứa vài đường trên từng miếng thịt - Chà lên thịt ít tiêu và muối', 'Bước 2: - Chuẩn bị chảo dầu nóng - Cho thịt nhúng qua 1 lớp bột mì, 1 lớp trứng và 1 lớp bột xù rồi đem chiên', 'Bước 3: - Chiên đều 2 mặt thịt chín vàng thì vớt ra để ráo dầu - Bạn cho da dĩa, chang sốt lên trên thịt và thưởng thức - Món này bạn chấm cùng tương ớt vẫn được ăn kèm với salad cũng rất ngon']",[],"Thứ sáu, 25/1/2019, 15:01 (GMT+7)"
https://vncooking.com/cong-thuc/trung-hap-thit-168,Món chính,Trứng hấp thịt,Món trứng hấp cùng với thịt được ra đời từ rất lâu rồi. Món này ăn chung với bát canh nữa là mâm cơm sẽ trọn vẹn hơn,,15phút,2,,3,"['Trứng gà 2 quả', 'Thịt heo bằm 70 gram', 'Hành lá 1 nhánh']","['Bước 1: - Trứng gà đập vào tô ướp cùng 1 muỗng muối, 1/3 chén nước lạnh. Khuấy đều lọc qua rây. - Bọc màng bọc bao phủ trứng rồi đem hấp', 'Bước 2: - Hành lá thái nhỏ - Cho chảo lên bếp xào cơ thịt cùng ít hạt nêm và tiêu', 'Bước 3: - Khi trứng đã chín thì mở màng bọc ra, cho thịt và hành lên trên lớp trứng sau đó hấp tiếp khoảng 3 phút thì lấy ra Món trứng hấp đã xong rồi']",[],"Thứ sáu, 25/1/2019, 14:51 (GMT+7)"
https://vncooking.com/cong-thuc/trung-chien-thit-heo-bam-167,Món chính,Trứng chiên thịt heo bằm,Trứng chiên này dễ ăn hơn trứng chiên ốp la nên những bữa cơm có được dĩa trứng chiên thịt bằm cũng rất ngon,,15phút,2,,5,"['Trứng gà 2 quả', 'Thịt bằm 100 gram', 'Hành lá 1 nhánh', 'Hành tím 1 củ', 'Tỏi 2 tép']","['Bước 1: - Trứng đập ra tô - Hành lá, hành tím thái nhỏ - Tỏi băm nhỏ', 'Bước 2: - Cho hành lá, hành tím, thịt vào trứng - Nêm với 1 muỗng nước mắm, 1/3 muỗng đường, 1/3 muỗng tiêu khuấy đều hỗn hợp', 'Bước 3: - Cho chảo dầu lên bếp, phi tỏi thơm thì cho trứng vào chiên với lửa nhỏ - Thấy trứng vàng thì đảo mặt - Khi 2 mặt đã chín đều thì tắt bếp, xong món trứng rồi']",[],"Thứ sáu, 25/1/2019, 14:45 (GMT+7)"
https://vncooking.com/cong-thuc/heo-quay-gion-ngon-166,Món chính,Heo quay giòn ngon,"Heo quay được làm tại nhà không cần lo về vấn đề sức khỏe nữa rồi. Mỗi lần ra chợ mua heo quay lại sợ heo không tươi, quay với hóa phẩm thì hôm nay làm món này tại nhà cho an tâm",,90phút,4,,4,"['Thịt ba chỉ 500 gram', 'Bột ngũ vị hương 3 gram', 'Rượu trắng 20 ml', 'Giấm 25 ml']","['Bước 1: - Thịt rửa sau đó thể ráo - Lót 1 tấm giấy bạc ở dưới khay nướng sau đó đặt thịt heo lên khay - Thoa rượu trắng lên toàn bộ thịt heo', 'Bước 2: - Cho 1/2 muỗng muối, 1/3 muỗng đường, bột ngũ vị hương, 1/3 muỗng tiêu vào chén. - Cho chén hỗn hợp trên ướp cùng với thịt heo, để qua đêm trong tủ lạnh cho thịt thấm vị nhất', 'Bước 3: - Lấy thịt ra, thoa giấm đều lên trên thịt - Rắc ít muối lên trên', 'Bước 4: - Cho thịt vào lò nướng ở nhiệt độ 200 độ C khoảng 90 phút - Sau đó lấy thịt ra, bỏ phần giấy bạc đi, cho thịt heo lên khay nướng trực tiếp khoảng 15 phút nữa', 'Bước 5: Vậy là xong món heo quay da giòn rồi Chúc các bạn thành công']",[],"Thứ sáu, 25/1/2019, 08:38 (GMT+7)"
https://vncooking.com/cong-thuc/thit-ba-chi-kho-tieu-dam-da-165,Món chính,Thịt ba chỉ kho tiêu đậm đà,"Thịt ba chỉ kho tiêu này là món ăn rất được yêu thích tại những vùng quê cùng như các bữa cơm gia định.
Vị mặn của nước mắm cùng vị béo của thịt mỡ ăn cùng cơm trắng là sự kết hợp tuyệt vời",,45phút,4,,5,"['Thịt ba chỉ 300 gram', 'Tỏi băm 1 muỗng', 'Hành tím băm 1 muỗng', 'Hành lá 1 nhánh', 'Ớt 1 trái']","['Bước 1: - Cho vào nồi đất 1 muỗng đường, ít dầu ăn, khuấy đều khi đường chuyển màu vàng đất thì cho 1/2 chén nước lạnh vào, đun thêm 1 phút thì tắt bếp', 'Bước 2: - Thịt heo rửa, thái khúc ướp cùng tỏi, nước mắm, 1/2 muỗng muối, 1 muỗng đường, 1 muỗng tiêu và nước màu đã làm ở trên ướp khoảng 10 phút', 'Bước 3: - Hành lá thái nhỏ (bạn có thể tỉa hoa trang trí) - Ớt thai nhỏ - Cho nồi đất lên chảo, để hành tím vào phi thơm, hành tím đã thơm thì cho thịt vào, đảo đều tay', 'Bước 4: - Khi thấy thịt đã săn lại thì bạn cho hành lá và 1 muỗng tiêu vào trộn đều, đến khi thấy nước cạn sệt lại thì bạn có thể tắt bếp cho ít ớt lên trên Món ăn đã hoàn thành']",[],"Thứ sáu, 25/1/2019, 08:25 (GMT+7)"
https://vncooking.com/cong-thuc/bo-xao-luc-lac-cong-thuc-nha-hang-164,Món chính,Bò xào lúc lắc - công thức Nhà hàng,"Buổi tối lãng mạn cùng người ấy bên ly rượu là dĩa bò xào lúc lắc thơm ngon kèm theo một bản nhạc du dương sẽ là món quà ý nghĩa cho một ngày kỹ niệm.
Hãy tìm hiểu xem công thức của món ăn này như thế nào",,30phút,2,,6,"['Thịt bò 400 gram', 'Hành tây 1 củ', 'Xà lách 50 gram', 'Dầu hào 2 muỗng', 'Cà chua 1 trái', 'Dầu oliu 1 muỗng']","['Bước 1: - Thịt bò rửa sạch, thái miếng vuông rồi ướp với 1 muỗng tỏi băm, 2 muỗng nước tương, 1 muỗng dầu hào, ít tiêu, hạt nêm, đường trộn đều - Hành tây thái dày', 'Bước 2: - Cho chảo lên bếp, khi dầu hóng thì cho tỏi vào phi, cho hành tây vào xào 1 phút - Cho thịt bò vào xào, nêm lại với gia vị - Khi thịt mềm màu đẹp thì tắt bếp', 'Bước 3: Bày ra dĩa, trang trí rau củ xung quanh và chuẩn bị một bữa tối lãng mạn thôi']",[],"Thứ năm, 24/1/2019, 13:31 (GMT+7)"
https://vncooking.com/cong-thuc/mien-tron-han-quoc-noi-tieng-phim-han-163,Món chính,Miến trộn Hàn Quốc - Nổi tiếng phim Hàn,"Món miến này thường xuất hiện trong các tập phim nổi tiếng của Hàn Quốc.
Hôm nay cùng chế biến món này để xem tại sao nó lại HOT như vậy",,45phút,2,,12,"['Miến khô 200 gram', 'Nấm bào ngư 30 gram', 'Thịt bò 150 gram', 'Cải bó xôi 100 gram', 'Nấm mèo 2 cái', 'Trứng gà 2 quả', 'Dưa leo 1 trái', 'Hành tây 0.5 củ', 'Cà rốt 0.5 củ', 'Tỏi băm 3 muỗng', 'Mè rang 1 muỗng', 'Rượu trắng 1 muỗng']","['Bước 1: - Thịt bò rửa, thái sợi dài rồi ướp với 1 muỗng tỏi băm, 1 muỗng nước tương, 1/3 muỗng đường, rượu trắng, 1 muỗng dầu mè, ít tiêu trộn đều để tủ lạnh 10 phút - Cà rốt gọt vỏ, thái sợi - Hành tây thái mỏng - Dưa leo thái sợi mỏng - Nấm mèo ngâm mềm rồi thái sợi - Nấm bào ngư thái nhỏ', 'Bước 2: - Cải bó xôi rửa, thái khúc - Nấu nồi nước sôi cho rau vào trụng mềm thì vớt ra để ráo trộn với 1 muỗng dầu mè, ít đường và muối', 'Bước 3: - Miến luộc chín khoảng 5 phút, khi chín vớt miến ra cho vào nước lạnh rồi vớt tiếp để ráo. - Đập trứng, tách long trắng và lòng đỏ riêng. Đánh tan 2 chén, rồi chiên từng phần lòng trứng, sau đó thái sợi', 'Bước 4: - Phi 1 muỗng tỏi, khi tỏi thơm thì cho 2 loại nấm vào xào cùng ít hạt nêm, nấm chín thì vớt ra dĩa. - Cho hành tây, cà rốt vào chảo xào đến khi mềm thì vớt ra dĩa', 'Bước 5: - Phi tỏi, cho thịt bò vào xào chín thì vớt ra để riêng - Cho 2 muỗng nước tương, 1 muỗng đường, 1 muỗng dầu mè, 1 muỗng mè rang và chảo khuấy đều, khi thấy nước sệt lại thì cho miến nào trộn đều hoảng 2 phút thì tắt bếp', 'Bước 6: - Miến trộn cùng với hỗn hợp rau nấm ở tren, cho thêm trứng lên trên nữa là có được món ăn xuất sắc rồi, chúc các bạn ngon miệng']",[],"Thứ năm, 24/1/2019, 13:08 (GMT+7)"
https://vncooking.com/cong-thuc/ca-ri-bo-nhat-ban-162,Món chính,Cà ri bò Nhật Bản,Món ăn đến từ Nhật Bản này sẽ không làm bạn thất vọng đâu bởi sự ngon đến khó cưỡng của nó,,60phút,2,,6,"['Thịt bò 300 gram', 'Cà rốt 1 củ', 'Hành tây 1 củ', 'Nước cốt dừa 150 ml', 'Khoai lang 1 củ', 'Bột cà ri 1 muỗng']","['Bước 1: - Thịt bỏ rửa, thái miếng vuông nhỏ rồi ướp cùng 1/2 muỗng cà ri, 1/2 muỗng dầu ăn trộn đều chờ 20 phút - Hành tây thái miếng - Cà rốt, khoai lang gọt vỏ, thái khúc nhỏ', 'Bước 2: - Đun chảo cùng dầu ăn, khi dầu nóng cho bò vào xào sơ cho thịt săn lại thì vớt ra chén - Cho cà rốt, khoai, hành tây vào xào nêm cùng 1/2 muỗng cà ri, đảo đều khoảng 10 phút thì cho bò vào xào cùng', 'Bước 3: - Cho nước cốt dừa vào chảo nêm cùng 1/2 muỗng muối, 1/2 muỗng nước tương đảo đều chảo đun lửa nhỏ trong 30 phút - Thấy thịt chín vàng thơm thì tắt bếp']",[],"Thứ năm, 24/1/2019, 12:02 (GMT+7)"
https://vncooking.com/cong-thuc/bo-cuon-la-lot-nuong-161,Món chính,Bò cuốn lá lốt nướng,"Bò cuốn thành những cuốn được bao phủ bên ngoài là lá lốt thơm nên tại các hàng quán thì món lại rất bán chuộng.
Hôm nay làm nha",,45phút,4,,4,"['Thịt bò 400 gram', 'Thịt heo bằm 100 gram', 'La lốt 50 gram', 'Tỏi băm 1 muỗng']","['Bước 1: - Bò xay nhuyền - Lá lốt rửa sạch', 'Bước 2: - Cho thịt bò vào thịt heo ướp cùng tỏi băm, ít tiêu, hạt nêm, 1 muỗng nước mắm, muối trộn đều, chờ thấm vị khoảng 15 phút', 'Bước 3: - Trải lá lốt ra, cho thịt bò vào cuốn lại - Lấy tâm bắt ngang qua để giữ cuốn thịt - Để lên vỉ chuẩn bị nướng', 'Bước 4: - Nướng đến khi thấy thịt thơm, lá lốt mềm lại là được - Ăn kèm với nước mắm làm hoặc cuốn bánh tráng rất ngon']",[],"Thứ năm, 24/1/2019, 10:42 (GMT+7)"
https://vncooking.com/cong-thuc/bo-xao-hanh-tay-truyen-thong-160,Món chính,Bò xào hành tây truyền thống,"Món bò xào này là truyền thống nhất về các món làm từ bò nên đã quen miệng với tất cả mọi người, không sợ sự kén ăn của ai cả. Được chế biến nhiều nhất trong các bữa tiệc hay đám cưới",,30phút,2,,5,"['Thịt bò 300 gram', 'Hành tây 2 củ', 'Tỏi băm 1 muỗng', 'Cà chua 1 trái', 'Dầu hào 2 muỗng']","['Bước 1: - Hành tây thái - Bò thái lát mỏng ướp cùng với 2 muỗng dầu hào, 1/2 muỗng tiêu, trộn đều', 'Bước 2: - Chuẩn bị chảo xào - Cho dầu vào chảo, phi tỏi thơm thì cho hành tây vào xào trước - Xào khoảng 5 phút thì cho bò vào xào cùng', 'Bước 3: - Khi thấy thịt và hành tây đã mềm thì nêm lại 1 lần nữa rồi tắt bếp cho ra dĩa Chúc các bạn thành công']",[],"Thứ năm, 24/1/2019, 10:26 (GMT+7)"
https://vncooking.com/cong-thuc/bo-cuon-nam-kim-cham-hap-chao-159,Món chính,Bò cuộn nấm kim châm hấp chảo,Bò cuộn nấm kim châm hấp chảo ngon tuyệt cho bữa cơm gia đình,,30phút,2,,3,"['Thịt bò 150 gram', 'Nấm kim châm 150 gram', 'Rượu MIrin 2 muỗng']","['Bước 1: - Chuẩn bị nồi lên bếp - Cho vào nồi 2 muỗng rượu Mirin, 2 muỗng nước tương, 2 muỗng đường đun đến khi nước sệt lại thì tắt bếp', 'Bước 2: - Nấm ngâm cùng muối khoảng 4 phút trước khi thực hiện, rửa lại với nước lạnh rồi vớt ra để ráo - Thịt bò thái lát mỏng - Lây thịt cuốn 1 - 2 vòng quanh bó nấm nhỏ đến khi hết', 'Bước 3: - Cho chảo ít dầu lên, khi dầu nóng thì cho từng cuốn thịt vào - Rắc lên ít muối và tiêu vào chảo', 'Bước 4: - Khi thịt bò chuyển vào chín thì lấy cọ quẹt đều phần nước sốt rượu quanh thịt - Vẫn đun thêm 5 phút nữa thì tắt bếp Món ăn đã xong, mời cả nhà']",[],"Thứ năm, 24/1/2019, 10:16 (GMT+7)"
https://vncooking.com/cong-thuc/bo-xao-sot-cam-tuoi-158,Món chính,Bò xào sốt cam tươi,"Món này rất dễ làm, lại lạ miệng
Rất thích hợp dành cho những gia đình nhỏ hoặc vợ chồng son",,30phút,2,,4,"['Thịt bò 200 gram', 'Cam tươi 1 trái', 'Ớt bột 0.5 muỗng', 'Cà chua 1 trái']","['Bước 1: - Thịt bò thái lát mỏng - Cam: phần vỏ thái sợi, phần múi vắt lấy nước - Cà chua thái nhỏ', 'Bước 2: - Cho chảo lên bếp, cho cà chua vào xào, đảo đều cho cà chua chín khoảng 3 phút. - Cho thịt bò, nước cam, vỏ cam vào xào - Nêm cùng ít tiêu, 1 muỗng nước tương, bột ớt, hạt nêm, 1 muỗng tương ớt', 'Bước 3: - Khi thấy bò đã chín thì tắt bếp Món ăn đã xong, chúc các bạn ngon miệng']",[],"Thứ năm, 24/1/2019, 09:38 (GMT+7)"
https://vncooking.com/cong-thuc/thit-bo-xao-cung-bong-cai-157,Món chính,Thịt bò xào cùng bông cải,"Món bò xào bông cải này rất tiện lợi
Dùng cho những bữa cơm thường ngày hay ngày lễ, tiệc chiêu đãi bạn bè vẫn được",,30phút,3,,3,"['Thịt bò 400 gram', 'Bông cải 500 gram', 'Gừng 1 củ']","['Bước 1: - Bông cải tách, thái nhỏ - Gừng gọt vỏ, đập dẹp rồi thái sợi', 'Bước 2: - Thịt bò rửa, thái lát mỏng - Ướp cùng với 1 muỗng hạt nêm, gừng, 2 muỗng nước tương và ít tiêu khoảng 10 phút', 'Bước 3: - Cho chảo len bếp, khi dầu nóng cho thịt bò vào xào khoảng 2 phút khi thịt săn lại thì cho ra dĩa để riêng - Cho bông cải xanh vào chảo xào chín, thì cho phần thịt bò khi nảy vào xào cùng', 'Bước 4: - Bạn nêm lại lần cuối thấy vừa miệng thì xào lên 3 phút nữa rồi tắt bếp Chúc các bạn thành công']",[],"Thứ năm, 24/1/2019, 09:30 (GMT+7)"
https://vncooking.com/cong-thuc/nui-xao-bo-156,Món chính,Nui xào bò,"Những lần đi học mỗi buổi sáng đều có một hộp nui xào, mì xào mua vội trước cổng trường làm món ăn. Vậy mà thấy ngon đến nhường nào.
Quay lại những ký ức đẹp đó bằng cách tự tay làm món Nui xào bò này để đãi chính mình hôm nay",,30phút,2,,5,"['Nui 250 gram', 'Thịt bò 200 gram', 'Hành tây 1 củ', 'Ớt chuông 1 trái', 'Tỏi băm 1 muỗng']","['Bước 1: - Đầu tiên, bạn luộc nui chín, vớt để ráo - Thịt bò thái lát mỏng - Tỏi băm nhuyễn - Hành tây thái sợi - Ớt chuông thái sợi', 'Bước 2: - Cho chảo lên bếp, phi tỏi đến khi thơm thì cho thịt bò vào xào - Xào khoảng 1 phút thì cho nui cùng tất cả nguyên liệu vào xào', 'Bước 3: - Nêm lại với 1/2 muỗng hạt nêm, 2 muỗng nước tương, 1/2 muỗng sa tế, 1/3 muỗng đường - Xào đều tay, đến khi thấy thịt và nui đã chín đều, thấm vị thì tắt bếp Xong rồi, chúc các bạn ngon miệng']",[],"Thứ năm, 24/1/2019, 09:22 (GMT+7)"
https://vncooking.com/cong-thuc/bo-sot-tieu-155,Món chính,Bò sốt tiêu,"Với hương vị châu Âu cổ điển, món bò sốt tiêu này rất được lòng các bạn trẻ
Món này với vị tiêu tỏa ra khắp phần thịt bò, được trình bày bắt mắt một chút sẽ trở thành một bữa tối lãng mạn bên người ấy",,30phút,2,,9,"['Thịt bò 250 gram', 'Hạt tiêu 10 gram', 'Hành tây 1 củ', 'Tỏi 2 tép', 'Bột mì 1 muỗng', 'Ớt chuông 2 trái', 'Gừng 1 củ', 'Bột năng 1 muỗng', 'Dầu hào 1 muỗng']","['Bước 1: - Thịt bò rủa, thái lát mỏng, chần sơ cho thịt mềm - Cho bột mì và bột năng vào thịt bò, trộn đều ướp khoảng 10 phút', 'Bước 2: - Hành tây thái mỏng - Ớt chuông thái dài - Tỏi thái nhỏ - Gừng thái dài', 'Bước 3: - Cho dầu lên chảo, khi dầu nóng cho thịt bò lên chiên sơ 2 mặt cho thịt hơi săn lại rồi để ra dĩa - Cho vào chảo ít tỏi và gừng phi thơm. Khi thơm thì cho hành tây và ớt chuông vào chảo, đảo đều - Nêm lại với hạt nêm, muối đảo khoảng 3 phút thì cho ra dĩa', 'Bước 4: - Lấy chảo khác, cho tỏi và gừng còn lại vào phi, khi thơm thì cho thịt bò và tiêu vào cùng 2 muỗng nước tương, 1 muỗng dầu hào, 1 muỗng đường nấu khoảng 4 phút', 'Bước 5: - Tắt bếp, bày thịt ra dĩa - Cho ớt chuông, hành tây phía bên dĩa tạo kiểu Món ăn đã xong Chúc các bạn có một buổi tối vui vẻ']",[],"Thứ năm, 24/1/2019, 08:21 (GMT+7)"
https://vncooking.com/cong-thuc/lau-bo-nhung-giam-154,Món chính,Lẩu bò nhúng giấm,Lẩu bò nhúng giấm cho những ngày đông là một tuyệt phẩm dành riêng cho bạn,,30phút,4,,9,"['Thịt bò 500 gram', 'Nước dừa 400 gram', 'Sả 1 cây', 'Ớt 2 trái', 'Giấm gạo 200 ml', 'Trái thơm 0.5 trái', 'Hành tây 1 củ', 'Tỏi 1 củ', 'Mắm nêm 1 muỗng']","['Bước 1: - Thịt bò rửa, thái lát mỏng - Sả băm nhuyễn cho vào ướp thịt bò cùng ít tiêu, 1/2 muỗng hạt nêm', 'Bước 2: - 1 củ tỏi, sả, 2 trái ớt băm chung với nhau - Chuẩn bị nồi, cho tỏi, sả ớt băm vào phi, tiếp đến cho 1 muỗng mắm nêm và 1 chén nước lọc nấu sôi (nhớ vớt bỏ bọt) cho thêm 2 muỗng đường sau đó tắt bếp - Băm 1 khúc thơm nhuyễn rồi cho vào mắm nêm', 'Bước 3: - Nước dừa, giấm, 2 muỗng hạt nêm, 1 muỗng đường, hành tây thái múi, vài miếng thơm cho vào nồi rồi cho lên bếp', 'Bước 4: - Khi giấm sôi bạn nhúng thịt vào Thịt bò bạn ăn kèm với rau và bánh tráng vẫn được, ăn đến đâu nhúng đến đó nên rất thú vị khi ngồi nói chuyện với nhau']",[],"Thứ năm, 24/1/2019, 07:59 (GMT+7)"
https://vncooking.com/cong-thuc/mut-hat-sen-thom-153,Món tráng miệng,Mứt hạt sen thơm,"Tự tay mình chế biến những viên mứt ngọt đường dành cho gia đình, ông bà, người thân ngày Tết cũng là một món quà ý nghĩa nhất mà bạn mang lại cho họ",,45phút,4,,3,"['Hạt sen khô 200 gram', 'Vani 1 ống', 'Đường trắng 200 gram']","['Bước 1: - Hạt sen rửa sạch, ngâm nước trước khi thực hiện 5 tiếng để sen nở - Cho vào nồi nấu chín rồi vớt ra để ráo', 'Bước 2: - Chuẩn bị chảo, cho hạt sen và đường vào trộn đều - Bạn cho thêm 1/2 muỗng muối rồi trộn thật đều đến khi đường bám vào từng hạt sen', 'Bước 3: - Tiếp đến cho vani ống vào - Đảo đều tay khi thấy sen sến lại khô thì tắt bếp Món này ăn ngày Tết là nhất']",[],"Thứ năm, 24/1/2019, 07:46 (GMT+7)"
https://vncooking.com/cong-thuc/sua-tuoi-tran-chau-duong-den-152,Thức uống,Sữa tươi trân châu đường đen,"Năm 2018 có món gì hot nhất thì câu trả lời không ngoài món ""Sữa tươi trân châu đường đen"" này. Món này là thức uống rất hấp dẫn bởi vị thanh ngọt của đường đen hòa cùng vị béo tươi của sữa nên không lạ khi món này được nhắc tên nhiều nhất trong năm qua",,45phút,4,,5,"['Bột năng 200 gram', 'Bột cacao 7 gram', 'Bột gạo 40 gram', 'Sữa tươi 600 ml', 'Đường nâu 200 gram']","['Bước 1: - Cho vào tô bột năng, bột gạo trộn đều - Cho vào nồi bột cacao, đường nâu, 3 chén nước đun sôi - Khi nồi nước sôi thì bạn cho cho từng vá nước vào tô bột, trộn đều', 'Bước 2: - Nhào bột thật kỹ đến khi bột thành khối dẻo mịn là được - Lấy từng miếng bột nhỏ vo tròn làm trân châu', 'Bước 3: - Các viên trân châu cho qua 1 lớp bột năng để tránh dính lại - Chuẩn bị nồi luộc trân châu. Nấu đến khi thấy viên trân châu nổi lên thì bạn tắt bếp - Đậy kín nắp để khoảng 15 phút rồi vớt ra cho vào nước lạnh', 'Bước 4: - Cho đường nâu đi nấu cùng nước sôi tạo sốt rồi ngâm trân châu vào trong nước đó. Giờ thì cho sữa vào ly, trân châu vào vị ngọt của đường nâu có trong trân châu sẽ cho bạn cảm giác thanh ngọt hơn rất nhiều so với đường trắng']",[],"Thứ tư, 23/1/2019, 17:41 (GMT+7)"
https://vncooking.com/cong-thuc/nem-ran-vi-bac-151,Món chính,Nem rán vị Bắc,Nem rán vị Bắc đã quá nổi tiếng tại Thủ đo Hà Nội của ta nên không cần nói đến độ ngon của loại thức ăn này. Bên cạnh vị Bắc thì món này có rất hợp khẩu vị các miền Nam nên cũng rất được ưa chuộng,,60phút,4,,12,"['Thịt heo băm 400 gram', 'Giò sống 100 gram', 'Hành tây 1 củ', 'Củ sắn 1 củ', 'Củ cải trắng 1 củ', 'Trứng gà 2 quả', 'Nước cốt chanh 1 muỗng', 'Su hào 1 củ', 'Cà rốt 1 củ', 'Nấm mèo 5 cái', 'Miến 50 gram', 'Bánh tráng 50 miếng']","['Bước 1: - Miến ngâm nước đến khi mềm thì thái nhỏ - Nấm mèo ngâm nước rồi thái thật nhỏ - Su hào, cà rốt, củ cải trắng, hành tây thái sợi nhỏ - Hành tím, hành lá thái nhỏ', 'Bước 2: LÀM NHÂN - Bạn cho tất cả nguyên liệu ở trên vào thau tô, trộn cùng với bột ngọt, hạt nêm, nước mắm. Trộn đều tay rồi để nhân thấm vị trong 7 phút. - Bạn đập 2 quả trứng vào thau, vẫn trộn đều thêm 1 lần nữa', 'Bước 3: - Cho bánh tráng ra mặt phẳng - Cho nhân vào và cuốn như cuốn chả giò - Cho vào chảo dầu chiên đến khi vàng thì vớt nem ra Món này cũng khá giống như món chả giò nhưng loại nhân khác nên ăn cũng rất lạ miệng']",[],"Thứ tư, 23/1/2019, 17:18 (GMT+7)"
https://vncooking.com/cong-thuc/mut-gung-cung-ly-tra-am-150,Món tráng miệng,Mứt gừng cùng ly trà ấm,"Món mứt này có vị lạ nhất trong tất cả các món mứt truyền thống của Việt Nam ta.
Vị thanh, cay nồng cùng hương thơm của gừng rất lạ hòa cùng tách trà gừng nhâm nhi ngày Tết sẽ rất thú vị",,45phút,4,,2,"['Gừng 500 gram', 'Đường phèn 250 gram']","['Bước 1: - Bạn nên mua gừng non để chế biến món mứt nào nhé - Gừng mua về rửa sạch. thái miếng mỏng - Chuẩn bị chảo chứa 1/2 chén nước đun rôi rồi cho gừng lát cùng đường phèn vào đun', 'Bước 2: - Khi chảo cạn nước, bạn hạ nhỏ lửa để sên mứt, đảo liên tục - Đến khi mứt khô và có đường bám vào mỗi miếng mứt là được Món này rất dễ làm bạn nên làm thường xuyên cho gia đình, nhất là bạn ở chung với người lớn tuổi thì món này càng được yêu thích']",[],"Thứ tư, 23/1/2019, 17:10 (GMT+7)"
https://vncooking.com/cong-thuc/hot-ga-nuong-via-he-149,Món tráng miệng,Hột gà nướng vỉa hè,Món hột gà nướng xuất thân từ nước láng giềng Thái Lan nhưng hiện giờ đã trở thành món ăn vặt hot nhất tại Việt Nam rồi. Hãy làm thử tại nhầ để xem tại sao món này lại hot như thế nhé!,,45phút,4,,3,"['Trứng gà 10 trứng', 'Mật ong 1 muỗng', 'Nước mắm 1 muỗng']","['Bước 1: - Trứng gà mua về, bạn dùng vật nhọn tạo 1 lỗ nhỏ trên đầu trứng - Dùng vật nhỏ khuấy tan lòng trắng và đỏ bên trong trứng', 'Bước 2: - Chuẩn bị thau lớn, cho tất cả lòng trứng ra thau qua cái lỗ chúng ta đã tạo - Cho vào thau 1/2 muỗng đường, 1 muỗng mật ong, muối, tiêu khuấy đều cho hỗn hợp tan hết', 'Bước 3: - Bạn đổ trứng ngược lại vỏ - Xếp trứng vào nồi hấp chín với lửa nhỏ - Khi trứng đong chín thì tắt bếp, ăn được rồi Món này chấm kèm với muối tiêu chanh và rau răm nha']",[],"Thứ tư, 23/1/2019, 15:56 (GMT+7)"
https://vncooking.com/cong-thuc/ca-nuc-kho-thom-148,Món chính,Cá nục kho thơm,Món cá nục phải được làm sạch trước khi thực hiện tránh còn vị tanh của cá thì món ăn sẽ không ngon,,45phút,4,,5,"['Cá nục 500 gram', 'Hành lá 2 nhánh', 'Trái thơm 0.5 trái', 'Ớt 1 trái', 'Ớt bột 0.5 muỗng']","['Bước 1: - Cá nục rửa thật sạch, thái khúc rồi ướp với muối khoảng 15 phút - Hành lá thái khúc - Ớt thái nhỏ - Thơm gọt vỏ, thái miếng nhỏ', 'Bước 2: - Cho cá nục ướp cùng với hạt nêm, đường, ớt bột, nước mắm, trộn đều rồi cho vào nồi - Thơm để vào trong nồi', 'Bước 3: - Đun lửa khi sôi thì hạ lửa xuống, cho thêm 1/2 chén nước lạnh vào nồi - Khi thấy nước đã cạn cạn thì cho hành lá và ớt thái vào đun thêm 5 phút nữa rồi tắt bếp - Bày ra dĩa và chuẩn bị ăn']",[],"Thứ tư, 23/1/2019, 14:51 (GMT+7)"
https://vncooking.com/cong-thuc/ca-bong-kho-tieu-de-lam-147,Món chính,Cá bóng kho tiêu dễ làm,"Cá bóng được đánh bắt tại sông nên đảm bảo được việc an toàn, sạch sẽ
Món cá này ngon nhất là kho ăn kèm với cơm trắng",,45phút,4,,5,"['Cá bóng 400 gram', 'Hành lá 4 nhánh', 'Hành tím băm 1 muỗng', 'Ớt 2 trái', 'Nước màu 0.5 muỗng']","['Bước 1: - Cá làm sạch, ướp cùng hành tím băm, nước màu, hạt nêm, tiêu, đường, nước mắm khoảng 15 phút - Hành lá thái nhỏ - Ớt thái nhỏ', 'Bước 2: - Cho ít dầu vào nồi, khi dầu nóng cho cá vào - Cho 1/2 chén nước vào nồi nấu đến khi nước sệt lại', 'Bước 3: - Cho hành lá và ớt nhỏ vào nồi - Đun thêm 3 phút thì tắt bếp - Bày ra mâm cơm cho cả nhà thưởng thức']",[],"Thứ tư, 23/1/2019, 14:43 (GMT+7)"
https://vncooking.com/cong-thuc/ca-loc-kho-to-dam-da-146,Món chính,Cá lóc khô tộ đậm đà,"Món cá lóc kho tộ này xuất phát từ miền Tây, là món ăn dân dã nên có vị đậm đà của quê hương.
Đê làm được món cá lóc này bạn phải chuẩn bị 1 nồi đất.",,60phút,4,,5,"['Cá lóc 1 con', 'Nước màu 1 muỗng', 'Hành tím 4 củ', 'Hành lá 2 nhánh', 'Ớt 2 trái']","['Bước 1: - Cá lóc làm sạch, thái khúc - Cho vào chén nước màu, 1 muỗng nước ấm khuấy đều', 'Bước 2: - Cho cá vào nồi đất, ướp cùng hạt nêm, ít muối, đường, tiêu, nước mắm và nước màu vừa pha - Ớt thái nhỏ rồi bỏ vào nồi cá - Trộn đều cá với hỗn hợp', 'Bước 3: - Cho nồi lên bếp nấu - Hành tím thái mỏng, cho vào chảo nhỏ phi thơm cùng ít dầu - Khi hành thơm thì cho vào nồi cá đảo đều', 'Bước 4: - Bạn thêm khoảng 1 chén nước lưng vào nồi, đun tiếp 30 phút thì cho hành lá thái nhỏ vào khi thấy nước sệt lại thì tắt bếp Món này ăn với cơm trắng là hết ý.']",[],"Thứ tư, 23/1/2019, 14:33 (GMT+7)"
https://vncooking.com/cong-thuc/che-khuc-bach-deo-min-145,Món tráng miệng,Chè khúc bạch dẻo mịn,Chè khúc bạch được ăn chung với hạnh nhân thơm nên không ngán khi thưởng thức,,120phút,4,,4,"['Bột gelatine 18 gram', 'Sữa tươi 200 ml', 'Hạnh nhân 50 gram', 'Vải 300 gram']","['Bước 1: - Ngâm Galatin vào nước chờ nở - Cho sữa tươi và đường vào nồi, nấu đến khi sôi thì hạ lửa thấp - Cho galatin vào nồi, khuấy đều', 'Bước 2: - Cho hỗn hợp vào khuây chống dính rồi cho vào tủ lạnh chờ thạch đong lại', 'Bước 3: - Cho đường với 2 chén nước đun sôi - Cho vải vào để, khi sôi thì tắt bếp giữ vải giòn ngon - Hạnh nhân rang qua chảo cho vàng thơm', 'Bước 4: - Khúc bạch đong lại thì lấy ra thái khúc và chan nước đường vải, cho thêm ít hạnh nhân và ăn Chúc các bạn ngon miệng']",[],"Thứ tư, 23/1/2019, 14:02 (GMT+7)"
https://vncooking.com/cong-thuc/banh-flan-truyen-thong-144,Món tráng miệng,Bánh Flan truyền thống,"Bánh Flan là món ăn rất được yêu thích tại các hàng quán vỉa hè mỗi khi trời tối.
Món này ăn tráng miệng là tuyệt hảo nhất
Vị ngọt, béo, mịn hòa vào nhau cảm giác trọn vẹn khi ăn",,90phút,4,,5,"['Kem whipping 150 gram', 'Trứng gà 7 quả', 'Sữa tươi 600 ml', 'Vani ống 1 ống', 'Sữa đặc 200 ml']","['Bước 1: LÀM CARAMEN - Cho ít nước lọc vào chảo cùng với đường trắng đun sôi - Khuấy đến khi thấy đường chuyển màu vàng đậm thì cho ít nước cốt chanh rồi tắt bếp, để nguội', 'Bước 2: - Đập 5 quả trứng và đánh tan, 2 quả trứng còn lại lấy lòng đỏ đánh tan. - Cho 400 ml sữa tươi và sữa đặc vào nồi đun sôi thì tắt bếp - Đổ hỗn hợp trứng vào nồi rồi khuấy đều, cho thêm ống vani làm khuấy tan.', 'Bước 3: - Chan ít nước caramen dưới đáy khuôn rồi đổ bánh Flan vòa khuôn - Cho bánh đi hấp (bạn nên thường xuyên mở nắp nồi để tránh hơi nước làm bánh không mịn như mong muốn)', 'Bước 4: - Khi thấy bánh chín thì bạn cho vào tủ lạnh ăn dần Món này nếu bạn nào hảo cà phê thì ăn chung với cà phê rất ngon Chúc các bạn thành công']",[],"Thứ tư, 23/1/2019, 13:35 (GMT+7)"
https://vncooking.com/cong-thuc/kem-matcha-nhat-ban-143,Món tráng miệng,Kem matcha Nhật Bản,"Một ly kem Matcha sẽ xoa dịp tất cả cái nóng, cái mệt mỏi sau một ngày dài trong bạn
Cùng làm tại nhà món kem đến từ xứ Hoa Anh Đào này cùng VN Cooking",,30phút,4,,4,"['Bột matcha 12 gram', 'Trứng gà 4 trứng', 'Kem whipping 450 gram', 'Sữa tươi 450 ml']","['Bước 1: - Cho nguyên liệu gồm lòng đỏ trứng, đường, sữa tươi, kem whipping, bột trà xanh, ít muối vào cối đáy sâu. - Dùng máy đánh trứng đánh tan hỗn hợp mịn thì tắt máy.', 'Bước 2: - Lọc kem qua rây để kem được mịn.', 'Bước 3: - Cho kem vào hộp nhựa bỏ tủ lạnh - Khoảng 1 tiếng thì lấy kem ra xới đều 1 lần - Xới khoảng 4 lần thì bỏ tủ lạnh thêm 2 tiếng là có thể ăn được']",[],"Thứ tư, 23/1/2019, 13:24 (GMT+7)"
https://vncooking.com/cong-thuc/kem-dua-nha-lam-142,Món tráng miệng,Kem dừa nhà làm,Món kem dừa này được làm tại nhà sẽ vệ sinh hơn rât nhiều nên những món có thể làm tại nhà các bạn nên thực hiện để đảm bảo sức khỏe gia đình mình nhé,,120phút,4,,5,"['Nước cốt dừa 400 ml', 'Sữa đặc 400 ml', 'Dừa khô 40 gram', 'Bơ lạt 60 gram', 'Kem whipping 600 ml']","['Bước 1: - Cho dừa nạo, nước dừa và sữa vào tô - Bơ nấu chảy rồi cho vào tô trên, khuấy hỗn hợp tan vào nhau', 'Bước 2: - Cho kem whipping vào hỗn hợp - Dùng máy đánh trứng đánh hỗn hợp bông lên, mịn rồi đỗ vào khuôn', 'Bước 3: - Để trong tủ lạnh từ 6 tiếng trở lên Bạn ăn kèm với dựa nạo, đậu phộng hay sốt socola cũng được']",[],"Thứ tư, 23/1/2019, 13:14 (GMT+7)"
https://vncooking.com/cong-thuc/kem-chuoi-truyen-thong-141,Món tráng miệng,Kem chuối truyền thống,"Hồi nhỏ, mỗi lần những chiếc xe bánh kem reo leng keng là cả đám con nít trong xóm chạy ùa ra đường làng, bu quanh chiếc xe nhỏ có 1 thùng kem ở phía sau. 
3 ngàn đồng cho một cây kem đã làm cho ánh mắt của trẻ sáng, miệng cười cả ngày.",,30phút,4,,6,"['Chuối 10 trái', 'Bột năng 30 gram', 'Vani ống 1 ống', 'Nước cốt dừa 140 ml', 'Dừa nạo 70 gram', 'Đậu phộng 70 gram']","['Bước 1: - Cho vào tô 2 muỗng đường, 1/3 muỗng muối, vani ống, nước cốt dừa, bột năng, 2 chén nước cốt dừa nhão vào 1 cái nồi nấu tan.', 'Bước 2: - Khi thấy nồi nước cốt dừa đã sệt lại thì tắt bếp', 'Bước 3: - Dùng dao rạch 1 đường bên hong túi ni lông trong. - Cho 1 trái chuối vào rồi đè chuối dẹp - Chan ít nước dừa vào 2 bề mặt rồi thêm ít đậu phộng đập, dừa nạo lên bề mặt', 'Bước 4: Làm tương tự đến khi hết chuối và nước dừa Bạn cho vào tủ lạnh qua đêm rồi có thể ăn được Món này ăn trời nóng là hết ý Chúc các bạn thành công']",[],"Thứ tư, 23/1/2019, 12:58 (GMT+7)"
https://vncooking.com/cong-thuc/banh-su-kem-140,Bánh và bánh ngọt,Bánh su kem,"Những chiếc bánh su được bao phủ với vỏ bánh thơm bơ, bên trong là lớp nhân mát lạnh sẽ là món tráng miệng của gia đình bạn hôm nay đúng không?",,45phút,4,,5,"['Trứng gà 8 trứng', 'Bột mì 250 gram', 'Đường bột 5 muỗng', 'Sữa tươi 400 ml', 'Bơ 120 gram']","['Bước 1: - Cho bơ, nước và ít muối vào nồi nấu sôi cùng bột mì trộn đều - Tắt bếp, tiếp tục trộn bột cho thành khối mịn', 'Bước 2: - Cho trứng gà vào bột - Đánh tan trứng cùn bột đến khi đều', 'Bước 3: - Cho bột vào túi bắt kem - Bạn bắt bằng hình đuôi sò hay hình sao đều được', 'Bước 4: - Khoảng cách giữa 2 bánh khoảng 3 cm để không bị dính khi nướng bánh sẽ nở to. - Cho vào lò nước ở nhiệt độ 200 độ C và nướng khoảng 30 phút, khi thấy bánh vàng tươi thì lấy ra để nguội', 'Bước 5: LÀM NHÂN KEM - Cho 350ml sữa tươi vào cối sâu, dùng máy đánh trứng đánh sữa cùng với đường bột. - Khi thấy kem mịn thì tắt máy.', 'Bước 6: - Cho kem vào bao bắt kem để dễ cho vào bánh - Bạn dùng kéo cắt 1 đường bên hong bánh rồi bơm kem vào. Đến khi hết kem và bánh Xong rồi đó, dễ đúng không']",[],"Thứ tư, 23/1/2019, 12:29 (GMT+7)"
https://vncooking.com/cong-thuc/kem-bo-beo-deo-tai-nha-139,Món tráng miệng,Kem Bơ béo dẻo tại nhà,"Ngày nóng được tận hưởng một ly kem bơ là điều hạnh phúc nhất
Hãy dành điều hạnh phúc đó cho gia đình nhỏ của bạn hôm nay nhé",,30phút,4,,5,"['Bơ trái 800 gram', 'Sữa đặc 120 ml', 'Kem dừa 1 hộp', 'Sữa tươi 150 ml', 'Đá viên 2 ly']","['Bước 1: - Gọt vỏ, thái bơ thành những miếng nhỏ cho vào máy xay sinh tố - Cho sữa đặc, sữa tươi, đá và kem dừa vào cối xay', 'Bước 2: - Xay đến khi khi kem tan mịn, dẻo thì dừng lại Nếu thích bạn có thể ăn kèm với dừa sợi cũng rất ngon Chúc các bạn thành công']",[],"Thứ tư, 23/1/2019, 12:21 (GMT+7)"
https://vncooking.com/cong-thuc/cong-thuc-milk-foam-beo-thom-138,Thức uống,Công thức Milk Foam béo thơm,"Một tách trà sữa hay tách trà truyền thống có thêm một lớp kem Milk Foam nữa thì món thức uống tầm thường sẽ tăng thêm giá trí biết bao nhiêu.
Bạn đã mê mệt với thương hiệu Gong Cha thì hôm nay làm nó tại nhà nhé",,15phút,4,,3,"['Sữa tươi 50 ml', 'Kem béo 100 ml', 'Kem topping 50 ml']","['Bước 1: - Cho các nguyên liệu trộn với nhau cùng 1/2 muỗng muối vào 1 cái tô đáy sâu lớn.', 'Bước 2: - Dùng máy đánh trứng đánh tan hỗn hợp - Khi kem bông lên mịn thì hạ vận tốc lại cho tan bọt khí trong kem', 'Bước 3: Xong rồi Món này có thể uống chung với hồng trà, trà sữa, trà olong đều rất ngon']",[],"Thứ tư, 23/1/2019, 12:13 (GMT+7)"
https://vncooking.com/cong-thuc/mut-mang-cau-cho-ngay-tet-137,Bánh và bánh ngọt,Mứt mãng cầu cho ngày Tết,"Ngày Tết có một dĩa mứt mãng cầu sẽ rất ngọt ngào đúng không, tận hưởng sự ngọt ngào cùng gia đình bạn đón chào một năm với thật vui tươi cùng VN Cooking",,45phút,6,,2,"['Đường 400 gram', 'Mãng cầu 1 kg']","['Bước 1: - Gọt vỏ, tách hạt và cho thịt mãng cầu vào 1 cái tô to', 'Bước 2: - Cho đường vào tô, trộn đều rồi ngâm khoảng 2 tiếng. - Cho mãng cầu vào chảo, nấu với lửa nhỏ - Đảo đều tay cho mãng cầu sệt lại rồi tắt bếp', 'Bước 3: - Chuẩn bị bao ni lông trong suốt để gói mứt - Cho ít mứt vào bao ni lông, xoắn 2 đầu lại Vậy là xong món mứt ngày Tết rồi Tết này nhà bạn có mứt chưa?']",[],"Thứ tư, 23/1/2019, 11:50 (GMT+7)"
https://vncooking.com/cong-thuc/chao-suon-heo-136,Món chính,Cháo sườn heo,"Những ngày se lạnh mà được thưởng thức 1 tô cháo sườn làm tại nhà thì rất là tuyệt vời.
Bạn hãy thử đãi cả nhà một lần xem nào",,45phút,4,,3,"['Gạo tẻ 300 gram', 'Sườn non 200 gram', 'Xương heo 400 gram']","['Bước 1: - Cho 0.5 lít nước vào nồi nấu sôi - Cho xương heo và sườn non vào nấu chín trụng thì vớt xương và sườn heo ra rửa lại với nước rồi cho vào 1 cái nồi khác', 'Bước 2: - Cho 1 lít nước vào nồi xương, sườn heo đun sôi cùng ít muối trong 40 phút - Tắt bếp, vớt sườn và xương ra (sườn chặt khúc nhỏ, xương xé thịt bỏ xương)', 'Bước 3: - Gạo vo sạch rồi cho vào máy xay với nước đến khi hạt nát. - Đỗ gạo ra nồi, cho nước hầm sườn xương khi nảy vào nấu đến khi cháo mềm (bạn nên khuấy thường xuyên để cháo không dính đáy nồi)', 'Bước 4: - Cho thịt xương và sườn theo vào nồi - Nêm ít hạt nêm, muối đường cho hợp vị - Đến khi cháo sôi 1 lần nữa thì tắt bếp', 'Bước 5: Món cháo này bạn có thể ăn kèm với trứng bắc thảo sẽ rất ngon Chúc các bạn ngon miệng']",[],"Thứ ba, 22/1/2019, 13:00 (GMT+7)"
https://vncooking.com/cong-thuc/bun-mang-vit-dam-da-135,Món chay,Bún măng vịt đậm đà,"Bún măng vịt này là ngon nhất trong các loại bún nhờ có mùi thơm của măng lan tỏa cùng thịt vịt dai, thơm sẽ là bữa tối tuyệt vời cho cả nhà",,45phút,4,,8,"['Thịt vịt 1 con', 'Măng khô 80 gram', 'Nấm mèo 20 gram', 'Hành lá 1 nhánh', 'Gừng 2 lát', 'Hành phi 1 muỗng', 'Dầu mè 2 muỗng', 'Bún tươi 700 gram']","['Bước 1: - Măng khô bạn nên ngâm qua đêm trước khi thực hiện - Bạn luộc măng sau đó vớt ra để ráo, thái sợi - Hành tím, hành lá thái nhỏ', 'Bước 2: - Thịt vịt dùng rượu trắng rửa để hạn chế mùi tanh - Chặt thành từng miếng rồi ướp cùng nước mắm, hành tím băm, bột ngọt', 'Bước 3: - Nấm mèo ngâm nước cho nở rồi thái sợi - Chuẩn bị chảo, cho ít dầu rồi cho nấm mèo sợi vào xào khi nấm mèo chín thì vớt ra', 'Bước 4: - Cho hành tím vào nồi phi, thịt vịt vào chảo, đảo đến khi thịt săn lại thì cho măng vào - Cho nước vào cùng với nước mắm, muối, hạt nêm - Đun lửa nhỏ cho thịt vịt và măng mềm', 'Bước 5: - Gừng băm nhuyễn cùng ớt, cho thêm đường, nước mắm khuấy đều làm nước chấm thịt vịt - Bạn nêm lại nồi canh rồi cho hành lá vào đun thêm 10 phút thì tắt bếp Món ăn đã xong rồi, cho bún ra tô, chan nước và thưởng thức']",[],"Thứ ba, 22/1/2019, 12:47 (GMT+7)"
https://vncooking.com/cong-thuc/xoai-lac-134,Món tráng miệng,Xoài lắc,"Món ăn vặt này đã làm mưa, làm gió một thời gian rất dài nên các bạn hãy làm tại nhà xem tại sao nó lại hot đến thế nhé!",,15phút,2,,6,"['Xoài 2 trái', 'Đường vàng 0.5 muỗng', 'Nước mắm 0.5 muỗng', 'Ớt bột 0.5 muỗng', 'Muối tôm 1 muỗng', 'Đường trắng 1 muỗng']","['Bước 1: - Xoài bạn nên mua loại xoài keo, còn xanh, trái to - Gọt vỏ, thái miếng vuông cho vào ngăn mát tủ lạnh 1 tiếng trước khi thực hiện', 'Bước 2: Cho vào chén: - 0.5 muỗng nước mắm - 0.5 muỗng đường nâu - 1 muỗng đường trắng - 0.5 muỗng ớt bột - 1 muỗng nước lạnh Nấu tan hỗn hợp rồi tắt bếp', 'Bước 3: - Cho hỗn hợp trên vào xoài trộn đều. - Chén thứ 2: 0.5 muỗng bột ớt, 1 muỗng muối tôm, 0.5 muỗng đường nâu - Vớt xoài ra rồi cho chén thứ 2 vào xoài lắc đều và ăn']",[],"Thứ ba, 22/1/2019, 12:25 (GMT+7)"
https://vncooking.com/cong-thuc/cha-gio-bap-my-tom-tuoi-133,Món chính,Chả giò bắp mỹ tôm tươi,"Món chả giò này rất đơn giản
Không cầu kỳ về nguyên liệu như chả giò thập cẩm nên việc con mua nguyên liệu rất dễ dạng tại siêu thị hay cửa hàng tiện lợi",,45phút,4,,7,"['Tôm tươi 200 gram', 'Thịt bằm 300 gram', 'Băp mỹ 100 gram', 'Nấm mèo 30 gram', 'Cà rốt 1 củ', 'Hành tím 3 củ', 'Bánh tráng bía 2 gói']","['Bước 1: - Tôm rửa sạch, bóc vỏ, băm nhỏ - Nấm mèo ngâm nước nóng khi nở băm nhỏ - Cà rốt, hành tím bỏ vỏ băm nhỏ', 'Bước 2: - Cho tất cả nguyên liệu trộn đều cùng với thịt bằm. -  Nêm cùng nước mắm, hạt nêm, tiêu, đường trộn đều', 'Bước 3: - Trải bánh bía ra mặt phẳng, cho nhân vào rồi cuốn đến khi hết bánh và nhân. - Chuẩn bị chảo dầu, khi dầu nóng thì cho chả giò vào chiên, đảo tiệp tục tránh cháy chả giò.', 'Bước 4: - Khi chín vàng vớt ra giấy thấm dầu Món này bạn ăn kèm với các loại rau sống chấm cùng nước mắm làm hoặc tương ớt đều ngon. Chúc các bạn thành công']",[],"Thứ ba, 22/1/2019, 11:50 (GMT+7)"
https://vncooking.com/cong-thuc/gio-thu-truyen-thong-132,Món chính,Giò thủ truyền thống,"Món ăn truyền thống này làm để dành ăn được rất nhiều lần
Những bữa cơm có thêm dĩa giò này ăn kèm rất ngon, tiệc cũng thích hợp.",,75phút,6,,6,"['Tai heo 2 trái', 'Nấm mèo 200 gram', 'Lưỡi heo 1 cái', 'Thịt giò heo 500 gram', 'Hành tím 2 củ', 'Tỏi băm 1 muỗng']","['Bước 1: - Thịt giò, tai heo, lưỡi heo rửa sạch luộc khoảng 40 phút rồi vớt ra cho vào nước lạnh ngâm - Nấm mèo ngâm nước sôi rồi thái sợi mỏng', 'Bước 2: - Tai heo thái mỏng - Lưỡi heo: dùng dao cạo rồi thái mỏng - Thịt giò thái miếng mỏng', 'Bước 3: - Chuẩn bị chảo chống dinh cho dầu vào - Khi dầu nóng cho tỏi vào phi, đến khi tỏi thơm thì cho lưỡi heo, tai heo, thịt giò vào xào cùng nấm mèo. - Bạn nêm ít tiêu, đường, nước mắm rồi xào đều khoảng 10 phút', 'Bước 4: - Chuẩn bị bao ni lông lót phía đáy khuôn. - Cho giò thủ vào, nhấn chặc tay để phần thịt đầy khuôn. bao kín lại - Lấy ra khỏi khuôn, bạn nên bỏ tủ lạnh từ 2 đến 3 tiếng để giò thủ định hình. - Ăn dần từ từ và nên bảo quản lạnh']",[],"Thứ ba, 22/1/2019, 11:31 (GMT+7)"
https://vncooking.com/cong-thuc/salad-rau-cu-giam-can-131,Món khai vị,Salad Rau củ giảm cân,Món Salad này rất thích hợp cho các bạn nữ đang tìm kiếm một chế độ ăn uống hợp lý thì đây là lựa chọn hàng đầu dành cho bạn,,30phút,2,,6,"['Xà lách 4 cây', 'Dưa leo 2 trái', 'Cà chua 3 trái', 'Dầu mè 1 muỗng', 'Giấm 3 muỗng', 'Sốt Mayonnaise 3 muỗng']","['Bước 1: - Dưa leo thái mỏng - Cà chua thái múi - Xà lách tách lá, thái miếng', 'Bước 2: - Giấm cho vào chén cùng với, 2 muỗng đường, 2 muỗng nước lọc, dầu mè, 1/2 muỗng muối, ít tiêu - Trộn đều hỗn hợp cho tan', 'Bước 3: - Cho hỗn hợp rau củ vào tô, trộn đều với nước giấm. - Cho sốt Mayonnaise lên trên và ăn Món này bạn có thể làm để ăn kèm với cá chiên hay gà chiên vẫn ngon miệng, Chúc các bạn thành công']",[],"Thứ ba, 22/1/2019, 10:39 (GMT+7)"
https://vncooking.com/cong-thuc/trung-cut-chien-xu-hap-dan-130,Món chính,Trứng cút chiên xù hấp dẫn,"Món này cực đơn giản luôn
Chỉ cần bỏ ra 15 phút là có được món ăn chơi, ăn cơm, ăn vặt ngon miệng cho cả nhà",,15phút,4,,3,"['Trứng cút 50 trứng', 'Bột mì 120 gram', 'Bột chiên xù 200 gram']","['Bước 1: - Trứng cút luộc chín, bóc vỏ để ráo - Cho bột mì với ít nước tạo độ sệt', 'Bước 2: - Cho trứng lăn ra 1 lớp bột mì, 1 lớp bột xù rồi đem chiên - Khi thấy trứng vàng thì vớt ra Món này ăn kèm với tương ớt pha chút sốt mayonnaise là món nhất']",[],"Thứ ba, 22/1/2019, 10:29 (GMT+7)"
https://vncooking.com/cong-thuc/banh-canh-cha-ca-nguyen-vi-nha-trang-129,Món chay,Bánh canh chả cá nguyên vị Nha Trang,"Món bánh canh Nha Trang này rất được lòng người dân
Đặc biệt vị ngon ngọt của chả cá ăn cùng với bánh canh tạo vị ngon đặc biệt",,45phút,4,,4,"['Bánh canh 500 gram', 'Trứng cút 15 trứng', 'Chả cá 200 gram', 'Hành lá 2 nhánh']","['Bước 1: - Cho trứng cút luộc chín rồi bóc vỏ, để ráo - Chả cá thái lát mỏng - Hành lá thái nhỏ', 'Bước 2: - Chuẩn bị nồi nước sôi, cho bánh vào trụng. Vớt bánh ra xối qua nước lạnh rồi để ráo', 'Bước 3: - Đun sôi nồi nước dùng cho 4 muỗng nước mắm, 2 muỗng đường, 2 muỗng bột ngọt và 2 muỗng hạt nêm vào. - Khi nước sôi cho bánh canh, chả cá, trứng cút, hành lá vào nồi - Bạn nên nêm lại cho vừa miệng', 'Bước 4: Vậy là có thể thưởng thức rồi Chúc các bạn ngon miệng']",[],"Thứ ba, 22/1/2019, 10:04 (GMT+7)"
https://vncooking.com/cong-thuc/xoi-hat-sen-128,Món ăn sáng,Xôi hạt sen,"Vào những ngày thời tiết se lạnh nhẹ thì bữa sáng là một gói xôi hạt sen nóng đang chờ đợi nạp năng lượng cho cơ thể cả ngày thì rất là thích hợp
Bạn hãy thử món xôi bình dị này một ngày đi",,45phút,4,,5,"['Nếp ngỗng 400 gram', 'Hạt sen tươi 200 gram', 'Đậu phộng 70 gram', 'Dừa nạo 70 gram', 'Nước cốt dừa 70 ml']","['Bước 1: - Nếp ngâm với ít mốt qua đêm - Cho đường và dừa nạo vào tô, trộn đều - Đậy nấp kính để tủ lạnh 1.5 tiếng cho dừa thấm đường và dừa không thiu', 'Bước 2: - Hạt sen rửa rồi luộc chín, vớt để ráo - Chuẩn bị xửng, cho nếp và sen vào luộc cùng 1/2 muỗng muối.', 'Bước 3: - Lấy phần dừa từ tủ lạnh ra - Chuẩn bị chảo nóng, cho dừa vào săn lại', 'Bước 4: - Khi xôi chín thì mở nắp, cho nước cốt dừa vào, xới đều hết nếp rồi tắt bếp - Đậu phộng giã cho ra chén cùng ít muối, đường trộn đều', 'Bước 5: Khi ăn cho xôi ra dĩa, bên trên cho ít muối đậu phộng sẽ rất ngon Chúc các bạn thành công']",[],"Thứ ba, 22/1/2019, 09:20 (GMT+7)"
https://vncooking.com/cong-thuc/mi-xao-cai-ngot-re-tai-nha-127,Món chính,Mì xào cải ngọt rẻ tại nhà,"Mì gói tại nhà được xào cùng cải ngọt thanh đạm nhưng ngon miệng
Không tốn  nhiều thời gian nhưng vẫn có được một bữa ăn ngon",,15phút,2,,3,"['Mì gói 3 gói', 'Cải ngọt 300 gram', 'Tỏi băm 1 muỗng']","['Bước 1: - Chuẩn bị nồi nấu mì - Khi mì vừa chín thì vớt ra để ráo - Nồi nấu mì cho cải thìa vào trụng mềm vớt ra', 'Bước 2: - Chuẩn bị chảo xào - Cho tỏi vào phi thơm thì cho cải thìa vào xào đều 3 phút - Nêm lại với 1/2 gói hạt nêm, 1 muỗng nước tương, 1 muỗng sa tế', 'Bước 3: Cho mì vào xào cùng, đảo đều khoảng 3 phút thì tắt bếp Xong rồi Chúc các bạn ngon miệng']",[],"Thứ hai, 21/1/2019, 13:20 (GMT+7)"
https://vncooking.com/cong-thuc/bun-suon-heo-ham-126,Món chính,Bún sườn heo hầm,"Bún nấu cùng sườn heo hầm đậm đà sẽ là bữa ăn dành cho gia đình bạn tối nay?
Hãy cùng chúng tôi nấu những bữa ăn yêu thương dành cho gia đình bạn nhé",,45phút,4,,5,"['Sườn non heo 500 gram', 'Hành tím 2 củ', 'Cà rốt 2 củ', 'Nước màu 1 muỗng', 'Bún khô 500 gram']","['Bước 1: - Sườn heo rửa, chặt khúc để ráo - Cà rốt gọt vỏ, thái vừa - Hành tím thái mỏng - Tỏi băm nhuyễn', 'Bước 2: - Chuẩn bị nồi nấu, phi tỏi - Khi tỏi thơm thì cho sườn heo vào đảo đều khoảng 5 phút', 'Bước 3: - Cho cà rốt vào nồi, đảo thêm 5 phút nữa thì cho 1 lít nước vào nồi, nấu. - Nước sôi thì nêm cùng muối, bột ngọt, hạt nêm, tiêu, nước màu', 'Bước 4: - Bún khô cho ít vào nồi trụng mềm - Vớt ra tô chan nước dùng, cho thêm sườn heo, cà rốt rồi thưởng thức Chúc các bạn thành công']",[],"Thứ hai, 21/1/2019, 13:08 (GMT+7)"
https://vncooking.com/cong-thuc/bun-rieu-chay-cho-ngay-dau-nam-125,Món chính,Bún riêu chay cho ngày đầu năm,"Ngày rằm đầu năm, người dân Việt Nam có truyền thống ăn chay nên việc chuẩn bị món chay cho gia đình vào ngày này rất được quan tâm nên hôm nay VN Cooking mách bạn một món bún riêu chay nấu cùng đậu phụ dành riêng cho gia đình bạn vào ngày rầm nhé",,45phút,4,,6,"['Cà chua 6 trái', 'Đậu hủ 4 miếng', 'Tàu hủ ky 200 gram', 'Bột nghệ 1 muỗng', 'Trái thơm 0.5 trái', 'Nấm rơm 200 gram']","['Bước 1: - Cà chua thái khúc - Tỏi băm nhuyễn - Nấm rơm rửa sạch', 'Bước 2: - Thơm thái miếng rồi băm nhỏ - Tàu hủ ky ngâm rồi thái miếng - Cho lên chảo xào thơm và tàu hủ ky khi nóng cho ra tô - Phi tỏi thơm rồi cho xà chua vào xào đến khi cà chua mềm thì tắt bếp', 'Bước 3: - Cho tất cả nguyên liệu vào nồi nước dùng - Nấu sôi', 'Bước 4: - Nồi nước bạn nêm lại với bột nghệ, hạt nêm chay, đường và muối - Khi thấy ổn thì được - Cho bún ra tô chuẩn bị cho cả nhà bữa ăn được rồi Chúc các bạn thành công']",[],"Thứ hai, 21/1/2019, 12:50 (GMT+7)"
https://vncooking.com/cong-thuc/bun-mang-ga-124,Món chính,Bún măng gà,"Bún măng gà mang hương vị của miền Bắc sẽ đến với gian bếp nhà bạn trong hôm nay
Món này bạn nên ưu tiên phần măng tươi thì nước dùng với ngon được",,45phút,4,,9,"['Thịt gà 1 con', 'Măng 150 gram', 'Nấm hương 50 gram', 'Tỏi 2 tép', 'Bột nghệ 1 muỗng', 'Gừng 1 củ', 'Bún tươi 800 gram', 'Giá đỗ 50 gram', 'Đinh hương 0.5 muỗng']","['Bước 1: - Măng rửa sạch, ngâm trước 1 ngày sau đó luộc đến khi măng mềm thì vớt ra để ráo nước. - Cho khoảng 3 lít nước vào nồi hầm gà - Cho đinh hương, gừng, nấm, ít muối, đường', 'Bước 2: - Nêm lại với gia vị cho phù hợp khẩu vị gia đình bạn - Vớt thịt gà ra, chặt khúc nhỏ', 'Bước 3: - Tỏi băm nhuyễn cho lên chảo phi thơm rồi cho măng vào xào đều cùng ít bột nghệ, nước mắm, hạt nêm. - Khi thấy măng mềm thì tắt bếp, cho ra tô', 'Bước 4: - Cho rau vào tô, bún, thịt, ít ngò, hành lá rồi chan nước dùng và thưởng thức']",[],"Thứ hai, 21/1/2019, 12:38 (GMT+7)"
https://vncooking.com/cong-thuc/cach-nau-bun-bo-hue-don-gian-nhat-123,Món chính,Cách nấu Bún Bò Huế đơn giản nhất,"Món Bún bò này rất được yêu thích tại các hàng quán, nhưng hôm nay bạn đem món ăn hàng quán này về nhà tự chế biến bằng công thức rất đơn giản mà VN Cooking chia sẽ sau đây chắc chắn bạn sẽ nấu được thành phẩm tuyệt vời cho cả nhà",,60phút,4,,11,"['Bắp bò 1 kg', 'Chả lụa 500 gram', 'Hành tây 2 củ', 'Gừng 1 củ', 'Tỏi băm 2 muỗng', 'Gia vị 1 gói', 'Sả 4 cây', 'Hành tím 1 củ', 'Hành lá 2 nhánh', 'Bún tươi 1 kg', 'Xương heo 2 kg']","['Bước 1: Bạn nên chuẩn bị rau ăn kèm như xà lách, rau thơm, ngò gai - Bún trụng với nước nóng, vớt để ráo - Xương heo nấu làm nước dùng cùng với hành tây thái và sả', 'Bước 2: - Chuẩn bị chảo ít dầu, dầu nóng cho sả ớt tỏi đã xay nhuyễn vào phi - Khi thơm thì cho vào nồi nước dùng cùng với gói gia vị', 'Bước 3: - Chả thái lát - Thịt bò luộc chín vớt ra thái miếng vừa ăn - Hành lá thái nhỏ - Hành tây thái mỏng', 'Bước 4: - Nồi nước nêm lại lần nữa cho vừa miệng - Cho bún vào tô, thịt vào, ít hành tây, hành lá rồi cho nước dùng vào Thưởng thức được rồi']",[],"Thứ hai, 21/1/2019, 12:28 (GMT+7)"
https://vncooking.com/cong-thuc/mi-goi-xao-bo-nhanh-chong-122,Món chính,Mì gói xào bò nhanh chóng,"Buổi sáng sớm món ăn tại nhà nhưng không có thời gian thì món này là lựa chọn dành cho bạn
Chi cần 15 phút bạn cũng có thể có được bữa sáng ngon miệng",,15phút,2,,5,"['Mì gói 3 gói', 'Thịt bò 200 gram', 'Cải thìa 100 gram', 'Nước tương tỏi ớt 3 muỗng', 'Sa tế 1 muỗng']","['Bước 1: - Mì gói luộc, vừa chín thì vớt ra để ráo - Cải thìa luộc cùng mì, mềm vớt ra - Thịt bò thái lát mỏng', 'Bước 2: - Cho dầu vào chảo - Khi nóng cho thịt bò vào xào sơ - Thịt bò hơi tái thì cho cải thìa vào cùng xào', 'Bước 3: - Cho 2 muỗng nước tương tỏi ớt, 1/2 muỗng sa tế, ít đường, hạt nêm. - Tiếp đến cho mì vào trộn đều. - Thấy mì thấm vị, nóng thì tắt bếp. Ăn thôi']",[],"Thứ hai, 21/1/2019, 12:15 (GMT+7)"
https://vncooking.com/cong-thuc/goi-ga-chua-ngot-121,Món chính,Gỏi gà chua ngọt,"Món gỏi này vào những dịp tiệc thì rất thường thấy luôn
Món này ăn chua chua, ngọt ngọt không ngán
Ăn kèm với cháo, cơm hay bánh phồng tôm đều được",,45phút,4,,8,"['Thịt gà 1 con', 'Cà rốt 1 củ', 'Dưa leo 1 trái', 'Giá đỗ 30 gram', 'Tỏi 4 tép', 'Dầu mè 1 muỗng', 'Giấm 1 muỗng', 'Hành lá 1 nhánh']","['Bước 1: - Thịt gà luộc, xé sợi - Cà rốt, dưa leo gọt vỏ, thái sợi - Tỏi băm nhuyễn - Hành lá thái nhỏ', 'Bước 2: - Chuẩn bị 1 nồi nước sôi - Cho cà rốt và giá vào khoảng 10 phút vớt ra, để ráo', 'Bước 3: - Cho rau ra dĩa, trộn đều - Cho ít nước tương, đường, giấm, dầu mè, tỏi băm, hành lá vào, trộn - Cho ra dĩa, để gà lên trên hoặc trộn chung']",[],"Thứ hai, 21/1/2019, 10:09 (GMT+7)"
https://vncooking.com/cong-thuc/mien-ga-gia-truyen-120,Món chính,Miến Gà gia truyền,"Món miến này quá quen thuộc với mọi người nên mình k nói về độ ngon tuyệt hảo của nó
Nhưng với công thức dưới đây, bạn còn có thể làm ngon hơn thế.",,45phút,4,,5,"['Thịt gà 1 kg', 'Miến 1 kg', 'Hành lá 2 nhánh', 'Lá quế 1 nhánh', 'Giá đỗ 100 gram']","['Bước 1: - Gà rửa sạch, luộc chín, vớt ra để ráo - Bạn có thể thái khúc hoặc xé thịt tùy ý thích', 'Bước 2: - Hành lá thái nhỏ - Đầu hành phi thơm rồi cho vào nồi nấu gà, nêm lại cùng gia vị cho vừa ăn', 'Bước 3: Nấu miến cho mềm rồi cho vào bát, gà phía trên, chan nước dùng vào Ăn kèm với giá, chanh, muối tiêu sẽ ngon Chúc các bạn thành công']",[],"Thứ hai, 21/1/2019, 09:13 (GMT+7)"
https://vncooking.com/cong-thuc/ga-ro-ti-cong-thuc-nha-hang-119,Món chính,Gà rô ti công thức nhà hàng,"Món Gà Rô ti là món rất được ưa chuộng vào những dịp lễ, kỹ niệm, tiệc tùng của các gia đình
Món này dễ làm lại được mọi người yêu thích nên rất được ưu ái.
Các bạn học thử nhé!",,45phút,4,,3,"['Đùi gà 6 cái', 'Nước dừa 300 ml', 'Sốt gia vị (Barona) 1 gói']","['Bước 1: - Gà rửa sạch, khứa vài đường trên đùi gà - Ướp gà với 1/2 gói sốt khoảng 1 tiếng', 'Bước 2: - Cho chảo lên bếp, khi dầu nóng thì cho gà vào - Khi chín vàng thì vớt ra để ráo', 'Bước 3: - 1/2 gói sốt cho thêm 300 ml nước dừa vào - Cho gà lên chảo lại và đổ phần sốt vào - Đun sôi thì bật lửa nhỏ riu riu lại khoảng 10 phút thì tắt bếp Món gà ăn kèm với trắng sẽ rất tuyệt vời']",[],"Thứ hai, 21/1/2019, 08:57 (GMT+7)"
https://vncooking.com/cong-thuc/canh-ga-chien-nuoc-mam-tru-danh-118,Món chính,Cánh gà chiên nước mắm trứ danh,"Có nhiều công thức để chế biến món gà này. Nhưng nếu bạn khéo léo cách pha trộn, chế biến thì sẽ tạo ra sự khác biệt.
Hãy chia sẽ kinh nghiệm nấu ăn với tớ (nếu bạn có những cái mới, lạ hơn)",,45phút,4,,4,"['Cánh gà 8 cái', 'Bột ớt 0.5 muỗng', 'Bột năng 100 gram', 'Tỏi băm 1 muỗng']","['Bước 1: - Rửa gà sạch - Cho cánh gà vào 1 lớp bột năng xong đem chiên - Khi gà chín vớt ra để ráo', 'Bước 2: LÀM NƯỚC SỐT - Cho bột ớt, 2 muỗng nước tương, 2 muỗng nước mắm, tỏi băm, 1/2 muỗng tiêu, 1/2 muỗng đường, 2 muỗng nước lạnh vào khuấy tan - Đun sôi phần sốt rồi tắt lửa', 'Bước 3: - Cho gà vào nước sôt, tiếp tục đun lửa nhỏ khoảng 7 phút rồi tắt bếp Món ăn đã xong, chúc các bạn ngon miệng']",[],"Thứ hai, 21/1/2019, 08:30 (GMT+7)"
https://vncooking.com/cong-thuc/ga-chien-sot-cay-da-gion-117,Món chính,Gà chiên sốt cay da giòn,"Những miếng gà chiên giòn được tưới thêm nước sốt cay cay sẽ không thể thiếu cho dạ dày của bạn tối này.
Hãy cùng VN Cooking vào bếp với món ăn này",,45phút,4,,7,"['Gà phi lê 500 gram', 'Bột bắp 200 gram', 'Trứng gà 2 quả', 'Đường nâu 1 muỗng', 'Tỏi 2 tép', 'Tương ớt 3 muỗng', 'Giấm gạo 1 muỗng']","['Bước 1: - Gà thái miếng ướp với 1 muỗng muối, 1/2 muỗng tiêu - Trứng gà đập cho vào chén, đánh tan', 'Bước 2: - Chuẩn bị chảo dầu - Cho gà qua 1 lớp trứng rồi tới 1 lớp bột đem chiên - Gà chín vàng vớt ra để ráo dầu', 'Bước 3: - Tỏi băm nhuyễn - Cho vào chén tỏi băm, đường nâu, tương ớt, nước tương, giấm gạo khuấy đều đun nóng. - Khi sốt nóng thì cho gà chiên vào đảo liên tục khoảng 5 phút rồi tắt bếp. Cho ra dĩa']",[],"Thứ hai, 21/1/2019, 08:13 (GMT+7)"
https://vncooking.com/cong-thuc/ga-chien-kieu-han-dung-chuan-oppa-thich-116,Món chính,Gà chiên kiểu Hàn - đúng chuẩn Oppa thích,"Món gà chiên kiểu Hàn Quốc này lớp da bên ngoài giòn kèm thêm vị nước sốt ngon, ăn không ngán như gà chiên truyền thống. Thịt bên trong lại mềm nhưng không bở, có độ dai vừa phải.",,45phút,4,,10,"['Đùi gà không xương 8 cái', 'Hành tây 1 củ', 'Tỏi 6 tép', 'Bột bắp 4 muỗng', 'Bột nở 0.5 muỗng', 'Tương cà 6 muỗng', 'Bột ớt Hàn Quốc 1 muỗng', 'Mật ong 2 muỗng', 'Hành lá 1 nhánh', 'Chanh 1 trái']","['Bước 1: - Hành tây, tỏi băm nhuyễn - Gà rửa sạch, thái thành khối hình chữ nhật - Cho gà, hành tỏi băm nhuyễn, 1 muỗng muối, 1/2 muỗng tiêu vào tô, trộn đều rồi cho vào túi kín để ngăn mát khoảng 4 tiếng', 'Bước 2: LÀM NƯỚC SỐT - Hành lá thái nhỏ - Tỏi băm nhuyễn - Chanh vắt lấy nước - Chuẩn bị chén, cho nước sốt, bột ớt Hàn Quốc, mật ong, 1 muỗng muối, 1/2 muỗng tiêu, nước chanh, tỏi băm, hành vào trộn đều', 'Bước 3: LÀM PHẦN BỘT - Bạn cho bột nở, bột bắp, 1/2 muỗng muối, 1/2 muỗng tiêu, 1 muỗng đường và 1 chén nước lạnh vào trộn đều, đánh tan phần bột ra.', 'Bước 4: - Bạn lấy gà ra, cho từng miếng gà nhúng vào hỗn hợp bột rồi chiên - Khi gà chín vàng vớt ra, đổ nước sốt lên trên bề măt gà Ăn được rồi Chúc các bạn thành công']",[],"Thứ hai, 21/1/2019, 07:58 (GMT+7)"
https://vncooking.com/cong-thuc/che-khoai-mi-cho-ngay-nong-115,Món tráng miệng,Chè khoai mì cho ngày nóng,"Món chè khoai mì này là hảo hạng khi bạn làm bằng công thức mà VN Cooking chia sẽ
Hãy thực hiện cùng VN Cooking hôm nay nhé!",,45phút,4,,7,"['Khoai mì 500 gram', 'Lá dứa 1 bó', 'Bột báng 2 muỗng', 'Vani 1 ống', 'Nước cốt dừa 400 ml', 'Bột nếp 3 muỗng', 'Dừa nạo 50 gram']","['Bước 1: - Lá dứa rửa cho vào máy xay lấy nước - Bột báng ngâm khoảng 20 phút cho nở thì để ráo - Khoai mì (bạn nên ngâm nước qua đêm) sau đó nạo nhuyễn, rồi vắt nước', 'Bước 2: - Trộn khoai với nước cốt lá dứa và đường, bột nếp - Vo thành những viên nhỏ đều nhau', 'Bước 3: - Chuẩn bị nồi nấu - Cho vào nồi nước cốt dừa, nước lọc, đường đun sôi - Cho viên khoai mì và bột báng vào nồi - Khi thấy bột báng nổi lên thì nồi chè đã chín', 'Bước 4: - Bạn cho ống va ni vào, nêm lại lần cuối rồi tắt bếp Món này ăn nóng sẽ ngon hơn ăn lạnh Chúc các bạn thành công']",[],"Chủ nhật, 20/1/2019, 15:35 (GMT+7)"
https://vncooking.com/cong-thuc/khoai-mi-hap-kem-nuoc-cot-dua-beo-114,Bánh và bánh ngọt,Khoai mì hấp kèm nước cốt dừa béo,"Khoai mì được hấp cùng nước cốt dừa
Vừa vị ngọt của khoai kèm vị béo của nước cốt dùa sẽ làm bạn không thể nào kiềm lòng được với nó
Món này ăn vặt được, ăn sáng cũng được",,45phút,3,,6,"['Khoai mì 2 kg', 'Lá dứa 1 bó', 'Bột bắp 1 muỗng', 'Dừa nạo 300 gram', 'Mè rang 3 muỗng', 'Nước cốt dừa 300 ml']","['Bước 1: - Khoai cho vào hấp như xôi cùng lá dứa - Khi khoai chuẩn bị chín thì cho nước cốt dừa vào hấp đến chín thì tắt bếp', 'Bước 2: - 1/2 nước cốt dừa pha cùng 1/2 chén nước sôi cho thêm bột bắp vào khấy tan cùng 2 muỗng đường. - Cho lên bếp nấu cùng lá dứa khi sôi thì tắt bếp', 'Bước 3: Cho khoai ra dĩa, chang ít nước cốt dừa lên trên, cho thêm dừa nạo ăn kèm sẽ rất ngon Nếu bạn muốn vị thơm thì cho mè rang vào ăn cùng']",[],"Chủ nhật, 20/1/2019, 15:26 (GMT+7)"
https://vncooking.com/cong-thuc/banh-cay-113,Bánh và bánh ngọt,Bánh cay,"Khoai mì được chế biến lạ tạo nên bánh cay Thái Lan này.
Món này giòn, dai ăn chơi rất thích",,45phút,3,,2,"['Khoai mì 1 kg', 'Bột ớt 2 muỗng']","['Bước 1: Khoai mì gọt vỏ, nạo nhuyễn Vắt khô nước', 'Bước 2: Cho ớt bột, ít muối, đường, bột ngọ vào trộn đều với khoai', 'Bước 3: Vo thành những viên dài Chuẩn bị dầu và chiên Khi khoai vàng cam thì chín vớt ra để ráo dầu rồi ăn']",[],"Chủ nhật, 20/1/2019, 15:20 (GMT+7)"
https://vncooking.com/cong-thuc/banh-tam-khoai-mi-soi-112,Bánh và bánh ngọt,Bánh tầm khoai mì sợi,"Bánh khoai mì sợi này ăn cùng với dừa nạo rất ngon, cả một trời tuổi thơ ùa về",,45phút,4,,6,"['Khoai mì 4 củ', 'Dừa nạo 250 gram', 'Bột năng 4 muỗng', 'Nước cốt dừa 700 ml', 'Nước lá dứa 6 muỗng', 'Mè rang 1 muỗng']","['Bước 1: - Bạn nên cho khoai mì ngâm qua đêm để giảm độc - Gọt vỏ, bào khoai mì nhuyễn - Vắt nước ra khỏi khoai', 'Bước 2: - Cho nước cốt dừa, bột năng và 3 muỗng đường vào trộn đều - Chia khoai thành 2 phần', 'Bước 3: - 1 phần giữ nguyên - 1 phần pha cùng nước cốt lá dứa - Cho bánh vào khuôn trải mặt phẳng', 'Bước 4: - Sau đó hấp bánh đến chín - Bánh khoai mì rất nhanh chín - Khi chín thái sợi sau đó lăn ra dừa nạo Món này chấm đường trộn mè rất được']",[],"Chủ nhật, 20/1/2019, 15:13 (GMT+7)"
https://vncooking.com/cong-thuc/banh-khoai-mi-nuong-dan-gian-111,Bánh và bánh ngọt,Bánh khoai mì nướng dân gian,"Bánh dân gian không bao giờ lỗi thời qua các năm
Hôm nay có thời gian cùng làm món bánh khoai mì này nhé!",,75phút,4,,4,"['Khoai mì 3 củ', 'Bột năng 100 gram', 'Sữa đặc 2 muỗng', 'Nước cốt dừa 150 ml']","['Bước 1: - Khoai gọt vỏ, bào thành sợi nhỏ. - Cho nước cốt dừa, sữa vào trộn với khoai mì', 'Bước 2: - Cho khoai vào máy xay sinh tố cùng 2 muỗng bột năng, ít muối - Đỗ hỗn hợp ra khay', 'Bước 3: - Cho vào lò nướng ở nhiệt độ 145 độ C khoảng 80 phút - Bánh chín lấy ra thái miếng để nguội rồi ăn']",[],"Chủ nhật, 20/1/2019, 15:07 (GMT+7)"
https://vncooking.com/cong-thuc/khoai-lang-chien-gion-ngon-tuyet-110,Món tráng miệng,Khoai lang chiên giòn ngon tuyệt,"Ăn vặt với món khoai lang chiên giòn này sẽ rất thú vị đúng không
Món này rất dễ làm và nguyên liệu lại rất rẻ nữa.
Cùng làm thử nhé",,45phút,4,,2,"['Khoai lang 500 gram', 'Bột bắp 200 gram']","['Bước 1: Khoai lang rửa, thái thành khúc dài', 'Bước 2: Cho khoai vào 1 cái thau, cho bột bắp và 2 muỗng nước đường trắng vào trộn đều', 'Bước 3: Chuẩn bị chảo chiên Cho nhiều dầu, thả khoai vào, đảo đến khi khoai vàng đều thì đã chín Món này bạn có thể ăn kèm với phô mai bột cũng ngon hoặc có thể ăn không']",[],"Chủ nhật, 20/1/2019, 15:00 (GMT+7)"
https://vncooking.com/cong-thuc/giam-can-voi-salad-bo-109,Món chính,Giảm cân với Salad bơ,"Chế độ giảm cân hiệu quả của bạn trong năm nay là gì?
Bạn đã chuẩn bị 1 list món ăn hàng ngày chưa?
Nếu còn đang phân vân thì món Salad bơ này sẽ cho bạn 1 bữa ăn giảm cân hiệu quả nhưng dinh dưỡng lại đủ hoạt động cả ngày.",,15phút,2,,7,"['Bơ 2 trái', 'Hành tây 1 củ', 'Cà chua 2 quả', 'Dưa leo 1 quả', 'Xà lách 200 gram', 'Chanh 1 quả', 'Ngò rí 1 nhánh']","['Bước 1: - Dưa leo, cà chua thái hạt lựu - Hành tây thái miếng mỏng - Bơ bóc vỏ, thái miếng vuông - Ngò rí thái nhỏ - Xà lách tách lá, thái nhỏ Tất cả cho vào tô', 'Bước 2: PHA NƯỚC SỐT - Cho 2 muỗng dầu olive - 2 muỗng nước cốt chanh - 1/2 muỗng muối - Ít tiêu Khuấy tan hỗn hợp', 'Bước 3: - Cho nước sốt vào tô rau quả, trộn đều và thưởng thức']",[],"Chủ nhật, 20/1/2019, 14:51 (GMT+7)"
https://vncooking.com/cong-thuc/canh-ca-chua-nau-trung-ga-108,Món chính,Canh cà chua nấu trứng gà,Không có thời gian những vẫn món mâm cơm gia đình có được món canh ăn đỗ khô miệng thì canh cà chua nấu trứng này là cứu tinh tuyệt vời cho bạn,,15phút,2,,4,"['Cà chua 3 trái', 'Trứng 2 quả', 'Hành lá 1 nhánh', 'Ngò rí 1 nhánh']","['Bước 1: - Cà chua rửa, thái hạt lựu - Hành lá thái nhỏ - Trứng đập cho vào tô, đánh tan lòng đỏ', 'Bước 2: - Chuẩn bị nồi, cho 1 muỗng dầu vào, khi dầu nóng cho cà chua vào xào - Thêm 2 chén nước lạnh vào, đun sôi - Khi nước sôi cho trứng vào đảo đều', 'Bước 3: - Nêm cùng hạt nêm, muối, tiêu, đường và ít nước mắm - Cho hành lá vào đảo đều - Khi thấy trứng đã chín, cà mềm thì cho ra tô']",[],"Chủ nhật, 20/1/2019, 13:34 (GMT+7)"
https://vncooking.com/cong-thuc/canh-bi-do-thit-bam-cho-tre-107,Món chính,Canh bí đỏ thịt bằm cho trẻ,"Món canh bí đỏ bổ dưỡng cho trẻ nhỏ nhà bạn là thực đơn phải có mỗi tuần
Bí đỏ bổ não kèm theo đó là hỗ trợ tăng cân cho những bé kén ăn.",,45phút,4,,4,"['Bí đỏ 400 gram', 'Thịt băm 200 gram', 'Hành lá 1 nhánh', 'Hành tím băm 1 muỗng']","['Bước 1: - Bí đỏ gọt vỏ, thái nhỏ - Hành lá thái nhỏ - Thịt băm nêm cùng ít tiêu, đường, hạt nêm và muối khoảng 15 phút cho thịt thấm vị', 'Bước 2: - Chuẩn bị nồi, cho 1 muỗng dầu vào nồi phi hành tím thơm thì cho thịt vào xào chín. - Cho 3 chén nước lạnh vào nồi, đun sôi rồi thả bí đỏ vào nấu. - Thấy bí đã mềm thì nêm lại rồi cho hành lá vào', 'Bước 3: Nấu thêm 2 phút thì tắt bếp Món này chan cùng cơm cho bé sẽ rất ngon và giúp bé xơi cơm nhanh Đây cũng là món canh dành cho bữa cơm gia đình']",[],"Chủ nhật, 20/1/2019, 13:24 (GMT+7)"
https://vncooking.com/cong-thuc/com-chien-ca-man-ngon-tai-nha-106,Món chính,Cơm chiên cá mặn ngon tại nhà,"Cơm chiên cá mặn ăn không ngán như các món cơm chiên khác.
Vị mặn mặn hòa cùng các loại hạt tạo cảm giác vừa miệng, lạ vị cho buổi sáng của là ý kiến tốt",,30phút,4,,6,"['Cơm 6 chén', 'Cá khô 200 gram', 'Trứng gà 3 quả', 'Hành lá 1 nhánh', 'Hành tây 1 củ', 'Tỏi băm 1 muỗng']","['Bước 1: - Hành tây băm nhỏ - Hành lá thái nhỏ - Cá thái miếng nhỏ, ngâm trong nước cho mềm rồi vớt ra, xé nhỏ', 'Bước 2: - Làm nóng chảo - Cho tỏi và hành tây băm vào phi - Cho cá xé vào, đảo khoảng 3 phút', 'Bước 3: - Cho cơm vào - Nêm 1/2 muỗng muối, hạt nêm, đường - Khi cơm nóng cho trứng vào, đảo đều với cơm', 'Bước 4: - Cho hành lá vào đảo đều khoảng 2 phút - Nếm lại lần nưa rồi tắt bếp - Cho cơm ra dĩa mời cả nhà thưởng thức']",[],"Chủ nhật, 20/1/2019, 12:29 (GMT+7)"
https://vncooking.com/cong-thuc/banh-bao-chien-gion-don-gian-105,Bánh và bánh ngọt,Bánh bao chiên giòn đơn giản,"Bánh bao chiên là món ăn vặt rất phổ biến sau bánh tiêu.
Công thức về lớp bột bên ngoài cũng giống bánh tiêu nhưng có phần nhân mặn nên ăn không ngán và còn rất vừa miệng",,45phút,4,,9,"['Bột bánh bao 500 gram', 'Sữa tươi 1 bịch', 'Nấm hương 2 quả', 'Hành lá 1 nhánh', 'Men nở 5 gram', 'Thịt heo bằm 200 gram', 'Nấm mèo 2 cái', 'Trứng cút 20 quả', 'Hành tím băm 1 muỗng']","['Bước 1: - Nấm tai mèo và nấm hương thái hạt lựu - Hành thái nhỏ - Trứng cút luộc bóc vỏ', 'Bước 2: - Cho men nở và sữa tươi, khuấy tan với bột bánh bao - Nhào bột đến khi mịn thì cho 1 muỗng dầu ăn nhồi thêm 10 phút nữa - Bọc bột bằng bao thức ăn khoảng 1 tiếng', 'Bước 3: - Cho nấm hương, nấm tai heo, hành tím và thịt heo vào tô - Cho 1 muỗng nước tương, bột ngọt, tiêu trộn đều - Chia nhân ra thành những phần bằng nhau rồi vo tròn cho cái trứng cút ở giữa', 'Bước 4: - Chia bột thành những phần bằng nhau - Làm phẳng từng phần bột, cho nhân vào giữa, gói lại', 'Bước 5: - Đun dầu sôi thì nhỏ lửa lại cho bánh bào chiên - Bánh chuyển vàng thì đã chín, vớt ra - Xong rồi, món bánh bao chiên xong rồi']",[],"Chủ nhật, 20/1/2019, 12:17 (GMT+7)"
https://vncooking.com/cong-thuc/mi-tron-rau-cu-nhanh-gon-104,Món chính,Mì trộn rau củ nhanh gọn,"Một tô mì trộn ngon là được chế biến ít chất béo nhất. Đảm bảo sức khỏe là điều kiện tối ưu.
Tô mì trộn rau củ với nhiều chất vitamin cho sức khỏe sẽ là món ăn ngon miệng",,15phút,2,,8,"['Mì gói 3 gói', 'Trứng gà 2 quả', 'Hành lá 1 nhánh', 'Dưa leo 1 trái', 'Mè trắng 1 muỗng', 'Cà rốt 1 quả', 'Bột bắp 1 muỗng', 'Cà chua 1 quả']","['Bước 1: - Trụng mì với nước sôi rồi vớt ra, để ráo - Trộn các gói nguyên liệu trong mì với nhau, cho 1 muỗng bột bắp vào cùng 1 muỗng nước sôi, khuấy tan.', 'Bước 2: - Hành lá thái nhỏ - Cà rốt thái sợi - Dưa leo thái lát - Trứng luốc thái đôi', 'Bước 3: - Cho mì vào tô - Cho rau củ vào rồi chan nước sốt lên trên (bạn có thể trộn thêm sa tế hoặc ớt bột cho cay) - Đảo đều mì và nguyên liệu - Rắc mè trắng lên trên', 'Bước 4: Món này rất nhanh và đơn giản nhé Chúc các bạn thành công']",[],"Chủ nhật, 20/1/2019, 10:34 (GMT+7)"
https://vncooking.com/cong-thuc/banh-canh-ca-loc-mien-trung-103,Món chính,Bánh canh cá lóc miền Trung,"Bánh này cá lóc này cũng rất đơn giản, quan trọng là cá lóc phải tươi thì món bánh canh này mới mon được",,60phút,4,,6,"['Cá lóc to 1 con', 'Bánh canh 1 kg', 'Hành boa rô 1 cây', 'Chả cá 200 gram', 'Hành lá 1 cây', 'Gừng 1 củ']","['Bước 1: - Cá làm sạch, chia phần thịt và xương riêng - Hành lá thải nhỏ - Hành boa rô thái nhỏ - Chả cá thái khúc mỏng', 'Bước 2: - Gừng thái lát mỏng - Cho nồi lên bếp, cho xương cá và gừng lát vào nồi - Khi nước sôi cho thịt cá vào nêm với muối, hạt nêm, đường, nước mắm. - Nấu khoảng 25 phút thịt cá chín vớt ra thái thành từng miếng', 'Bước 3: - Chuẩn bị 1 cái nồi khác trụng bánh canh, khi bánh chín thì vớt ra', 'Bước 4: Cho bánh canh vào tô, chan nước dùng cho thêm cá ở trên là được 1 tô bánh canh cá lóc ngon rồi. Chúc các bạn thành công']",[],"Thứ sáu, 18/1/2019, 17:28 (GMT+7)"
https://vncooking.com/cong-thuc/mut-dua-vien-cho-ngay-tet-co-truyen-102,Bánh và bánh ngọt,Mứt dừa viên cho ngày Tết cổ truyền,"Ngày tết trên bàn có những dĩa mứt viên đủ màu sắc rực rỡ dành cho khách đến chúc Tết hay chỉ đơn giản là món quà biếu tặng người thân mà chính mình làm ra thì còn gì hơn nữa.
Tết năm nay hãy làm thử món này nhé!",,75phút,5,,5,"['Cùi dừa 800 gram', 'Lá dứa 10 lá', 'Bột cà phê 3 muỗng', 'Chanh dây 2 trái', 'Sữa tươi 1 bịch']","['Bước 1: - Cùi dừa rửa sạch, thái thành khối vuông đều nhau. - Chuẩn bị nồi nước ấm rồi cho cùi dừa vào rửa sạch rồi luộc khoảng 2 phút thì vớt ra.', 'Bước 2: - Cùi dừa chia ra 4 tô bằng nhau, mỗi tô cho 100g đường - 1 tô trộn với sữa tươi - 1 tô trộn với nước cốt chanh dây - 1 tô trộn với nước cốt lá dứa - 1 tô trộn với cà phê', 'Bước 3: - Đường tan hết thì cho vào chảo, đảo đều tay cho mứt sên lại khô, đường bám vào mứt thì được Mứt là món ăn chơi, đãi khách và biếu phổ biến vào dịp lễ Tết. Cùng nhau chia sẽ những món quà nhỏ nhưng ý nghĩa lớn này đến những người thân thương']",[],"Thứ sáu, 18/1/2019, 17:03 (GMT+7)"
https://vncooking.com/cong-thuc/lau-ga-la-giang-chua-cay-101,Món chính,Lẩu gà lá giang chua cay,Tẩm bổ cho cả nhà nước tuần bằng món lẩu gà lá giang cực dễ làm này sẽ làm cả nhà hài lòng,,60phút,4,,8,"['Thịt gà 1 con', 'Lá giang 150 gram', 'Hành lá 2 nhánh', 'Hành tây 1 củ', 'Tỏi băm 1 muỗng', 'Sả 3 cây', 'Bún tươi 300 gram', 'Rau muống 100 gram']","['Bước 1: - Gà chặt thành những miếng vừa ăn, rửa sạch ướp cùng ít muối, đường, hạt nêm khoảng 20 phút cho gà thấm vị - Cho nồi lên bếp, phi tỏi, khi tỏi thơm thì vớt tỏi ra ngoài để riêng', 'Bước 2: - Cho sả cây và ớt đã đập dập vào nổi. - Xào khi thơm thì cho gà vào xào đến khi gà săn lại. - Cho thêm 7 chén nước lạnh vào nồi', 'Bước 3: - Khi nước sôi vớt bọt bỏ. - Khi gà chín mền thì cho lá giang vào - Nêm lại với ít hạt nêm, nước mắm, đường', 'Bước 4: - Hành tây thái mỏng - Ớt thái nhỏ - Ngò gai thái nhỏ Tất cả nguyên liệu cho vào nồi lẩu', 'Bước 5: - Món này dễ làm nên bạn hãy thường xuyên làm cho cả nhà mình thưởng thức cũng rất hay. Món này thay cho những món ăn chính ăn kèm với cơm vẫn rất ngon.']",[],"Thứ sáu, 18/1/2019, 16:39 (GMT+7)"
https://vncooking.com/cong-thuc/canh-chua-ca-loc-vi-que-huong-99,Món chính,Canh chua cá lóc vị quê hương,"Món này dùng nóng với cơm hay bún đều ngon. Ăn canh chua cá lóc muốn ngon thì chấm kèm với nước mắm. 
Cho món cơm nhà bạn thêm ấm ấp cùng VN Cooking",,45phút,4,,8,"['Cá lóc 1 con', 'Bạc hà 1 cây', 'Đậu bắp 5 quả', 'Trái thơm 0.5 quả', 'Cà chua 2 trái', 'Me chua 0.5 gói', 'Giá đỗ 50 gram', 'Ngò gai 4 lá']","['Bước 1: CÁC NGUYÊN LIỆU RỬA SẠCH - Đậu bắp và cà chua thái khúc - Thơm thái lát - Bạc hà tước vỏ thái khúc xéo - Cá lóc thái thành từng khứa to.', 'Bước 2: - Chuẩn bị nồi nước với ít muối. - Thả cá vào nấu khoảng 5 phút thì chín vớt ra. - Cho me vào chén nước nóng vắt lấy nước đổ vào nồi canh, nêm lại với một số gia vị cho vừa miệng.', 'Bước 3: - Cho đậu bắp, cà chua, bạc hà, giá, thơm vào nồi canh. - Nêm lại lần nữa thấy ổn thì cho cá vào nấu khoảng 5 phút. - Múc canh ra tô, cho ít ngò ở trên.']",[],"Thứ năm, 17/1/2019, 17:28 (GMT+7)"
https://vncooking.com/cong-thuc/tom-rim-chua-ngot-mien-tay-98,Món chính,Tôm rim chua ngọt miền Tây,Tôm rim này ăn kèm với xơm trắng cho những ngày đông cả nhà ngồi cạnh nhau bên mâm cơm sẽ rất thú vị và ấm ấp của không khí gia đình,,30phút,4,,2,"['Tôm 700 gram', 'Hành tím 10 củ']","['Bước 1: - Tôm rửa sạch. Luộc sơ với ít nước và muối. Khi nước sôi tắt vớt tôm ra để ráo - Hành tím thái nhỏ', 'Bước 2: - Cho dầu vào chảo, khi dầu nóng cho hành tím vào phi. - Hành thơm thì cho tôm vào xào đều. Nêm lại với hạt nêm, nước mắm và tiêu. - Cho 1/3 chén nước luộc tôm vào chảo, khi thấy nước sệt lại thì tắt bếp', 'Bước 3: Vậy là món tôm rim xong rồi. Tùy vào khẩu vị gia đình bạn mà bạn cũng có thể cho ớt thái vào khi rim tôm nhé!']",[],"Thứ năm, 17/1/2019, 16:54 (GMT+7)"
https://vncooking.com/cong-thuc/rau-cu-kho-cho-ngay-an-chay-97,Món chay,Rau củ kho cho ngày ăn chay,"Những ngày ăn chay thường rất ít món để lựa chọn chế biến.
Món rau củ kho chay này sẽ giúp bạn khỏi phải suy nghĩ thêm về việc nấu nướng cho ngày rằm hàng tháng",,45phút,4,,7,"['Măng 100 gram', 'Củ cải muối 50 gram', 'Cà rốt 1 củ', 'Củ cải trắng 1 củ', 'Nấm rơm 100 gram', 'Đậu đũa 100 gram', 'Tương hạt 50 ml']","['Bước 1: - Cải muối thát xéo mỏng, ngâm nước, bóp cho hạn chế mặn, xả với nước nhiều lần. - Cà rốt gọt vỏ, thái lát - Đậu thái khúc - Nấm thái đôi - Đậu phụ thái miếng - Măng luộc chín', 'Bước 2: - Cho chảo lên bếp, phi tỏi băm cho thơm. Khi tỏi thơm cho tất cả rau củ vào xào. - Cho tương hạt vào nêm lại với các gia vị cho vừa ăn - Kho với lửa nhỏ cho rau củ thấm vị. Khi kho được 10 phút thì cho đậu phụ vào đảo đều khoảng 5 phút nữa thì tắt bếp', 'Bước 3: Món này ăn nóng cùng với cơm trắng rất ngon']",[],"Thứ năm, 17/1/2019, 16:30 (GMT+7)"
https://vncooking.com/cong-thuc/bun-xao-chay-cho-ngay-ram-96,Món chay,Bún xào chay cho ngày rằm,Những ngày rằm thay vì những món ăn chay với cơm thì hôm nay làm món bún xào chay này sẽ tiết kiệm được thời gian cho bạn cũng đảm bảo được độ ngon mà nó mang lại.,,45phút,5,,4,"['Bún gạo 300 gram', 'Đậu phụ chiên 2 miếng', 'Cà rốt 1 củ', 'Cải thìa 6 cây']","['Bước 1: - Cải thìa rửa thái làm 2 hoặc 3 khúc - Bún gạo trụng nước sôi, vớt để ráo trộn 1 muỗng dầu cho bún không dính lại - Đậu phụ thía lát - Cà rốt gọt vỏ, thái sợi', 'Bước 2: - Cho chảo lên bếp, bỏ hành tím băm vào phi, khi thơm thì cho cà rốt vào xào khoảng 5 phút thì cho cải thìa vào xào chung. - Khi cải và xà rốt chín thì bạn cho đậu phụ vào đảo cùng. Bạn nêm nếm lại với đường và bột ngọt ít tiêu cho thơm. - Cho bún vào xào đều khoảng 5 phút thì tắt bếp.', 'Bước 3: Món bún xào ăn kèm với nước tương pha ít tỏi ớt băm. Chúc các bạn thành công']",[],"Thứ năm, 17/1/2019, 16:13 (GMT+7)"
https://vncooking.com/cong-thuc/dau-phu-tu-xuyen-sot-cay-95,Món chay,Đậu phụ Tứ Xuyên sốt cay,"Đậu phụ Tứ Xuyên cay này rất dễ.
Hôm nay nấu món này nha",,45phút,4,,6,"['Đậu phụ 4 miếng', 'Hành tím 1 củ', 'Tỏi 2 tép', 'Gừng 0.5 củ', 'Sa tế 1 muỗng', 'Nấm hương 100 gram']","['Bước 1: - Thái đậu phụ thành những miếng vuông, ngâm với nước muối loãng 15 phút rồi vớt ra để ráo. - Nấm hương ngâm nước nóng 30 phút, thái mỏng. Nước ngâm để dành nấu. - Hành tím và tỏi băm nhuyễn - Gừng thái lát mỏng', 'Bước 2: PHA NƯỚC SỐT - 1 muỗng nước tương - 1/2 chén nước - 1 muỗng sa tế - 1 muỗng đường - 1 muỗng muối', 'Bước 3: - Cho chảo lên bếp, phi hành tỏi cho thơm - Cho nấm vào chảo, xào chín - Cho nước sốt vào, khi sôi cho đậu phụ vào đun lửa nhỏ khoảng 5 phút.', 'Bước 4: - Bày ra dĩa cùng cả nhà thưởng thức là được rồi đó. DONE']",[],"Thứ năm, 17/1/2019, 16:03 (GMT+7)"
https://vncooking.com/cong-thuc/che-thai-ngon-nhu-quan-94,Món tráng miệng,Chè Thái ngon như quán,"Món chè Thái luôn được lòng mọi người, vị thơm của sầu riêng lan tỏa khắp nơi mỗi khi món này xuất hiện. Chè Thái dễ làm lắm chỉ cần chuẩn bị một ít nguyên liệu là bạn sẽ hoàn thành món này nhanh thôi",,45phút,4,,6,"['Mít 200 gram', 'Nhãn 200 gram', 'Vải 200 gram', 'Bột rau câu 2 muỗng', 'Sữa tươi 1 lít', 'Siro dâu 4 muỗng']","['Bước 1: - Các loại trái cây rửa, tạch hạt - Nấu 3 chén nước cùng bột rau câu đến khi nước sôi thì nhỏ lửa lại, cho đường, ít siro dâu khuấy đều.', 'Bước 2: - Đỗ vào tô hay khuôn to, để tủ lạnh cho thạch đông thì thái sợi hay miếng nhỏ đều được. - Nhãn, vải cắt miếng vuông nhỏ - Mít cắt sợi dài.', 'Bước 3: - Pha sữa tươi với đường khuấy tan, cho tất cả các nguyên liệu vào khuấy đều. - Bạn nên để tủ lạnh qua đêm đảm bảo độ lạnh sau đó có thể thưởng thức']",[],"Thứ năm, 17/1/2019, 13:42 (GMT+7)"
https://vncooking.com/cong-thuc/rau-cau-huong-ca-phe-thom-ngon-93,Món tráng miệng,Rau câu hương Cà phê thơm ngon,Rau câu cà phê với mùi thơm nồng cùng vị béo của nước cốt dừa sẽ làm hài lòng những ai thưởng thức.,,45phút,4,,4,"['Bột rau câu 1 gói', 'Cà phê 4 muỗng', 'Nước dừa 1 lít', 'Nước cốt dừa 120 ml']","['Bước 1: - Hòa tan gói bột làm rau câu với 2 chén nước lạnh, nước dừa và đường vào nồi nấu khuấy đều đến khi sôi thì tắt bếp.', 'Bước 2: Bạn chia nồi rau cầu thành 2 phần: - 1 phần cho nước cốt dừa vào khuấy đều - 1 phần cho cà phê vào khuấy đều', 'Bước 3: - Trải khuôn rau câu, bạn cho 1 lớp cà phê chờ rau câu đông cứng thì cho thêm 1 lớp nước cốt dừa. Lần lượt đến khi đầy khuôn. Lưu ý: bạn cần đổ nhanh tay để rau câu trong nồi không đông lại Rau câu ăn ngon nhất là khi được bỏ trong tủ lạnh 2 đến 3 tiếng. Món này ăn chơi vừa mát vừa ngon miệng. Chúc các bạn thành công!']",[],"Thứ năm, 17/1/2019, 13:30 (GMT+7)"
https://vncooking.com/cong-thuc/rau-cau-la-dua-trang-mieng-mat-lanh-92,Món tráng miệng,Rau câu lá dứa - tráng miệng mát lạnh,"Rau câu mát lạnh cho những ngày trời nóng sẽ là món tráng miệng hảo hạn dành riêng cho gia đình của bạn.
Công thức rất đơn giản, chỉ cần khéo léo một chút là bạn đã thực hiện được rồi",,60phút,4,,4,"['Bột rau câu 1 gói', 'Lá dứa 10 lá', 'Nước dừa 1 lít', 'Nước cốt dừa 120 ml']","['Bước 1: - Lá dứa rửa rồi thái khúc xay lá nước. - Hòa tan gói bột làm rau câu với 2 chén nước lạnh, nước dừa và đường vào nồi nấu khuấy đều đến khi sôi thì tắt bếp.', 'Bước 2: Bạn chia nồi rau cầu thành 2 phần: - 1 phần cho nước cốt dừa vào khuấy đều - 1 phần cho nước lá dứa vào khuấy đều', 'Bước 3: - Trải khuôn rau câu, bạn cho 1 lớp màu xanh chờ rau câu đông cứng thì cho thêm 1 lớp màu trắng. Lần lượt đến khi đầy khuôn. Lưu ý: bạn cần đổ nhanh tay để rau câu trong nồi không đông lại Rau câu ăn ngon nhất là khi được bỏ trong tủ lạnh 2 đến 3 tiếng. Món này ăn chơi vừa mát vừa ngon miệng. Chúc các bạn thành công!']",[],"Thứ năm, 17/1/2019, 13:14 (GMT+7)"
https://vncooking.com/cong-thuc/banh-chuoi-nuong-bang-noi-com-dien-91,Bánh và bánh ngọt,Bánh chuối nướng bằng nồi cơm điện,"Bánh chuối nướng có vị ngọt, béo, thơm, mềm. Là món bánh dân gian của nước ta.
Hiện nay, có rất ít chổ bán loại bánh này. Nên bây giờ muốn ăn thèm quá thì phải lăn vào bếp chuẩn bị thôi.",,60phút,5,,7,"['Chuối chín 10 quả', 'Trứng gà 1 quả', 'Bột mì 100 gram', 'Nước cốt dừa 200 gram', 'Sữa tươi 1 bịch', 'Vani 1 ống', 'Bơ lạt 50 gram']","['Bước 1: - Chuối bỏ vỏ thái khoanh mỏng. Trộn chuối và đường đều nhau. - Bột mì rây vào nước cốt dừa, sữa tươi và trứng gà khuấy đến khi bột tan', 'Bước 2: - Trộn chuối với phần hỗn hợp ở trên, Nếm thử xem ngọt vừa chưa. Thấy ổn thì cho vào - Làm tan bơ rồi thoa 1 lớp quanh nồi cơm. Bật nút nấu rồi đổ chuối vào (bạn có thể lót 1 lớp chuối mỏng ở đái nồi làm mặt bánh chuối),', 'Bước 3: - Tùy vào nồi nên bạn phải kiểm tra thường xuyên xem bánh như thế nào. - Khi bánh chín sẽ chuyển sang màu đỏ đẹp, có mùi thơm bay lên. - Khi bánh chín bạn phải chờ bánh nguội hẵn mới có thể lấy bánh ra Dùng dao lật bánh nhẹ nhàng lại. Cắt thành miếng đãi cả nhà cùng thưởng thức']",[],"Thứ tư, 16/1/2019, 17:45 (GMT+7)"
https://vncooking.com/cong-thuc/banh-crepe-la-dua-thai-lan-90,Bánh và bánh ngọt,Bánh crepe lá dứa Thái Lan,"Món này thêm vào danh sách tráng miệng của gia đình bạn ngay đi vì mùi thơm của lá dứa sẽ làm tăng thêm khẩu vị gia đình bạn
Món này đơn giản lắm, chỉ cần bỏ ra ít thời gian là có thể cho gia đình bạn món ăn tráng miệng lạ này rồi",,60phút,4,,8,"['Dừa nạo 400 gram', 'Đường nâu 2 muỗng', 'Đường thốt nốt 150 gram', 'Lá dứa 2 chiếc', 'Bột mì 300 gram', 'Bột sắn 50 gram', 'Trứng gà 1 quả', 'Sữa đặc 1 muỗng']","['Bước 1: LÀM NHÂN DỪA - Lá dứa 1 chiếc rửa rồi nấu cùng đường nâu, đường thốt nốt đến khi tan hết đường thì vớt lá ra. - Chảo lên bếp cho đường trắng vào, khi đường tan thì cho nước đường nâu ở trên vào rồi cho dừa nạo và 1/2 muỗng muối vào cùng. Đảo đến khi sánh lại thì tắt bếp', 'Bước 2: LÀM VỎ BÁNH - Lá dứa rửa xay cùng nước rồi vắt lấy nước cốt - Cho bột mì, bột sắn và 1/2 muỗng muối vào tô trộn đều. - Cho 1/2 muỗng dầu, 1 muỗng sữa đặc và nước cốt lá dứa vào trộn đều hỗn hợp. - Đánh tan 1 quả trứng vào bát rồi cho vào hỗn hợp trên, khuấy đều - Lọc hỗn hợp qua dụng cụ (rây) để bột nghỉ 90 phút', 'Bước 3: LÀM BÁNH - Cho chảo lên bếp (lửa nhỏ), đổ 1 lớp dầu, khi dầu nóng thì đỗ 1 lớp bột lên đều mỏng. - Khi bột chuyển xanh đậm và 2 mép xoăn lại thì lấy ra. Làm đến khi hết bột - Trải vỏ bánh ra mặt phẳng, cho nhân ở giữa rồi cuốn lại. Món này ăn lạ miệng sẽ rất hấp dẫn để làm món tráng miệng cho cả nhà']",[],"Thứ tư, 16/1/2019, 17:27 (GMT+7)"
https://vncooking.com/cong-thuc/banh-beo-tom-da-heo-89,Bánh và bánh ngọt,"Bánh bèo tôm, da heo","Bánh bèo này quá đặc sản của Việt Nam rồi. Mỗi lần cùng mẹ đi chợ khi nhỏ là nhất định phải đòi mua bằng được hộp bánh bèo về nhà ăn thay cơm.
Hôm nay, không cần ra chợ nữa ở nhà tự làm cùng VN Cooking đi",,60phút,4,,5,"['Bột gạo 200 gram', 'Bột năng 30 gram', 'Tôm đồng 100 gram', 'Da heo 100 gram', 'Hành lá 2 nhánh']","['Bước 1: LÀM BỘT BÁNH - Cho bột gạo, bột năng trộn đều cùng 1/3 muỗng muối rồi cho ít nước từ từ vào, khuấy đến khi bột tan. - Để yên bột khoảng 3 tiếng rồi đổ hết phần nước lớp trên đi rồi thêm một ít nước ấm bằng lượng nước bạn vừa đổ bỏ, khuấy đều bột.', 'Bước 2: ĐỖ BÁNH BÈO - Xếp chén bánh vào xửng hấp, thoa ít dầu quanh chén. - Khi chén nóng thì cho bột vào chén hấp - Nhớ canh lửa để bánh chín đều. Hấp khoảng 6 phút, khi bánh chuyển thành màu trắng đục là chín.', 'Bước 3: LÀM NHÂN BÁNH - Da heo thái miếng thật nhỏ, chiên vàng giòn. - Tôm rửa rồi luộc chín, bóc vỏ. - Cho chảo lên bếp cho ít dầu, đổ tôm vào đảo liên tiếp cho tôm khô lại, khi thấy tôm có màu vàng thì tắt bếp. MỠ HÀNH - Hành lá thái nhỏ cho vào chén dầu sôi rồi trộn đều', 'Bước 4: Món này khi ăn thì bỏ bánh vào dĩa, cho ít tôm da heo lên, trên cùng là mỡ hành. Chấm cùng nước mắm làm chua ngọt sẽ rất ngon. Chúc bạn thành công']",[],"Thứ tư, 16/1/2019, 17:13 (GMT+7)"
https://vncooking.com/cong-thuc/banh-crepe-sau-rieng-hap-dan-88,Bánh và bánh ngọt,Bánh Crepe sầu riêng hấp dẫn,"Bánh sầu riêng có hương vị béo ngậy giữa kem tươi và sầu riên cực hấp dẫn
Bánh mềm mịn, hương sầu riêng tự nhiên",,60phút,4,,9,"['Bột mì 70 gram', 'Bột ngô 10 gram', 'Trứng gà 2 trứng', 'Đường bột 80 gram', 'Sữa tươi (không đường) 1 bịch', 'Bơ lạt 20 gram', 'Whipping cream 125 ml', 'Galentin 2 gram', 'Sầu riêng 125 gram']","['Bước 1: - Sầu riêng tách hạt, thịt xay nhuyễn. - Cho Whipping cream và 2 muỗng đường bột vào bát đánh tan từ từ bằng máy đánh trứng, đến khi kem bông cứng. - Đổ 1/2 bịch sữa tươi ra tô rồi cho vào lò vi sóng 30s cho sữa ấm. Cho galentin vào khuấy đều sau đó cho hỗn hợp vào bát kem ở trên, bỏ vào ngăn mát tủ lạnh', 'Bước 2: - Chuẩn bị chảo trên bếp, cho ít bơ thoa đều chảo. - Bột lấy từ tủ lạnh ra, trán 1 lớp mỏng lên chảo (chỉ rán 1 mặt). Khi thấy mặt se lại thì lấy úp ra dĩa. Làm đến khi hết bột', 'Bước 3: - Trải bánh ra mặt phẳng - Cho 1 phần kem tươi, 1 phần sầu riêng rồi gói lại. Bánh này ăn ngon khi lạnh, bạn phải bảo quản bánh ở điều kiện tủ lạnh không được bỏ ngoài trách bánh chua']",[],"Thứ tư, 16/1/2019, 16:58 (GMT+7)"
https://vncooking.com/cong-thuc/bap-xao-bo-thom-ngon-87,Nhanh và dễ,Bắp xào bơ thơm ngon,Bắp xào luôn luôn là món ăn hấp dẫn. Mùi thơm lừng của bắp xào tôm bơ khiến bạn không thể cưỡng lại được nỗi,,30phút,1,,5,"['Bắp hạt 200 gram', 'Tép khô 30 gram', 'Bơ 2 muỗng', 'Hành lá 3 cọng', 'Trứng cút 3 trứng']","['Bước 1: Bắp mua về tách vỏ rửa sạch, sau đó đem luộc chín, tách lấy hạt. Lưu ý Bắp phải luộc ngập nước, cho thêm một xíu đường để có vị ngon ngọt.', 'Bước 2: Hành lá đem rửa sạch thái nhỏ. Có rất nhiều bạn không thích ăn hành, có thể bỏ qua bước này cũng được, nhưng nên cho vào vài lát hành củ thì bắp xào mới thơm nhé. Hành lá rất tốt cho sức khỏe, đặc biệt đối với những người thường xuyên bị bệnh về đường hô hấp. Hành khi xào thành mỡ hành rất ngọt và thơm chứ không cay đâu.', 'Bước 3: Đặt chảo lên bếp, bật lửa vừa. Khi chảo nóng, cho bơ vào đảo sơ cho tan chảy rồi cho hành củ vào trước. Hành rất nhanh cháy, ngay khi hành tỏa mùi thơm các bạn cho bắp vào xào. Nêm nếm 20gr đường, 20ml nước mắm, đảo đều cho bắp thấm gia vị.', 'Bước 4: Khi bắp xào thấm gia vị cho thêm tép khô vào, đảo đều. Tiếp theo cho 1 muỗng canh bơ, đảo đều cho bơ tan và thấm vào bắp. Bắp xào sẽ ra nước rất nhiều nên các bạn không cần cho quá nhiều bơ, nếu không món bắp xào sẽ dễ ngấy lắm đó.', 'Bước 5: Cuối cùng là cho hành lá vào, đảo sơ rồi tắt bếp ngay để giữ độ xanh của hành. Hơi nóng sẽ làm hành chín rất nhanh đó!']",[],"Thứ tư, 16/1/2019, 14:44 (GMT+7)"
https://vncooking.com/cong-thuc/banh-duc-la-dua-dan-gian-86,Bánh và bánh ngọt,Bánh đúc lá dứa dân gian,"Món bánh dân giả này rất ngon nha. Bánh dân tộc này có từ rất lâu đời mà đến này vẫn còn là món yêu thích của nhiều người Việt.
Với công thức đơn giản, dễ làm, cùng với một chút khéo tay, bạn có thể làm ra những miếng bánh đúc mềm mịn, thơm ngon.",,60phút,4,,9,"['Bột gạo 150 gram', 'Bột nếp 150 gram', 'Lá dứa 300 gram', 'Đường nâu 150 gram', 'Vani ống 1 ống', 'Nước cốt dừa 80 ml', 'Gừng 1 củ', 'Mè trắng 20 gram', 'Bột năng 1 muỗng']","['Bước 1: - Lá dứa rửa sạch, xay vắt lấy nước LÀM BỘT BÁNH ĐÚC - Bánh xanh: 75g bột nếp, 75g bột gạo, nước cốt lá dứa, 1/2 ống vani, 1 muỗng dầu ăn và 50ml nước lọc, nhào bột cho mịn - Bánh trắng: 75g bột nếp, 75g bột gạo, 1/2 ống vani, 1 muỗng dầu ăn và 150ml nước lọc, nhào bột cho mịn Để bột nghĩ trong vòng 25 phút.', 'Bước 2: - Chuẩn bị 2 cái nồi cho bột trắng và xanh vào 2 cái nồi, khuấy đều nấu đến khi bánh chín - Chuẩn bị khuôn, quét 1 lớp dầu quanh khuôn. - Nhồi trộn 2 màu bột với nhau rồi đổ vào khuôn nép chặc bánh vào khuôn, chờ nguội', 'Bước 3: LÀM NƯỚC ĐƯỜNG - Cho đường nâu pha cùng 100ml nước lọc và 5 lát gừng nấu, khuấy đều cho đường tan - Khi thấy đường tan và hơi đặc là được. LÀM NƯỚC CỐT DỪA - Cho nước cốt dừa, 1 muỗng đường, 1 muỗng bột năng, 1 muỗng nước lọc rồi nấu cho chín. - Mè trắng rang sơ cho thơm', 'Bước 4: - Dùng dao xăm quanh khuôn để lấy bánh, cắt miếng nhỏ ra dĩa - Chan nước đường và nước cốt dừa bỏ ít mè rang cho thơm Món này để chiêu đãi bạn bè cuối tuần là ý tưởng không tồi đúng không Chúc các bạn thành công']",[],"Thứ tư, 16/1/2019, 11:41 (GMT+7)"
https://vncooking.com/cong-thuc/banh-xao-vi-mien-trung-thuong-yeu-85,Bánh và bánh ngọt,Bánh xào vị miền Trung thương yêu,"Món bánh xèo thì không còn xa lạ đối với người dân nữa. Nhưng để làm 1 chiếc bánh xèo miền Trung nhỏ nhỏ nhưng vị ngon không nhỏ thì phải có công thức kỹ lưỡng.
Hôm nay, VN Cooking sẽ chia sẽ công thức thực hiện món bánh xèo giòn ngon nhất.",,60phút,5,,9,"['Bột gạo 200 gram', 'Bia 1 lon', 'Bột nghệ 1 muỗng', 'Hành lá 2 cành', 'Thịt heo 200 gram', 'Tôm tươi 200 gram', 'Hành tây 1 củ', 'Giá đỗ 100 gram', 'Rau ăn kèm 300 gram']","['Bước 1: PHA BỘT LÀM BÁNH - Cho bột gạo, ít muối cùng bột nghệ, 2 chén nước lạnh, 1/3 lon bia, 1/2 chén nước cốt dừa khuấy đều hỗn hợp - Hành lá thái nhỏ cho vài bột chờ khoảng 45 phút', 'Bước 2: SƠ CHẾ NGUYÊN LIỆU - Thịt heo thái lát mỏng, ướp cùng 1/3 muỗng muối, tỏi băm, gừng băm, tiêu và ít dầu ăn. - Tôn bỏ râu, rửa ướp với ít gia vị - Hành tây thái mỏng - Giá đỗ rửa', 'Bước 3: XÀO NHÂN - Cho chảo lên bếp, khi dầu nóng thì cho hành tây vào xào cùng với tôm và ít hạt nêm. - Tôm chín thì cho thịt heo thái lát vào xào cùng, khi thấy thịt săn lại thì tắt bếp', 'Bước 4: ĐỖ BÁNH XÈO - Chuẩn bị chảo đỗ bánh, khi dầu nóng trán 1 lớp bột mỏng quanh chảo, đậy nắp khoảng 30 giây - Cho nhân vào giữa bánh, thêm giá và hành tây lên trên, đậy nắp khoảng 2 phút. - Mở nắp ra gấp đôi bánh lại, chờ bánh chín vàng thì đảo mặt rồi vớt ra Làm như vậy đến khi hết bột và nhân', 'Bước 5: PHA NƯỚC CHẤM - Ớt đỏ và cà chua bỏ hạt cho xay nhuyễn - Pha 2 muỗng đường, 5 muỗng nước, 1.5 muỗng nước mắm rồi nấu cho đường chảy ra. Cho ít nước cốt me có vị chua - Cho hỗn hợp ớt cà chua xay nhuyễn vào khuấy đều', 'Bước 6: Món bánh xèo miền Trung đã xong Món này bạn có thể ăn kèm với nước chấm pha ở trên hoặc theo khẩu vị miền Tây là nước mắm làm vẫn ngon Ăn kèm với rau và bánh tráng cuộn sẽ rất tuyệt vời']",[],"Thứ tư, 16/1/2019, 11:18 (GMT+7)"
https://vncooking.com/cong-thuc/oc-mo-xao-toi-truyen-thong-84,Món chính,Ốc mỡ xào tỏi truyền thống,"Lại tiếp tục với vương quốc ốc. Hôm nay, sẽ chuyên qua với loại ốc mỡ béo này. 
Món này xào là ngon nhất giữ được vị béo của ốc hòa cũng vị thơm của tỏi",,30phút,4,,4,"['Ốc mỡ 1 kg', 'Tỏi 4 củ', 'Rau răm 50 gram', 'Ớt 3 quả']","['Bước 1: - Bạn ngâm ốc với nước vo gạo hoặc ớt tươi để ốc có thể nhả hết bùn đất và chất bẩn. Sau đó rửa sạch với nước rồi để ráo - Rau răm nhặt, rửa sạch để ráo. - Tỏi thái lát mỏng.', 'Bước 2: - Luộc sơ ốc chín trước khi xào - Khi ốc chín đổ ra rổ cho ráo nước - Cho nước mắm vào 1 cái chén cùng tỏi ớt băm nhuyễn để tạo nước sốt', 'Bước 3: - Cho ốc vào chung với nước sốt vừa tạo trộn đều 10 phút - Cho chảo lên bếp đổ ốc vào xào sơ, đảo đều khi ốc chín là được Món ốc đã xong rồi']",[],"Thứ ba, 15/1/2019, 13:05 (GMT+7)"
https://vncooking.com/cong-thuc/so-long-nuoc-mo-hanh-dau-phong-83,Món chính,Sò lông nước mỡ hành đậu phộng,"Tại hưởng món sò lông nướng mỡ hành thơm tại nhà vào buổi tối đẹp trời có gì sai?
Món này là tuyệt nhất trong món hải sản nướng rồi.
Hôm nay nấu nhé!",,45phút,4,,3,"['Sò lông 500 gram', 'Hành lá 200 gram', 'Đậu phộng 100 gram']","['Bước 1: - Sò rửa sạch rồi lấy bàn chải chà cho lớp vỏ sạch nhất - Cho sò luộc sơ khi thấy sò hả miệng thì tắt bếp - Hành lá thái nhỏ - Đậu phộng bóc vỏ, giã sơ', 'Bước 2: - Cho hành lá thái nhỏ vào 1 cái chén cùng với 4 muỗng dầu ăn, đun trên bếp cho hành nóng, trộn cùng 1 muỗng muối, 1/2 muỗng nước mắm', 'Bước 3: - Chuẩn bị lò nướng - Xếp từng con sò lên vỉ nướng, cho ít mỡ hành lên cùng đậu phộng. Khi thấy bề mặt sò sôi khoảng 1 phút là ăn được rồi - Món này vừa nướng vừa ăn sẽ rất ngon']",[],"Thứ ba, 15/1/2019, 12:54 (GMT+7)"
https://vncooking.com/cong-thuc/ngheu-hap-sa-thai-lan-82,Món chính,Nghêu hấp sả Thái Lan,"Nghêu hấp sả không còn lạ cho tính đồ ăn uống nữa.
Đem cả gánh ốc về nhà hôm nay sẽ là ý kiến hay nhất dành cho bạn",,30phút,4,,6,"['Nghêu 1 kg', 'Sả 6 cây', 'Gừng 1 củ', 'Tỏi băm 1 muỗng', 'Ớt băm 1 muỗng', 'Chanh 1 trái']","['Bước 1: - Nghêu ngâm sạch với nước sau đó để ráo. - Sả đập dập - Gừng đập dập', 'Bước 2: - Chuẩn bị nồi đất, cho sả gừng dưới đáy nồi rồi đến nghêu, và ớt hấp - Khi thấu miệng nghêu mở ra thì đã chín - Nêm cùng ít nước mắm, đường, hạt nêm', 'Bước 3: Nước chấm - Cho ít nước mắm, nước sôi, đường, tỏi ớt, ít nước cốt chanh vào khuấy cùng nước mắm Nước chấm đã có, nghêu cũng chín rồi Món này đơn giản đúng không. Làm tại nhà rất rẻ luôn đó.']",[],"Thứ ba, 15/1/2019, 12:41 (GMT+7)"
https://vncooking.com/cong-thuc/oc-len-xao-dua-81,Món chính,Ốc len xào dừa,"Còn gì tuyệt vời hơn thưởng thức hải sản nóng hổi, thơm ngon trong tiết trời se lạnh đang đến gần.
Nấu món này ăn chơi cho cả nhà rất tuyệt vời luôn",,30phút,4,,5,"['Ốc len 1 kg', 'Dừa nạo 500 gram', 'Sả 3 cành', 'Tỏi băm 1 muỗng', 'Rau răm 50 gram']","['Bước 1: - Ốc rửa sạch, ngâm với nước, chặt đuôi (bạn có thể nhờ người bán làm) - Xay dừa vắt lấy nước cốt nêm cùng 1 muỗng muỗi và 4 muỗng đường, khuấy đều.', 'Bước 2: - Cho chảo lên bếp cùng ít dầu, phi tỏi và sả - Cho nước dừa, ốc vào chảo cùng lúc, mở lửa to, đảo đều, chờ nước dừa sôi, hút thử con ốc thấy ốc ""chạy"" vào miệng là đã chín rồi. Tắt bếp và bày ra dĩa chiến được rồi']",[],"Thứ ba, 15/1/2019, 12:29 (GMT+7)"
https://vncooking.com/cong-thuc/oc-buou-hap-sa-ngon-nhat-80,Món chính,Ốc bươu hấp sả ngon nhất,"Ốc bươu có phần vỏ mỏng, đuôi xoắn nhọn và kích thước lớn hơn ốc lác. Thịt của ốc bươu có chứa nước, protid  nên rất tốt cho sức khỏe.
Nấu món này chiêu đãi cả nhà vào cuối tuần là tuyệt nhất nha các bạn",,30phút,4,,7,"['Ốc bươu 1 kg', 'Sả 100 gram', 'Lá chanh 10 lá', 'Ớt sừng 10 trái', 'Tỏi 1 củ', 'Gừng 1 củ', 'Chanh 1 trái']","['Bước 1: - Ốc bươu: ngâm rửa sạch khaongr 2 tiếng, cho ra rổ để ráo. - Ớt sừng: rửa sạch, 3 trái băm nhỏ, 4 trái thái lát, 3 trái để nguyên. - Sả: rửa sạch, ½ băm nhỏ, ½ đập dập, thái khúc nhỏ - Lá chanh: rửa sạch từng lá, lựa khoảng 5-6 lá hơi non, thái chỉ, phần còn lại để nguyên. - Gừng: Gọt vỏ, rửa sạch, 2/3 giã dập, 1/3 để nguyên. - Tỏi: Lột vỏ, rửa sạch. - Chanh tươi: Lấy nước cốt.', 'Bước 2: - Cho ốc vào nồi hấp cùng 1 muỗng muối và gừng đập dập cùng 4 lá chanh vò nát. - Khi ốc sôi khoảng 2 phút thì tắt bếp.', 'Bước 3: - Bạn chuẩn bị 1 cái nồi khác, cho sả đập ở đáy nồi cùng vài lá chanh rồi cho ốc vào, trên cùng là ớt thái nhỏ. Bạn nêm lại với hạt nêm và muối cho vừa ăn. - Khi chín, ốc sẽ có mùi thơm', 'Bước 4: NƯỚC CHẤM - Cho tỏi, ớt, đường vào cối giã nhuyễn rồi cho ra chén, thêm ít nước mắm và nước sôi vào khuấy đều. - Cuối cùng là cho ít lá chanh thái sợi vào chén khuấy đều. Món nước chấm cũng đã xong rồi. Ăn được rồi đó']",[],"Thứ ba, 15/1/2019, 12:12 (GMT+7)"
https://vncooking.com/cong-thuc/oc-gao-xao-sa-ot-vi-mien-trung-79,Món chính,Ốc gạo xào sả ớt vị miền Trung,"Hôm nay làm món ốc cho cả nhà lai rai cũng thú vị lắm.
Cuối tuần rảnh tay làm ngay món ốc xào nào nghe.",,30phút,4,,4,"['Ốc gạo 1 kg', 'Sả 4 cây', 'Giấm 1 muỗng', 'Bột ớt 1 muỗng']","['Bước 1: Ốc đập bể phần vỏ dưới đáy cho ốc thấm vị nhất khi xào. Cho thêm ít bột ớt và muối ướp với ốc', 'Bước 2: - Cho chảo ít dầu, dầu nóng cho tỏi vào phi đến khi thơm thì cho ốc vào đảo đều tay. - Khi ốc sôi thì cho sả khúc vào xào cùng', 'Bước 3: Nêm lại với ít gia vị và 1 muỗng giấm. Chuẩn bị dĩa rồi ăn thôi, xong món ốc rồi.']",[],"Thứ ba, 15/1/2019, 11:52 (GMT+7)"
https://vncooking.com/cong-thuc/long-ga-xao-cung-trung-non-78,Món chính,Lòng gà xào cùng trứng non,"Lòng gà đã tuyệt giờ xào chung với trứng non nữa càng làm tăng thêm vị ngon của món ăn.
Hôm nay, VN Cooking sẽ hướng dẫn thực hiện món ăn này cho cả gia đình bạn thưởng thức",,45phút,4,,6,"['Trứng non 200 gram', 'Lòng gà 300 gram', 'Tỏi 1 củ', 'Hành tím 1 củ', 'Trứng gà 1 quả', 'Hành lá 2 nhánh']","['Bước 1: - Lòng gà rửa với nước muối pha loãng - Trứng gà non rửa sạch - Tỏi băm nhuyễn - Hành tín băm nhuyễn - Hành lá thái khúc nhỏ', 'Bước 2: - Cho một nồi nước lên bếp, cho ít muối vào khi sôi thì cho lòng gà vào luộc chín vớt ra tô - Nêm cùng với 1/3 muỗng muối, hạt nêm, tiêu trộn đều ướp khoảng 15 phút.', 'Bước 3: - Cho chảo lên bếp, khi dầu nóng cho tỏi vào phi thơm thì cho trứng gà non vào đảo đều. Khi trứng hào cùng tỏi nóng thì cho ra dĩa. - Lại cho thêm tỏi vào phi, cho hành tây vào đảo đều cho lòng gà vào xào. Khi lòng gà chín thì nêm lại một lần nữa rồi đổ trứng gà non vào xào cùng lòng gà.', 'Bước 4: - Cho thêm ớt thái nhỏ vào có vị cay, đảo đều. Khi thấy hợp vị thì tắt bếp. - Thêm ít hành lá lên trên món ăn Bày ra dĩa và thưởng thức thành quả của mình']",[],"Thứ ba, 15/1/2019, 11:28 (GMT+7)"
https://vncooking.com/cong-thuc/ga-xao-mang-tuoi-cho-ngay-dau-nam-77,Món chính,Gà xào măng tươi cho ngày đầu năm,"Gà xào măng tươi sẽ vô cùng hấp dẫn và chiều lòng các thành viên gia đình bạn. 
Chúc bạn thành công và ngon miệng với cách làm gà xào măng tươi!",,45phút,4,,5,"['Thịt gà 500 gram', 'Măng 150 gram', 'Mộc nhĩ 4 tai', 'Sả 2 cành', 'Hành tím 2 củ']","['Bước 1: - Măng tươi rửa sạch, thái sợi. Sau đó luộc cùng ít muối cho măng giòn - Sả thái mỏng - Ớt chuông bổ đôi, bỏ hạt, thái sợi - Hành rửa sạch, thái mỏng.', 'Bước 2: - Mộc nhĩ ngâm với nước, khi nở thái sợi. - Thịt gà rửa chặt khúc, ướp cùng 1 muỗng nước mắm, 1/2 muỗng hạt nêm, hành, tỏi băm và 1 muỗng dầu hào', 'Bước 3: - Phi tỏi rồi cho gà vào xào cũng lửa to. Khi thịt gà săn lại thì cho ra dĩa - Tới lượt măng cho vào chảo cùng sả, mộc nhĩ và ớt chuông xào nêm cùng hạt nêm', 'Bước 4: - Tiếp đến cho thịt gà vào xào đều với lửa to. Nêm lại cho vừa miệng. - Khi thấy tất cả đã chín thì tắt bếp cho ra dĩa. Món gà này ăn nóng rất ngon cho vị Tết thêm ấm ấp']",[],"Thứ ba, 15/1/2019, 10:30 (GMT+7)"
https://vncooking.com/cong-thuc/canh-suon-heo-nau-cung-kimchi-76,Món chính,Canh sườn heo nấu cùng kimchi,"Món Canh Hàn Quốc này rất được yêu thích bởi vị cay của kimchi hòa cùng vị sườn ngọt.
Món này sẽ rất tốt để xơi cùng cơm trắng",,30phút,4,,4,"['Sườn non heo 400 gram', 'Kim chi 120 gram', 'Lá hẹ 1 nhánh', 'Hành boa rô 1 cây']","['Bước 1: - Sườn rửa rồi chặt thành khúc vừa ăn, luộc chín khoảng 2 - 3 phút, rồi vớt bỏ nước. - Cho sườn ướp cùng với ít hạt nêm, đường, muối khoảng 10 phút', 'Bước 2: - Gừng gọt vỏ, băm nhuyễn - Tỏi băm nhỏ - Hành boa rô thái khúc - Hẹ thái khúc', 'Bước 3: - Chuẩn bị 1 nồi cho tỏi và gừng vào phi, cho sườn vào xào sơ cùng nước mắm. Sau đó cho 1 lượng nước vừa vào nồi. - Khi sườn chín mềm thì cho kim chi vào - Đun 2 phút thì cho hẹ và hành boa rô vào. Nêm lại rồi tắt bếp. Món canh sườn kimchi này rất đơn giản. Thích hợp với những người cuồng cay hay thích món Hàn Quốc.']",[],"Thứ ba, 15/1/2019, 10:13 (GMT+7)"
https://vncooking.com/cong-thuc/suon-rim-chua-ngot-thuong-thuc-cung-com-trang-75,Món chính,Sườn rim chua ngọt thưởng thức cùng cơm trắng,"Những miếng sườn ram mềm, đậm đà vị mặn ngọt ăn kèm với cơm trắng là đúng tuyệt
Chúc các bạn ngon miệng với món ăn này!",,30phút,3,,2,"['Sườn non 500 gram', 'Tỏi 1 củ']","['Bước 1: - Sườn rửa sạch, chặt khúc, ướp cùng với 1 muỗng hạt nêm, đường 10 phút trước khi chế biến', 'Bước 2: - Chuẩn bị chảo cho ít dầu vào, hi dầu nóng cho tỏi băm vào phi - Khi tỏi thơm thì cho phần sườn vào, xào đều. - Bạn cho thêm ít nước pha nước mắm vào, nấu đên khi nước rút hết.', 'Bước 3: Bạn đảo liên tục và đun với lửa riu riu cho thịt thấm vị nhất. Khi thấy thịt săn lại có mùi thơm thì tắt bếp Chuẩn bị ăn được rồi']",[],"Thứ ba, 15/1/2019, 09:53 (GMT+7)"
https://vncooking.com/cong-thuc/suon-xao-chua-ngot-cong-thuc-tu-dau-bep-5-sao-74,Món chính,Sườn xào chua ngọt công thức từ đầu bếp 5 sao,"Để làm được món sườn xào chua ngọt ngon đúng điệu, cần chọn được phần sườn thăn ngon, dẻ sườn nhiều sụn, hồng hào, nhiều thịt, ít mỡ.",,30phút,3,,5,"['Sườn non heo 400 gram', 'Cà chua 2 quả', 'Hành tím 2 củ', 'Tỏi 1 củ', 'Giấm gạo 2 muỗng']","['Bước 1: - Sườn mua về rửa sạch. - Chặt thành từng khúc vừa ăn. - Ướp sườn với 1 muỗng đường và 1/2 muỗng muối trong 10 phút.', 'Bước 2: - Xong đem rán phần sườn cho chín vàng, khi thấy sườn săn lại thì được. - Tỏi băm nhỏ - Hành tím băm nhỏ', 'Bước 3: - Chuẩn bị 1 cái bát cho 4 muỗng đường, 2 muỗng muối, 1 muỗng giấm và ít nước, khuấy đều hỗn hợp (nếu bạn thích cay có thể cho thêm ớt xay) - Cho chảo lên bếp, khi dầu nóng cho hành tỏi vào phi, rồi cho cà chua xào nát. - Cho sườn và nước sốt vào, lửa nhỏ', 'Bước 4: Món ăn đã hoàn thành Dọn lên mâm cơm và thưởng thức thành quả của chính mình đi']",[],"Thứ ba, 15/1/2019, 09:43 (GMT+7)"
https://vncooking.com/cong-thuc/ghe-luoc-bia-cach-cu-nhung-vi-la-73,Món chính,Ghẹ luộc bia cách cũ nhưng vị lạ,"Cách luộc ghẹ, công thức luộc ghẹ thường khá đơn giản. Chỉ cần bạn chuẩn bị đầy đủ nguyên liệu cần thiết, cẩn trọng trong từng công đoạn thực hiện là bạn đã có được món nhậu yêu thích rồi.",,45phút,3,,4,"['Ghẹ sống 4 con', 'Sả 3 cành', 'Gừng 1 củ', 'Bia 1 lon']","['Bước 1: - Bạn cần phải làm chết Ghẹ trước khi chế biến - Gừng 1/2 cạo vỏ, đập dập, 1/2 thái nhỏ - Sả đập dập', 'Bước 2: - Ghẹ ướp cùng với gừng và sả đã đạp dập khoảng 10 pphuts trong ngăn mát tủ lạnh', 'Bước 3: LUỘC GHẸ - Cho sả vào đáy nồi. - Ghẹ ở giữa và 1 ít gừng và sả ở trên cùng. - Cuối cùng là bia, bạn đổ khắp ghẹ - Tiến hành luộc', 'Bước 4: Luộc khoảng 4 phút là ghẹ sẽ chín. Khi thấy ghẹ chuyển sang màu đỏ gạch là chín rồi. Cho ghẹ ra dĩa và thưởng thức thôi']",[],"Thứ ba, 15/1/2019, 09:22 (GMT+7)"
https://vncooking.com/cong-thuc/so-huyet-xao-me-chua-ngot-72,Món chính,Sò huyết xào me chua ngọt,"Món sò huyết này ăn nóng là ngon nhất.
Những con sò được xào qua một lớp me tạo vị chua chua ngọt ngọt không thể không làm lung lây đi cái bụng đói giữa đêm khuya tại nhà được",,30phút,3,,6,"['Sò huyết 400 gram', 'Me hột 2 muỗng', 'Đường thốt nốt 1 muỗng', 'Tỏi băm 2 muỗng', 'Sa tế 1 muỗng', 'Rau răm 50 gram']","['Bước 1: - Sò huyết rửa sạch nhiều lần với nước sạch. - Hòa me hột với nước và đường thốt nốt (có thể thêm đường lúc sau nếu nếm thấy chưa đủ ngọt), bỏ hạt', 'Bước 2: - Làm nóng dầu ăn trong chảo, cho ớt và tỏi vào phi thơm rồi cho sò vào, đảo đều. - Rưới hỗn hợp nước me vào. - Liên tục đảo sò khoảng vài phút đến khi nước me sệt lại. - Thử dùng đũa mở nắp sò thấy dễ dàng là sò đã chín.', 'Bước 3: - Nêm lại lần cuối - Món này ăn kèm với rau răm nếu bạn thích có thể chấm cùng muối tiêu chanh nữa vẫn ngon miệng']",[],"Thứ ba, 15/1/2019, 09:14 (GMT+7)"
https://vncooking.com/cong-thuc/muc-chien-nuoc-mam-gion-tan-71,Món chính,Mực chiên nước mắm giòn tan,Với những chú mực tươi vàng ngon hấp dẫn được ngấm đều nước mắm cùng với các gia vị đậm đà sẽ kích thích được vị giác của mỗi người trong bữa cơm của gia đình. Chúc các bạn sẽ chế biến món mực chiên nước mắm thật thơm ngon và có những bữa ăn mới lạ thú vị dành cho gia đình của mình,,45phút,3,,3,"['Mực trứng 300 gram', 'Tỏi 1 củ', 'Gừng 1 củ']","['Bước 1: - Làm sạch mực bằng nước muối loãng. - Tỏi băm nhuyễn - Gừng gạo vỏ, đập dập', 'Bước 2: - Cho 1 muỗng đường, 2 muỗng nước mắm vào 1 cái bát rồi cho mực vào khoảng 15 phút cho mực thấm vị. - Cho mực lên chiên (nên chiên ngập dầu). Khi mực chín vàng đều thi vớt ra.', 'Bước 3: - Cho lượng dầu trong chảo ra bớt, cho tỏi băm vào phi, đến khi tỏi thơm thì cho gừng vào đảo. - Cho ít nước mắm đã trộn mực vào đun khoảng 3 phút thì cho mực vào đảo liên tục. Khi thấy mực đã vàng đều thì tắt bếp.', 'Bước 4: Món này rất đơn giản nhưng phải biết cách chế biến thì thịt mực mới giòn thấm vị được.']",[],"Thứ ba, 15/1/2019, 09:03 (GMT+7)"
https://vncooking.com/cong-thuc/lau-cua-dong-tai-nha-don-gian-nhat-70,Món chính,Lẩu cua đồng tại nhà đơn giản nhất,"Một nồi lẩu cua biển với màu đỏ của nước dùng, cùng với màu gạch của mai cua cùng hương vị thơm nồng quyến. Trong thời tiết se lạnh thì ngồi quanh quần bên gia đình cùng thưởng thức món lẩu cua biển quả là điều tuyệt vời.",,75phút,4,,9,"['Cua 1 kg', 'Tôm khô 100 gram', 'Mực khô 100 gram', 'Đậu phụ 4 miếng', 'Nấm rơm 100 gram', 'Nấm kim châm 100 gram', 'Xương heo 1 kg', 'Cà chua 4 trái', 'Bắp mỹ 1 quả']","['Bước 1: - Ngâm cua trong nước cho sạch trước khi chế biến - Chặt cua thành 4 phần - Tách phần gạch cua vào 1 cái chén - Thịt cua rửa lại 1 lần nữa', 'Bước 2: - Xương heo rửa với nước muối. - Nấu cùng nước, khi sôi, tắt bếp, bỏ phần nước đo. Luộc lại làm nước dùng khoảng 2 tiếng - Xong bạn vớt xương ra tô, tiếp tục nấu nước dùng cùng hạt nêm, muối, nước mắm, đường', 'Bước 3: - Tôm khô và mực cho vào nước ấm ngâm khoảng 15 phút. - Vớt ra mực xé miếng nhỏ - Nấm rơm cạo sạch - Nấm kim chi bỏ gốc, ngâm trong nước khoảng 10 phút - Hành tây lột vỏ - Cà chua thái khúc - Bắp thái thành 4-5 khúc', 'Bước 4: - Ta ướp thêm 1 muỗng tỏi băm, muối, đường, tiêu vào cua cho thấm vị khoảng 30 phút. - Cho chảo lên bếp, khi dầu nóng cho tỏi băm vào phi, sau đó cho phần gạch cua xào sơ, tiếp là mực khô, tôm khô xào khi chín thì đổ vào nồi nước dùng.', 'Bước 5: - Ta cho các loại nấm vào khoảng 5 phút thì cho cà chua, bắp, hành tây vào nấu, nêm lại ít gia vị. Nếu bạn ưa cay thì cho thêm sa tế vào nồi lẩu. - Xong rồi, món này rất tuyệt cho những ngày se lạnh']",[],"Thứ ba, 15/1/2019, 08:38 (GMT+7)"
https://vncooking.com/cong-thuc/so-huyet-xao-toi-thom-ngon-69,Nhanh và dễ,Sò huyết xào tỏi thơm ngon,"Món này đơn giản nhưng quan trọng là phải chọn sò huyết tươi.  Vì vậy, các bạn nên chọn sò to vừa phải, to đều con, kín miệng, cầm nặng tay nhé!",,30phút,3,,3,"['Sò huyết 1 kg', 'Tỏi 3 củ', 'Rau răm 50 gram']","['Bước 1: - Tỏi băm nhuyễn - Cho chảo lên bếp, khi dầu nóng cho tỏi vào phi đến khi thơm thì cho sò vào, đảo đều tay. Bạn nên nêm cùng ít hạt nêm, muối, đường và tiêu cho vừa miệng', 'Bước 2: - Khoảng 5 phút thì thấy sò hơi mở miệng là được. - Món này chấm cùng muối tiêu chanh là món nhất, ăn kèm với ít rau răm sẽ tuyệt vời cho buổi tối cuối tuần.']",[],"Thứ ba, 15/1/2019, 08:31 (GMT+7)"
https://vncooking.com/cong-thuc/tom-hap-kieu-thai-68,Món chính,Tôm hấp kiểu Thái,"Món Tôm hấp kiểu Thái này sẽ làm hài lòng tất cả thành viên trong gia đình bạn, cùng vào bếp nào.",,45phút,3,,6,"['Tôm tươi 10 con', 'Miến 1 gói', 'Sả 1 cành', 'Tỏi 1 củ', 'Dầu hào 2 muỗng', 'Rau mùi 1 nhánh']","['Bước 1: - Cho tỏi, hạt tiêu và rau mùi vào cối giã nhuyễn hỗn hợp - Cho hỗn hợp ra chén, trộn cùng 2 muỗng dầu hào, ít đường, tiêu, muối, xì dầu trộn đều thành sốt', 'Bước 2: - Sả thái nhỏ - Cho nồi lên bếp, cho ít dầu vào nồi, sả thái nhỏ cho 1/2 vào nồi - Miến ngâm nước cho mềm, sau đó cho 1/2 miến lên trên sả rồi tôm và 1 lớp nước sốt lên bề mặt', 'Bước 3: - Tiếp tục làm như thế lần lượt sả, miến, tôm, nước sốt - Đậy nắp, hấp trong 20 phút (có thể thêm một chút nước nếu bị khô) - Khi hấp được 20 phút thì cho 1 thìa rượu và rau mùi thái nhỏ lên trên, đậy vung nồi đun tiếp trong 1 phút', 'Bước 4: Mở nắp xem Tôm đã chín chưa Khi tôm chín thì tắt bếp bày ra dĩa Xong rồi, món tôm hấp thái đã xong']",[],"Thứ ba, 15/1/2019, 08:17 (GMT+7)"
https://vncooking.com/cong-thuc/muc-ong-hap-cung-hanh-gung-67,Món chính,Mực ống hấp cùng hành gừng,"Mực ống này sẽ là món ăn ngon khi chế biến bằng cách hấp cùng với hành gừng tạo được vị thơm lan tỏa khắp nơi.
Bạn sẽ tận hưởng được độ ngọt của thịt mực cùng mùi thơm của gừng hòa vào nhau.",,45phút,4,,6,"['Mực ống 500 gram', 'Gừng 1 củ', 'Hành lá 100 gram', 'Ớt sừng đỏ 5 trái', 'Tỏi 1 củ', 'Chanh 1 quả']","['Bước 1: - Bạn nên rửa sạch mực với nược pha ít rượu trắng cho mực bớt mùi tanh đi. - Thái mực thành những khoanh tròn (hoặc để nguyên con phải khứa thân) - Ướp mực với 1 muỗng hạt nêm, nước mắm, 1/2 muỗng bột ngọt khoảng 25 phút cho mực thấm vị', 'Bước 2: Các nguyên liệu rửa sạch; - Gừng gọt vỏ, chia làm 3 phần, 2/3 thái chỉ, 1/3 để nguyên - Hành lá thái khúc - Ớt sừng 3 trái chẻ đôi, bỏ hạt, thái sợi, 2 trái để nguyên - Chanh vắt lấy nước', 'Bước 3: - Khi mực đã ngấm gia vị, trộn chung mực với gừng, ớt thái sợi, hành lá. - Cho vào xửng hấp cách thủy khoảng 10 phút tới khi mực chín (không nên hấp quá lâu sẽ mất đi độ giòn của mực) - Bày mực ra dĩa cho đẹp thôi', 'Bước 4: NƯỚC CHẤM: - 3 trái ớt sừng cùng ít gừng với 2 muỗng đường vào cối, băm nhuyễn. - Cho ra bát hòa cùng 2 muỗng nước cốt chanh, 4 muỗng nước mắm khuấy đều Bây giờ, ăn được rồi đó.']",[],"Thứ ba, 15/1/2019, 07:56 (GMT+7)"
https://vncooking.com/cong-thuc/cua-xao-ca-ri-bi-quyet-tu-nha-hang-66,Món chính,Cua xào cà ri bí quyết từ nhà hàng,Cua xào này rất đơn giản nếu biết cách nấu đúng cách thì thịt cua sẽ ngon nhất.,,45phút,3,,8,"['Cua biển 3 con', 'Nước sa tế 200 ml', 'Trứng vịt 5 quả', 'Bột cari Thái Waugh’s 3 muỗng', 'Dầu hào 2 muỗng', 'Sữa tươi (không đường) 1 bịch', 'Cần tây 1 cành', 'Hành lá 1 cành']","['Bước 1: - Cua rửa rồi đem đi hấp chín - Ớt sừng thái lát - Hành lá và cần tây thái khúc', 'Bước 2: - Chuẩn bị 1 bát, đập trứng vào cho cùng 1 bịch sữa, bột cà ri, sate, dầu hào, hạt nêm, ít đường trắng, muối. - Dùng dụng cụ đánh trứng đánh hỗn hợp cho tan ra', 'Bước 3: - Chuẩn bị 1 cái chảo chiên sơ cua qua, sau đó vớt ra - Cho vào một ít dầu ăn, bột ớt, hành, cần cho thơm. cho hỗn hợp gia vị vào, sau đó đến cua. - Để lửa lớn, nấu cho đến khi hỗn hợp hơi sệt lại là được.', 'Bước 4: - Xếp cua ra đĩa, chan hỗn hợp cà ri lên trên. Ăn thôi, đây là món ăn hải sản yêu thích của cả nhà, chúc các bạn thành công']",[],"Thứ ba, 15/1/2019, 07:40 (GMT+7)"
https://vncooking.com/cong-thuc/sup-cua-thap-cam-bo-duong-65,Món khai vị,Súp cua thập cẩm bổ dưỡng,"Món súp cua bổ dưỡng cho cả nhà thân yêu vapf dịp cuối tuần cũng là idea tốt đấy.
Bạn hãy cùng VN Cooking vào bếp với món súp cua thập cẩm này nghe.",,60phút,3,,7,"['Cua 1 con', 'Trứng gà 2 quả', 'Đậu hà lan 50 gram', 'Bắp mỹ 80 gram', 'Bột năng 2 muỗng', 'Hành lá 1 cành', 'Xương heo 1 kg']","['Bước 1: Xương ống luộc qua với nước sôi rửa sạch cho hết bẩn. Nấu xương trong vòng 1 giờ để làm nước dùng súp ngọt. Cua rửa sạch, luộc chín. Sau đó, gỡ lấy thịt cua.', 'Bước 2: - Bắc 1 cái chảo lên bếp, chảo nóng cho 1 ít dầu ăn rồi xào sơ thịt cua cho thơm.', 'Bước 3: - Rửa bắp, đậu hà lan, hành lá. - Đánh tan lòng trắng trứng - Hòa cùng bột năng với một ít nước vừa đủ.', 'Bước 4: - Cho hạt bắp và đậu Hà Lan vào nấu nước dùng - Khi hạt bắp và đậu nhừ thì cho cua vào, nêm lại với hạt nêm, muối, đường, nước mắm cho vừa ăn', 'Bước 5: - Tiếp theo từ từ đổ lòng trắng trứng vào khấy theo 1 chiều để tạo vân cho đẹp. - Cuối cùng thì cho bột năng vào, chú ý là đổ từ từ, đến khi thấy nồi súp sánh lại thì dừng lại (không nên đổ ngay cùng 1 lúc sẽ dễ bị đặc) - Nấu đến khi nồi súp chuyển màu trong thì múc ra chén, rắc rau mùi, thêm tiêu bột, ớt tùy ý lên và thưởng thức.']",[],"Thứ ba, 15/1/2019, 07:24 (GMT+7)"
https://vncooking.com/cong-thuc/trung-cut-chien-sot-chua-re-tai-nha-64,Món chính,Trứng cút chiên sốt chua rẻ tại nhà,"Những ngày túi tiền hạn hẹp nhưng vẫn muốn cho gia đình có những hương vị cơm ngon miệng thì món này sẽ là lựa chọn hàng đầu dành cho bạn
Rất rẻ nhưng rất ngon khi xơi cùng cơm trắng",,30phút,4,,4,"['Trứng cút 50 trứng', 'Hành lá 1 cành', 'Tỏi băm 1 muỗng', 'Tương cà 2 muỗng']","['Bước 1: - Trứng cút mua về rửa sơ rồi luộc chín. - Bóc vỏ trứng - Chuẩn bị 1 cái chén cho hỗn hợp gồm hạt nêm, đường, nước mắm, muối, tiêu, tương cà và ít nước, trộn đều hỗn hợp', 'Bước 2: - Cho dầu vào chảo, khi dầu nóng cho trứng cút vào chiên, khi thấy trứng vàng đều thì bớt ra. - Cho tỏi băm vào chảo phi đến khi thơm thì cho phần nước sốt cà vào đảo liên tục. - Khi nước sốt sôi thì cho trứng cút vào đảo tiếp. Nếm lại lần cuối thấy vừa miệng thì tắt bếp']",[],"Thứ hai, 14/1/2019, 16:11 (GMT+7)"
https://vncooking.com/cong-thuc/cut-lon-xao-me-chua-ngot-63,Món chính,Cút lộn xào me chua ngọt,Cút lộn là món cuồng của dân thích ăn vặt. Hôm nay đem cả hàng quán ăn vặt về nhà cùng VN Cooking với món cút lộn xào me.,,30phút,3,,5,"['Cút lộn 50 trứng', 'Me 1 gói', 'Tỏi băm 2 muỗng', 'Bột bắp 3 muỗng', 'Rau răm 50 gram']","['Bước 1: - trứng cút rửa rồi cho vào nồi luộc chín. - Để nguội rồi bóc vỏ - Cho qua một lớp bột bắp', 'Bước 2: - Me cho vào chén nước nóng, băm nhuyễn bỏ hạt - Chảo dầu nóng cho tỏi vào phi cùng ít đường, hạt nêm, tiêu vào phi đến khi tỏi thơm thì cho nước me vào, đảo liên tục cho hỗn hợp đều', 'Bước 3: Khi thấy me sôi thì cho cút lộn vào cùng ít rau răm. Đảo thêm vài vòng cho cút nóng rồi tắt bếp. Bày ra dĩa, cho ít đậu phộng lên và thưởng thức']",[],"Thứ hai, 14/1/2019, 15:54 (GMT+7)"
https://vncooking.com/cong-thuc/ca-dieu-hong-chien-toi-gion-thom-62,Món chính,Cá điêu hồng chiên tỏi giòn thơm,"Cá điêu hồng được chiên khi ướp tỏi và muối sẽ tạo nên vị mặn, thơm của tỏi phi ăn kèm nước chắm chua cay sẽ tuyệt vời cho món cơm tối nay của cả nhà",,30phút,4,,3,"['Cá điêu hồng 1 con', 'Ớt 1 trái', 'Tỏi 1 củ']","['Bước 1: - Cá điêu hồng mua về làm sạch - Dùng dao khứa vài đường xéo lên thân cá - Cho hỗn hợp gồm 1 muỗng muối, hạt nêm thoa đều lên thân cá cho cá thấm vị khoảng 15 phút trước khi chiên.', 'Bước 2: Băm tỏi và ớt chung với nhau Chuẩn bị chảo dầu, khi dầu nóng cho hỗn hợp tỏi ớt vào, khi có mùi thơm thì cho cá vào chiên Đảo đều hai mặt cá tránh cá cháy.', 'Bước 3: Khi thấy cá đã vàng đều thì tắt bếp, cho ra dĩa Cá bạn ăn chung với nước mắm làm chua ngọt rất ngon.']",[],"Thứ hai, 14/1/2019, 15:44 (GMT+7)"
https://vncooking.com/cong-thuc/mi-quang-ga-xu-quang-61,Món chính,Mì Quảng gà xứ Quảng,"Ẩm thực miền Trung hôm nay sẽ đến với gian bếp nhà bạn với món Mì Quảng gà.
Món này quan trọng là phần nước dùng, chỉ cần chúng ta chế biến theo công thức sẽ tạo ra 1 bát mì ngon như nhà hàng tại ngôi nhà thân yêu của mình.",,60phút,4,,10,"['Thịt gà 300 gram', 'Mì Quảng 600 gram', 'Trứng gà 1 quả', 'Bánh đa 2 miếng', 'Bột nghệ 1 muỗng', 'Bột ớt 1 muỗng', 'Tỏi băm 1 muỗng', 'Đậu phộng 50 gram', 'Hành tím băm 1 muỗng', 'Hành tây 1 củ']","['Bước 1: Thịt gà rửa sạch, chặt thành những khúc nhỏ vừa ăn rồi ướp với 1 muỗng hành tím băm, 1 muỗng tỏi băm, 2 muỗng nước mắm, 1/2 muỗng bột nghệ, 1 muỗng hạt nêm, ít bột ớt, tiêu, đường và dầu hào khoảng 25 phút trước khi thực hiện.', 'Bước 2: - Hành tây rửa sạch, bóc vỏ, thái múi. - Đậu phộng bóc vỏ. - Hành lá rửa thái nhỏ', 'Bước 4: - Trứng gà luộc chín, bóc vỏ. - Chuẩn bị chảo ít dầu, khi dầu nóng cho tỏi băm vào phi, khi tỏi thơm cho thịt gà vào xào khoảng 5 phút. Đổ thêm 4 chén nước vào nêm lại với 1/2 muỗng bột nghê, 1 muỗng hạt nêm, 1 muỗng muối, 1/2 tiêu, ít đường, 2 muỗng nước mắm. Đun thêm 20 phút nữa', 'Bước 5: Cho mì Quảng ra tô và cho ít nước gà vào. Ăn kèm với bánh đa sẽ làm món mì Quảng thêm tuyệt hơn. Chúc bạn thành công']",[],"Chủ nhật, 13/1/2019, 15:04 (GMT+7)"
https://vncooking.com/cong-thuc/thit-ga-chien-gion-tren-tung-mieng-thit-60,Món chính,Thịt gà chiên giòn trên từng miếng thịt,"Thịt gà là món ăn được yêu thích tại Việt Nam, chế biến món thịt gà bằng công thức mà VN Cooking cung cấp cho bạn sẽ đảm bảo được vị ngon nhất để bạn có thể chiêu đãi bạn bè, gia đình bữa ăn tuyệt hảo nhất.",,45phút,4,,6,"['Ức gà 300 gram', 'Bột chiên giòn 50 gram', 'Bột chiên xù 50 gram', 'Trứng gà 2 quả', 'Gừng 1 củ', 'Rượu vang 1 muỗng']","['Bước 1: - Thịt gà  mua về rửa sạch, loại bỏ phần da và mỡ. - Thái thành những miếng dài. - Cho 1 muỗng nước tương, 1 muỗng rượu vang, 1 muỗng muối, 1/2 muỗng tiêu và gừng thái sợi vào gà, trộn đều và ướp khoảng 25 phút', 'Bước 2: - Trứng gà đập bỏ vào 1 cái chén, đánh tan lòng đỏ. - Cho phần gà qua lần lượt lớp bột chiên, trứng gà, bột xù', 'Bước 3: - Đun nóng chảo dầu, cho từng miếng gà vào chiên đến khi thấy gà đã vàng đều đẹp là được Món này ăn chơi cũng ngon, ăn chung với con trắng hoặc mì khô đều được.']",[],"Chủ nhật, 13/1/2019, 14:52 (GMT+7)"
https://vncooking.com/cong-thuc/hu-tieu-nam-vang-truyen-thong-59,Món chính,Hủ tiếu nam vang truyền thống,"Hủ tiếu tùy theo vùng miền, khẩu vị mà có rất nhiều công thức khác nhau. Vậy công thức nào mới là công thức hủ tiếu nam vang chính gốc. VN Cooking sẽ giải đáp thắc mắc của bạn qua các bước thực hiện món hủ tiếu nam vang dưới đây",,75phút,4,,11,"['Hủ tiếu 500 gram', 'Tôm tươi 200 gram', 'Trứng cút 10 trứng', 'Xương heo 500 gram', 'Gan heo 150 gram', 'Hành tây 1 củ', 'Thịt heo bằm 100 gram', 'Tỏi 1 củ', 'Cà rốt 1 củ', 'Hẹ 50 gram', 'Cần tây 100 gram']","['Bước 1: Nguyên liệu mua về rửa sạch - Cần tây bóc vỏ - Cầ rốt gọt vỏ, thái miếng - Tỏi băm nhuyễn - Hẹ thái khúc', 'Bước 2: Thịt mua về rửa sạch với nước muối - Xương ống luộc cùng với 1.2 lít nước - Cho cà rốt, hành tây vào nồi', 'Bước 3: - Tôm luộc chín - Trứng cút luộc chín bóc vỏ - Gan heo luộc chín rồi thái miếng mỏng', 'Bước 4: Làm nóng dầu ăn, cho tỏi vào phi thơm. Cho 1/2 tỏi phi ra chén, để riêng. - Chuẩn vị 1 cái chảo cho ít dầu vào. Khi dầu nóng cho tỏi băm vào phi đến khi có mùi thơm, lấy 1/2 tỏi phi ra chén để riêng. - Phần thịt beo băm cho vào chảo, đảo sơ cùng với tỏi đến khi thấy thịt săn lại thì tắt bếp, cho thịt vào nồi nước dùng. Bạn cần nêm nồi nước với nước mắm, đường, hạt nêm, muối', 'Bước 5: - Khi nồi nước dùng đã đậm đà. - Bạn cho ít hủ tiếu vào tô, rao để ở dưới, chan nước dùng lên trụng 1 - 2 lần cho hủ tiếu mềm. Cho gan heo, tôm, trứng cút, hẹ lên trên. Thêm ít tỏi phi cho thơm. Hủ tiếu nam vang bạn có thể ăn kèm với các loại rau hoặc giá đỗ đều rất ngon.']",[],"Chủ nhật, 13/1/2019, 11:04 (GMT+7)"
https://vncooking.com/cong-thuc/khoai-mo-chien-gion-dai-tai-nha-58,Món tráng miệng,Khoai mỡ chiên giòn dai tại nhà,"Khoai mỡ với màu tím đặc trưng thường được người dân Việt Nam dùng chế biến món canh truyền thống. Hôm nay, VN Cooking sẽ biến tấu nguyên liệu đơn giản này thành một món ăn vặt rất ngon miệng và đảm bảo sẽ làm bạn yêu thích nó ngay từ lần đầu tiên ăn.",,45phút,4,,5,"['Khoai mỡ 400 gram', 'Bột năng 150 gram', 'Bột nếp 100 gram', 'Sữa đặc 4 muỗng', 'Sữa tươi (không đường) 1 bịch']","['Bước 1: - Khoai mỡ mua về gọt vỏ, rửa sạch sau đó thái nhỏ. - Luộc khoai hoặc hấp trong vòng 20 phút cho khoai chín. - Khi khoai chín thì bạn dùng muỗng hoặc dụng cụ làm nhuyễn khoai ra', 'Bước 2: - Khi khoai đã nhuyễn bạn cho 150g bột năng và 100g bột nếp, 3 muỗng đường, 1/2 bịch sữa tươi, 4 muỗng sữa đặc cùng khuấy đều hỗn hợp lại đến khi bột mịn là được. - Bạn lấy màng bọc thức ăn ủ trong vòng 30 phút cho bột nở', 'Bước 3: - Khi ủ được 30 phút thì bạn lấy bột, chia thành từng phần nặn hình thù theo ý của mình. - Chảo dầu khi nóng thì cho lần lượt khoai vào, đảo liên tục tránh khoai cháy. - Khoai vàng đều rồi bạn vớt ra. Xong rồi đó, giờ bạn có thể nhâm nhi cùng gia đình, bạn bè bên phần khoai mỡ chiên giòn dai ngon lành']",[],"Chủ nhật, 13/1/2019, 10:43 (GMT+7)"
https://vncooking.com/cong-thuc/goi-cuon-tom-thit-u-nu-57,Món khai vị,Gỏi cuốn tôm thịt ú nu,"Gỏi cuốn là món ăn đơn giản nhưng được yêu thích qua nhiều giai đoạn.
Gỏi cuốn tôm thịt sẽ mang đến vị ngon lạ miệng, không ngán khi ăn cho cả nhà.",,30phút,4,,9,"['Bánh tráng 3 gói', 'Thịt nạt 300 gram', 'Tôm tươi 300 gram', 'Cải xà lách 200 gram', 'Bún tươi 200 gram', 'Hẹ 50 gram', 'Tương hạt 100 gram', 'Đậu phộng nhuyễn 50 gram', 'Bơ đậu phộng 50 gram']","['Bước 1: - Tôm mua về bạn rửa sạch rồi luộc chín, bóc vỏ đi, vỏ phần chỉ tôm. - Thịt nạt cũng rửa rồi luộc chín thái miếng mỏng.', 'Bước 2: Rau bạn mua về rửa sạch. - Salad tách lá - Hẹ thái cọng dài', 'Bước 3: Trải bánh tráng ra mặt phẳng, vẫy ít nước tạo độ ẩm dễ cuốn (tùy theo loại bánh tráng mà lấy lượng nước phù hợp). Lần lượt cho salad, bún, thịt, tôm, hẹ rồi cuốn lại đều đẹp.', 'Bước 4: NƯỚC CHẤM Trộn 1 muỗng tương đen cùng 3 muỗng nước lạnh, ít đường, 1 muỗng bơ đậu phộng, 2 muỗng tương hạt rồi đun nóng hỗn hợp khoảng 2 phút thì tắt bếp cho đạu phộng nhuyễn lên bề mặt', 'Bước 5: Món gỏi rất dễ làm, quan trọng là phần nước chấm phải hợp khẩu vị thì ăn mới ngon.']",[],"Thứ bảy, 12/1/2019, 16:16 (GMT+7)"
https://vncooking.com/cong-thuc/ga-xao-sa-ot-cay-nong-56,Món chính,Gà xào sả ớt cay nồng,"Món gà luôn được người dân Việt Nam ưa chuộng, chế biến món gà thay đổi mỗi ngày để khẩu vị gia đình thêm phong phú thì món gà xào sả ớt này sẽ giải quyết vấn đề của bạn.
Món này ăn chung với cơm trắng nóng rất ngon",,45phút,3,,5,"['Thịt gà 700 gram', 'Sả 2 nhánh', 'Ớt 3 trái', 'Tỏi 1 củ', 'Gừng 1 củ']","['Bước 1: - Sả bóc đi lớp vỏ khô bên ngoài - Băm nhuyễn sả, ớt và tỏi chung với nhau. - Gà rửa sạch, chặt thành những khúc vừa ăn. Bạn nên ướp gà chung với ít tỏi băm, tiêu, nước mắm và đường khoảng 20 phút trước khi chế biến cho gà thấm vị', 'Bước 2: Cho ít dầu vào chảo. Khi dầu nóng cho tỏi băm vào phi đến khi tỏi thơm thì cho gà vào xào đều khi thấy gà săn lại thì cho tiếp hỗn hợp băm nhuyễn khi này vào cùng với gà. Nêm ít bột cà ri cho món gà thêm thơm.', 'Bước 3: Khi thấy gà đã chín vàng đều mềm thì tắt bếp. Món này ăn kèm với cơm trắng là ngon nhất.']",[],"Thứ bảy, 12/1/2019, 14:58 (GMT+7)"
https://vncooking.com/cong-thuc/dau-hu-chien-sa-cay-55,Món chay,Đậu hũ chiên sả cay,"Đậu phụ chiên sẽ rất tuyệt vời cho những ngày ăn chay.
Cùng ra chợ chỉ cần vài miếng đậu hũ là bạn có thể chế biến 1 món ăn chính cho cả nhà.",,30phút,4,,3,"['Đậu hũ 6 miếng', 'Sả 1 nhánh', 'Ớt 2 trái']","['Bước 1: .- Bạn thái đậu hũ thành những miếng vuông bằng nhau - Sả băm chung với ớt - Chảo dầu khi nóng bạn cho đậu hũ vào chiên (lửa nhỏ thôi nha), đến khi đậu hũ vàng đẹp thì được rồi, tắt bếp.', 'Bước 2: - Vẫn cái chảo đó, bạn phi sả cho thơm sau đó cho ớt vào, xào liên tục với lửa nhỏ. Cho ít nước tương và đường vào đảo, khi thấy sả ớt săn lại thì cho đậu hũ vào đảo cho phần sả ớt bao phủ đậu hũ rồi tắt bếp. Món ày nếu bạn nêm lạt có thể ăn kèm với nước tương làm vẫn ngon nha']",[],"Thứ bảy, 12/1/2019, 14:01 (GMT+7)"
https://vncooking.com/cong-thuc/com-chien-duong-chau-chay-van-ngon-mieng-53,Món chay,Cơm chiên dương châu chay vẫn ngon miệng,"Những món ăn chay vẫn ngon tuyệt nếu được chế biến một cách chỉnh chu đấy.
Hôm nay, VN Cooking xin giới thiệu món ""Cơm chiên dương châu chay"" món này cách làm tương tự như cơm chiên mặn nhưng sẽ thay thành các nguyên liệu thiên nhiên.
Cùng vào bếp nào.",,45phút,4,,6,"['Cơm 6 chén', 'Cà rốt 2 củ', 'Đậu hà lan 50 gram', 'Nấm đông cô 100 gram', 'Bắp hạt 100 gram', 'Hành lá 2 nhánh']","['Bước 1: Nguyên liệu mua về rửa sạch: - Cà rốt gọt vỏ thái hạt - Nấm đông cô, ngâm nước sạch sau đó thái hạt - Ngô rửa lại 1 lần với nước Các nguyên liệu bạn nên luộc sơ cho mềm trước khi làm món cơm chiên', 'Bước 2: Chuẩn bị 1 chảo ít dầu, khi dầu nóng bạn cho cà rốt, nấm và bắp vào xào đều tay. Cho cơm vào (hạn chế cơm cục) đảo đều đến khi thấy hạt cơm săn lại. Bạn nêm ít gia vị chay vào cơm. Khi thấy vừa ăn rồi tắt bếp Món cơm này rất đơn giản nên hãy thường xuyên thực hiện nha']",[],"Thứ bảy, 12/1/2019, 13:51 (GMT+7)"
https://vncooking.com/cong-thuc/canh-chua-dau-hu-chay-thanh-tinh-52,Món chay,Canh chua đậu hũ chay thanh tịnh,"Những ngày rằm hay những ngày cả nhà muốn thay đổi khẩu vị ăn thanh tịnh hơn thì 1 bát canh chua đậu hũ chay thơm ngon này sẽ làm mát lòng các thành viên trong gia đình.
Hãy cũng VN Cooking tập tập thử món ăn thú vị này.",,30phút,4,,8,"['Đậu hũ 3 miếng', 'Cà chua 2 trái', 'Trái thơm 1 miếng', 'Đậu bắp 100 gram', 'Bạc hà 2 nhánh', 'Nước cốt me 1 gói', 'Hành lá 1 cành', 'Ngò gai 2 nhánh']","['Bước 1: - Bạc hà rửa thái khúc - Thơm gọt vỏ, thái miếng nhỏ - Cà chua rửa sạch thái khúc dọc - Đậu bắp rửa thái khúc xéo - Hành lá rửa thái khúc - Ngò gai rửa thái khúc - Đậu hũ thái khúc', 'Bước 2: - Chuẩn bị nồi nấu, cho ít dầu vào khi dầu nóng cho cà chua vào xào, đảo đều tay. Được 3 phút thì cho thơm và đậu bắp vào xào cùng. - Nêm ít hạt nêm và đường', 'Bước 3: Cho khoảng 5 chén nước vào nồi cà chua, nấu đến khi nước sôi thì cho phần nước cốt me vào và tiếp tục nấu', 'Bước 4: Bạc hà và đậu hũ cho vào sau cùng, nấu thêm 10 phút nữa thì nêm lại. Vừa miệng rồi tắt bếp, cho hành lá và ngò gai lên trên nồi. Xong rồi, múc ra tô thưởng thức']",[],"Thứ bảy, 12/1/2019, 13:37 (GMT+7)"
https://vncooking.com/cong-thuc/mi-y-thit-bam-xuc-xich-sot-ca-chua-51,Món chính,Mì ý thịt bằm xúc xích sốt cà chua,"Hôm nay, chúng ta thực hiện món mang phong cách châu Âu nhưng đã được Việt hóa một tý. Món mì ý thịt bằm, xúc xích sốt cà chua.",,45phút,2,,6,"['Mì Ý 1 gói', 'Xúc xích 2 cây', 'Thịt heo bằm 200 gram', 'Sốt cà chua 1 gói', 'Cà chua 3 trái', 'Tỏi băm 1 muỗng']","['Bước 1: Chuẩn bị 1 nồi nước sôi. Cho mì ý vào luộc, khi thấy mì dã mềm hết thì vớt ra để ráo nước. Bạn nên cho qua 1 lớp nước lạnh để mì không bị dính', 'Bước 2: - Xúc xích thái miếng tròn nhỏ - Cà chua rửa sau đó thái khúc dọc - Chuẩn bị 1 chảo với 2 muỗng dầu, cho tỏi băm vào phi đến khi có mùi thơm của tỏi thì cho cà chua vào đảo đều tạo sốt', 'Bước 3: Sau đó, cho thịt băm vào, vẫn đảo liên tục khoảng 2 phút thì cho sốt cà chua vào khuấy đều cho hỗn hợp hòa vào nhau khoảng 5 phút. Tiếp tục, bạn cho xúc xích vào, đảo đều. Bạn nên nêm 1/2 muỗng hạt nêm cho vừa ăn.', 'Bước 4: Lấy mì ý ra dĩa, phần sốt bạn chan lên bề mặt mì Đây là món ăn đơn giản nhưng đậm đà cho bữa sáng hoặc những buổi tối lãng mạn']",[],"Thứ năm, 10/1/2019, 17:16 (GMT+7)"
https://vncooking.com/cong-thuc/canh-rong-bien-chuan-xu-han-50,Món chính,Canh rong biển chuẩn xứ Hàn,"Canh rong biển là món ăn rất nổi tiếng tại Hàn Quốc. Đặc biệt là những dịp sinh nhật. Ở Hàn, người ta  quan niệm sinh nhật phải ăn canh rong biển nhằm thể hiện sự biết ơn, lòng kính trọng cha mẹ của người dân xứ Kim Chi.",,45phút,4,,4,"['Rong biển 400 gram', 'Dầu mè 1 muỗng', 'Thịt bò 200 gram', 'Tỏi băm 1 muỗng']","['Bước 1: Rong biển và thịt bò khi mua về rửa sạch, sau đó thái nhỏ', 'Bước 2: Cho tất cả rong biển vào 1 cái nồi chứa 6 chén nước đun trong vòng khoảng 20 phút là được. Sau đó bạn cho thịt bò, tỏi băm vào đun với lửa trung bình. Bạn nêm thêm 1 muỗng nước mắm và 1 muỗng dầu mè vào nồi canh nấu thêm 10 phút nữa. Món này ăn rất bổ dưỡng, đơn giản nhưng lượng dinh dưỡng là rất cao']",[],"Thứ năm, 10/1/2019, 17:03 (GMT+7)"
https://vncooking.com/cong-thuc/nem-ran-vi-bac-gion-dai-49,Món khai vị,Nem rán vị Bắc giòn dai,"Hôm nay, VN Cooking sẽ chia sẽ cách làm món Nem rán vị Bắc dành cho các bạn. Món nem rán này là món ăn đường phố rất nổi tiếng tại Thủ đô và các tỉnh lân cận, từ trẻ em đến người lớn đây là món ăn được ưa chuộng và cũng là đặc sản vùng miền. Hôm nay thử làm món đặc sản này tại nhà nhé!",,45phút,5,,8,"['Da heo 100 gram', 'Thịt heo bằm 200 gram', 'Trứng gà 1 quả', 'Giò sống 100 gram', 'Bột chiên giòn 150 gram', 'Bột năng 50 gram', 'Bột chiên xù 150 gram', 'Giấm táo 1 muỗng']","['Bước 1: Thịt bằm cho vào 1 cái tô nêm cùng 1 muỗng hạt nêm, đường, nước mắm và bột năng vào trộn đều cho thịt thấm gia vị. Bạn lấy bọc thức ăn bọc kín lại rồi để vào ngăn đá tủ lạnh khoảng 60 phút trước khi thực hiện. Khi thịt đã được để trong ngăn đá tủ lạnh 60 phút, bạn lấy phần thịt ra xay lại cho thịt day (bạn cũng có thể sử dụng máy đánh trứng) tiếp tục cho vào ngăn đá thêm 60 phút nữa nha.', 'Bước 2: Da heo khi mua về bạn cạo lông và rửa thật sạch với nước pha muối. Đem da heo luộc chín, chờ nguội rồi thái sợi', 'Bước 3: Lấy thịt băm ra xay lại lần 2, sau đó trộn thịt băm, giò và da heo đã thái sợi với nhau. Trộn đều hỗn hợp thịt lại, vo thành từng viên nhỏ tròn hoặc dài tùy theo sở thích.', 'Bước 4: Trứng gà tách vỏ rồi đánh tan trong 1 cái chén. Những viên thịt lần lượt được lăn ra: bột chiên giòn, trứng, bột chiên xù. Sau đó đem chiên (lửa nhỏ). Đến khi thấy nem đã vàng đẹp thì vớt ra.', 'Bước 5: PHA NƯỚC CHẤM Ớt trái thái nhỏ (băm). Cho vào chén 1 ít tương ớt, giấm táo, đường, ớt băm và ít nước khuấy đều hỗn hợp Nem đã rán chín, nước chấm đã xong, chiến thôi. Bạn có thể ăn kèm nem rán với dưa chuột hoặc rau đều ngon cả.']",[],"Thứ năm, 10/1/2019, 11:14 (GMT+7)"
https://vncooking.com/cong-thuc/chao-dau-ha-lan-dinh-duong-cho-be-yeu-48,Nhanh và dễ,Cháo đậu hà lan dinh dưỡng cho bé yêu,"Dành cho bé yêu những bữa ăn mon, lạ miệng nhưng lượng dinh dưỡng luôn được đảm bảo. Hãy luôn theo dõi VN Cooking để bạn có được những công thức cháo ngon nhất dành cho bé yêu của mình.",,45phút,2,,3,"['Gạo tẻ 100 gram', 'Đậu hà lan 100 gram', 'Bột bắp 1 muỗng']","['Bước 1: Gạo vo thật sạch . Đậu rửa sạch Nấu gạo và đậu chung với nước (lượng nước ngập)', 'Bước 2: Nấu cháo với lửa trung bình, nhớ thường khuấy tránh tình trạng cháo dính đáy nồi. Khi thấy cháo đã chín mềm thì cho 1 ít bột bắp vào nồi, khuấy tan hỗn hợp.', 'Bước 3: Khi thấy cháo đã ổn thì tắt bếp, cho cháo ra chén dành cho bé yêu của bạn được rồi. Nguội tý tránh nóng bé nha. Món này có hàm lượng dinh dưỡng rất cao, đặc biệt là khi mùa trở lạnh.']",[],"Thứ ba, 8/1/2019, 20:23 (GMT+7)"
https://vncooking.com/cong-thuc/chuoi-nuong-ben-tre-47,Bánh và bánh ngọt,Chuối nướng Bến Tre,"Về Bến Tre lỡ ăn món chuối nướng thì bạn không thể nào quên đi hương vị thơm ngon mà món ăn dân dã này mang lại.
Chuối là thực phẩm phổ biển, bổ dưỡng nên được người Việt ưa chuộng. Khi biến tấu món chuối thành chuối nướng thì càng được người dân ưa thích hơn.
Hôm nay làm món này nha",,45phút,6,,3,"['Chuối sứ 1 nảy', 'Hành lá 3 cành', 'Dầu ăn 5 muỗng']","['Bước 1: Bạn nên mua chuối sứ loại trái to, tròn không quá chín đễ có được vị ngon nhất khi thực hiện. Lột bỏ phần vỏ, mẹo dành cho bạn: bạn nên phơi chuối ra ngoài ánh nắng trực tiếp khoảng 30 phút trước khi thực hiện để chuối rút hết phần mũ còn trong thịt nhé.', 'Bước 2: Chuẩn bị lò than lửa hồng, nướng chuối cần đảo đều tránh chuối cháy hoặc chưa chín thì không ngon. Hành thái nhỏ cho tất cả vào 1 chén dầu nóng, nêm thêm muối, đường và trộn đều', 'Bước 3: Thái chuối thành từng khúc, chan thêm phần nước mỡ hành vào và thưởng thức.']",[],"Thứ hai, 7/1/2019, 21:38 (GMT+7)"
https://vncooking.com/cong-thuc/che-troi-nuoc-truyen-thong-ngon-dung-vi-46,Món tráng miệng,Chè trôi nước truyền thống ngon đúng vị,"Chè trôi nước là món ngọt rất phổ biến tại Việt Nam. Những gánh hàng rong cho đến những quán ăn, nhà hàng đều có món chè trôi nước làm món tráng miệng hay chỉ là món ngọt dành cho những người thích ẩm thực chè Việt Nam",,60phút,6,,7,"['Bột nếp 300 gram', 'Đậu xanh không vỏ 120 gram', 'Lá dứa 2 lá', 'Đường thốt nốt 200 gram', 'Nước cốt dừa 80 ml', 'Gừng 2 lá', 'Dầu oliu 1 muỗng']","['Bước 1: Đậu xanh khi mua về, bạn nên ngâm vo sạch với nước lạnh thật kỹ để lọc tất cả các bụi có trong đậu. Sau đó, ngâm đậu với nước trong 1 tiếng trước khi nấu để chín nhanh nhé. Vớt đậu, để ráo khi đã ngâm đủ 1 tiếng. Chuẩn bị 1 nồi to để nấu đậu, cho thêm 1 muỗng muối vào nồi đậu nấu chung.', 'Bước 2: Khi đậu chín cho thêm 2 muỗng đường, 1 muỗng dầu olive và nước cốt dừa vào nồi, đảo đến khi thấy đậu đã khô lại thì bạn tắt bếp và để đậu nguội. Vo thôi, bạn vo đậu thành những viên nhỏ có bán kính khoảng 1cm là được', 'Bước 3: Làm phần áo bên  ngoài. Bột bạn đổ ra bề mặt phẳng, cho ít nước vào khuấy đều cho phần bột thấm nước. Nhào bột liên tục đến khi bột không còn dính và có độ mịn nhất định thì ngưng lại', 'Bước 4: Chia phần bột thành những khúc nhỏ phù hợp với kích thước viên đậu mà bạn đã vo. Ép bột và bao quanh viên đậu, vo đều cho viên chè đẹp mắt. Làm đến khi hết bột và đậu', 'Bước 5: Chuẩn bị nồi nước, khi nước sôi bạn thả từng viên chè vào luộc đến khi chè nổi lên thì đã chín, bạn vớt ra để vào trong 1 tô nước lạnh. Nấu nước gừng: Cho khoảng 3 chén nước nấu sôi rồi cho gừng đã thái sợi cùng với lá dứa nấu, bạn cho thêm đường thốt nốt vào nồi nấu đến khi đường tan ra hoàn toàn. Khoảng 5 phút thì bạn cho chè vào nấu chung, nấu thêm 3 phút nữa thì tắt bếp. Xong rồi đó!']",[],"Thứ hai, 7/1/2019, 21:17 (GMT+7)"
https://vncooking.com/cong-thuc/kho-ga-la-chanh-hot-nhat-mot-thoi-45,Món tráng miệng,Khô gà lá chanh hot nhất một thời,"Món ăn vặt được giới trẻ săn tìm một thời vẫn còn hot và rất hot vì độ ngon khó cưỡng mỗi khi cắn 1 miếng khô, thấm vị gà pha chút vị cay của ớt, vị thơm của chanh hòa vào nhau tạo thành một món ăn khó quên.",,60phút,3,,6,"['Ức gà 500 gram', 'Lá chanh 3 lá', 'Gừng 1 củ', 'Sả 1 cành', 'Tỏi băm 1 muỗng', 'Hành tím băm 1 muỗng']","['Bước 1: Thịt gà rửa sạch, luộc chín cùng với lá chanh và vài lát gừng. Khi gà chín vớt ra để ráo, giữ lại phần nước luộc gà nha', 'Bước 2: Khi gà đã chín, chờ nguội 1 chút rồi xé thịt gà ra thành những miếng .', 'Bước 3: Bắt 1 chiếc chảo, khi dầu nóng cho hành tím, sả và tỏi vào chung phi đến khi hỗn hợp có mùi thơm lan tỏa thì bật nhỏ lửa lại. Cho 1/2 chén nước luộc gà khi nảy vào chảo, bạn nên nêm với 1 muỗng nước mắm, 1 muỗng đường và ít bột ớt, trộn hỗn hợp đều rồi cho phần thịt gà xé vào đảo cho thịt gà thấm vị. Đảo đều tay đến khi thấy nước đã rớt hết thì đảo thêm 5 phút nữa cho phần khô giòn lại rồi tắt bếp.', 'Bước 4: Dễ quá đúng không. Hãy làm cho gia đình và chính mình thưởng thức tại nhà đảm bảo vệ sinh lại tiết kiệm tiền nữa. Thử nhé!']",[],"Thứ hai, 7/1/2019, 20:57 (GMT+7)"
https://vncooking.com/cong-thuc/mut-dua-sac-mau-ngay-tet-44,Món tráng miệng,Mứt dừa sắc màu ngày Tết,"Ngọt ngào cho cả gia đình với mứt dừa truyền thống. Món ăn xưa cũ nhưng không bao giờ cũ trong lòng người Việt. Vị ngọt của mứt làm tâm trạng vui, xuân thêm tươi và đặc biệt là món ăn đãi khách rất thích hợp.",,120phút,6,,4,"['Cùi dừa già 1 kg', 'Sữa đặc 4 muỗng', 'Chanh 1 quả', 'Vani ống 1 ống']","['Bước 1: Bạn mua cùi dừa ở chợ cho tiện. - Gọt bỏ hết phần lớp nâu bên ngoài, chỉ chừa lại phần cùi trắng đẹp mắt, thâm dừa vào 1 thao nước đã vắt chanh để dừa không bị thâm, màu đẹp. - Thái dừa thành sợi bằng đồ cạo cho đều. Khi thái đã xong thì bạn rửa lại với nước nhiều lần (thường thì rửa đến 8 lần cho thật sạch để hạn chế dầu dừa trong cùi)', 'Bước 2: Cho tất cả phần dừa vào 1 cái thau to, ướp với 1/2 kg đường trắng, trộn đều dừa vào đường sau đó để thấm vị khoảng 3 tiếng. Để dừa thêm màu sắc, bạn cần chuẩn bị lá dừa, bột cacao, củ dền tạo thành lớp màu tự nhiên không hóa chất. Chia phần dừa ra các phần rồi ngâm với nước màu (mỗi tô nước màu bạn cho 1 ít bột vavi nhé).', 'Bước 3: Chuẩn bị 1 cái chảo đế dày, cho từng phần dừa đã ngâm vào chảo, lửa nhỏ, đảo đều đến khi không còn nước, sợi dừa đã săn lại thì cho ít sữa đặcc vào tiếp tục đảo khoảng 5 phút nữa khi đường đã kết tinh thì tắt bếp được rồi, để yên dừa cho đường kết tinh lại.', 'Bước 4: Xong bạn đổ hết phần dừa ra 1 cái mâm lớn, bật quạt và dùng tay trộn dừa trước gió để dừa khô nhanh nhất có thể. Khi thấy dừa đã kho thì ngừng đảo vẫn để dừa trước quạt gió thêm 2 tiếng nữa. Khi bạn thấy mứt không thể kho được nữa thì bạn cho vào hủ hoặc bịch đậy kín tránh côn trùng. Xong rồi. Chúc bạn thành công!']",[],"Chủ nhật, 6/1/2019, 13:05 (GMT+7)"
https://vncooking.com/cong-thuc/ca-rot-cu-cai-chua-mon-an-kem-da-nang-43,Nhanh và dễ,"Cà rốt, củ cải chua - món ăn kèm đa năng","Đồ chua là món ăn kèm đa năng nhất được dùng chung với bánh mì, gỏi cuốn, nem nướng, thịt kho,... là món ăn thêm vị cho món chính. Chỉ cần nguyên liệu giản đơn nhưng được chế biến thành món ăn kèm tuyệt hảo cho gia đình.",,45phút,6,,3,"['Cà rốt 800 gram', 'Củ cải trắng 800 gram', 'Giấm 500 ml']","['Bước 1: Nguyên liệu khi mua về rửa sạch sẽ: - Cà rốt gọt vỏ thái sợi dài khoảng 5cm. - Củ cải trắng gọt vỏ thái sợi khoảng 5cm Bạn cũng có thể dùng dao bào, hoặc gọt hoa văn theo ý thích', 'Bước 2: Ngâm cà rốt và củ cải trắng vào 1 thao nước muối, trộn đều và ngâm khoảng 30 phút. Bạn có thể uốn cong sợi cà rốt và củ cải khi sợi có thể uốn cong lại là được', 'Bước 3: Rửa sạch lại cà rốt và củ cải với nước, cho tất cả vào lọ thủy tinh chuẩn bị ủ. Pha hỗn hợp giấm, đường và nước sôi sai đó đỗ vào lọ thủy tinh đến khu ngập đồ chua. Đậy nắp kính lọ lại, để ủ 1 ngày là có thể dùng rồi. Đơn giản quá đúng không.']",[],"Chủ nhật, 6/1/2019, 12:50 (GMT+7)"
https://vncooking.com/cong-thuc/thit-kho-tau-mon-tet-dam-vi-que-huong-42,Món chính,Thịt kho Tàu - Món Tết đậm vị quê hương,"Ngày Tết phải có 1 nồi thịt kho Tàu thì mới là Tết.
Tết xưa hay Tết nay vẫn thế, bếp nhà có sẵn 1 nồi thịt kho thơm ngon thể hiện sự ấm ấp, sung túc, no đầy cho cả gia đình 1 năm mới tràn đầy tài lộc.",,45phút,6,,3,"['Thịt ba chỉ 700 gram', 'Trứng gà 3 quả', 'Tỏi 1 củ']","['Bước 1: Thịt mua về rửa sạch, thái nhỏ hình vuông vừa ăn. Nêm 2 muỗng nước tương, 2 muỗng đường ướp tho thịt thấm vị khoảng 15 phút. Chuẩn bị 1/2 chén nước, 1 muỗng đường, 2 muỗng nước tương, 2 muỗng xì dầu, trộn đều hỗn hợp.', 'Bước 2: Bất 1 nồi cho 2 muỗng dầu vào cho thịt heo vào xào cho thịt săn lại, thêm tỏi và chén nước tương đã chuẩn bị ở trên vào nồi. Đun nồi kho đến khi sôi thì giảm lửa nhỏ lại, đun tiếp 25 phút nữa.', 'Bước 3: Luộc 3 quả trứng sau đó bóc vỏ trứng. Cho trứng gà vào nồi thịt, thêm tiêu vào trộn đều thêm 1 lần nữa, đun 15 phút cuối cùng sau đó tắt bếp.', 'Bước 4: Vậy là nồi thịt kho tàu của chúng ta đã hoàn thành rồi. Nếu muốn đổi vị, bạn hãy thay đổi cách kho thường ngày bằng nước tương theo công thức của mình nha, bảo đảm nồi cơm nhà bạn sẽ hết veo lúc nào không biết đó. Tắt bếp, thịt chín rồi cho ra tô chuẩn bị bữa ăn đón 1 năm mới cùng cả nhà nào. Món thịt kho Tàu ăn kèm với cơm trắng nóng, ngon, ấm thêm xoa dịu cả mùa đông lạnh lẻo ngoài kia']",[],"Chủ nhật, 6/1/2019, 12:29 (GMT+7)"
https://vncooking.com/cong-thuc/banh-chung-truyen-thong-viet-nam-41,Bánh và bánh ngọt,Bánh chưng truyền thống Việt Nam,"Ngày Tết Việt Nam luôn đẹp nhất khi trong măm cơm gia đình có những dĩa bánh chưng chứa đầy mùi vị của quê hương từ xa xưa đến nay. Cả nhà ngồi cạnh nhau, cùng hoàn thành những chiếc bánh qua các khâu, cùng đun lò nấu bánh,... tất cả tạo nên một không khí Tết cổ truyền của người Việt chúng ta.",,120phút,6,,4,"['Nếp 500 gram', 'Thịt ba chỉ 400 gram', 'Đậu xanh bỏ vỏ 250 gram', 'Lá chuối 400 gram']","['Bước 1: - Nếp mua về so sạch, bạn cần ngâm nước trước khi nấu 1 đêm để nếp mềm dẻo. Sáng ra bạn để ráo nếp rồi pha 2 muỗng muối với nếp. - Đậu xa ngâm 1 tiếng trước khi thực hiện cho đậu mềm và mịn. Sau đó bạn hấp chín phần đậu, dùng máy xay xay phần đậu đã nấu chín với 1 muỗng muối, sau đó tắt bếp, chia đậu thành 2 phần, vo tròn lại. - Lá chuối bạn nên mua loại người bán đã chia khúc sẵn cho dễ thực hiện, lau sạch trước khi gói.', 'Bước 2: Thịt ba chỉ lựa loại ngon để bánh thơm thịt. - Rửa sạch, thái thịt theo khúc dài khoảng 5cm, dày 1cm là vừa. - Cho 1 muỗng muối, 2 muỗng tiêu trộn ddefu cho thịt thấm vị.', 'Bước 3: Bạn xếp lá chuối vào khuôn, cho nếp trước đều phần khuôn, tiếp đến là đậu, thịt và 1 lớp nếp cuối cùng. Dùng 1 chiếc lá chuối đậy phần trên. Xếp các mép lá cho đẹp.', 'Bước 4: Khi xếp là thì tiếp đến là buộc dây cố định bánh. Buộc 1 dây ngang, 1 dây dọc chặc (nếu dây loại nhỏ bạn cũng có thể buộc 2 dây dọc, 2 dây ngang)', 'Bước 5: Chuẩn bị nấu. Dưới đáy nồi, bạn nên cho 1 vài tấm lá chuối bên dưới. Cho bánh chưng vào nồi, đổ nước vào nồi ngập phần bánh. Bật lửa lớn để nước nhanh sôi, khi nước đã sôi bạn bật lửa nhỏ lại tiếp tục đun khoảng 8 tiếng (trong lúc đun nhớ canh nồi cho nước thêm khi nước sắp cạn). Khi bánh chín, vớt ra để ráo nước rồi chuẩn bị cúng tổ tiên được rồi đó.']",[],"Chủ nhật, 6/1/2019, 11:57 (GMT+7)"
https://vncooking.com/cong-thuc/cach-lam-banh-tieu-chien-phong-dep-mat-40,Bánh và bánh ngọt,Cách làm bánh tiêu chiên phồng đẹp mắt,Bí quyết để làm được những chiếc bánh tiêu ngon như những gánh hàng ngoài chợ ngay tại VN Cooking này thật là dễ dàng. Thử nhé!,,30phút,5,,4,"['Bột mì 500 gram', 'Mè trắng 2 muỗng', 'Vani 1 ống', 'Men nở 15 gram']","['Bước 1: - Chuẩn bị 1/2 chén nước ấm rồi cho 3 muỗng đường vào đánh tan. Tiếp tục cho men nở đã chuẩn bị vào khuấy tay đến khi bạn thấy men nở nổi lên bề mặt rồi cho 1 muỗng dầu ăn vào. - Đổ bột mì ra thao to nêm thêm 1 muỗng muối, ít men nở, vani. Đổ chén men đã chuẩn bị phía trên vào tô, nhào bột đều đến khi bột mịn.', 'Bước 2: - Bọc màng thực phẩm lại, đem ủ bột khoảng 1 tiếng đồng hồ cho bột nở gấp đôi là được. - Khi bột đã nở ra thì bạn nhấn đều khối bột cho phần khí trong bột thoát ra hết. - Lấy dao chia phần bột thành những phần nhỏ, sau đó vo tròn những miếng bột nhỏ lăn phần bột qua lớp mè trắng. - Ấn dẹp miếng bột rồi chờ khoảng 15 phút trước khi chiên', 'Bước 3: Đun sôi chảo dầu, khi dầu đã sôi thì bật lửa nhỏ lại. Cho từng miếng bánh vào chảo dầu, đảo bánh liên tục tránh cháy. Khi bánh phồng vàng thì vớt ra để nguội tý rồi thưởng thức tránh nóng nha.']",[],"Thứ ba, 1/1/2019, 10:00 (GMT+7)"
https://vncooking.com/cong-thuc/xuc-xich-xao-ot-chuong-chua-ngot-39,Món chính,Xúc xích xào ớt chuông chua ngọt,"Khi tủ lạnh trống thực phẩm chỉ còn những nguyên liệu đông lạnh bạn cũng có thể biến tấu thành món ăn ngon được đúng không?
Không cần sợ nguyên liệu đơn sơ, chỉ cần bạn muốn làm thì đơn sơ cũng thành món đắc giá",,30phút,4,,5,"['Xúc xích 200 gram', 'Ớt chuông 2 quả', 'Trứng gà 1 quả', 'Hành tím 2 quả', 'Tương ớt 2 muỗng']","['Bước 1: CHUẨN BỊ - Xúc xích rả đông, thái khúc (nếu xúc xích Cocktail thì không cần thái). - Ớt chuống thái mỏng dài hoặc hình vuông theo sở thích. - Hành tím thái lát mỏng', 'Bước 2: LÀM NƯỚC SỐT - Cho 2 muỗng tương ớt vào 1 cái chén và nêm thêm ít hạt nêm, tiêu, đường, nước tương khuấy tan nguyên liệu với nhau. - Đập 1 quả trứng gà rồi đánh tan trong 1 cái chén khác', 'Bước 3: - Cho ít dầu vào trong 1 cái chảo đun lửa trung bình, cho hành tím vào phi thơm - Cho xúc xích vào trứng trộn đều rồi cho tất cả vào chảo xào đều tay, tiếp theo cho ớt chuông vào đảo đều tay khoảng 5 phút cho nước sốt vào đảo thêm vài cái rồi tắt bếp. Xong rồi, múc ra dĩa trình bày đẹp mắt và  ăn thôi. Chúc bạn ngon miệng']",[],"Thứ ba, 1/1/2019, 09:35 (GMT+7)"
https://vncooking.com/cong-thuc/tep-chien-bot-gion-gion-38,Món tráng miệng,Tép chiên bột giòn giòn,"Nguyên liệu được tìm thấy dễ dàng tại chợ, siêu thị, cửa hàng tiện lợi nếu qua bàn tay chế biến của bạn cũng có thể chiến biến thành những món ăn mon miệng, độc đáo thay những bữa cơm nhàn chán tại nhà.
Hãy thử món Bánh tép chiên giòn này, đảm bảo ngon và rất ngon",,30phút,4,,6,"['Tép tươi 200 gram', 'Bột chiên giòn 100 gram', 'Trứng gà 2 quả', 'Hành tây 1 củ', 'Dưa leo 2 quả', 'Rau sống 1 bó']","['Bước 1: Nguyên liệu khi mua về bạn cần rửa sạch trước khi chế biến. - Tép bạn bỏ phần đầu. - Hành tây thái lát mỏng.', 'Bước 2: Lấy 1 tô khoảng 2 chén nước, bạn cho tép, hành tây đã thái mỏng, 2 quả trứng và nêm thêm 1 muỗng hạt nêm, tiêu, nước mắm thêm phần đậm đà. Hòa tan cùng với bột chiên giòn, trộn hỗn hợp đến khi tan đều vào nhau.', 'Bước 3: BƯỚC CHIÊN: - Bật 1 chảo dầu to, đun với ngọn lửa lớn. Bạn sử dùng 1 cái muỗng to hoặc 1 cái sạn để lấy từng phần tép bột ra bỏ vào trong chảo dầu nóng. - Khi miếng bột đã vàng đẹp thì vớt ra. - Làm như vậy đến khi hết phần tép.', 'Bước 4: Bánh tép chiên bột giòn có thể ăn kèm với các loại rau sống và dưa leo tùy theo sở thích của gia đình bạn mà chuẩn bị phù hợp. Chấm kèm với nước mắm chua ngọt sẽ rất tuyệt vời cho những bữa chán cơm thèm cuốn']",[],"Thứ ba, 1/1/2019, 09:13 (GMT+7)"
https://vncooking.com/cong-thuc/che-khoai-deo-dai-loan-37,Món tráng miệng,Chè khoai dẻo Đài Loan,"Món chè khoai dẻo này bắt đầu được giới trẻ yêu thích những năm gần đây, với vị lạ miệng, thơm mùi khoai lang nồng nàn, dai dẻo rất thích hợp làm món tráng miệng cho những bữa tiệc, lễ hội hay chỉ đơn giản là những buổi tối rảnh rỗi",,45phút,5,,5,"['Khoai láng tím 2 củ', 'Khoai lang vàng 2 củ', 'Nước cốt dừa 200 ml', 'Bột năng 300 gram', 'Đường trắng 200 gram']","['Bước 1: Khoai lang khi mua về, bạn gọt lớp vỏ mỏng bên ngoài, thái thành những khúc vừa sau đó đem đi hấp chín. Khi khoai đã chín bạn lấy khoai ra bỏ vào 1 cái thao (nhớ là 2 loại khoai chia làm 2 thao tránh lẫn màu khoai)', 'Bước 2: Nghiền mịn khoai, rây qua rây để loại bỏ xơ. Đổ 150g bột năng vào phần khoai lang tím trộn đều. Nghiền nát phần khoai của 2 thao thật min. Cho lần lượt bột năng chia đều 2 thao Nhào bột với khoai thật kỹ đến khi khoai thành khối mịn, khi khoai đã mịn và thành khối thì bạn lấy ít khoai xoay thành hình trụ dài rồi thái thành viên', 'Bước 3: Cho những viên khoai vào 1 nồi nước nóng để nấu chín. Khi thấy khoai chín nổi lên mặt trước thì bạn vớt khoai ra cho vào tô nước lạnh', 'Bước 4: Chuẩn bị 1 nồi nước với khoảng 1 lít nước, khi nồi nước sôi bạn cho nước cốt dừa và đường vào khuấy đều. Bạn trộn thêm 3 muỗng bột năng vào nồi nước vẫn khuấy đều. Khi các hỗn hợp đã tan hết vào nhau bạn cho phần khoai vào nồi.', 'Bước 5: Đun khoảng 5 phút nữa thì tắt bếp. Chè khoai dẻo có thể ăn với đá hoặc ăn nóng đều ngon. Nếu bạn thích đẹp có thể cho thêm một ít dừa nạo sợi bề mặt chén chè. Chúc các bạn thành công']",[],"Chủ nhật, 30/12/2018, 12:13 (GMT+7)"
https://vncooking.com/cong-thuc/com-cuon-han-quoc-mon-han-tai-nha-36,Món khai vị,Cơm cuộn Hàn Quốc - món Hàn tại nhà,"Những món ăn Hàn Quốc luôn được lòng tín đồ ăn uống Việt Nam. Với những hương vị lạ miệng, món Hàn còn có hình dáng bắt mắt, màu sắc tươi sáng lôi cuốn ánh nhìn.
Hôm nay, chúng ta qua Seoul tránh nóng cùng với món Cơm cuộn này.",,45phút,4,,9,"['Rong biển 1 gói', 'Trứng gà 4 quả', 'Cơm 4 chén', 'Dưa leo 1 quả', 'Cà rốt 1 quả', 'Dầu mè 4 muỗng', 'Tiêu 2 muỗng', 'Thịt bò 200 gram', 'Tỏi 2 củ']","['Bước 1: Nguyên liệu mua về bạn rửa sạch với nước và sơ chế như sau: - Cà chua gọt vỏ thái thành những sợi dài. - Dưa chuột thái thành những miếng dài mỏng - Thịt bò thái sợi mỏng', 'Bước 2: Chuẩn bị 1 chảo nóng với 3 muỗng dầu ăn, cho cà rốt xào sơ đến khi cà rốt mềm. Bạn cần nêm với hạt nêm, tiêu, dầu mè để cà rốt thấm vị hơn, sau đó vớt cà rốt ra dĩa Đập 4 quả trứng vào 1 cái tô lớn, đánh tan lòng đỏ, nêm vào tô ít muối, tiêu, hạt nêm đánh đều cho hỗn hợp tan đều vào nhau. Đỗ trứng vào chảo thành lớp mỏng, khi trứng vừa chín tới thì đảo mặt tránh cháy trứng. Sau khi trứng chín thì đặt ra dĩa, để nguội bớt rồi thái sợi', 'Bước 3: Bạn ướp bò với 1/2 muỗng muối, tiêu, 1/2 muỗng đường và ít dầu mè cùng tỏi băm. Bạn chờ 10 phút cho thịt thấm vị trước khi xào. Sau khi thịt thấm vị, cho vào chảo xào sơ để thịt vừa chín tới thì tắt bếp.', 'Bước 4: Vậy là đã chuẩn bị xong phần rau củ, trứng và thịt bò, bây giờ sẽ chuẩn bị phần cơm. Cho vào cơm nóng 1/2 muỗng cà phê muối, 1/2 muỗng cà phê tiêu, 1/2 muỗng cà phê đường, 2 muỗng cà phê dầu mè, 2 muỗng cà phê mè rang, trộn đều. Phần chuẩn bị các nguyên liệu cuốn đã xong rồi. Bây giờ, bạn lấy phần cơm cho ít muối tiêu, dàu mè và đường vào trộn đều. Cuốn thôi: - Bạn trãi miếng rong biển ra mặt phẳng - Cho phần cơm lên trước, trãi đều rong biển (nhớ chừa lại 1 ít ở phần đuôi cuối). - Cho lần lượt các nguyên liệu khác vào và cuốn chặt lại đến khi hết nguyên liệu. - Thái thành khúc tròn vừa ăn. Tén ten, Vậy là cả nhà có được món Cơm cuộn Hàn Quốc ngon miệng và quá đơn giản phải không. Chúc các bạn thành công']",[],"Chủ nhật, 30/12/2018, 11:39 (GMT+7)"
https://vncooking.com/cong-thuc/xoi-ga-bua-sang-lanh-manh-35,Món ăn sáng,Xôi gà - bữa sáng lành mạnh,Bữa sáng đơn giản cùng XÔI GÀ sẽ ấm vị hơn khi được làm tại nhà hợp vệ sinh lại tiết kiệm.,,30phút,4,,7,"['Nếp 400 gram', 'Thịt gà 400 gram', 'Hành lá 2 cành', 'Hành phi 4 muỗng', 'Hạt nêm 1 muỗng', 'Dầu ăn 50 ml', 'Tỏi 2 củ']","['Bước 1: Nếp bạn vo như vo gạo rồi nấu bình thường nhưng để nươc ít hạn chế xôi bở Các nguyên liệu khi mua về bạn rửa sạch: - Gà bạn chặt khúc nếu hoặc để nguyên miếng tùy theo sự yêu thích của gia đình bạn - Hành lá bạn thái nhỏ. - Tỏi băm nhỏ', 'Bước 2: Bạn trộn hỗn hợp tỏi băm, tiêu xay và 3 muỗng nước tương ướp với gà cho thấm vị. Đun 1 chảo với lượng dầu vừa đủ để chiên gà. Khi chiên gà, bạn thêm 1/5 chén nước lạnh cho gà mềm nhất. Khi thấy gà đã chín, bạn tắt bếp.', 'Bước 3: Bây giờ, bạn chỉ cần múc xôi ra dĩa, thêm ít nước tương cho mặn dể ăn. Hành phi và hành lá để trên bề mặt, bên cạnh là miếng gà nóng da giòn ngon miệng. Nếu bạn thích cay có thể ăn kèm với tương ớt sẽ rất tuyệt.']",[],"Chủ nhật, 30/12/2018, 11:16 (GMT+7)"
https://vncooking.com/cong-thuc/banh-quay-homemade-hop-ve-sinh-cho-ca-nha-34,Bánh và bánh ngọt,Bánh quẩy Homemade hợp vệ sinh cho cả nhà,"Làm những chiếc Bánh quẩy tại nhà an toàn vệ sinh, dầu sạch đảm bảo sức khỏe.
Bánh quẩy có thể ăn kèm với cháo cho bữa sáng thêm dinh dưỡng.",,60phút,5,,5,"['Bột mì 300 gram', 'Men nở 5 gram', 'Baking soda 3 gram', 'Muối 1 muỗng', 'Dầu ăn 1 lít']","['Bước 1: Đầu tiên, bạn cần chuẩn bị 1 tô nước ấm lớn để trộn bột. Chuẩn bị 1 cái thố to, bạn cho tất cả bột mì vào thố, tiếp đến cho Baking soda, bột nở, 1 muỗng muối vào trong thố, bạn trộn đều rồi cho từ từ phần nước ấm đã chuẩn bị trước vào thố, bạn nên cho 2 muỗng dầu ăn vào để dễ dàng nhào bột hơn. Bạn nhào bột đến khi bột thanahf 1 khối đặc', 'Bước 2: Bọc màng thức ăn quanh thố cho bột nở ra. Khi bột đã nở đều, bạn lấy phần bột ra 1 miếng thớt hay mặt phẳng sạch nhồi lại sơ qua 1 lần nữa. dè phần bột mỏng dẹp ra, sau đó dùng dao cắt thành những miếng nhỏ có độ dài khoảng 8 cm', 'Bước 3: Tiếp đến, bạn lấy 2 miếng bánh kẹp lại cho dính với nhau như hình chiếc bánh quẩy. làm như vậy cho đến hết phần bánh bột đã cắt.', 'Bước 4: Chảo dầu bạn đun đến khi dầu nóng thì thả từng miếng bánh quẩy vào. Đảo đều tay tránh bánh cháy. Khi bánh phồng to và có màu vàng đẹp thì lấy bánh ra cho vào 1 miếng giấy thấm dầu. Xong rồi đó, quá đơn giản phải không. Hãy thử làm nhé!']",[],"Chủ nhật, 30/12/2018, 10:53 (GMT+7)"
https://vncooking.com/cong-thuc/cha-ca-chien-dai-ngon-tai-nha-33,Món chính,Chả cá chiên dai ngon tại nhà,"Chả cá chiên truyền thống được thực hiện tất cả các công đoạn tại nhà thì còn gì bằng.
Hãy trỏ tài làm thử món chả cá làm tại nhà an toàn vệ sinh tuyệt đối lại thơm dai cho bữa cơm cả nhà thêm đậm vị.",,60phút,4,,7,"['Thịt cá phi lê 400 gram', 'Thịt heo bằm 200 gram', 'Hành lá 1 cành', 'Bột năng 1 muỗng', 'Bột nghệ 1 muỗng', 'Bột nở 1 muỗng', 'Dầu ăn 300 ml']","['Bước 1: Cá khi mua về bạn nên rửa lại 1 nước cho an toàn, sau đó thái thành những miếng nhỏ cho dễ xay. Cho thịt heo bằm vào tô chứa thịt cá nêm với: - 2 muỗng nước mắm - 1 muỗng bột nở - 1 muỗng bột năng - 1/4 muỗng bột nghệ - 1/4 muỗng tiêu - 1 muỗng đường - 1 ít hành lá đã thái nhỏ Bạn trộn đều hỗn hợp sau đó bọc 1 lớp màng gói thức ăn sau đó để vào trong ngăn mát khoảng 1 tiếng tạo độ mịn và dai cho thịt.', 'Bước 2: Sau khi để ngăn mát 1 tiếng, bạn lấy phần thịt ra cho tất cả vào máy xay, xay mịn thịt (nếu máy xay nhỏ, bạn có thê chia nhỏ xay từng phần). Phần chả đã xay bạn nặn thành những miếng mỏng đồng đều, đẹp mắt.', 'Bước 3: Cho chả vào chảo dầu nóng (bạn nên chiên với ngọn lửa trung bình cho chả chín đều), chiên đến khi thấy chả đã vàng vớt ra bỏ lên 1 tấm giấy thấm bớt phần dầu còn đọng lại. Chả cá làm tại nahf dai, mịn, an toàn vệ sinh ăn kèm với cơm trắng nóng chấm bằng sốt chua ngọt hoặc muối tiêu chanh đều ngon.']",[],"Thứ bảy, 29/12/2018, 16:15 (GMT+7)"
https://vncooking.com/cong-thuc/bao-tu-ca-chien-gion-32,Món tráng miệng,Bao tử cá chiên giòn,"Bao tử cá món lạ nhưng vị rất ngon khi được chiên qua một lớp bột giòn tan, món ăn của dân miền Tây mỗi khi chiều về tại các vỉa hè luôn đông đúc người. Bạn thử chưa?",,30phút,4,,8,"['Bao tử cá 800 gram', 'Bột chiên giòn 100 gram', 'Rau răm 50 gram', 'Muối tiêu 4 muỗng', 'Dầu ăn 300 ml', 'Tiêu 1 muỗng', 'Hạt nêm 2 muỗng', 'Trái tắc 2 quả']","['Bước 1: Khi mua bao tử cá về, bạn cần làm thật sạch với nước muối sau đó hấp chín bao tử cá.', 'Bước 2: Pha bột chiên giòn vơi 1 muỗng tiêu, 2 muỗng hạt nêm, 1/2 muỗng đường vào cùng với 1.5 chén nước lọc. Khuấy đều cho phần bột tan hết trong nước. Khi phần bột đã có độ sánh thì bạn lấy phần bao tử cá đã được hấp chín cho vào phần bột, trộn đều bao tử cá và bột lại với nhau.', 'Bước 3: Chuẩn bị 1 chảo to dầu, khi dầu nóng bạn cho từng miếng bao tử cá vào tránh bị dầu nóng bỏng. Khi thấy bao tử cá lớp ngoài đã vàng thì bạn vớt ra, để qua 1 lớp giấy thấm dầu sau đó, bày ra dĩa. Món này bạn chấm kèm với muối tiêu pha 1 ít tắc hoặc bạn có thể mua chai nước chấm chua ngọt ăn kèm với rau răm sẽ là món ăn vặt tuyệt vời dành cho bạn.']",[],"Thứ bảy, 29/12/2018, 16:01 (GMT+7)"
https://vncooking.com/cong-thuc/banh-trang-tron-homemade-31,Món tráng miệng,Bánh tráng trộn Homemade,"Ăn vặt luôn là đam mê của tính đồ ăn uống. Hôm nay, đem cả gánh bánh tráng trộn về nhà tự tại trộn rồi ngồi xem 1 bộ phim hay cho buổi tối không ra đường. Tuyệt vời.",,15phút,2,,9,"['Bánh tráng 50 gram', 'Xoài sống 100 gram', 'Trứng cút 4 quả', 'Khô bò 50 gram', 'Sa tế 1 muỗng', 'Rau răm 50 gram', 'Nước tương 1 muỗng', 'Đường trắng 1 muỗng', 'Nước giấm 1 muỗng']","['Bước 1: Trứng cút bạn luộc sẵn rồi bóc vỏ. Xoài bạn rửa sạch gọt thành sợi. Rau răm rửa và thái nhỏ', 'Bước 2: Chuẩn bị 1 cái chén nhỏ cho 1 muỗng nước tương, 1 muỗng sa tế, 1 muỗng đường, 1 muỗng nước giấm vào hòa tan hỗn hợp.', 'Bước 3: Cho bánh tráng vào 1 cái tô hoặc thao sạch, trộn đều với hỗn hợp đã chuẩn bị ở trên. Khi bánh tráng đều bạn cho rau răm, xoài, trứng vào trộn lại lần nữa.', 'Bước 4: Khi thấy đều rồi. Bạn bày ra dĩa hoặc ăn luôn ngay tại tô cho hấp dẫn nhé.']",[],"Thứ bảy, 29/12/2018, 14:52 (GMT+7)"
https://vncooking.com/cong-thuc/canh-khoai-mo-nau-thit-bam-30,Món chính,Canh khoai mỡ nấu thịt bằm,"Món canh giúp tăng thêm khẩu vị cho những bữa cơm khô khan.
Hôm nay, chúng ta nấu canh khoai mỡ cùng thịt bằm đậm đà cho cả nhà thêm phần hấp dẫn.
Khoai mỡ sẽ là món ăn rất tuyệt khi bạn tận dụng được nguyên liệu lại",,30phút,4,,6,"['Khoai mỡ 400 gram', 'Thịt heo bằm 300 gram', 'Hành lá 1 cành', 'Hạt nêm 2 muỗng', 'Tiêu 1 muỗng', 'Ngò rí 1 cành']","['Bước 1: Khoai mỡ rửa sạch, gọt vỏ rồi rửa lại lần nữa. Cắt miếng vừa ăn, độ dày 1cm. Khoai mỡ mua về rửa sạch. Bạn chia làm 2 phần; 1 phần cắt khúc, 1 phần băm (hoặc xay nhỏ). Hành lá và ngò rửa sạch. Hành lá thái khúc nhỏ', 'Bước 2: Thịt heo bằm mua về trộn với 1/2 lượng hành lá đã thái cùng với 1 muỗng hạt nêm, tiêu, 1/2 muỗng muối. Bạn vò thịt thành những viên tròn như cá viên chiên.', 'Bước 3: Chuẩn bị nồi nấu canh, cho khoảng 4 chén nước vào nồi. Khi nước sôi cho phần thịt viên vào nấu khoảng 2 phút bạn cho cả 2 phần khoai mỡ vào nấu cùng với thịt. Nêm nếm lại với hạt nêm cho vừa miệng. Bạn nên vớt những phần bọt lớp trên bỏ. Khi thấy canh đã chín đều, tắt bếp bày ra tô cho thêm 1 ít tiêu và ngò lên bề mặt thêm hấp dẫn. Chúc bạn thành công.']",[],"Thứ bảy, 29/12/2018, 14:19 (GMT+7)"
https://vncooking.com/cong-thuc/canh-ca-vien-chua-cay-29,Món chính,Canh cá viên chua cay,"Món canh cá viên chua cay dành cho những ngày bận rộn. Chỉ cần bỏ ra 30 phút cũng có được món canh ăn kèm không cần ăn tiệm. Canh cá viên chua cay sẽ là món ăn vừa quen thuộc vừa lạ miệng với vị chua thanh, cay nồng hấp dẫn.",,30phút,2,,7,"['Chả cá 250 gram', 'Cà chua 2 quả', 'Nấm kim châm 100 gram', 'Trái thơm 100 gram', 'Nước sốt me 1 muỗng', 'Hành lá 1 cành', 'Hạt nêm 2 muỗng']","['Bước 1: Hành lá, thì là rửa sạch, cắt khúc. Phần đầu trắng của hành lá cắt nhỏ. Cà chua rửa sạch, cắt múi cau. Nấm kim châm cắt gốc, rửa sạch, để ráo. Các nguyên liệu bạn cần rủa sạch khi mua về. - Hành lá thái khúc nhỏ. - Cà chua thái khúc, 1 quả thành 4 - 6 khúc.', 'Bước 2: Chuẩn bị 1 cái nồi, làm nóng nồi với 2 muỗng dầu ăn. Khi dầu nóng bạn cho cà chua vào xào khoảng 1 phút cho cà chua mềm.', 'Bước 3: Sau đó, bạn cho cá viên vào nồi, nêm với 1 muỗng hạt nêm và 2 muỗng nước mắm. Cho 3 chén nước lạnh vào nồi, đun với 1 muỗng sốt me đã chuẩn bị trước đó.', 'Bước 4: Bạn nấu khoảng 10 phút, khi thấy cá viên đã chín thì cho nấm kim chi vào nồi, đun tiếp tục khoảng 2 phút nữa. Bạn cần nêm nếm lại phù hợp với khẩu vị của gia đình. Bây giờ, tắt bếp, bày ra tô cùng thưởng thức với cơm nóng hoặc bún cho thêm một ít rau ăn kèm sẽ rất ngon.']",[],"Thứ bảy, 29/12/2018, 13:59 (GMT+7)"
https://vncooking.com/cong-thuc/lau-ga-la-giang-truyen-thong-nguoi-viet-nam-28,Món chính,Lẩu gà lá giang - truyền thống người Việt Nam,"Học làm món Lẩu gà lá giang truyền thống dành cho gia đình vào những dịp đặc biệt sẽ rất tuyệt vời.
Món này đơn giản và hợp khẩu vị của đa phần người Việt Nam nên không sợ bị kém ăn đâu nhé!",,75phút,4,,11,"['Gà ta 1 con', 'Lá giang 400 gram', 'Cà tím 2 quả', 'Sả 1 cây', 'Bắp chuối 250 gram', 'Hành tím băm 2 muỗng', 'Hành lá 2 cây', 'Bún tươi 500 gram', 'Gia vị 4 muỗng', 'Ngò om 2 cây', 'Ớt 3 quả']","['Bước 1: Khi mua gà về, bạn cần rửa gà với muối thật sạch trước khi thực hiện. Tiếp đến, bạn thái khúc thịt gà, để vào 1 cái rổ ráo nước. Chuẩn bị 1 cái chảo xào hỗn hợp gồm: sả, ớt, hành tím, tỏi đã băm nhỏ và 2 muỗng dầu ăn. Khi ngửi được mùi thơm thì tắt bếp, cho phần gà vào hỗn hợp, trộn đều hỗn hợp với gà, bạn nêm thêm 1 muỗng đường, 1 muỗng muối, 1 muỗng hạt nêm, 1 muỗng tiêu vào. Để gà khoảng 30 phút cho thấm vị.', 'Bước 2: Các nguyên liệu khác mua về bạn cũng rửa sạch và thực hiện như sau: - Cà tím gọt vỏ, thái dọc thành những lát dày. - Hành lá, ngò om thái nhỏ. - Bắp chuối bào mỏng, bạn nên ngâm bắp chuối cùng với nước đã được pha với chanh để bắp chuối không chuyển đen.', 'Bước 3: Tiếp tục bật lửa với nồi gà, đảo đều tay cho phần thịt gà săn lại. Bạn cho khoảng 1.5 lít nước lạnh vào nồi nấu với lửa lớn. Nêm nếm lại cho vừa khẩu vị của gia đình bạn. Khi thấy thịt gà đã mềm bạn cho hành, ngò đã thái vào nồi rồi tắt bếp.', 'Bước 4: Món lẩu gà lá giang này ăn kèm với cà tím, bắp chuối thêm 1 ít bún đã ấm bụng rồi. Chúc bạn thành công']",[],"Thứ bảy, 29/12/2018, 13:35 (GMT+7)"
https://vncooking.com/cong-thuc/lau-tom-cay-nong-am-ap-ben-gia-dinh-27,Món chính,Lẩu tôm cay nồng - ấm áp bên gia đình,"Buổi tối cuối năm, cả nhà ngồi cạnh nhau cùng thưởng thức 1 nồi lẩu tôm chua cay ấm bụng, trò chuyện với nhau về những gì đã qua, những dự định sắp thực hiện, những hoài bảo còn dang dở thật sự rất tuyệt vời.
Hãy chuẩn bị cho gia đình yêu thương của bạn 1 nồi lẩu tôm chua cay ngon lành này nhé!",,30phút,4,,11,"['Tôm tươi 400 gram', 'Cà chua 5 quả', 'Nấm rơm 200 gram', 'Lá chanh 4 lá', 'Chanh tươi 2 quả', 'Sả 1 cây', 'Dầu ăn 4 muõng', 'Hạt nêm 2 muỗng', 'Ớt 2 quả', 'Sốt cà chua 2 muỗng', 'Bún tươi 400 gram']","['Bước 1: Tôm mua về rửa thật sạch. Nấm rơm và cà chua thái nhỏ. Lá chanh rửa sạch, sả đập và băm nhỏ', 'Bước 2: Chuẩn bị 1 cái nồi lẩu, cho 3 muỗng dầu ăn vào, khi dầu đã nóng bạn cho tôm vào đảo đều tay khi tôm đã hơi ngã sang đỏ thì bạn cho 5 chén nước lạnh vào nồi.', 'Bước 3: Khi đang nấu tôm bên nồi lẩu thì bên bếp này, bạn chuẩn bị 1 cái chảo nhỏ cho 1 muỗng dầu ăn vào chảo. Đến khi dầu nóng bạn cho lần lượt các nguyên liệu gồm: tỏi bằm, ớt, lá chanh, sốt cà chua vào chảo khuấy đều cho nóng lên.', 'Bước 4: Khi hỗn hợp trong chảo đã nóng và đều. Bạn cho hỗn hợp qua bên nồi lẩu. Rồi bạn cho nấm rơm, cà chau đã thái vào nồi. Tiếp đến là nước canh, sả bằm. Bạn cần nêm nếm lại cho vừa khẩu vị cả nhà. Sau đó nấu tiếp tục 5 phút nữa.', 'Bước 5: Món lẩu này, bạn có thể ăn kèm với bún sẽ rất ngon. Nếu bạn có cơm sẵn thì ăn kèm với cơm như 1 bữa cơm gia đình cũng rất tuyệt. Chúc bạn thành công.']",[],"Thứ bảy, 29/12/2018, 13:14 (GMT+7)"
https://vncooking.com/cong-thuc/hu-tieu-bo-kho-bua-sang-am-bung-26,Món chính,Hủ tiếu bò kho - bữa sáng ấm bụng,"Người ngày cuối tuần hãy dành một ít thời gian buổi sáng để chuẩn bị cho cả nhà món Hủ tiếu Bò kho đầy đủ dinh dưỡng, căng bụng nhé.",,60phút,4,,12,"['Thịt bò 500 gram', 'Cà rốt 3 củ', 'Nước dừa tươi 3 chén', 'Hành tây 1 củ', 'Tỏi 1 củ', 'Lá quế 2 lá', 'Sả 1 cây', 'Gừng 1 củ', 'Bột năng 2 muỗng', 'Hành lá 3 cành', 'Sa tế 2 muỗng', 'Gia vị 4 muỗng']","['Bước 1: Sơ chế nguyên liệu Thịt bò bạn mua về rửa sạch, thái thành những miếng vuông, cho vào 1 cái tô lớn nêm với hỗn hợp gia vị gồm các loại: 1 muỗng nước tương, 1 muỗng bột bò kho, 1 muỗng hạt nêm, 1 muỗng đường và 1 muỗng nước mắm. Trộn đều để khoảng 30 phút cho phàn thịt bò thấm vị. Hành tây rửa sạch, bóc vỏ, tách từng miếng và thái thành 2 - 3 lát. Cà rốt gọt vỏ và thái những những khúc vuông hoặc thái khúc như hầm thịt vẫn được. Sả đập rồi thái thành khúc vừa. Tỏi thì băm nhỏ ra. Ớt, hành lá rửa sạch thái nhỏ. Gừng cạo lớp vỏ bên ngoài rồi băm thành sợi.', 'Bước 2: Chuẩn bị 1 nồi to. Bật lửa to, cho 2 muỗng dầu vào nồi, khi dầu nóng bạn cho tỏi đã băm khi nảy vào phi đến khi tỏi có mùi thơm. Sau đó, bạn lần lượt cho sả, gừng và thịt bò đã thấm vị vào xào đảo đều tay.', 'Bước 3: Hòa tan 1 thìa canh bột năng với 1 chút nước khuấy đều cho tan rồi chế từ từ vào nồi thịt bò, vừa chế vừa khuấy thấy nước xốt sền sệt là được. Sau đó nêm nếm lại gia vị cho vừa ăn và nấu cho sôi trở lại là tắt bếp. Bạn cho phàn nước dừa đã chuẩn bị vào nổi, vẫn đun lửa to. Cho 1 ít nước vào 2 muỗng bột năng, đánh cho phần bột tan đều ra. Rồi cho phần nước bột năng vào nồi thịt. Khuấy đều cho phần nước bột năng và phần nước trong nồi tan vào nhau đến khi nước sệt lại. Bạn nếm lại với gia vị 1 lần nữa. Khi vừa miệng thì tắt bếp, chuẩn bị tô cho cả nhà thưởng thức.']",[],"Thứ bảy, 29/12/2018, 11:15 (GMT+7)"
https://vncooking.com/cong-thuc/tokbokki-tu-tay-lam-banh-gao-cay-han-quoc-tai-nha-25,Món tráng miệng,Tokbokki - Tự tay làm bánh gạo cay Hàn Quốc tại nhà,"Đâu cần đi các quán ăn Hàn Quốc đắt tiền mới có thể thỏa niềm đam mê đồ ăn Hàn Quốc. Hãy thử làm tại nhà món ăn mình thích với những công thức cực đơn giản cùng VN Cooking sẽ tốt cho sức khỏe và ví tiền của bạn rất nhiều.
Bây giờ, bắt đầu làm món Tokbokki nổi tiếng của các Oppa Hàn Quốc nhé.",,30phút,3,,6,"['Bánh gạo 250 gram', 'Chả cá 100 gram', 'Trứng gà 2 quả', 'Hành lá 1 cây', 'Túi nước sốt 1 túi', 'Bắp cải 100 gram']","['Bước 1: Tokbokki (Bánh gạo) mua về ngâm vào 1 tô nước lạnh cho đến khi bánh nở vớt ra để ráo.', 'Bước 2: Bắp cải rửa sạch, tách và thái thành 3 khúc. Chả cá mua về bạn rửa sơ với nước rồi thái thành những miếng vừa ăn', 'Bước 3: Luộc 2 quả trứng gà, sau đó tách vỏ. Làm nóng chảo dầu, sau đó cho bắp cải vào xào sơ. Khi thấy bắp cải vừa chín tới thì cho túi sốt vào (mua kèm chung với bánh gạo).', 'Bước 4: Cho Tokbokki (bánh gạo) và chả cá vào chảo, đảo đều tay. Khi gần tắt bếp cho trứng gà và 1 ít hành lá đã thái nhỏ vào chảo. Xong rồi, tắt bếp và thưởng thức thôi.']",[],"Thứ bảy, 29/12/2018, 09:56 (GMT+7)"
https://vncooking.com/cong-thuc/ga-ham-ca-rot-cu-sen-cho-ngay-cuoi-nam-24,Món chính,"Gà hầm cà rốt, củ sen cho ngày cuối năm","Những ngày cuối năm thời tiết se lạnh, bộn bề với những công việc còn sót lại sau một năm làm việc vất vả. Hãy dành cho cả nhà những bữa cơm ấm áp và đầy đủ dinh dưỡng để đón chào một năm mới hạnh phúc đang đến rất gần nhé!
Cùng VN Cooking làm món Gà hầm củ sen, cà rốt ngon bổ nào.",,60phút,4,,10,"['Thịt gà 1 con', 'Củ sen 3 củ', 'Cà rốt 3 củ', 'Đậu đen 400 gram', 'Táo tàu 75 gram', 'Hạt nêm 2 muỗng', 'Hành tím 3 củ', 'Tỏi 1 củ', 'Dầu mè 3 muỗng', 'Tiêu 1 muỗng']","['Bước 1: Gà khi mua về bạn cần rửa thật sạch sau đó chặt thành khúc (bạn cũng có thể nhờ người bán chặt giúp nhé). Tỏi bạn băm nhỏ sau đó ướp gà với 2 muỗng muối, 3 muỗng dầu mè, 1 muỗng tiêu. Bạn nên để cho gà thấm gia vị khoảng 30 phút trước khi hầm.', 'Bước 2: Các nguyên liệu để hầm chung với gà cần rửa sạch sau đó thái như sau: - Củ sen bạn cần gọt vỏ rồi thái thành những khoanh tròn. - Cà rốt bạn cũng thái nhỏ và thái thành những khúc tròn như bạn hầm thịt - Đậu đen chúng ta vo sạch bụi cẩn thận. - Táo tàu bạn rửa sạch với nước lạnh rồi ngâm cho táo nở ra.', 'Bước 3: Bắt chảo dầu nóng, tao sơ gà cho săn lại. Cho gà, đậu đen, củ sen, nấm hương vào nồi áp suất, đổ nước vừa. Hầm 30p. Sau cùng cho táo đỏ hầm thêm một chút và nêm nếm vừa ăn. Chế biến: - Bạn lấy một chảo to, bật lửa làm nóng chảo với 1 lớp dầu vừa phải. Khi dầu nóng bạn cho thịt gà vào đảo đều cho thịt gà săn lại. - Bạn chuẩn bị một nồi áp suất chứa khoảng 4 chén nước. Cho thịt gà và cà rốt vào trước, khoảng 5 phút sau thì bạn cho củ sen, đậu đen vào nồi. - Hầm khoảng 20 phút bạn cho táo tàu vào nồi và nêm mến cùng 3 muỗng hạt nêm. Hầm khoảng 5 phút cuối cùng. Tén ten. Xong rồi.']",[],"Thứ bảy, 29/12/2018, 09:23 (GMT+7)"
https://vncooking.com/cong-thuc/banh-mi-chao-ca-hop-23,Món chính,Bánh mì chảo cá hộp,"Bạn tìm 1 món ăn sáng chế biến nhanh nhưng cũng phải ngon miệng thì bánh mì chảo là món bạn đang tìm kiếm.
Nguyên liệu dễ mua, thời gian thực hiện nhanh chóng và còn rất được lòng của mọi người.",,15phút,2,,7,"['Cá hộp 1 hộp', 'Trứng gà 2 trứng', 'Bánh mì 2 ổ', 'Phô mai 1 miếng', 'Dưa leo 1 trái', 'Cà chua 1 trái', 'Tiêu xay 5 gram']","['Bước 1: Rửa sạch các nguyên liệu mà bạn đã mua về nhà. Dưa leo và cà chua chúng ta thái thành lát mỏng vừa ăn.', 'Bước 2: Đun chảo với dầu ăn như thường, khi dầu nóng cho cà chua vào xào cùng với 1/4 chén nước lạnh đến khi cà chua mềm tạo thành 1 lớp nước sốt cà chua đậm vị. Sau đó, bạn cho cá hộp vào chảo, khi thấy phần cá hộp nóng thì bạn có thể tắt bếp.', 'Bước 3: Bước này, bạn bật 1 cái chảo khác lên bếp, cho dầu ăn vào như thường lệ, khi thấy dầu hơi nóng rồi bạn đập 1 quả trứng gà vào chảo, tiếp đến là lấy 1 ít phàn nước sốt cà chua cá đã chuẩn bị cho vào chảo. Giờ thì bạn cho 1/2 phô mai vào chảo trứng, đun nhẹ 1 phút, tắt bếp, cho 1 ít tiêu vào tạo mùi thơm, bày thêm vài miếng cà chua và dưa leo lên bề mặt chảo và ĂN.']",[],"Thứ tư, 19/12/2018, 17:53 (GMT+7)"
https://vncooking.com/cong-thuc/chao-hai-san-bo-duong-cho-ca-nha-22,Món chính,Cháo Hải sản bổ dưỡng cho cả nhà,Thời tiết Việt Nam luôn là nguyên nhân gây ra những cơn cảm cúm khó chịu. Cháo luôn là món ăn hàng đầu cho những ngày như thế. Hãy chuẩn bị cho cả nhà món cháo hải sản bổ dưỡng trong những lúc chán cơm.,,30phút,2,,9,"['Gạo tẻ 1 chén', 'Tôm tươi 50 gram', 'Mực ống 50 gram', 'Thịt bằm 50 gram', 'Cà rốt 50 gram', 'Hạt nêm 1 muỗng', 'Dầu mè 4 giọt', 'Hành lá 1 cành', 'Tiêu xay 5 gram']","['Bước 1: Mực bạn thái nhỏ thành khúc hoặc thái hạt lựu tùy theo sở thích ăn của cả nhà. Rau củ; cà rốt và hành lá bạn rửa và thái nhỏ bình thường nhé. Nấu gạo thôi; cho gạo vào 1 cái nồi nhỏ và nấu như cơm bình thường', 'Bước 2: Khi cơm trong nồi đã chín, bạn cho vài giọt dầu mè vào nồi cơm. Vẫn đun lửa vừa và đảo đều nồi cơm lên. Sau đó cho cà rốt vào nồi cơm vẫn tiếp tục đảo, tiếp đến là tôm và mực.', 'Bước 3: Bạn cho khoảng 3 chén nước lạnh vào nồi cơm với lửa lớn, bạn đảo đều các nguyên liệu hòa hợp với nước, khoảng 15 phút thì bạn bật lửa nhỏ lại cho cháo chín mềm. Bạn cho 1 muỗng hạt nêm vào và nếm lại.', 'Bước 4: Cháo hải sản tươi ngon là món ăn lý tương cho bữa sáng của cả nhà. Đây là món dinh dưỡng thích hợp tẩm bổ cho người bệnh mới khỏi. Rất có lợi cho sự tăng trưởng của trẻ. Thấy nồi cháo đã vừa mềm vừa mịn bạn tắt bếp và cho vào tô mời cả nhà thưởng thức. Chúc bạn thành công!']",[],"Thứ tư, 19/12/2018, 17:28 (GMT+7)"
https://vncooking.com/cong-thuc/com-rang-jambon-tien-loi-21,Món chính,Cơm rang Jambon tiện lợi,"Nếu biết tận dụng phần cơm nguội luôn dư thừa mỗi bữa ăn hàng ngày thì bạn cũng có thể chế biến thành một món ăn tiện lợi cho cả nhà đấy nhé.
Cùng làm món cơm rang Jambon với VN Cooking nha.
Let's go.",,30phút,4,,6,"['Cơm nguội 6 chén', 'Jambon (Thịt nguội) 100 gram', 'Cà rốt 2 củ', 'Hành lá 2 cành', 'Hạt nêm 1 muỗng', 'Tiêu xay 1 muỗng']","['Bước 1: Nguyên liệu khi mua về bạn rửa sạch các thứ. Với cà rốt thì bạn gọt bỏ vỏ như thường và thái thành hạt lựu nhé. Hành lá bạn thái nhỏ, jambon thì bạn khi mua về thái thành những miếng mỏng sau đó thái hạt lựu như cà rốt.', 'Bước 2: Cơm nguội bạn nên nghiền nhuyễn thành từng hạt cho món cơm của mình được thấm vị đều. Đun chảo với lượng dầu ăn vừa phải. Khi dầu đã bắt đầu nóng bạn cho cà rốt vào đảo đều tay, sau đó bạn cho phần thịt nguội vào. Vẫn đảo đều tay khoảng 5 phút bạn cho phần cơm và hành lá vào chảo hết nhé.', 'Bước 3: Khi phần cơm và phần nguyên liệu đã hòa hợp bạn thêm hạt nêm vào tùy theo khẩu vị của bạn. Cuối cùng khi chuẩn bị tắt bếp, cần bổ sung thêm muối tiêu vào chảo đảo lần cuối rồi tắt bếp nhé. Giờ thì bày trí ra dĩa cho cả nhà nào. Món cơm rang đơn giản cho thể chuẩn bị cho bữa sáng vội vã của cả nhà hoặc thành những hộp cơm trưa mang theo tại công ty đều được.']",[],"Thứ tư, 19/12/2018, 17:09 (GMT+7)"
https://vncooking.com/cong-thuc/ga-hap-cung-cai-thia-la-mieng-20,Món chính,Gà hấp cùng cải thìa lạ miệng,"Gà hấp cùng với cải thìa là món ăn với những nguyên liệu khá đơn giản nhưng cũng tạo nên một món ăn ngon miệng, giàu dnh dưỡng và đặc biệt lại rất ngon.",,45phút,5,,10,"['Gà 1 con', 'Cải thìa 350 gram', 'Bột năng 3 muỗng', 'Hạt nêm 2 muỗng', 'Tiêu 1 muỗng', 'Muối 1 muỗng', 'Đường 4 muỗng', 'Tỏi 4 tép', 'Gừng 1 củ', 'Dầu ăn 3 muỗng']","['Bước 1: Gà chúng ta đem về chặt khúc vừa ăn, hoặc có thể kêu người bán chặt sẵn tại chợ. Nấu với gừng đến khi gà chín với ra ngoài để ráo nước', 'Bước 2: Cải thìa mua về rửa sạch với nước pha 1 tý muối. Tách lá ra rồi cho vào nồi nước luộc gà bước trên luộc sơ rồi đem đặt ra dĩa riêng.', 'Bước 3: Phần gà hấp ngon hay không quan trọng là nước sốt. Pha nước sốt khá đơn giản nhưng phải tinh tế. Cho dầu vào 1 cái chảo, khi dầu đã nóng thì chúng ta cho tỏi bằm vào khi thấy tỏi đã thơm tiếp tục lấy phần nước luộc gà khi nảy cho khoảng 1 chén vào chảo, bạn nên nêm lại với 1 ít gia vị như hạt nêm, đường, muối,... sau đó khuấy đều rồi cho bột năng mà chúng ta đã chuẩn bị vào, vânc khuấy đều tay cho đến khi nước sệch lại thành sốt.', 'Bước 4: Xong rồi giờ chỉ còn bày ra dĩa và ăn thôi nhé. Chúc các bạn thành công! Quá đơn giản đúng không. Hãy cùng cho VN Cooking thấy được thành phẩm của các bạn nhé!']",[],"Thứ ba, 18/12/2018, 12:36 (GMT+7)"
https://vncooking.com/cong-thuc/ca-loc-kho-thom-19,Món chính,Cá lóc kho thơm,"Chỉ cần bạn bỏ ra 30 phút thôi thì món Cá lóc kho thơm đã có trong bàn ăn của gia đình bạn rồi.
Cá lóc kho cùng với thơm tạo thêm vị nồng nàn khó tả, món ăn dân giả của người miền Tây nhưng cũng tạo nên một nền ẩm thực rất độc đáo của người Việt",,30phút,4,,8,"['Cá lóc 1 con', 'Trái thơm 1 trái', 'Hành lá 2 cành', 'Hạt nêm 1 muỗng', 'Hành tím 2 củ', 'Nước tương 3 muỗng', 'Dầu ăn 3 muỗng', 'Đường 2 muỗng']","['Bước 1: Cá lóc khi mua về, bạn cần phải làm thật sạch nhớt ra khỏi cá. Thái cá thành nhứng khúc tròn bằng nhau. Thơm khi đi chợ, bạn nên mua trái người bán đã rọt vỏ sẵn cho tiện lợi nha. Thái thơm thành những khúc nhỏ, vừa ăn như thường lệ.', 'Bước 2: Chuẩn bì 1 cái tô để ướp cá. Hành tím rửa sạch băm nhỏ, 1 muỗng hạt nêm, 1 muỗng tiêu ướp hỗn hợp chung với cá lóc khoảng 20 phút cho cá thấm vị', 'Bước 3: Chuẩn bị nồi kho cá. Cho nồi lên bếp, thêm 1 muỗng đường trắng vào nồi, đợi sôi chuyển thành màu vàng biến tấu thành caramel thì cho cá vào. Đảo đều 2 mặt cho săn thịt cá. Tiếp theo, cho 3 muỗng nước tương, 1 muỗng đường, 1 muỗng hạt nêm vào nồi, cho thêm 100ml nước lạnh vào nồi nữa nha.', 'Bước 4: Bạn chờ đến khi hỗn hợp đã sôi thì hạ lửa một tý nha. Đun nhỏ lửa đến khi nước cạn 1 phần, sau đó thêm thơm vào. Khi cá đã chuyển màu nâu thì tắt bếp được rồi đó. Cá lóc được kho chung với thơm tạo nên một vị thơm cực ngon, nhất là khi trời lạnh mà được thưởng thức cùng cơm trắng thì ấm bụng lắm. Chúc các bạn thành công!']",[],"Chủ nhật, 16/12/2018, 17:30 (GMT+7)"
https://vncooking.com/cong-thuc/muc-nuong-sa-te-17,Món chính,Mực nướng sa tế,"Mực là món hải sản ngon và ai cũng thích, nếu được thực hiện một cách hợp lý thì tạo thêm  vị ngon đậm đà của mực.
Cùng thử làm mực nướng sa tế tại nhà khỏi cần ra nhà hàng nhé.",,45phút,4,,4,"['Bạch tuột 2 con', 'Sa tế 3 muỗng', 'Muối ớt xanh 1 muỗng', 'Dưa chuột 2 trái']","['Bước 1: Mực rửa sạch, dùng dao thái thành những đường nhỏ trên thân mực. Chuẩn bị một cái tô lớn cho mực vào tô, sa tế cũng được cho vào, trộn đều với mực, chờ khoảng 1 tiếng cho mực thấm đủ vị sa tế nhé', 'Bước 2: Sau khi đã ướp mực được khoảng 1 tiếng rồi, giờ thì chuẩn bị bếp than nướng mực (nếu bạn không có điều kiện nước bằng than, bạn cũng có thể nước bằng bếp điện từ với giấy bạc nha). Đảo mực qua lại cho không mực không bị cháy.', 'Bước 3: Chuẩn bị đồ ăn kèm. Dưa chuột rửa sạch, thái nhỏ vừa ăn. Chờ khi mực nướng đã thơm và chín thì thái miếng nhỏ, bày ra dĩa chấm với muối ớt xanh là xuất sắc rồi.']",[],"Chủ nhật, 16/12/2018, 16:55 (GMT+7)"
https://vncooking.com/cong-thuc/suon-heo-ham-cu-cai-trang-15,Món chính,Sườn heo hầm củ cải trắng,Trong không khí se lạnh của mùa đông thì làm món Thịt sườn hầm củ cải trắng cho cả nhà vừa tốt cho sức khỏe vừa tăng thêm khẩu vị cho gia đình bạn.,,45phút,5,,8,"['Sườn non heo 1 kg', 'Củ cải trắng 2 củ', 'Đường phèn 50 gram', 'Muối 1 muỗng', 'Nước tương 2 muỗng', 'Nước mắm 1 muỗng', 'Lá quế 3 cành', 'Gừng 1 củ']","['Bước 1: Sườn heo mua về rửa sạch rồi chặt thành những khúc nhỏ (bạn cũng có thể nhờ người bán chặt dùm khi mua ở chợ nhé!), sau đó luộc sơ với nước. Tiếp đến là bỏ thịt trong một tô nước rửa sạch. Đường phèn bạn cho vào một cái nồi lớn đun với 3 bát nước. Sau khi nước sôi thì bạn cho gừng và sườn vào.', 'Bước 2: Nồi thịt đun đường một hồi thì cho 1 muỗng nước mắm, 2 muỗng nước tương vào nồi. Củ cải bạn rửa sạch, nạo vỏ, thái thành những khúc nhỏ vừa ăn. Hầm được một khoảng 20 phút thì bạn cho củ cải vào nồi, vẫn tiếp tục đun lửa nấu.', 'Bước 3: Cho muối vào khoái đều lên, khi thấy thịt đã mềm, củ cải đã chín thì bắt đầu vớt ra to, chuẩn bị ăn thôi.']",[],"Chủ nhật, 16/12/2018, 16:04 (GMT+7)"
https://vncooking.com/cong-thuc/bo-ham-ca-rot-14,Món chính,Bò hầm cà rốt,"Bò luôn là món thịt mà đa phần các gia đình Việt rất ưa chuộng, bò chứa hàm lượng dinh dưỡng siêu cao cộng với cà rốt nữa làm tăng thêm phần dinh dưỡng của món ăn. Cùng chuẩn bị nguyên liệu thực hiện món Bò hầm cà rốt này nhé.",,30phút,2,,7,"['Thịt bò 150 gram', 'Cà rốt 2 củ', 'Nước mắm 1 muỗng cafe', 'Gừng 1 củ', 'Muối 1 muỗng', 'Dầu ăn 2 muỗng', 'Sả 1 cây']","['Bước 1: Nguyên liệu rửa sạch. Cà rốt cạo vỏ thái thành những hình vuông nhỏ, vừa ăn. Thịt bò cũng vậy, thái thành từng miếng hình vuống nhỏ thôi cho không bị day nha. Các nguyên liệu khác bỏ vỏ đun trên 1 nồi nước nhỏ, chờ khi nước sôi được 2 phút thì cho bò vào, thấy bò đã tái tái thì vớt ra để vào tô, chờ bò nguội', 'Bước 2: Đỗ dầu vào chảo, khi chảo nóng thì cho đường vào, đun tiếp khoảng 3 phút. Sau đó, bỏ tỏi và gừng đã thái nhỏ vào chảo, tiếp đó là nước mắm, muối, cuối cùng là thịt bò. Đun được khoảng 10 phút thì cho cà rốt vào đun thêm 15 phút nữa rồi tắt bếp. Bạn nên nếm  thử trước khi tắt bếp để có món ăn hợp khẩu vị nhất.', 'Bước 3: Bò hầm cà rốt bạn có thể dùng chung với bánh mì hoặc cơm trắng đều được nha. Nếu bạn thích sự mới lạ có thể mua miến hoặc mì ăn kèm cũng rất ngon miệng nhé.']",[],"Chủ nhật, 16/12/2018, 15:45 (GMT+7)"
https://vncooking.com/cong-thuc/cha-gio-cuon-khoai-mon-10,Món khai vị,Chả giò cuốn khoai môn,"Khoai môn bùi bùi được cuốn bên ngoài 1 lớp bò bía nữa. Tất cả hòa vào nhau tạo nên vị thơm ngon, lạ miệng nhưng vẫn rất tinh tế.",,45phút,5,,9,"['Thịt heo bằm 700 gram', 'Khoai môn 3 củ', 'Bánh tráng bía 1 gói', 'Đậu xanh không vỏ 120 gram', 'Hạt nêm 1 muỗng', 'Hành tím 4 củ', 'Cà rốt 1 củ', 'Tiêu 1 muỗng', 'Dầu ăn 1 lít']","['Bước 1: Cà rốt và khoai môn rửa sạch, cạo vỏ rồi bào thành sợi nhỏ. Tỏi bóc vỏ, bằm nhỏ như các món khác. Trộn hỗn hợp khoai môn, thịt heo bằm, 1 muỗng hạt nêm đã chuẩn bị sẵn và 1/2 muỗng tiêu cho thơm và khử mùi.', 'Bước 2: Chuẩn bị cuốn thôi. Đặt bánh tráng bía đã mua ra một mặt phẳng, lấy hỗn hợp nhân đã trộn ở bước 1 đặt vào  bánh tráng bía. Cuốn kín nhân lại bên trong bánh tráng bía. Bạn có thể lấy một ít nước để làm dính 2 bên mép bánh tráng bía lại mới nhau. Cuốn như thế cho tới khi hét nguyên liệu.', 'Bước 3: Đun nóng nhiều dầu ăn, cho các cuộn chả giòn chiên chiên cho đến khi chín vàng giòn thì vớt ra để ráo dầu là có thể dùng nhé! Làm nóng dầu trên chảo to, thấy chảo dầu đã nóng dẫn cho những cuốn bánh vào (đưa vào nhẹ nhàng không thì bị dầu làm bỏng nha). Đảo bánh bía trong chảo cho không bị cháy. Chiên đến khi vàng bánh thì vớt ra dĩa, nhớ để một miếng giấy thấm dầu để bảo vệ sức khỏe nhé! Giờ thì thưởng thức thôi.']",[],"Chủ nhật, 16/12/2018, 09:34 (GMT+7)"
